/data/vaishak/combined-kv-quant/third_party/Self-Forcing/wan/modules/vae.py:634: FutureWarning: You are using `torch.load` with `weights_only=False` (the current default value), which uses the default pickle module implicitly. It is possible to construct malicious pickle data which will execute arbitrary code during unpickling (See https://github.com/pytorch/pytorch/blob/main/SECURITY.md#untrusted-models for more details). In a future release, the default value for `weights_only` will be flipped to `True`. This limits the functions that could be executed during unpickling. Arbitrary objects will no longer be allowed to be loaded via this mode unless they are explicitly allowlisted by the user via `torch.serialization.add_safe_globals`. We recommend you start setting `weights_only=True` for any use case where you don't have full control of the loaded file. Please open an issue on GitHub for any issues related to this experimental feature.
  torch.load(pretrained_path, map_location=device), assign=True)
/data/vaishak/combined-kv-quant/scripts/01_generate.py:408: FutureWarning: You are using `torch.load` with `weights_only=False` (the current default value), which uses the default pickle module implicitly. It is possible to construct malicious pickle data which will execute arbitrary code during unpickling (See https://github.com/pytorch/pytorch/blob/main/SECURITY.md#untrusted-models for more details). In a future release, the default value for `weights_only` will be flipped to `True`. This limits the functions that could be executed during unpickling. Arbitrary objects will no longer be allowed to be loaded via this mode unless they are explicitly allowlisted by the user via `torch.serialization.add_safe_globals`. We recommend you start setting `weights_only=True` for any use case where you don't have full control of the loaded file. Please open an issue on GitHub for any issues related to this experimental feature.
  state_dict = torch.load(str(checkpoint_path), map_location="cpu")
KV inference with 3 frames per block
Moving DynamicSwap_WanTextEncoder to cuda:0 with preserved memory: 25.303240299224854 GB
current_timestep: 1000.0
current_timestep: 937.5
current_timestep: 833.3333129882812
current_timestep: 625.0
current_timestep: 1000.0
current_timestep: 937.5
current_timestep: 833.3333129882812
current_timestep: 625.0
current_timestep: 1000.0
current_timestep: 937.5
current_timestep: 833.3333129882812
current_timestep: 625.0
current_timestep: 1000.0
current_timestep: 937.5
current_timestep: 833.3333129882812
current_timestep: 625.0
current_timestep: 1000.0
current_timestep: 937.5
current_timestep: 833.3333129882812
current_timestep: 625.0
current_timestep: 1000.0
current_timestep: 937.5
current_timestep: 833.3333129882812
current_timestep: 625.0
current_timestep: 1000.0
current_timestep: 937.5
current_timestep: 833.3333129882812
current_timestep: 625.0
current_timestep: 1000.0
current_timestep: 937.5
current_timestep: 833.3333129882812
current_timestep: 625.0
current_timestep: 1000.0
current_timestep: 937.5
current_timestep: 833.3333129882812
current_timestep: 625.0
current_timestep: 1000.0
current_timestep: 937.5
current_timestep: 833.3333129882812
current_timestep: 625.0
current_timestep: 1000.0
current_timestep: 937.5
current_timestep: 833.3333129882812
current_timestep: 625.0
current_timestep: 1000.0
current_timestep: 937.5
current_timestep: 833.3333129882812
current_timestep: 625.0
current_timestep: 1000.0
current_timestep: 937.5
current_timestep: 833.3333129882812
current_timestep: 625.0
current_timestep: 1000.0
current_timestep: 937.5
current_timestep: 833.3333129882812
current_timestep: 625.0
Moving DynamicSwap_WanTextEncoder to cuda:0 with preserved memory: 24.55411195755005 GB
current_timestep: 1000.0
current_timestep: 937.5
current_timestep: 833.3333129882812
current_timestep: 625.0
current_timestep: 1000.0
current_timestep: 937.5
current_timestep: 833.3333129882812
current_timestep: 625.0
current_timestep: 1000.0
current_timestep: 937.5
current_timestep: 833.3333129882812
current_timestep: 625.0
current_timestep: 1000.0
current_timestep: 937.5
current_timestep: 833.3333129882812
current_timestep: 625.0
current_timestep: 1000.0
current_timestep: 937.5
current_timestep: 833.3333129882812
current_timestep: 625.0
current_timestep: 1000.0
current_timestep: 937.5
current_timestep: 833.3333129882812
current_timestep: 625.0
current_timestep: 1000.0
current_timestep: 937.5
current_timestep: 833.3333129882812
current_timestep: 625.0
current_timestep: 1000.0
current_timestep: 937.5
current_timestep: 833.3333129882812
current_timestep: 625.0
current_timestep: 1000.0
current_timestep: 937.5
current_timestep: 833.3333129882812
current_timestep: 625.0
current_timestep: 1000.0
current_timestep: 937.5
current_timestep: 833.3333129882812
current_timestep: 625.0
current_timestep: 1000.0
current_timestep: 937.5
current_timestep: 833.3333129882812
current_timestep: 625.0
current_timestep: 1000.0
current_timestep: 937.5
current_timestep: 833.3333129882812
current_timestep: 625.0
current_timestep: 1000.0
current_timestep: 937.5
current_timestep: 833.3333129882812
current_timestep: 625.0
current_timestep: 1000.0
current_timestep: 937.5
current_timestep: 833.3333129882812
current_timestep: 625.0
Moving DynamicSwap_WanTextEncoder to cuda:0 with preserved memory: 24.55411195755005 GB
current_timestep: 1000.0
current_timestep: 937.5
current_timestep: 833.3333129882812
current_timestep: 625.0
current_timestep: 1000.0
current_timestep: 937.5
current_timestep: 833.3333129882812
current_timestep: 625.0
current_timestep: 1000.0
current_timestep: 937.5
current_timestep: 833.3333129882812
current_timestep: 625.0
current_timestep: 1000.0
current_timestep: 937.5
current_timestep: 833.3333129882812
current_timestep: 625.0
current_timestep: 1000.0
current_timestep: 937.5
current_timestep: 833.3333129882812
current_timestep: 625.0
current_timestep: 1000.0
current_timestep: 937.5
current_timestep: 833.3333129882812
current_timestep: 625.0
current_timestep: 1000.0
current_timestep: 937.5
current_timestep: 833.3333129882812
current_timestep: 625.0
current_timestep: 1000.0
current_timestep: 937.5
current_timestep: 833.3333129882812
current_timestep: 625.0
current_timestep: 1000.0
current_timestep: 937.5
current_timestep: 833.3333129882812
current_timestep: 625.0
current_timestep: 1000.0
current_timestep: 937.5
current_timestep: 833.3333129882812
current_timestep: 625.0
current_timestep: 1000.0
current_timestep: 937.5
current_timestep: 833.3333129882812
current_timestep: 625.0
current_timestep: 1000.0
current_timestep: 937.5
current_timestep: 833.3333129882812
current_timestep: 625.0
current_timestep: 1000.0
current_timestep: 937.5
current_timestep: 833.3333129882812
current_timestep: 625.0
current_timestep: 1000.0
current_timestep: 937.5
current_timestep: 833.3333129882812
current_timestep: 625.0
Moving DynamicSwap_WanTextEncoder to cuda:0 with preserved memory: 24.55411195755005 GB
current_timestep: 1000.0
current_timestep: 937.5
current_timestep: 833.3333129882812
current_timestep: 625.0
current_timestep: 1000.0
current_timestep: 937.5
current_timestep: 833.3333129882812
current_timestep: 625.0
current_timestep: 1000.0
current_timestep: 937.5
current_timestep: 833.3333129882812
current_timestep: 625.0
current_timestep: 1000.0
current_timestep: 937.5
current_timestep: 833.3333129882812
current_timestep: 625.0
current_timestep: 1000.0
current_timestep: 937.5
current_timestep: 833.3333129882812
current_timestep: 625.0
current_timestep: 1000.0
current_timestep: 937.5
current_timestep: 833.3333129882812
current_timestep: 625.0
current_timestep: 1000.0
current_timestep: 937.5
current_timestep: 833.3333129882812
current_timestep: 625.0
current_timestep: 1000.0
current_timestep: 937.5
current_timestep: 833.3333129882812
current_timestep: 625.0
current_timestep: 1000.0
current_timestep: 937.5
current_timestep: 833.3333129882812
current_timestep: 625.0
current_timestep: 1000.0
current_timestep: 937.5
current_timestep: 833.3333129882812
current_timestep: 625.0
current_timestep: 1000.0
current_timestep: 937.5
current_timestep: 833.3333129882812
current_timestep: 625.0
current_timestep: 1000.0
current_timestep: 937.5
current_timestep: 833.3333129882812
current_timestep: 625.0
current_timestep: 1000.0
current_timestep: 937.5
current_timestep: 833.3333129882812
current_timestep: 625.0
current_timestep: 1000.0
current_timestep: 937.5
current_timestep: 833.3333129882812
current_timestep: 625.0
Moving DynamicSwap_WanTextEncoder to cuda:0 with preserved memory: 24.55411195755005 GB
current_timestep: 1000.0
current_timestep: 937.5
current_timestep: 833.3333129882812
current_timestep: 625.0
current_timestep: 1000.0
current_timestep: 937.5
current_timestep: 833.3333129882812
current_timestep: 625.0
current_timestep: 1000.0
current_timestep: 937.5
current_timestep: 833.3333129882812
current_timestep: 625.0
current_timestep: 1000.0
current_timestep: 937.5
current_timestep: 833.3333129882812
current_timestep: 625.0
current_timestep: 1000.0
current_timestep: 937.5
current_timestep: 833.3333129882812
current_timestep: 625.0
current_timestep: 1000.0
current_timestep: 937.5
current_timestep: 833.3333129882812
current_timestep: 625.0
current_timestep: 1000.0
current_timestep: 937.5
current_timestep: 833.3333129882812
current_timestep: 625.0
current_timestep: 1000.0
current_timestep: 937.5
current_timestep: 833.3333129882812
current_timestep: 625.0
current_timestep: 1000.0
current_timestep: 937.5
current_timestep: 833.3333129882812
current_timestep: 625.0
current_timestep: 1000.0
current_timestep: 937.5
current_timestep: 833.3333129882812
current_timestep: 625.0
current_timestep: 1000.0
current_timestep: 937.5
current_timestep: 833.3333129882812
current_timestep: 625.0
current_timestep: 1000.0
current_timestep: 937.5
current_timestep: 833.3333129882812
current_timestep: 625.0
current_timestep: 1000.0
current_timestep: 937.5
current_timestep: 833.3333129882812
current_timestep: 625.0
current_timestep: 1000.0
current_timestep: 937.5
current_timestep: 833.3333129882812
current_timestep: 625.0
Moving DynamicSwap_WanTextEncoder to cuda:0 with preserved memory: 24.55411195755005 GB
current_timestep: 1000.0
current_timestep: 937.5
current_timestep: 833.3333129882812
current_timestep: 625.0
current_timestep: 1000.0
current_timestep: 937.5
current_timestep: 833.3333129882812
current_timestep: 625.0
current_timestep: 1000.0
current_timestep: 937.5
current_timestep: 833.3333129882812
current_timestep: 625.0
current_timestep: 1000.0
current_timestep: 937.5
current_timestep: 833.3333129882812
current_timestep: 625.0
current_timestep: 1000.0
current_timestep: 937.5
current_timestep: 833.3333129882812
current_timestep: 625.0
current_timestep: 1000.0
current_timestep: 937.5
current_timestep: 833.3333129882812
current_timestep: 625.0
current_timestep: 1000.0
current_timestep: 937.5
current_timestep: 833.3333129882812
current_timestep: 625.0
current_timestep: 1000.0
current_timestep: 937.5
current_timestep: 833.3333129882812
current_timestep: 625.0
current_timestep: 1000.0
current_timestep: 937.5
current_timestep: 833.3333129882812
current_timestep: 625.0
current_timestep: 1000.0
current_timestep: 937.5
current_timestep: 833.3333129882812
current_timestep: 625.0
current_timestep: 1000.0
current_timestep: 937.5
current_timestep: 833.3333129882812
current_timestep: 625.0
current_timestep: 1000.0
current_timestep: 937.5
current_timestep: 833.3333129882812
current_timestep: 625.0
current_timestep: 1000.0
current_timestep: 937.5
current_timestep: 833.3333129882812
current_timestep: 625.0
current_timestep: 1000.0
current_timestep: 937.5
current_timestep: 833.3333129882812
current_timestep: 625.0
Moving DynamicSwap_WanTextEncoder to cuda:0 with preserved memory: 24.55411195755005 GB
current_timestep: 1000.0
current_timestep: 937.5
current_timestep: 833.3333129882812
current_timestep: 625.0
current_timestep: 1000.0
current_timestep: 937.5
current_timestep: 833.3333129882812
current_timestep: 625.0
current_timestep: 1000.0
current_timestep: 937.5
current_timestep: 833.3333129882812
current_timestep: 625.0
current_timestep: 1000.0
current_timestep: 937.5
current_timestep: 833.3333129882812
current_timestep: 625.0
current_timestep: 1000.0
current_timestep: 937.5
current_timestep: 833.3333129882812
current_timestep: 625.0
current_timestep: 1000.0
current_timestep: 937.5
current_timestep: 833.3333129882812
current_timestep: 625.0
current_timestep: 1000.0
current_timestep: 937.5
current_timestep: 833.3333129882812
current_timestep: 625.0
current_timestep: 1000.0
current_timestep: 937.5
current_timestep: 833.3333129882812
current_timestep: 625.0
current_timestep: 1000.0
current_timestep: 937.5
current_timestep: 833.3333129882812
current_timestep: 625.0
current_timestep: 1000.0
current_timestep: 937.5
current_timestep: 833.3333129882812
current_timestep: 625.0
current_timestep: 1000.0
current_timestep: 937.5
current_timestep: 833.3333129882812
current_timestep: 625.0
current_timestep: 1000.0
current_timestep: 937.5
current_timestep: 833.3333129882812
current_timestep: 625.0
current_timestep: 1000.0
current_timestep: 937.5
current_timestep: 833.3333129882812
current_timestep: 625.0
current_timestep: 1000.0
current_timestep: 937.5
current_timestep: 833.3333129882812
current_timestep: 625.0
Moving DynamicSwap_WanTextEncoder to cuda:0 with preserved memory: 24.55411195755005 GB
current_timestep: 1000.0
current_timestep: 937.5
current_timestep: 833.3333129882812
current_timestep: 625.0
current_timestep: 1000.0
current_timestep: 937.5
current_timestep: 833.3333129882812
current_timestep: 625.0
current_timestep: 1000.0
current_timestep: 937.5
current_timestep: 833.3333129882812
current_timestep: 625.0
current_timestep: 1000.0
current_timestep: 937.5
current_timestep: 833.3333129882812
current_timestep: 625.0
current_timestep: 1000.0
current_timestep: 937.5
current_timestep: 833.3333129882812
current_timestep: 625.0
current_timestep: 1000.0
current_timestep: 937.5
current_timestep: 833.3333129882812
current_timestep: 625.0
current_timestep: 1000.0
current_timestep: 937.5
current_timestep: 833.3333129882812
current_timestep: 625.0
current_timestep: 1000.0
current_timestep: 937.5
current_timestep: 833.3333129882812
current_timestep: 625.0
current_timestep: 1000.0
current_timestep: 937.5
current_timestep: 833.3333129882812
current_timestep: 625.0
current_timestep: 1000.0
current_timestep: 937.5
current_timestep: 833.3333129882812
current_timestep: 625.0
current_timestep: 1000.0
current_timestep: 937.5
current_timestep: 833.3333129882812
current_timestep: 625.0
current_timestep: 1000.0
current_timestep: 937.5
current_timestep: 833.3333129882812
current_timestep: 625.0
current_timestep: 1000.0
current_timestep: 937.5
current_timestep: 833.3333129882812
current_timestep: 625.0
current_timestep: 1000.0
current_timestep: 937.5
current_timestep: 833.3333129882812
current_timestep: 625.0
Moving DynamicSwap_WanTextEncoder to cuda:0 with preserved memory: 24.55411195755005 GB
current_timestep: 1000.0
current_timestep: 937.5
current_timestep: 833.3333129882812
current_timestep: 625.0
current_timestep: 1000.0
current_timestep: 937.5
current_timestep: 833.3333129882812
current_timestep: 625.0
current_timestep: 1000.0
current_timestep: 937.5
current_timestep: 833.3333129882812
current_timestep: 625.0
current_timestep: 1000.0
current_timestep: 937.5
current_timestep: 833.3333129882812
current_timestep: 625.0
current_timestep: 1000.0
current_timestep: 937.5
current_timestep: 833.3333129882812
current_timestep: 625.0
current_timestep: 1000.0
current_timestep: 937.5
current_timestep: 833.3333129882812
current_timestep: 625.0
current_timestep: 1000.0
current_timestep: 937.5
current_timestep: 833.3333129882812
current_timestep: 625.0
current_timestep: 1000.0
current_timestep: 937.5
current_timestep: 833.3333129882812
current_timestep: 625.0
current_timestep: 1000.0
current_timestep: 937.5
current_timestep: 833.3333129882812
current_timestep: 625.0
current_timestep: 1000.0
current_timestep: 937.5
current_timestep: 833.3333129882812
current_timestep: 625.0
current_timestep: 1000.0
current_timestep: 937.5
current_timestep: 833.3333129882812
current_timestep: 625.0
current_timestep: 1000.0
current_timestep: 937.5
current_timestep: 833.3333129882812
current_timestep: 625.0
current_timestep: 1000.0
current_timestep: 937.5
current_timestep: 833.3333129882812
current_timestep: 625.0
current_timestep: 1000.0
current_timestep: 937.5
current_timestep: 833.3333129882812
current_timestep: 625.0
Moving DynamicSwap_WanTextEncoder to cuda:0 with preserved memory: 24.55411195755005 GB
current_timestep: 1000.0
current_timestep: 937.5
current_timestep: 833.3333129882812
current_timestep: 625.0
current_timestep: 1000.0
current_timestep: 937.5
current_timestep: 833.3333129882812
current_timestep: 625.0
current_timestep: 1000.0
current_timestep: 937.5
current_timestep: 833.3333129882812
current_timestep: 625.0
current_timestep: 1000.0
current_timestep: 937.5
current_timestep: 833.3333129882812
current_timestep: 625.0
current_timestep: 1000.0
current_timestep: 937.5
current_timestep: 833.3333129882812
current_timestep: 625.0
current_timestep: 1000.0
current_timestep: 937.5
current_timestep: 833.3333129882812
current_timestep: 625.0
current_timestep: 1000.0
current_timestep: 937.5
current_timestep: 833.3333129882812
current_timestep: 625.0
current_timestep: 1000.0
current_timestep: 937.5
current_timestep: 833.3333129882812
current_timestep: 625.0
current_timestep: 1000.0
current_timestep: 937.5
current_timestep: 833.3333129882812
current_timestep: 625.0
current_timestep: 1000.0
current_timestep: 937.5
current_timestep: 833.3333129882812
current_timestep: 625.0
current_timestep: 1000.0
current_timestep: 937.5
current_timestep: 833.3333129882812
current_timestep: 625.0
current_timestep: 1000.0
current_timestep: 937.5
current_timestep: 833.3333129882812
current_timestep: 625.0
current_timestep: 1000.0
current_timestep: 937.5
current_timestep: 833.3333129882812
current_timestep: 625.0
current_timestep: 1000.0
current_timestep: 937.5
current_timestep: 833.3333129882812
current_timestep: 625.0
{
  "method": "FLOWCACHE_PROFILE",
  "num_prompts": 10,
  "num_samples": 1,
  "total_runtime_s": 679.0547830788419,
  "avg_runtime_s_per_prompt": 67.90547830788418,
  "peak_vram_bytes": 20701900800,
  "quantize_time_s": 273.02367917168885,
  "dequantize_time_s": 0.08467453252524137,
  "bf16_kv_bytes": 12076646400,
  "compressed_kv_bytes": 12076646400,
  "compression_ratio": 1.0,
  "first_video_shape": [
    1,
    165,
    3,
    480,
    832
  ],
  "flowcache_profile_recent_ratio": 0.25,
  "flowcache_profile_num_layers": 30,
  "flowcache_profile_avg_old_delta": 0.03832117705267202,
  "flowcache_profile_layer_scores": {
    "0": 0.04064325703055424,
    "1": 0.039067117673171274,
    "2": 0.03911603269609228,
    "3": 0.038480874097795555,
    "4": 0.0385574129037559,
    "5": 0.038381486685031045,
    "6": 0.03870747834325657,
    "7": 0.0384556553455196,
    "8": 0.03828419303142671,
    "9": 0.03852405417039675,
    "10": 0.03734539179099818,
    "11": 0.037614283801640495,
    "12": 0.03728440151960289,
    "13": 0.03696471641388706,
    "14": 0.03720328872056552,
    "15": 0.0374373966262881,
    "16": 0.037026501723951895,
    "17": 0.03729290659831427,
    "18": 0.03775208990492116,
    "19": 0.0377721864672504,
    "20": 0.03792213278254336,
    "21": 0.038140408053710044,
    "22": 0.03816819294710975,
    "23": 0.0383359296856669,
    "24": 0.03883931915480959,
    "25": 0.03865265368349787,
    "26": 0.03847314826891584,
    "27": 0.039281011896160574,
    "28": 0.03922499770969468,
    "29": 0.04068679185363196
  },
  "flowcache_profile_layer_scores_all_chunks": {
    "0": 0.0499087938122333,
    "1": 0.040654956384310645,
    "2": 0.037119689591347226,
    "3": 0.03432074030287682,
    "4": 0.033783780933609085,
    "5": 0.03347331774317556,
    "6": 0.0343245726646412,
    "7": 0.033938657990760276,
    "8": 0.0331635619574596,
    "9": 0.033155100517802766,
    "10": 0.03260272433183023,
    "11": 0.033043801108286495,
    "12": 0.031918083703588875,
    "13": 0.03154074384437667,
    "14": 0.03137295445220338,
    "15": 0.03212277529707977,
    "16": 0.03125897834603748,
    "17": 0.031935059697500295,
    "18": 0.031933384333988506,
    "19": 0.03403873107629636,
    "20": 0.03491216649635444,
    "21": 0.03607688821142628,
    "22": 0.03636953983597812,
    "23": 0.0358090360017996,
    "24": 0.036061376246786306,
    "25": 0.03506880420280827,
    "26": 0.03441997278540854,
    "27": 0.03491027537082869,
    "28": 0.03358256725493878,
    "29": 0.03950761121038407
  }
}
/data/vaishak/combined-kv-quant/third_party/Self-Forcing/wan/modules/vae.py:634: FutureWarning: You are using `torch.load` with `weights_only=False` (the current default value), which uses the default pickle module implicitly. It is possible to construct malicious pickle data which will execute arbitrary code during unpickling (See https://github.com/pytorch/pytorch/blob/main/SECURITY.md#untrusted-models for more details). In a future release, the default value for `weights_only` will be flipped to `True`. This limits the functions that could be executed during unpickling. Arbitrary objects will no longer be allowed to be loaded via this mode unless they are explicitly allowlisted by the user via `torch.serialization.add_safe_globals`. We recommend you start setting `weights_only=True` for any use case where you don't have full control of the loaded file. Please open an issue on GitHub for any issues related to this experimental feature.
  torch.load(pretrained_path, map_location=device), assign=True)
/data/vaishak/combined-kv-quant/scripts/01_generate.py:408: FutureWarning: You are using `torch.load` with `weights_only=False` (the current default value), which uses the default pickle module implicitly. It is possible to construct malicious pickle data which will execute arbitrary code during unpickling (See https://github.com/pytorch/pytorch/blob/main/SECURITY.md#untrusted-models for more details). In a future release, the default value for `weights_only` will be flipped to `True`. This limits the functions that could be executed during unpickling. Arbitrary objects will no longer be allowed to be loaded via this mode unless they are explicitly allowlisted by the user via `torch.serialization.add_safe_globals`. We recommend you start setting `weights_only=True` for any use case where you don't have full control of the loaded file. Please open an issue on GitHub for any issues related to this experimental feature.
  state_dict = torch.load(str(checkpoint_path), map_location="cpu")
KV inference with 3 frames per block
Moving DynamicSwap_WanTextEncoder to cuda:0 with preserved memory: 14.055986881256104 GB
current_timestep: 1000.0
current_timestep: 937.5
current_timestep: 833.3333129882812
current_timestep: 625.0
current_timestep: 1000.0
current_timestep: 937.5
current_timestep: 833.3333129882812
current_timestep: 625.0
current_timestep: 1000.0
current_timestep: 937.5
current_timestep: 833.3333129882812
current_timestep: 625.0
current_timestep: 1000.0
current_timestep: 937.5
current_timestep: 833.3333129882812
current_timestep: 625.0
current_timestep: 1000.0
current_timestep: 937.5
current_timestep: 833.3333129882812
current_timestep: 625.0
current_timestep: 1000.0
current_timestep: 937.5
current_timestep: 833.3333129882812
current_timestep: 625.0
current_timestep: 1000.0
current_timestep: 937.5
current_timestep: 833.3333129882812
current_timestep: 625.0
current_timestep: 1000.0
current_timestep: 937.5
current_timestep: 833.3333129882812
current_timestep: 625.0
current_timestep: 1000.0
current_timestep: 937.5
current_timestep: 833.3333129882812
current_timestep: 625.0
current_timestep: 1000.0
current_timestep: 937.5
current_timestep: 833.3333129882812
current_timestep: 625.0
current_timestep: 1000.0
current_timestep: 937.5
current_timestep: 833.3333129882812
current_timestep: 625.0
current_timestep: 1000.0
current_timestep: 937.5
current_timestep: 833.3333129882812
current_timestep: 625.0
current_timestep: 1000.0
current_timestep: 937.5
current_timestep: 833.3333129882812
current_timestep: 625.0
current_timestep: 1000.0
current_timestep: 937.5
current_timestep: 833.3333129882812
current_timestep: 625.0
Moving DynamicSwap_WanTextEncoder to cuda:0 with preserved memory: 13.306858539581299 GB
current_timestep: 1000.0
current_timestep: 937.5
current_timestep: 833.3333129882812
current_timestep: 625.0
current_timestep: 1000.0
current_timestep: 937.5
current_timestep: 833.3333129882812
current_timestep: 625.0
current_timestep: 1000.0
current_timestep: 937.5
current_timestep: 833.3333129882812
current_timestep: 625.0
current_timestep: 1000.0
current_timestep: 937.5
current_timestep: 833.3333129882812
current_timestep: 625.0
current_timestep: 1000.0
current_timestep: 937.5
current_timestep: 833.3333129882812
current_timestep: 625.0
current_timestep: 1000.0
current_timestep: 937.5
current_timestep: 833.3333129882812
current_timestep: 625.0
current_timestep: 1000.0
current_timestep: 937.5
current_timestep: 833.3333129882812
current_timestep: 625.0
current_timestep: 1000.0
current_timestep: 937.5
current_timestep: 833.3333129882812
current_timestep: 625.0
current_timestep: 1000.0
current_timestep: 937.5
current_timestep: 833.3333129882812
current_timestep: 625.0
current_timestep: 1000.0
current_timestep: 937.5
current_timestep: 833.3333129882812
current_timestep: 625.0
current_timestep: 1000.0
current_timestep: 937.5
current_timestep: 833.3333129882812
current_timestep: 625.0
current_timestep: 1000.0
current_timestep: 937.5
current_timestep: 833.3333129882812
current_timestep: 625.0
current_timestep: 1000.0
current_timestep: 937.5
current_timestep: 833.3333129882812
current_timestep: 625.0
current_timestep: 1000.0
current_timestep: 937.5
current_timestep: 833.3333129882812
current_timestep: 625.0
Moving DynamicSwap_WanTextEncoder to cuda:0 with preserved memory: 13.306858539581299 GB
current_timestep: 1000.0
current_timestep: 937.5
current_timestep: 833.3333129882812
current_timestep: 625.0
current_timestep: 1000.0
current_timestep: 937.5
current_timestep: 833.3333129882812
current_timestep: 625.0
current_timestep: 1000.0
current_timestep: 937.5
current_timestep: 833.3333129882812
current_timestep: 625.0
current_timestep: 1000.0
current_timestep: 937.5
current_timestep: 833.3333129882812
current_timestep: 625.0
current_timestep: 1000.0
current_timestep: 937.5
current_timestep: 833.3333129882812
current_timestep: 625.0
current_timestep: 1000.0
current_timestep: 937.5
current_timestep: 833.3333129882812
current_timestep: 625.0
current_timestep: 1000.0
current_timestep: 937.5
current_timestep: 833.3333129882812
current_timestep: 625.0
current_timestep: 1000.0
current_timestep: 937.5
current_timestep: 833.3333129882812
current_timestep: 625.0
current_timestep: 1000.0
current_timestep: 937.5
current_timestep: 833.3333129882812
current_timestep: 625.0
current_timestep: 1000.0
current_timestep: 937.5
current_timestep: 833.3333129882812
current_timestep: 625.0
current_timestep: 1000.0
current_timestep: 937.5
current_timestep: 833.3333129882812
current_timestep: 625.0
current_timestep: 1000.0
current_timestep: 937.5
current_timestep: 833.3333129882812
current_timestep: 625.0
current_timestep: 1000.0
current_timestep: 937.5
current_timestep: 833.3333129882812
current_timestep: 625.0
current_timestep: 1000.0
current_timestep: 937.5
current_timestep: 833.3333129882812
current_timestep: 625.0
Moving DynamicSwap_WanTextEncoder to cuda:0 with preserved memory: 13.306858539581299 GB
current_timestep: 1000.0
current_timestep: 937.5
current_timestep: 833.3333129882812
current_timestep: 625.0
current_timestep: 1000.0
current_timestep: 937.5
current_timestep: 833.3333129882812
current_timestep: 625.0
current_timestep: 1000.0
current_timestep: 937.5
current_timestep: 833.3333129882812
current_timestep: 625.0
current_timestep: 1000.0
current_timestep: 937.5
current_timestep: 833.3333129882812
current_timestep: 625.0
current_timestep: 1000.0
current_timestep: 937.5
current_timestep: 833.3333129882812
current_timestep: 625.0
current_timestep: 1000.0
current_timestep: 937.5
current_timestep: 833.3333129882812
current_timestep: 625.0
current_timestep: 1000.0
current_timestep: 937.5
current_timestep: 833.3333129882812
current_timestep: 625.0
current_timestep: 1000.0
current_timestep: 937.5
current_timestep: 833.3333129882812
current_timestep: 625.0
current_timestep: 1000.0
current_timestep: 937.5
current_timestep: 833.3333129882812
current_timestep: 625.0
current_timestep: 1000.0
current_timestep: 937.5
current_timestep: 833.3333129882812
current_timestep: 625.0
current_timestep: 1000.0
current_timestep: 937.5
current_timestep: 833.3333129882812
current_timestep: 625.0
current_timestep: 1000.0
current_timestep: 937.5
current_timestep: 833.3333129882812
current_timestep: 625.0
current_timestep: 1000.0
current_timestep: 937.5
current_timestep: 833.3333129882812
current_timestep: 625.0
current_timestep: 1000.0
current_timestep: 937.5
current_timestep: 833.3333129882812
current_timestep: 625.0
Moving DynamicSwap_WanTextEncoder to cuda:0 with preserved memory: 13.306858539581299 GB
current_timestep: 1000.0
current_timestep: 937.5
current_timestep: 833.3333129882812
current_timestep: 625.0
current_timestep: 1000.0
current_timestep: 937.5
current_timestep: 833.3333129882812
current_timestep: 625.0
current_timestep: 1000.0
current_timestep: 937.5
current_timestep: 833.3333129882812
current_timestep: 625.0
current_timestep: 1000.0
current_timestep: 937.5
current_timestep: 833.3333129882812
current_timestep: 625.0
current_timestep: 1000.0
current_timestep: 937.5
current_timestep: 833.3333129882812
current_timestep: 625.0
current_timestep: 1000.0
current_timestep: 937.5
current_timestep: 833.3333129882812
current_timestep: 625.0
current_timestep: 1000.0
current_timestep: 937.5
current_timestep: 833.3333129882812
current_timestep: 625.0
current_timestep: 1000.0
current_timestep: 937.5
current_timestep: 833.3333129882812
current_timestep: 625.0
current_timestep: 1000.0
current_timestep: 937.5
current_timestep: 833.3333129882812
current_timestep: 625.0
current_timestep: 1000.0
current_timestep: 937.5
current_timestep: 833.3333129882812
current_timestep: 625.0
current_timestep: 1000.0
current_timestep: 937.5
current_timestep: 833.3333129882812
current_timestep: 625.0
current_timestep: 1000.0
current_timestep: 937.5
current_timestep: 833.3333129882812
current_timestep: 625.0
current_timestep: 1000.0
current_timestep: 937.5
current_timestep: 833.3333129882812
current_timestep: 625.0
current_timestep: 1000.0
current_timestep: 937.5
current_timestep: 833.3333129882812
current_timestep: 625.0
Moving DynamicSwap_WanTextEncoder to cuda:0 with preserved memory: 13.306858539581299 GB
current_timestep: 1000.0
current_timestep: 937.5
current_timestep: 833.3333129882812
current_timestep: 625.0
current_timestep: 1000.0
current_timestep: 937.5
current_timestep: 833.3333129882812
current_timestep: 625.0
current_timestep: 1000.0
current_timestep: 937.5
current_timestep: 833.3333129882812
current_timestep: 625.0
current_timestep: 1000.0
current_timestep: 937.5
current_timestep: 833.3333129882812
current_timestep: 625.0
current_timestep: 1000.0
current_timestep: 937.5
current_timestep: 833.3333129882812
current_timestep: 625.0
current_timestep: 1000.0
current_timestep: 937.5
current_timestep: 833.3333129882812
current_timestep: 625.0
current_timestep: 1000.0
current_timestep: 937.5
current_timestep: 833.3333129882812
current_timestep: 625.0
current_timestep: 1000.0
current_timestep: 937.5
current_timestep: 833.3333129882812
current_timestep: 625.0
current_timestep: 1000.0
current_timestep: 937.5
current_timestep: 833.3333129882812
current_timestep: 625.0
current_timestep: 1000.0
current_timestep: 937.5
current_timestep: 833.3333129882812
current_timestep: 625.0
current_timestep: 1000.0
current_timestep: 937.5
current_timestep: 833.3333129882812
current_timestep: 625.0
current_timestep: 1000.0
current_timestep: 937.5
current_timestep: 833.3333129882812
current_timestep: 625.0
current_timestep: 1000.0
current_timestep: 937.5
current_timestep: 833.3333129882812
current_timestep: 625.0
current_timestep: 1000.0
current_timestep: 937.5
current_timestep: 833.3333129882812
current_timestep: 625.0
Moving DynamicSwap_WanTextEncoder to cuda:0 with preserved memory: 13.306858539581299 GB
current_timestep: 1000.0
current_timestep: 937.5
current_timestep: 833.3333129882812
current_timestep: 625.0
current_timestep: 1000.0
current_timestep: 937.5
current_timestep: 833.3333129882812
current_timestep: 625.0
current_timestep: 1000.0
current_timestep: 937.5
current_timestep: 833.3333129882812
current_timestep: 625.0
current_timestep: 1000.0
current_timestep: 937.5
current_timestep: 833.3333129882812
current_timestep: 625.0
current_timestep: 1000.0
current_timestep: 937.5
current_timestep: 833.3333129882812
current_timestep: 625.0
current_timestep: 1000.0
current_timestep: 937.5
current_timestep: 833.3333129882812
current_timestep: 625.0
current_timestep: 1000.0
current_timestep: 937.5
current_timestep: 833.3333129882812
current_timestep: 625.0
current_timestep: 1000.0
current_timestep: 937.5
current_timestep: 833.3333129882812
current_timestep: 625.0
current_timestep: 1000.0
current_timestep: 937.5
current_timestep: 833.3333129882812
current_timestep: 625.0
current_timestep: 1000.0
current_timestep: 937.5
current_timestep: 833.3333129882812
current_timestep: 625.0
current_timestep: 1000.0
current_timestep: 937.5
current_timestep: 833.3333129882812
current_timestep: 625.0
current_timestep: 1000.0
current_timestep: 937.5
current_timestep: 833.3333129882812
current_timestep: 625.0
current_timestep: 1000.0
current_timestep: 937.5
current_timestep: 833.3333129882812
current_timestep: 625.0
current_timestep: 1000.0
current_timestep: 937.5
current_timestep: 833.3333129882812
current_timestep: 625.0
Moving DynamicSwap_WanTextEncoder to cuda:0 with preserved memory: 13.306858539581299 GB
current_timestep: 1000.0
current_timestep: 937.5
current_timestep: 833.3333129882812
current_timestep: 625.0
current_timestep: 1000.0
current_timestep: 937.5
current_timestep: 833.3333129882812
current_timestep: 625.0
current_timestep: 1000.0
current_timestep: 937.5
current_timestep: 833.3333129882812
current_timestep: 625.0
current_timestep: 1000.0
current_timestep: 937.5
current_timestep: 833.3333129882812
current_timestep: 625.0
current_timestep: 1000.0
current_timestep: 937.5
current_timestep: 833.3333129882812
current_timestep: 625.0
current_timestep: 1000.0
current_timestep: 937.5
current_timestep: 833.3333129882812
current_timestep: 625.0
current_timestep: 1000.0
current_timestep: 937.5
current_timestep: 833.3333129882812
current_timestep: 625.0
current_timestep: 1000.0
current_timestep: 937.5
current_timestep: 833.3333129882812
current_timestep: 625.0
current_timestep: 1000.0
current_timestep: 937.5
current_timestep: 833.3333129882812
current_timestep: 625.0
current_timestep: 1000.0
current_timestep: 937.5
current_timestep: 833.3333129882812
current_timestep: 625.0
current_timestep: 1000.0
current_timestep: 937.5
current_timestep: 833.3333129882812
current_timestep: 625.0
current_timestep: 1000.0
current_timestep: 937.5
current_timestep: 833.3333129882812
current_timestep: 625.0
current_timestep: 1000.0
current_timestep: 937.5
current_timestep: 833.3333129882812
current_timestep: 625.0
current_timestep: 1000.0
current_timestep: 937.5
current_timestep: 833.3333129882812
current_timestep: 625.0
Moving DynamicSwap_WanTextEncoder to cuda:0 with preserved memory: 13.306858539581299 GB
current_timestep: 1000.0
current_timestep: 937.5
current_timestep: 833.3333129882812
current_timestep: 625.0
current_timestep: 1000.0
current_timestep: 937.5
current_timestep: 833.3333129882812
current_timestep: 625.0
current_timestep: 1000.0
current_timestep: 937.5
current_timestep: 833.3333129882812
current_timestep: 625.0
current_timestep: 1000.0
current_timestep: 937.5
current_timestep: 833.3333129882812
current_timestep: 625.0
current_timestep: 1000.0
current_timestep: 937.5
current_timestep: 833.3333129882812
current_timestep: 625.0
current_timestep: 1000.0
current_timestep: 937.5
current_timestep: 833.3333129882812
current_timestep: 625.0
current_timestep: 1000.0
current_timestep: 937.5
current_timestep: 833.3333129882812
current_timestep: 625.0
current_timestep: 1000.0
current_timestep: 937.5
current_timestep: 833.3333129882812
current_timestep: 625.0
current_timestep: 1000.0
current_timestep: 937.5
current_timestep: 833.3333129882812
current_timestep: 625.0
current_timestep: 1000.0
current_timestep: 937.5
current_timestep: 833.3333129882812
current_timestep: 625.0
current_timestep: 1000.0
current_timestep: 937.5
current_timestep: 833.3333129882812
current_timestep: 625.0
current_timestep: 1000.0
current_timestep: 937.5
current_timestep: 833.3333129882812
current_timestep: 625.0
current_timestep: 1000.0
current_timestep: 937.5
current_timestep: 833.3333129882812
current_timestep: 625.0
current_timestep: 1000.0
current_timestep: 937.5
current_timestep: 833.3333129882812
current_timestep: 625.0
Moving DynamicSwap_WanTextEncoder to cuda:0 with preserved memory: 13.306858539581299 GB
current_timestep: 1000.0
current_timestep: 937.5
current_timestep: 833.3333129882812
current_timestep: 625.0
current_timestep: 1000.0
current_timestep: 937.5
current_timestep: 833.3333129882812
current_timestep: 625.0
current_timestep: 1000.0
current_timestep: 937.5
current_timestep: 833.3333129882812
current_timestep: 625.0
current_timestep: 1000.0
current_timestep: 937.5
current_timestep: 833.3333129882812
current_timestep: 625.0
current_timestep: 1000.0
current_timestep: 937.5
current_timestep: 833.3333129882812
current_timestep: 625.0
current_timestep: 1000.0
current_timestep: 937.5
current_timestep: 833.3333129882812
current_timestep: 625.0
current_timestep: 1000.0
current_timestep: 937.5
current_timestep: 833.3333129882812
current_timestep: 625.0
current_timestep: 1000.0
current_timestep: 937.5
current_timestep: 833.3333129882812
current_timestep: 625.0
current_timestep: 1000.0
current_timestep: 937.5
current_timestep: 833.3333129882812
current_timestep: 625.0
current_timestep: 1000.0
current_timestep: 937.5
current_timestep: 833.3333129882812
current_timestep: 625.0
current_timestep: 1000.0
current_timestep: 937.5
current_timestep: 833.3333129882812
current_timestep: 625.0
current_timestep: 1000.0
current_timestep: 937.5
current_timestep: 833.3333129882812
current_timestep: 625.0
current_timestep: 1000.0
current_timestep: 937.5
current_timestep: 833.3333129882812
current_timestep: 625.0
current_timestep: 1000.0
current_timestep: 937.5
current_timestep: 833.3333129882812
current_timestep: 625.0
{
  "method": "FLOWCACHE_NATIVE",
  "num_prompts": 10,
  "num_samples": 1,
  "total_runtime_s": 490.4424902978353,
  "avg_runtime_s_per_prompt": 49.04424902978353,
  "peak_vram_bytes": 20731253760,
  "quantize_time_s": 0.0,
  "dequantize_time_s": 0.0,
  "bf16_kv_bytes": 12076646400,
  "compressed_kv_bytes": 12076646400,
  "compression_ratio": 1.0,
  "first_video_shape": [
    1,
    165,
    3,
    480,
    832
  ],
  "flowcache_native_total_blocks": 140.0,
  "flowcache_native_total_steps": 560.0,
  "flowcache_native_reuse_steps": 140.0,
  "flowcache_native_compute_steps": 420.0,
  "flowcache_native_reuse_ratio": 0.25,
  "flowcache_native_avg_rel_l1": 1.2359853459256036,
  "flowcache_native_rel_l1_thresh": 1.5
}
[W310 18:23:20.637917630 CUDAAllocatorConfig.h:28] Warning: expandable_segments not supported on this platform (function operator())
[rank0]:[W310 18:23:20.887343583 ProcessGroupNCCL.cpp:4115] [PG ID 0 PG GUID 0 Rank 0]  using GPU 0 to perform barrier as devices used by this process are currently unknown. This can potentially cause a hang if this rank to GPU mapping is incorrect.Specify device_ids in barrier() to force use of a particular device,or call init_process_group() with a device_id.
/home/suraj/miniforge3/envs/qvg_sf_eval/lib/python3.10/site-packages/clip/clip.py:6: UserWarning: pkg_resources is deprecated as an API. See https://setuptools.pypa.io/en/latest/pkg_resources.html. The pkg_resources package is slated for removal as early as 2025-11-30. Refrain from using this package or pin to Setuptools<81.
  from pkg_resources import packaging
args: Namespace(output_path='/data/vaishak/combined-kv-quant/results/benchmarks/storyeval/storyeval_flowcache_native_7743d4e12ea8_10prompts_10s/metrics/vbench_raw', full_json_dir='/data/vaishak/combined-kv-quant/third_party/VBench/vbench/VBench_full_info.json', videos_path='/data/vaishak/combined-kv-quant/results/benchmarks/storyeval/storyeval_flowcache_native_7743d4e12ea8_10prompts_10s/videos', dimension=['background_consistency', 'imaging_quality', 'subject_consistency', 'aesthetic_quality'], load_ckpt_from_local=None, read_frame=None, mode='custom_input', prompt='None', prompt_file='/data/vaishak/combined-kv-quant/results/benchmarks/storyeval/storyeval_flowcache_native_7743d4e12ea8_10prompts_10s/metrics/vbench_prompt_map.json', category=None, imaging_quality_preprocessing_mode='longer')
start evaluation
Evaluation meta data saved to /data/vaishak/combined-kv-quant/results/benchmarks/storyeval/storyeval_flowcache_native_7743d4e12ea8_10prompts_10s/metrics/vbench_raw/results_2026-03-10-18:23:20_full_info.json
cur_full_info_path: /data/vaishak/combined-kv-quant/results/benchmarks/storyeval/storyeval_flowcache_native_7743d4e12ea8_10prompts_10s/metrics/vbench_raw/results_2026-03-10-18:23:20_full_info.json
  0%|          | 0/10 [00:00<?, ?it/s] 10%|█         | 1/10 [00:00<00:06,  1.41it/s] 20%|██        | 2/10 [00:01<00:05,  1.59it/s] 30%|███       | 3/10 [00:01<00:04,  1.68it/s] 40%|████      | 4/10 [00:02<00:03,  1.70it/s] 50%|█████     | 5/10 [00:03<00:02,  1.69it/s] 60%|██████    | 6/10 [00:03<00:02,  1.68it/s] 70%|███████   | 7/10 [00:04<00:01,  1.72it/s] 80%|████████  | 8/10 [00:04<00:01,  1.72it/s] 90%|█████████ | 9/10 [00:05<00:00,  1.72it/s]100%|██████████| 10/10 [00:05<00:00,  1.70it/s]100%|██████████| 10/10 [00:05<00:00,  1.69it/s]
/home/suraj/miniforge3/envs/qvg_sf_eval/lib/python3.10/site-packages/timm/models/layers/__init__.py:48: FutureWarning: Importing from timm.models.layers is deprecated, please import via timm.layers
  warnings.warn(f"Importing from {__name__} is deprecated, please import via timm.layers", FutureWarning)
/home/suraj/miniforge3/envs/qvg_sf_eval/lib/python3.10/site-packages/pyiqa/archs/arch_util.py:118: FutureWarning: You are using `torch.load` with `weights_only=False` (the current default value), which uses the default pickle module implicitly. It is possible to construct malicious pickle data which will execute arbitrary code during unpickling (See https://github.com/pytorch/pytorch/blob/main/SECURITY.md#untrusted-models for more details). In a future release, the default value for `weights_only` will be flipped to `True`. This limits the functions that could be executed during unpickling. Arbitrary objects will no longer be allowed to be loaded via this mode unless they are explicitly allowlisted by the user via `torch.serialization.add_safe_globals`. We recommend you start setting `weights_only=True` for any use case where you don't have full control of the loaded file. Please open an issue on GitHub for any issues related to this experimental feature.
  state_dict = torch.load(model_path, map_location=torch.device("cpu"))
cur_full_info_path: /data/vaishak/combined-kv-quant/results/benchmarks/storyeval/storyeval_flowcache_native_7743d4e12ea8_10prompts_10s/metrics/vbench_raw/results_2026-03-10-18:23:20_full_info.json
Loading pretrained model MUSIQ from /home/vaishak/.cache/vbench/pyiqa_model/musiq_spaq_ckpt-358bb6af.pth
  0%|          | 0/10 [00:00<?, ?it/s] 10%|█         | 1/10 [00:02<00:26,  2.96s/it] 20%|██        | 2/10 [00:05<00:22,  2.87s/it] 30%|███       | 3/10 [00:08<00:19,  2.83s/it] 40%|████      | 4/10 [00:11<00:17,  2.83s/it] 50%|█████     | 5/10 [00:14<00:14,  2.83s/it] 60%|██████    | 6/10 [00:17<00:11,  2.83s/it] 70%|███████   | 7/10 [00:19<00:08,  2.81s/it] 80%|████████  | 8/10 [00:22<00:05,  2.81s/it] 90%|█████████ | 9/10 [00:25<00:02,  2.81s/it]100%|██████████| 10/10 [00:28<00:00,  2.81s/it]100%|██████████| 10/10 [00:28<00:00,  2.82s/it]
Using cache found in /home/vaishak/.cache/torch/hub/facebookresearch_dino_main
2026-03-10 18:24:00,535 - vbench.subject_consistency - INFO - Initialize DINO success
cur_full_info_path: /data/vaishak/combined-kv-quant/results/benchmarks/storyeval/storyeval_flowcache_native_7743d4e12ea8_10prompts_10s/metrics/vbench_raw/results_2026-03-10-18:23:20_full_info.json
  0%|          | 0/10 [00:00<?, ?it/s] 10%|█         | 1/10 [00:02<00:18,  2.03s/it] 20%|██        | 2/10 [00:04<00:16,  2.04s/it] 30%|███       | 3/10 [00:06<00:14,  2.04s/it] 40%|████      | 4/10 [00:08<00:12,  2.05s/it] 50%|█████     | 5/10 [00:10<00:10,  2.06s/it] 60%|██████    | 6/10 [00:12<00:08,  2.06s/it] 70%|███████   | 7/10 [00:14<00:06,  2.05s/it] 80%|████████  | 8/10 [00:16<00:04,  2.06s/it] 90%|█████████ | 9/10 [00:18<00:02,  2.06s/it]100%|██████████| 10/10 [00:20<00:00,  2.06s/it]100%|██████████| 10/10 [00:20<00:00,  2.06s/it]
/data/vaishak/kv-quant-longhorizon/third_party/VBench/vbench/aesthetic_quality.py:41: FutureWarning: You are using `torch.load` with `weights_only=False` (the current default value), which uses the default pickle module implicitly. It is possible to construct malicious pickle data which will execute arbitrary code during unpickling (See https://github.com/pytorch/pytorch/blob/main/SECURITY.md#untrusted-models for more details). In a future release, the default value for `weights_only` will be flipped to `True`. This limits the functions that could be executed during unpickling. Arbitrary objects will no longer be allowed to be loaded via this mode unless they are explicitly allowlisted by the user via `torch.serialization.add_safe_globals`. We recommend you start setting `weights_only=True` for any use case where you don't have full control of the loaded file. Please open an issue on GitHub for any issues related to this experimental feature.
  s = torch.load(path_to_model)
cur_full_info_path: /data/vaishak/combined-kv-quant/results/benchmarks/storyeval/storyeval_flowcache_native_7743d4e12ea8_10prompts_10s/metrics/vbench_raw/results_2026-03-10-18:23:20_full_info.json
  0%|          | 0/10 [00:00<?, ?it/s] 10%|█         | 1/10 [00:00<00:08,  1.08it/s] 20%|██        | 2/10 [00:01<00:07,  1.03it/s] 30%|███       | 3/10 [00:02<00:06,  1.03it/s] 40%|████      | 4/10 [00:03<00:05,  1.01it/s] 50%|█████     | 5/10 [00:04<00:05,  1.00s/it] 60%|██████    | 6/10 [00:05<00:04,  1.01s/it] 70%|███████   | 7/10 [00:06<00:03,  1.00s/it] 80%|████████  | 8/10 [00:07<00:02,  1.01s/it] 90%|█████████ | 9/10 [00:08<00:01,  1.01s/it]100%|██████████| 10/10 [00:09<00:00,  1.01s/it]100%|██████████| 10/10 [00:09<00:00,  1.00it/s]
Evaluation results saved to /data/vaishak/combined-kv-quant/results/benchmarks/storyeval/storyeval_flowcache_native_7743d4e12ea8_10prompts_10s/metrics/vbench_raw/results_2026-03-10-18:23:20_eval_results.json
done
[rank0]:[W310 18:24:38.889499965 ProcessGroupNCCL.cpp:1250] Warning: WARNING: process group has NOT been destroyed before we destruct ProcessGroupNCCL. On normal program exit, the application should call destroy_process_group to ensure that any pending NCCL operations have finished in this process. In rare cases this process can exit before this point and block the progress of another member of the process group. This constraint has always been present,  but this warning has only been added since PyTorch 2.4 (function operator())
Wrote /data/vaishak/combined-kv-quant/results/benchmarks/storyeval/storyeval_flowcache_native_7743d4e12ea8_10prompts_10s/metrics/vbench.json
[W310 18:24:49.953631002 CUDAAllocatorConfig.h:28] Warning: expandable_segments not supported on this platform (function operator())
[rank0]:[W310 18:24:49.197719319 ProcessGroupNCCL.cpp:4115] [PG ID 0 PG GUID 0 Rank 0]  using GPU 0 to perform barrier as devices used by this process are currently unknown. This can potentially cause a hang if this rank to GPU mapping is incorrect.Specify device_ids in barrier() to force use of a particular device,or call init_process_group() with a device_id.
/home/suraj/miniforge3/envs/qvg_sf_eval/lib/python3.10/site-packages/clip/clip.py:6: UserWarning: pkg_resources is deprecated as an API. See https://setuptools.pypa.io/en/latest/pkg_resources.html. The pkg_resources package is slated for removal as early as 2025-11-30. Refrain from using this package or pin to Setuptools<81.
  from pkg_resources import packaging
/home/suraj/miniforge3/envs/qvg_sf_eval/lib/python3.10/site-packages/timm/models/layers/__init__.py:48: FutureWarning: Importing from timm.models.layers is deprecated, please import via timm.layers
  warnings.warn(f"Importing from {__name__} is deprecated, please import via timm.layers", FutureWarning)
/home/suraj/miniforge3/envs/qvg_sf_eval/lib/python3.10/site-packages/pyiqa/archs/arch_util.py:118: FutureWarning: You are using `torch.load` with `weights_only=False` (the current default value), which uses the default pickle module implicitly. It is possible to construct malicious pickle data which will execute arbitrary code during unpickling (See https://github.com/pytorch/pytorch/blob/main/SECURITY.md#untrusted-models for more details). In a future release, the default value for `weights_only` will be flipped to `True`. This limits the functions that could be executed during unpickling. Arbitrary objects will no longer be allowed to be loaded via this mode unless they are explicitly allowlisted by the user via `torch.serialization.add_safe_globals`. We recommend you start setting `weights_only=True` for any use case where you don't have full control of the loaded file. Please open an issue on GitHub for any issues related to this experimental feature.
  state_dict = torch.load(model_path, map_location=torch.device("cpu"))
args: Namespace(output_path='/data/vaishak/combined-kv-quant/results/benchmarks/storyeval/storyeval_flowcache_native_7743d4e12ea8_10prompts_10s/metrics/drift_work/vbench_imaging_quality_50', full_json_dir='/data/vaishak/combined-kv-quant/third_party/VBench/vbench/VBench_full_info.json', videos_path='/data/vaishak/combined-kv-quant/results/benchmarks/storyeval/storyeval_flowcache_native_7743d4e12ea8_10prompts_10s/metrics/drift_work/clips_50', dimension=['imaging_quality'], load_ckpt_from_local=None, read_frame=None, mode='custom_input', prompt='None', prompt_file='/data/vaishak/combined-kv-quant/results/benchmarks/storyeval/storyeval_flowcache_native_7743d4e12ea8_10prompts_10s/metrics/drift_work/prompt_map_50.json', category=None, imaging_quality_preprocessing_mode='longer')
start evaluation
Evaluation meta data saved to /data/vaishak/combined-kv-quant/results/benchmarks/storyeval/storyeval_flowcache_native_7743d4e12ea8_10prompts_10s/metrics/drift_work/vbench_imaging_quality_50/results_2026-03-10-18:24:49_full_info.json
cur_full_info_path: /data/vaishak/combined-kv-quant/results/benchmarks/storyeval/storyeval_flowcache_native_7743d4e12ea8_10prompts_10s/metrics/drift_work/vbench_imaging_quality_50/results_2026-03-10-18:24:49_full_info.json
Loading pretrained model MUSIQ from /home/vaishak/.cache/vbench/pyiqa_model/musiq_spaq_ckpt-358bb6af.pth
  0%|          | 0/10 [00:00<?, ?it/s] 10%|█         | 1/10 [00:01<00:10,  1.19s/it] 20%|██        | 2/10 [00:02<00:08,  1.03s/it] 30%|███       | 3/10 [00:03<00:06,  1.01it/s] 40%|████      | 4/10 [00:03<00:05,  1.05it/s] 50%|█████     | 5/10 [00:04<00:04,  1.05it/s] 60%|██████    | 6/10 [00:05<00:03,  1.06it/s] 70%|███████   | 7/10 [00:06<00:02,  1.07it/s] 80%|████████  | 8/10 [00:07<00:01,  1.07it/s] 90%|█████████ | 9/10 [00:08<00:00,  1.08it/s]100%|██████████| 10/10 [00:09<00:00,  1.08it/s]100%|██████████| 10/10 [00:09<00:00,  1.05it/s]
Evaluation results saved to /data/vaishak/combined-kv-quant/results/benchmarks/storyeval/storyeval_flowcache_native_7743d4e12ea8_10prompts_10s/metrics/drift_work/vbench_imaging_quality_50/results_2026-03-10-18:24:49_eval_results.json
done
[rank0]:[W310 18:25:01.634706923 ProcessGroupNCCL.cpp:1250] Warning: WARNING: process group has NOT been destroyed before we destruct ProcessGroupNCCL. On normal program exit, the application should call destroy_process_group to ensure that any pending NCCL operations have finished in this process. In rare cases this process can exit before this point and block the progress of another member of the process group. This constraint has always been present,  but this warning has only been added since PyTorch 2.4 (function operator())
[W310 18:25:10.339842581 CUDAAllocatorConfig.h:28] Warning: expandable_segments not supported on this platform (function operator())
[rank0]:[W310 18:25:10.586443235 ProcessGroupNCCL.cpp:4115] [PG ID 0 PG GUID 0 Rank 0]  using GPU 0 to perform barrier as devices used by this process are currently unknown. This can potentially cause a hang if this rank to GPU mapping is incorrect.Specify device_ids in barrier() to force use of a particular device,or call init_process_group() with a device_id.
/home/suraj/miniforge3/envs/qvg_sf_eval/lib/python3.10/site-packages/clip/clip.py:6: UserWarning: pkg_resources is deprecated as an API. See https://setuptools.pypa.io/en/latest/pkg_resources.html. The pkg_resources package is slated for removal as early as 2025-11-30. Refrain from using this package or pin to Setuptools<81.
  from pkg_resources import packaging
/home/suraj/miniforge3/envs/qvg_sf_eval/lib/python3.10/site-packages/timm/models/layers/__init__.py:48: FutureWarning: Importing from timm.models.layers is deprecated, please import via timm.layers
  warnings.warn(f"Importing from {__name__} is deprecated, please import via timm.layers", FutureWarning)
/home/suraj/miniforge3/envs/qvg_sf_eval/lib/python3.10/site-packages/pyiqa/archs/arch_util.py:118: FutureWarning: You are using `torch.load` with `weights_only=False` (the current default value), which uses the default pickle module implicitly. It is possible to construct malicious pickle data which will execute arbitrary code during unpickling (See https://github.com/pytorch/pytorch/blob/main/SECURITY.md#untrusted-models for more details). In a future release, the default value for `weights_only` will be flipped to `True`. This limits the functions that could be executed during unpickling. Arbitrary objects will no longer be allowed to be loaded via this mode unless they are explicitly allowlisted by the user via `torch.serialization.add_safe_globals`. We recommend you start setting `weights_only=True` for any use case where you don't have full control of the loaded file. Please open an issue on GitHub for any issues related to this experimental feature.
  state_dict = torch.load(model_path, map_location=torch.device("cpu"))
args: Namespace(output_path='/data/vaishak/combined-kv-quant/results/benchmarks/storyeval/storyeval_flowcache_native_7743d4e12ea8_10prompts_10s/metrics/drift_work/vbench_imaging_quality_100', full_json_dir='/data/vaishak/combined-kv-quant/third_party/VBench/vbench/VBench_full_info.json', videos_path='/data/vaishak/combined-kv-quant/results/benchmarks/storyeval/storyeval_flowcache_native_7743d4e12ea8_10prompts_10s/metrics/drift_work/clips_100', dimension=['imaging_quality'], load_ckpt_from_local=None, read_frame=None, mode='custom_input', prompt='None', prompt_file='/data/vaishak/combined-kv-quant/results/benchmarks/storyeval/storyeval_flowcache_native_7743d4e12ea8_10prompts_10s/metrics/drift_work/prompt_map_100.json', category=None, imaging_quality_preprocessing_mode='longer')
start evaluation
Evaluation meta data saved to /data/vaishak/combined-kv-quant/results/benchmarks/storyeval/storyeval_flowcache_native_7743d4e12ea8_10prompts_10s/metrics/drift_work/vbench_imaging_quality_100/results_2026-03-10-18:25:10_full_info.json
cur_full_info_path: /data/vaishak/combined-kv-quant/results/benchmarks/storyeval/storyeval_flowcache_native_7743d4e12ea8_10prompts_10s/metrics/drift_work/vbench_imaging_quality_100/results_2026-03-10-18:25:10_full_info.json
Loading pretrained model MUSIQ from /home/vaishak/.cache/vbench/pyiqa_model/musiq_spaq_ckpt-358bb6af.pth
  0%|          | 0/10 [00:00<?, ?it/s] 10%|█         | 1/10 [00:02<00:18,  2.10s/it] 20%|██        | 2/10 [00:03<00:15,  1.91s/it] 30%|███       | 3/10 [00:05<00:13,  1.87s/it] 40%|████      | 4/10 [00:07<00:11,  1.83s/it] 50%|█████     | 5/10 [00:09<00:09,  1.82s/it] 60%|██████    | 6/10 [00:11<00:07,  1.80s/it] 70%|███████   | 7/10 [00:12<00:05,  1.79s/it] 80%|████████  | 8/10 [00:14<00:03,  1.80s/it] 90%|█████████ | 9/10 [00:16<00:01,  1.79s/it]100%|██████████| 10/10 [00:18<00:00,  1.77s/it]100%|██████████| 10/10 [00:18<00:00,  1.81s/it]
Evaluation results saved to /data/vaishak/combined-kv-quant/results/benchmarks/storyeval/storyeval_flowcache_native_7743d4e12ea8_10prompts_10s/metrics/drift_work/vbench_imaging_quality_100/results_2026-03-10-18:25:10_eval_results.json
done
[rank0]:[W310 18:25:30.633628292 ProcessGroupNCCL.cpp:1250] Warning: WARNING: process group has NOT been destroyed before we destruct ProcessGroupNCCL. On normal program exit, the application should call destroy_process_group to ensure that any pending NCCL operations have finished in this process. In rare cases this process can exit before this point and block the progress of another member of the process group. This constraint has always been present,  but this warning has only been added since PyTorch 2.4 (function operator())
[W310 18:25:40.178373491 CUDAAllocatorConfig.h:28] Warning: expandable_segments not supported on this platform (function operator())
[rank0]:[W310 18:25:41.420927137 ProcessGroupNCCL.cpp:4115] [PG ID 0 PG GUID 0 Rank 0]  using GPU 0 to perform barrier as devices used by this process are currently unknown. This can potentially cause a hang if this rank to GPU mapping is incorrect.Specify device_ids in barrier() to force use of a particular device,or call init_process_group() with a device_id.
/home/suraj/miniforge3/envs/qvg_sf_eval/lib/python3.10/site-packages/clip/clip.py:6: UserWarning: pkg_resources is deprecated as an API. See https://setuptools.pypa.io/en/latest/pkg_resources.html. The pkg_resources package is slated for removal as early as 2025-11-30. Refrain from using this package or pin to Setuptools<81.
  from pkg_resources import packaging
/home/suraj/miniforge3/envs/qvg_sf_eval/lib/python3.10/site-packages/timm/models/layers/__init__.py:48: FutureWarning: Importing from timm.models.layers is deprecated, please import via timm.layers
  warnings.warn(f"Importing from {__name__} is deprecated, please import via timm.layers", FutureWarning)
/home/suraj/miniforge3/envs/qvg_sf_eval/lib/python3.10/site-packages/pyiqa/archs/arch_util.py:118: FutureWarning: You are using `torch.load` with `weights_only=False` (the current default value), which uses the default pickle module implicitly. It is possible to construct malicious pickle data which will execute arbitrary code during unpickling (See https://github.com/pytorch/pytorch/blob/main/SECURITY.md#untrusted-models for more details). In a future release, the default value for `weights_only` will be flipped to `True`. This limits the functions that could be executed during unpickling. Arbitrary objects will no longer be allowed to be loaded via this mode unless they are explicitly allowlisted by the user via `torch.serialization.add_safe_globals`. We recommend you start setting `weights_only=True` for any use case where you don't have full control of the loaded file. Please open an issue on GitHub for any issues related to this experimental feature.
  state_dict = torch.load(model_path, map_location=torch.device("cpu"))
args: Namespace(output_path='/data/vaishak/combined-kv-quant/results/benchmarks/storyeval/storyeval_flowcache_native_7743d4e12ea8_10prompts_10s/metrics/drift_work/vbench_imaging_quality_150', full_json_dir='/data/vaishak/combined-kv-quant/third_party/VBench/vbench/VBench_full_info.json', videos_path='/data/vaishak/combined-kv-quant/results/benchmarks/storyeval/storyeval_flowcache_native_7743d4e12ea8_10prompts_10s/metrics/drift_work/clips_150', dimension=['imaging_quality'], load_ckpt_from_local=None, read_frame=None, mode='custom_input', prompt='None', prompt_file='/data/vaishak/combined-kv-quant/results/benchmarks/storyeval/storyeval_flowcache_native_7743d4e12ea8_10prompts_10s/metrics/drift_work/prompt_map_150.json', category=None, imaging_quality_preprocessing_mode='longer')
start evaluation
Evaluation meta data saved to /data/vaishak/combined-kv-quant/results/benchmarks/storyeval/storyeval_flowcache_native_7743d4e12ea8_10prompts_10s/metrics/drift_work/vbench_imaging_quality_150/results_2026-03-10-18:25:40_full_info.json
cur_full_info_path: /data/vaishak/combined-kv-quant/results/benchmarks/storyeval/storyeval_flowcache_native_7743d4e12ea8_10prompts_10s/metrics/drift_work/vbench_imaging_quality_150/results_2026-03-10-18:25:40_full_info.json
Loading pretrained model MUSIQ from /home/vaishak/.cache/vbench/pyiqa_model/musiq_spaq_ckpt-358bb6af.pth
  0%|          | 0/10 [00:00<?, ?it/s] 10%|█         | 1/10 [00:02<00:25,  2.85s/it] 20%|██        | 2/10 [00:05<00:21,  2.75s/it] 30%|███       | 3/10 [00:08<00:19,  2.73s/it] 40%|████      | 4/10 [00:10<00:16,  2.72s/it] 50%|█████     | 5/10 [00:13<00:13,  2.71s/it] 60%|██████    | 6/10 [00:16<00:10,  2.69s/it] 70%|███████   | 7/10 [00:18<00:08,  2.68s/it] 80%|████████  | 8/10 [00:21<00:05,  2.71s/it] 90%|█████████ | 9/10 [00:24<00:02,  2.68s/it]100%|██████████| 10/10 [00:26<00:00,  2.65s/it]100%|██████████| 10/10 [00:26<00:00,  2.69s/it]
Evaluation results saved to /data/vaishak/combined-kv-quant/results/benchmarks/storyeval/storyeval_flowcache_native_7743d4e12ea8_10prompts_10s/metrics/drift_work/vbench_imaging_quality_150/results_2026-03-10-18:25:40_eval_results.json
done
[rank0]:[W310 18:26:09.263331315 ProcessGroupNCCL.cpp:1250] Warning: WARNING: process group has NOT been destroyed before we destruct ProcessGroupNCCL. On normal program exit, the application should call destroy_process_group to ensure that any pending NCCL operations have finished in this process. In rare cases this process can exit before this point and block the progress of another member of the process group. This constraint has always been present,  but this warning has only been added since PyTorch 2.4 (function operator())
Wrote /data/vaishak/combined-kv-quant/results/benchmarks/storyeval/storyeval_flowcache_native_7743d4e12ea8_10prompts_10s/metrics/drift_imaging_quality.json
Wrote /data/vaishak/combined-kv-quant/results/benchmarks/storyeval/storyeval_flowcache_native_7743d4e12ea8_10prompts_10s/plots/drift_imaging_quality.png
Wrote /data/vaishak/combined-kv-quant/results/benchmarks/storyeval/storyeval_flowcache_native_7743d4e12ea8_10prompts_10s/summary/summary.json
Wrote /data/vaishak/combined-kv-quant/results/benchmarks/storyeval/storyeval_flowcache_native_7743d4e12ea8_10prompts_10s/summary/summary.csv
$ /home/suraj/miniforge3/envs/qvg_sf_infer/bin/python /data/vaishak/combined-kv-quant/scripts/01_generate.py --results-root /data/vaishak/combined-kv-quant/results/benchmarks/storyeval/storyeval_flowcache_native_7743d4e12ea8_10prompts_10s/profile_pass --method FLOWCACHE_PROFILE --prompt-path /data/vaishak/combined-kv-quant/data/prompts/storyeval/all_prompts.txt --max-prompts 10 --num-output-frames 42 --seed 0 --fps 16 --flowcache-recent-ratio 0.25 --device cuda:0 --use-ema --flowcache-native-rel-l1-thresh 1.5 --flowcache-native-warmup-steps 0 --low-memory
$ /home/suraj/miniforge3/envs/qvg_sf_infer/bin/python /data/vaishak/combined-kv-quant/scripts/01_generate.py --results-root /data/vaishak/combined-kv-quant/results/benchmarks/storyeval/storyeval_flowcache_native_7743d4e12ea8_10prompts_10s --method FLOWCACHE_NATIVE --prompt-path /data/vaishak/combined-kv-quant/data/prompts/storyeval/all_prompts.txt --max-prompts 10 --num-output-frames 42 --seed 0 --fps 16 --device cuda:0 --use-ema --flowcache-native-rel-l1-thresh 1.5 --flowcache-native-warmup-steps 0 --low-memory --flowcache-layer-budget-path /data/vaishak/combined-kv-quant/results/benchmarks/storyeval/storyeval_flowcache_native_7743d4e12ea8_10prompts_10s/metrics/flowcache_profile_layer_budget.json
$ /home/suraj/miniforge3/envs/qvg_sf_eval/bin/python /data/vaishak/combined-kv-quant/scripts/eval_storyeval_vbench.py --run_dir /data/vaishak/combined-kv-quant/results/benchmarks/storyeval/storyeval_flowcache_native_7743d4e12ea8_10prompts_10s --python_bin /home/suraj/miniforge3/envs/qvg_sf_eval/bin/python
$ /home/suraj/miniforge3/envs/qvg_sf_eval/bin/python /data/vaishak/combined-kv-quant/scripts/eval_storyeval_drift.py --run_dir /data/vaishak/combined-kv-quant/results/benchmarks/storyeval/storyeval_flowcache_native_7743d4e12ea8_10prompts_10s --python_bin /home/suraj/miniforge3/envs/qvg_sf_eval/bin/python
$ /home/vaishak/miniforge3/bin/python3 /data/vaishak/combined-kv-quant/scripts/summarize_storyeval.py --run_dir /data/vaishak/combined-kv-quant/results/benchmarks/storyeval/storyeval_flowcache_native_7743d4e12ea8_10prompts_10s
StoryEval backfill completed for FLOWCACHE_NATIVE under /data/vaishak/combined-kv-quant/results/benchmarks/storyeval/storyeval_flowcache_native_7743d4e12ea8_10prompts_10s
{
  "benchmark": "storyeval",
  "method": "FLOWCACHE_NATIVE",
  "config_id": "7743d4e12ea8",
  "run_id": "storyeval_flowcache_native_7743d4e12ea8_10prompts_10s",
  "created_utc": "2026-03-10T18:23:18.053096+00:00",
  "prompt_file": "/data/vaishak/combined-kv-quant/data/prompts/storyeval/all_prompts.txt",
  "num_prompts_selected": 10,
  "start_idx": 0,
  "end_idx": null,
  "max_prompts": 10,
  "seed": 0,
  "seeds_per_prompt": 1,
  "fps": 16,
  "duration_sec_requested": 10.0,
  "target_latent_frames": 42,
  "target_frames": 165,
  "effective_duration_sec": 10.3125,
  "resolution": [
    480,
    832
  ],
  "source_moviegen_run_root": "results/runs/backfill_flowcache_native_7743d4e12ea8_10s"
}
/data/vaishak/combined-kv-quant/third_party/Self-Forcing/wan/modules/vae.py:634: FutureWarning: You are using `torch.load` with `weights_only=False` (the current default value), which uses the default pickle module implicitly. It is possible to construct malicious pickle data which will execute arbitrary code during unpickling (See https://github.com/pytorch/pytorch/blob/main/SECURITY.md#untrusted-models for more details). In a future release, the default value for `weights_only` will be flipped to `True`. This limits the functions that could be executed during unpickling. Arbitrary objects will no longer be allowed to be loaded via this mode unless they are explicitly allowlisted by the user via `torch.serialization.add_safe_globals`. We recommend you start setting `weights_only=True` for any use case where you don't have full control of the loaded file. Please open an issue on GitHub for any issues related to this experimental feature.
  torch.load(pretrained_path, map_location=device), assign=True)
/data/vaishak/combined-kv-quant/scripts/01_generate.py:408: FutureWarning: You are using `torch.load` with `weights_only=False` (the current default value), which uses the default pickle module implicitly. It is possible to construct malicious pickle data which will execute arbitrary code during unpickling (See https://github.com/pytorch/pytorch/blob/main/SECURITY.md#untrusted-models for more details). In a future release, the default value for `weights_only` will be flipped to `True`. This limits the functions that could be executed during unpickling. Arbitrary objects will no longer be allowed to be loaded via this mode unless they are explicitly allowlisted by the user via `torch.serialization.add_safe_globals`. We recommend you start setting `weights_only=True` for any use case where you don't have full control of the loaded file. Please open an issue on GitHub for any issues related to this experimental feature.
  state_dict = torch.load(str(checkpoint_path), map_location="cpu")
KV inference with 3 frames per block
Moving DynamicSwap_WanTextEncoder to cuda:0 with preserved memory: 25.303240299224854 GB
current_timestep: 1000.0
current_timestep: 937.5
current_timestep: 833.3333129882812
current_timestep: 625.0
current_timestep: 1000.0
current_timestep: 937.5
current_timestep: 833.3333129882812
current_timestep: 625.0
current_timestep: 1000.0
current_timestep: 937.5
current_timestep: 833.3333129882812
current_timestep: 625.0
current_timestep: 1000.0
current_timestep: 937.5
current_timestep: 833.3333129882812
current_timestep: 625.0
current_timestep: 1000.0
current_timestep: 937.5
current_timestep: 833.3333129882812
current_timestep: 625.0
current_timestep: 1000.0
current_timestep: 937.5
current_timestep: 833.3333129882812
current_timestep: 625.0
current_timestep: 1000.0
current_timestep: 937.5
current_timestep: 833.3333129882812
current_timestep: 625.0
current_timestep: 1000.0
current_timestep: 937.5
current_timestep: 833.3333129882812
current_timestep: 625.0
current_timestep: 1000.0
current_timestep: 937.5
current_timestep: 833.3333129882812
current_timestep: 625.0
current_timestep: 1000.0
current_timestep: 937.5
current_timestep: 833.3333129882812
current_timestep: 625.0
current_timestep: 1000.0
current_timestep: 937.5
current_timestep: 833.3333129882812
current_timestep: 625.0
current_timestep: 1000.0
current_timestep: 937.5
current_timestep: 833.3333129882812
current_timestep: 625.0
current_timestep: 1000.0
current_timestep: 937.5
current_timestep: 833.3333129882812
current_timestep: 625.0
current_timestep: 1000.0
current_timestep: 937.5
current_timestep: 833.3333129882812
current_timestep: 625.0
Moving DynamicSwap_WanTextEncoder to cuda:0 with preserved memory: 24.55411195755005 GB
current_timestep: 1000.0
current_timestep: 937.5
current_timestep: 833.3333129882812
current_timestep: 625.0
current_timestep: 1000.0
current_timestep: 937.5
current_timestep: 833.3333129882812
current_timestep: 625.0
current_timestep: 1000.0
current_timestep: 937.5
current_timestep: 833.3333129882812
current_timestep: 625.0
current_timestep: 1000.0
current_timestep: 937.5
current_timestep: 833.3333129882812
current_timestep: 625.0
current_timestep: 1000.0
current_timestep: 937.5
current_timestep: 833.3333129882812
current_timestep: 625.0
current_timestep: 1000.0
current_timestep: 937.5
current_timestep: 833.3333129882812
current_timestep: 625.0
current_timestep: 1000.0
current_timestep: 937.5
current_timestep: 833.3333129882812
current_timestep: 625.0
current_timestep: 1000.0
current_timestep: 937.5
current_timestep: 833.3333129882812
current_timestep: 625.0
current_timestep: 1000.0
current_timestep: 937.5
current_timestep: 833.3333129882812
current_timestep: 625.0
current_timestep: 1000.0
current_timestep: 937.5
current_timestep: 833.3333129882812
current_timestep: 625.0
current_timestep: 1000.0
current_timestep: 937.5
current_timestep: 833.3333129882812
current_timestep: 625.0
current_timestep: 1000.0
current_timestep: 937.5
current_timestep: 833.3333129882812
current_timestep: 625.0
current_timestep: 1000.0
current_timestep: 937.5
current_timestep: 833.3333129882812
current_timestep: 625.0
current_timestep: 1000.0
current_timestep: 937.5
current_timestep: 833.3333129882812
current_timestep: 625.0
Moving DynamicSwap_WanTextEncoder to cuda:0 with preserved memory: 24.55411195755005 GB
current_timestep: 1000.0
current_timestep: 937.5
current_timestep: 833.3333129882812
current_timestep: 625.0
current_timestep: 1000.0
current_timestep: 937.5
current_timestep: 833.3333129882812
current_timestep: 625.0
current_timestep: 1000.0
current_timestep: 937.5
current_timestep: 833.3333129882812
current_timestep: 625.0
current_timestep: 1000.0
current_timestep: 937.5
current_timestep: 833.3333129882812
current_timestep: 625.0
current_timestep: 1000.0
current_timestep: 937.5
current_timestep: 833.3333129882812
current_timestep: 625.0
current_timestep: 1000.0
current_timestep: 937.5
current_timestep: 833.3333129882812
current_timestep: 625.0
current_timestep: 1000.0
current_timestep: 937.5
current_timestep: 833.3333129882812
current_timestep: 625.0
current_timestep: 1000.0
current_timestep: 937.5
current_timestep: 833.3333129882812
current_timestep: 625.0
current_timestep: 1000.0
current_timestep: 937.5
current_timestep: 833.3333129882812
current_timestep: 625.0
current_timestep: 1000.0
current_timestep: 937.5
current_timestep: 833.3333129882812
current_timestep: 625.0
current_timestep: 1000.0
current_timestep: 937.5
current_timestep: 833.3333129882812
current_timestep: 625.0
current_timestep: 1000.0
current_timestep: 937.5
current_timestep: 833.3333129882812
current_timestep: 625.0
current_timestep: 1000.0
current_timestep: 937.5
current_timestep: 833.3333129882812
current_timestep: 625.0
current_timestep: 1000.0
current_timestep: 937.5
current_timestep: 833.3333129882812
current_timestep: 625.0
Moving DynamicSwap_WanTextEncoder to cuda:0 with preserved memory: 24.55411195755005 GB
current_timestep: 1000.0
current_timestep: 937.5
current_timestep: 833.3333129882812
current_timestep: 625.0
current_timestep: 1000.0
current_timestep: 937.5
current_timestep: 833.3333129882812
current_timestep: 625.0
current_timestep: 1000.0
current_timestep: 937.5
current_timestep: 833.3333129882812
current_timestep: 625.0
current_timestep: 1000.0
current_timestep: 937.5
current_timestep: 833.3333129882812
current_timestep: 625.0
current_timestep: 1000.0
current_timestep: 937.5
current_timestep: 833.3333129882812
current_timestep: 625.0
current_timestep: 1000.0
current_timestep: 937.5
current_timestep: 833.3333129882812
current_timestep: 625.0
current_timestep: 1000.0
current_timestep: 937.5
current_timestep: 833.3333129882812
current_timestep: 625.0
current_timestep: 1000.0
current_timestep: 937.5
current_timestep: 833.3333129882812
current_timestep: 625.0
current_timestep: 1000.0
current_timestep: 937.5
current_timestep: 833.3333129882812
current_timestep: 625.0
current_timestep: 1000.0
current_timestep: 937.5
current_timestep: 833.3333129882812
current_timestep: 625.0
current_timestep: 1000.0
current_timestep: 937.5
current_timestep: 833.3333129882812
current_timestep: 625.0
current_timestep: 1000.0
current_timestep: 937.5
current_timestep: 833.3333129882812
current_timestep: 625.0
current_timestep: 1000.0
current_timestep: 937.5
current_timestep: 833.3333129882812
current_timestep: 625.0
current_timestep: 1000.0
current_timestep: 937.5
current_timestep: 833.3333129882812
current_timestep: 625.0
Moving DynamicSwap_WanTextEncoder to cuda:0 with preserved memory: 24.55411195755005 GB
current_timestep: 1000.0
current_timestep: 937.5
current_timestep: 833.3333129882812
current_timestep: 625.0
current_timestep: 1000.0
current_timestep: 937.5
current_timestep: 833.3333129882812
current_timestep: 625.0
current_timestep: 1000.0
current_timestep: 937.5
current_timestep: 833.3333129882812
current_timestep: 625.0
current_timestep: 1000.0
current_timestep: 937.5
current_timestep: 833.3333129882812
current_timestep: 625.0
current_timestep: 1000.0
current_timestep: 937.5
current_timestep: 833.3333129882812
current_timestep: 625.0
current_timestep: 1000.0
current_timestep: 937.5
current_timestep: 833.3333129882812
current_timestep: 625.0
current_timestep: 1000.0
current_timestep: 937.5
current_timestep: 833.3333129882812
current_timestep: 625.0
current_timestep: 1000.0
current_timestep: 937.5
current_timestep: 833.3333129882812
current_timestep: 625.0
current_timestep: 1000.0
current_timestep: 937.5
current_timestep: 833.3333129882812
current_timestep: 625.0
current_timestep: 1000.0
current_timestep: 937.5
current_timestep: 833.3333129882812
current_timestep: 625.0
current_timestep: 1000.0
current_timestep: 937.5
current_timestep: 833.3333129882812
current_timestep: 625.0
current_timestep: 1000.0
current_timestep: 937.5
current_timestep: 833.3333129882812
current_timestep: 625.0
current_timestep: 1000.0
current_timestep: 937.5
current_timestep: 833.3333129882812
current_timestep: 625.0
current_timestep: 1000.0
current_timestep: 937.5
current_timestep: 833.3333129882812
current_timestep: 625.0
Moving DynamicSwap_WanTextEncoder to cuda:0 with preserved memory: 24.55411195755005 GB
current_timestep: 1000.0
current_timestep: 937.5
current_timestep: 833.3333129882812
current_timestep: 625.0
current_timestep: 1000.0
current_timestep: 937.5
current_timestep: 833.3333129882812
current_timestep: 625.0
current_timestep: 1000.0
current_timestep: 937.5
current_timestep: 833.3333129882812
current_timestep: 625.0
current_timestep: 1000.0
current_timestep: 937.5
current_timestep: 833.3333129882812
current_timestep: 625.0
current_timestep: 1000.0
current_timestep: 937.5
current_timestep: 833.3333129882812
current_timestep: 625.0
current_timestep: 1000.0
current_timestep: 937.5
current_timestep: 833.3333129882812
current_timestep: 625.0
current_timestep: 1000.0
current_timestep: 937.5
current_timestep: 833.3333129882812
current_timestep: 625.0
current_timestep: 1000.0
current_timestep: 937.5
current_timestep: 833.3333129882812
current_timestep: 625.0
current_timestep: 1000.0
current_timestep: 937.5
current_timestep: 833.3333129882812
current_timestep: 625.0
current_timestep: 1000.0
current_timestep: 937.5
current_timestep: 833.3333129882812
current_timestep: 625.0
current_timestep: 1000.0
current_timestep: 937.5
current_timestep: 833.3333129882812
current_timestep: 625.0
current_timestep: 1000.0
current_timestep: 937.5
current_timestep: 833.3333129882812
current_timestep: 625.0
current_timestep: 1000.0
current_timestep: 937.5
current_timestep: 833.3333129882812
current_timestep: 625.0
current_timestep: 1000.0
current_timestep: 937.5
current_timestep: 833.3333129882812
current_timestep: 625.0
Moving DynamicSwap_WanTextEncoder to cuda:0 with preserved memory: 24.55411195755005 GB
current_timestep: 1000.0
current_timestep: 937.5
current_timestep: 833.3333129882812
current_timestep: 625.0
current_timestep: 1000.0
current_timestep: 937.5
current_timestep: 833.3333129882812
current_timestep: 625.0
current_timestep: 1000.0
current_timestep: 937.5
current_timestep: 833.3333129882812
current_timestep: 625.0
current_timestep: 1000.0
current_timestep: 937.5
current_timestep: 833.3333129882812
current_timestep: 625.0
current_timestep: 1000.0
current_timestep: 937.5
current_timestep: 833.3333129882812
current_timestep: 625.0
current_timestep: 1000.0
current_timestep: 937.5
current_timestep: 833.3333129882812
current_timestep: 625.0
current_timestep: 1000.0
current_timestep: 937.5
current_timestep: 833.3333129882812
current_timestep: 625.0
current_timestep: 1000.0
current_timestep: 937.5
current_timestep: 833.3333129882812
current_timestep: 625.0
current_timestep: 1000.0
current_timestep: 937.5
current_timestep: 833.3333129882812
current_timestep: 625.0
current_timestep: 1000.0
current_timestep: 937.5
current_timestep: 833.3333129882812
current_timestep: 625.0
current_timestep: 1000.0
current_timestep: 937.5
current_timestep: 833.3333129882812
current_timestep: 625.0
current_timestep: 1000.0
current_timestep: 937.5
current_timestep: 833.3333129882812
current_timestep: 625.0
current_timestep: 1000.0
current_timestep: 937.5
current_timestep: 833.3333129882812
current_timestep: 625.0
current_timestep: 1000.0
current_timestep: 937.5
current_timestep: 833.3333129882812
current_timestep: 625.0
Moving DynamicSwap_WanTextEncoder to cuda:0 with preserved memory: 24.55411195755005 GB
current_timestep: 1000.0
current_timestep: 937.5
current_timestep: 833.3333129882812
current_timestep: 625.0
current_timestep: 1000.0
current_timestep: 937.5
current_timestep: 833.3333129882812
current_timestep: 625.0
current_timestep: 1000.0
current_timestep: 937.5
current_timestep: 833.3333129882812
current_timestep: 625.0
current_timestep: 1000.0
current_timestep: 937.5
current_timestep: 833.3333129882812
current_timestep: 625.0
current_timestep: 1000.0
current_timestep: 937.5
current_timestep: 833.3333129882812
current_timestep: 625.0
current_timestep: 1000.0
current_timestep: 937.5
current_timestep: 833.3333129882812
current_timestep: 625.0
current_timestep: 1000.0
current_timestep: 937.5
current_timestep: 833.3333129882812
current_timestep: 625.0
current_timestep: 1000.0
current_timestep: 937.5
current_timestep: 833.3333129882812
current_timestep: 625.0
current_timestep: 1000.0
current_timestep: 937.5
current_timestep: 833.3333129882812
current_timestep: 625.0
current_timestep: 1000.0
current_timestep: 937.5
current_timestep: 833.3333129882812
current_timestep: 625.0
current_timestep: 1000.0
current_timestep: 937.5
current_timestep: 833.3333129882812
current_timestep: 625.0
current_timestep: 1000.0
current_timestep: 937.5
current_timestep: 833.3333129882812
current_timestep: 625.0
current_timestep: 1000.0
current_timestep: 937.5
current_timestep: 833.3333129882812
current_timestep: 625.0
current_timestep: 1000.0
current_timestep: 937.5
current_timestep: 833.3333129882812
current_timestep: 625.0
Moving DynamicSwap_WanTextEncoder to cuda:0 with preserved memory: 24.55411195755005 GB
current_timestep: 1000.0
current_timestep: 937.5
current_timestep: 833.3333129882812
current_timestep: 625.0
current_timestep: 1000.0
current_timestep: 937.5
current_timestep: 833.3333129882812
current_timestep: 625.0
current_timestep: 1000.0
current_timestep: 937.5
current_timestep: 833.3333129882812
current_timestep: 625.0
current_timestep: 1000.0
current_timestep: 937.5
current_timestep: 833.3333129882812
current_timestep: 625.0
current_timestep: 1000.0
current_timestep: 937.5
current_timestep: 833.3333129882812
current_timestep: 625.0
current_timestep: 1000.0
current_timestep: 937.5
current_timestep: 833.3333129882812
current_timestep: 625.0
current_timestep: 1000.0
current_timestep: 937.5
current_timestep: 833.3333129882812
current_timestep: 625.0
current_timestep: 1000.0
current_timestep: 937.5
current_timestep: 833.3333129882812
current_timestep: 625.0
current_timestep: 1000.0
current_timestep: 937.5
current_timestep: 833.3333129882812
current_timestep: 625.0
current_timestep: 1000.0
current_timestep: 937.5
current_timestep: 833.3333129882812
current_timestep: 625.0
current_timestep: 1000.0
current_timestep: 937.5
current_timestep: 833.3333129882812
current_timestep: 625.0
current_timestep: 1000.0
current_timestep: 937.5
current_timestep: 833.3333129882812
current_timestep: 625.0
current_timestep: 1000.0
current_timestep: 937.5
current_timestep: 833.3333129882812
current_timestep: 625.0
current_timestep: 1000.0
current_timestep: 937.5
current_timestep: 833.3333129882812
current_timestep: 625.0
Moving DynamicSwap_WanTextEncoder to cuda:0 with preserved memory: 24.55411195755005 GB
current_timestep: 1000.0
current_timestep: 937.5
current_timestep: 833.3333129882812
current_timestep: 625.0
current_timestep: 1000.0
current_timestep: 937.5
current_timestep: 833.3333129882812
current_timestep: 625.0
current_timestep: 1000.0
current_timestep: 937.5
current_timestep: 833.3333129882812
current_timestep: 625.0
current_timestep: 1000.0
current_timestep: 937.5
current_timestep: 833.3333129882812
current_timestep: 625.0
current_timestep: 1000.0
current_timestep: 937.5
current_timestep: 833.3333129882812
current_timestep: 625.0
current_timestep: 1000.0
current_timestep: 937.5
current_timestep: 833.3333129882812
current_timestep: 625.0
current_timestep: 1000.0
current_timestep: 937.5
current_timestep: 833.3333129882812
current_timestep: 625.0
current_timestep: 1000.0
current_timestep: 937.5
current_timestep: 833.3333129882812
current_timestep: 625.0
current_timestep: 1000.0
current_timestep: 937.5
current_timestep: 833.3333129882812
current_timestep: 625.0
current_timestep: 1000.0
current_timestep: 937.5
current_timestep: 833.3333129882812
current_timestep: 625.0
current_timestep: 1000.0
current_timestep: 937.5
current_timestep: 833.3333129882812
current_timestep: 625.0
current_timestep: 1000.0
current_timestep: 937.5
current_timestep: 833.3333129882812
current_timestep: 625.0
current_timestep: 1000.0
current_timestep: 937.5
current_timestep: 833.3333129882812
current_timestep: 625.0
current_timestep: 1000.0
current_timestep: 937.5
current_timestep: 833.3333129882812
current_timestep: 625.0
{
  "method": "FLOWCACHE_PROFILE",
  "num_prompts": 10,
  "num_samples": 1,
  "total_runtime_s": 681.7286311117932,
  "avg_runtime_s_per_prompt": 68.17286311117932,
  "peak_vram_bytes": 20701900800,
  "quantize_time_s": 273.5265352227725,
  "dequantize_time_s": 0.08500837255269289,
  "bf16_kv_bytes": 12076646400,
  "compressed_kv_bytes": 12076646400,
  "compression_ratio": 1.0,
  "first_video_shape": [
    1,
    165,
    3,
    480,
    832
  ],
  "flowcache_profile_recent_ratio": 0.25,
  "flowcache_profile_num_layers": 30,
  "flowcache_profile_avg_old_delta": 0.03832117705267202,
  "flowcache_profile_layer_scores": {
    "0": 0.04064325703055424,
    "1": 0.039067117673171274,
    "2": 0.03911603269609228,
    "3": 0.038480874097795555,
    "4": 0.0385574129037559,
    "5": 0.038381486685031045,
    "6": 0.03870747834325657,
    "7": 0.0384556553455196,
    "8": 0.03828419303142671,
    "9": 0.03852405417039675,
    "10": 0.03734539179099818,
    "11": 0.037614283801640495,
    "12": 0.03728440151960289,
    "13": 0.03696471641388706,
    "14": 0.03720328872056552,
    "15": 0.0374373966262881,
    "16": 0.037026501723951895,
    "17": 0.03729290659831427,
    "18": 0.03775208990492116,
    "19": 0.0377721864672504,
    "20": 0.03792213278254336,
    "21": 0.038140408053710044,
    "22": 0.03816819294710975,
    "23": 0.0383359296856669,
    "24": 0.03883931915480959,
    "25": 0.03865265368349787,
    "26": 0.03847314826891584,
    "27": 0.039281011896160574,
    "28": 0.03922499770969468,
    "29": 0.04068679185363196
  },
  "flowcache_profile_layer_scores_all_chunks": {
    "0": 0.0499087938122333,
    "1": 0.040654956384310645,
    "2": 0.037119689591347226,
    "3": 0.03432074030287682,
    "4": 0.033783780933609085,
    "5": 0.03347331774317556,
    "6": 0.0343245726646412,
    "7": 0.033938657990760276,
    "8": 0.0331635619574596,
    "9": 0.033155100517802766,
    "10": 0.03260272433183023,
    "11": 0.033043801108286495,
    "12": 0.031918083703588875,
    "13": 0.03154074384437667,
    "14": 0.03137295445220338,
    "15": 0.03212277529707977,
    "16": 0.03125897834603748,
    "17": 0.031935059697500295,
    "18": 0.031933384333988506,
    "19": 0.03403873107629636,
    "20": 0.03491216649635444,
    "21": 0.03607688821142628,
    "22": 0.03636953983597812,
    "23": 0.0358090360017996,
    "24": 0.036061376246786306,
    "25": 0.03506880420280827,
    "26": 0.03441997278540854,
    "27": 0.03491027537082869,
    "28": 0.03358256725493878,
    "29": 0.03950761121038407
  }
}
/data/vaishak/combined-kv-quant/third_party/Self-Forcing/wan/modules/vae.py:634: FutureWarning: You are using `torch.load` with `weights_only=False` (the current default value), which uses the default pickle module implicitly. It is possible to construct malicious pickle data which will execute arbitrary code during unpickling (See https://github.com/pytorch/pytorch/blob/main/SECURITY.md#untrusted-models for more details). In a future release, the default value for `weights_only` will be flipped to `True`. This limits the functions that could be executed during unpickling. Arbitrary objects will no longer be allowed to be loaded via this mode unless they are explicitly allowlisted by the user via `torch.serialization.add_safe_globals`. We recommend you start setting `weights_only=True` for any use case where you don't have full control of the loaded file. Please open an issue on GitHub for any issues related to this experimental feature.
  torch.load(pretrained_path, map_location=device), assign=True)
/data/vaishak/combined-kv-quant/scripts/01_generate.py:408: FutureWarning: You are using `torch.load` with `weights_only=False` (the current default value), which uses the default pickle module implicitly. It is possible to construct malicious pickle data which will execute arbitrary code during unpickling (See https://github.com/pytorch/pytorch/blob/main/SECURITY.md#untrusted-models for more details). In a future release, the default value for `weights_only` will be flipped to `True`. This limits the functions that could be executed during unpickling. Arbitrary objects will no longer be allowed to be loaded via this mode unless they are explicitly allowlisted by the user via `torch.serialization.add_safe_globals`. We recommend you start setting `weights_only=True` for any use case where you don't have full control of the loaded file. Please open an issue on GitHub for any issues related to this experimental feature.
  state_dict = torch.load(str(checkpoint_path), map_location="cpu")
KV inference with 3 frames per block
Moving DynamicSwap_WanTextEncoder to cuda:0 with preserved memory: 25.303240299224854 GB
current_timestep: 1000.0
current_timestep: 937.5
current_timestep: 833.3333129882812
current_timestep: 625.0
current_timestep: 1000.0
current_timestep: 937.5
current_timestep: 833.3333129882812
current_timestep: 625.0
current_timestep: 1000.0
current_timestep: 937.5
current_timestep: 833.3333129882812
current_timestep: 625.0
current_timestep: 1000.0
current_timestep: 937.5
current_timestep: 833.3333129882812
current_timestep: 625.0
current_timestep: 1000.0
current_timestep: 937.5
current_timestep: 833.3333129882812
current_timestep: 625.0
current_timestep: 1000.0
current_timestep: 937.5
current_timestep: 833.3333129882812
current_timestep: 625.0
current_timestep: 1000.0
current_timestep: 937.5
current_timestep: 833.3333129882812
current_timestep: 625.0
current_timestep: 1000.0
current_timestep: 937.5
current_timestep: 833.3333129882812
current_timestep: 625.0
current_timestep: 1000.0
current_timestep: 937.5
current_timestep: 833.3333129882812
current_timestep: 625.0
current_timestep: 1000.0
current_timestep: 937.5
current_timestep: 833.3333129882812
current_timestep: 625.0
current_timestep: 1000.0
current_timestep: 937.5
current_timestep: 833.3333129882812
current_timestep: 625.0
current_timestep: 1000.0
current_timestep: 937.5
current_timestep: 833.3333129882812
current_timestep: 625.0
current_timestep: 1000.0
current_timestep: 937.5
current_timestep: 833.3333129882812
current_timestep: 625.0
current_timestep: 1000.0
current_timestep: 937.5
current_timestep: 833.3333129882812
current_timestep: 625.0
Moving DynamicSwap_WanTextEncoder to cuda:0 with preserved memory: 24.55411195755005 GB
current_timestep: 1000.0
current_timestep: 937.5
current_timestep: 833.3333129882812
current_timestep: 625.0
current_timestep: 1000.0
current_timestep: 937.5
current_timestep: 833.3333129882812
current_timestep: 625.0
current_timestep: 1000.0
current_timestep: 937.5
current_timestep: 833.3333129882812
current_timestep: 625.0
current_timestep: 1000.0
current_timestep: 937.5
current_timestep: 833.3333129882812
current_timestep: 625.0
current_timestep: 1000.0
current_timestep: 937.5
current_timestep: 833.3333129882812
current_timestep: 625.0
current_timestep: 1000.0
current_timestep: 937.5
current_timestep: 833.3333129882812
current_timestep: 625.0
current_timestep: 1000.0
current_timestep: 937.5
current_timestep: 833.3333129882812
current_timestep: 625.0
current_timestep: 1000.0
current_timestep: 937.5
current_timestep: 833.3333129882812
current_timestep: 625.0
current_timestep: 1000.0
current_timestep: 937.5
current_timestep: 833.3333129882812
current_timestep: 625.0
current_timestep: 1000.0
current_timestep: 937.5
current_timestep: 833.3333129882812
current_timestep: 625.0
current_timestep: 1000.0
current_timestep: 937.5
current_timestep: 833.3333129882812
current_timestep: 625.0
current_timestep: 1000.0
current_timestep: 937.5
current_timestep: 833.3333129882812
current_timestep: 625.0
current_timestep: 1000.0
current_timestep: 937.5
current_timestep: 833.3333129882812
current_timestep: 625.0
current_timestep: 1000.0
current_timestep: 937.5
current_timestep: 833.3333129882812
current_timestep: 625.0
Moving DynamicSwap_WanTextEncoder to cuda:0 with preserved memory: 24.55411195755005 GB
current_timestep: 1000.0
current_timestep: 937.5
current_timestep: 833.3333129882812
current_timestep: 625.0
current_timestep: 1000.0
current_timestep: 937.5
current_timestep: 833.3333129882812
current_timestep: 625.0
current_timestep: 1000.0
current_timestep: 937.5
current_timestep: 833.3333129882812
current_timestep: 625.0
current_timestep: 1000.0
current_timestep: 937.5
current_timestep: 833.3333129882812
current_timestep: 625.0
current_timestep: 1000.0
current_timestep: 937.5
current_timestep: 833.3333129882812
current_timestep: 625.0
current_timestep: 1000.0
current_timestep: 937.5
current_timestep: 833.3333129882812
current_timestep: 625.0
current_timestep: 1000.0
current_timestep: 937.5
current_timestep: 833.3333129882812
current_timestep: 625.0
current_timestep: 1000.0
current_timestep: 937.5
current_timestep: 833.3333129882812
current_timestep: 625.0
current_timestep: 1000.0
current_timestep: 937.5
current_timestep: 833.3333129882812
current_timestep: 625.0
current_timestep: 1000.0
current_timestep: 937.5
current_timestep: 833.3333129882812
current_timestep: 625.0
current_timestep: 1000.0
current_timestep: 937.5
current_timestep: 833.3333129882812
current_timestep: 625.0
current_timestep: 1000.0
current_timestep: 937.5
current_timestep: 833.3333129882812
current_timestep: 625.0
current_timestep: 1000.0
current_timestep: 937.5
current_timestep: 833.3333129882812
current_timestep: 625.0
current_timestep: 1000.0
current_timestep: 937.5
current_timestep: 833.3333129882812
current_timestep: 625.0
Moving DynamicSwap_WanTextEncoder to cuda:0 with preserved memory: 24.55411195755005 GB
current_timestep: 1000.0
current_timestep: 937.5
current_timestep: 833.3333129882812
current_timestep: 625.0
current_timestep: 1000.0
current_timestep: 937.5
current_timestep: 833.3333129882812
current_timestep: 625.0
current_timestep: 1000.0
current_timestep: 937.5
current_timestep: 833.3333129882812
current_timestep: 625.0
current_timestep: 1000.0
current_timestep: 937.5
current_timestep: 833.3333129882812
current_timestep: 625.0
current_timestep: 1000.0
current_timestep: 937.5
current_timestep: 833.3333129882812
current_timestep: 625.0
current_timestep: 1000.0
current_timestep: 937.5
current_timestep: 833.3333129882812
current_timestep: 625.0
current_timestep: 1000.0
current_timestep: 937.5
current_timestep: 833.3333129882812
current_timestep: 625.0
current_timestep: 1000.0
current_timestep: 937.5
current_timestep: 833.3333129882812
current_timestep: 625.0
current_timestep: 1000.0
current_timestep: 937.5
current_timestep: 833.3333129882812
current_timestep: 625.0
current_timestep: 1000.0
current_timestep: 937.5
current_timestep: 833.3333129882812
current_timestep: 625.0
current_timestep: 1000.0
current_timestep: 937.5
current_timestep: 833.3333129882812
current_timestep: 625.0
current_timestep: 1000.0
current_timestep: 937.5
current_timestep: 833.3333129882812
current_timestep: 625.0
current_timestep: 1000.0
current_timestep: 937.5
current_timestep: 833.3333129882812
current_timestep: 625.0
current_timestep: 1000.0
current_timestep: 937.5
current_timestep: 833.3333129882812
current_timestep: 625.0
Moving DynamicSwap_WanTextEncoder to cuda:0 with preserved memory: 24.55411195755005 GB
current_timestep: 1000.0
current_timestep: 937.5
current_timestep: 833.3333129882812
current_timestep: 625.0
current_timestep: 1000.0
current_timestep: 937.5
current_timestep: 833.3333129882812
current_timestep: 625.0
current_timestep: 1000.0
current_timestep: 937.5
current_timestep: 833.3333129882812
current_timestep: 625.0
current_timestep: 1000.0
current_timestep: 937.5
current_timestep: 833.3333129882812
current_timestep: 625.0
current_timestep: 1000.0
current_timestep: 937.5
current_timestep: 833.3333129882812
current_timestep: 625.0
current_timestep: 1000.0
current_timestep: 937.5
current_timestep: 833.3333129882812
current_timestep: 625.0
current_timestep: 1000.0
current_timestep: 937.5
current_timestep: 833.3333129882812
current_timestep: 625.0
current_timestep: 1000.0
current_timestep: 937.5
current_timestep: 833.3333129882812
current_timestep: 625.0
current_timestep: 1000.0
current_timestep: 937.5
current_timestep: 833.3333129882812
current_timestep: 625.0
current_timestep: 1000.0
current_timestep: 937.5
current_timestep: 833.3333129882812
current_timestep: 625.0
current_timestep: 1000.0
current_timestep: 937.5
current_timestep: 833.3333129882812
current_timestep: 625.0
current_timestep: 1000.0
current_timestep: 937.5
current_timestep: 833.3333129882812
current_timestep: 625.0
current_timestep: 1000.0
current_timestep: 937.5
current_timestep: 833.3333129882812
current_timestep: 625.0
current_timestep: 1000.0
current_timestep: 937.5
current_timestep: 833.3333129882812
current_timestep: 625.0
Moving DynamicSwap_WanTextEncoder to cuda:0 with preserved memory: 24.55411195755005 GB
current_timestep: 1000.0
current_timestep: 937.5
current_timestep: 833.3333129882812
current_timestep: 625.0
current_timestep: 1000.0
current_timestep: 937.5
current_timestep: 833.3333129882812
current_timestep: 625.0
current_timestep: 1000.0
current_timestep: 937.5
current_timestep: 833.3333129882812
current_timestep: 625.0
current_timestep: 1000.0
current_timestep: 937.5
current_timestep: 833.3333129882812
current_timestep: 625.0
current_timestep: 1000.0
current_timestep: 937.5
current_timestep: 833.3333129882812
current_timestep: 625.0
current_timestep: 1000.0
current_timestep: 937.5
current_timestep: 833.3333129882812
current_timestep: 625.0
current_timestep: 1000.0
current_timestep: 937.5
current_timestep: 833.3333129882812
current_timestep: 625.0
current_timestep: 1000.0
current_timestep: 937.5
current_timestep: 833.3333129882812
current_timestep: 625.0
current_timestep: 1000.0
current_timestep: 937.5
current_timestep: 833.3333129882812
current_timestep: 625.0
current_timestep: 1000.0
current_timestep: 937.5
current_timestep: 833.3333129882812
current_timestep: 625.0
current_timestep: 1000.0
current_timestep: 937.5
current_timestep: 833.3333129882812
current_timestep: 625.0
current_timestep: 1000.0
current_timestep: 937.5
current_timestep: 833.3333129882812
current_timestep: 625.0
current_timestep: 1000.0
current_timestep: 937.5
current_timestep: 833.3333129882812
current_timestep: 625.0
current_timestep: 1000.0
current_timestep: 937.5
current_timestep: 833.3333129882812
current_timestep: 625.0
Moving DynamicSwap_WanTextEncoder to cuda:0 with preserved memory: 24.55411195755005 GB
current_timestep: 1000.0
current_timestep: 937.5
current_timestep: 833.3333129882812
current_timestep: 625.0
current_timestep: 1000.0
current_timestep: 937.5
current_timestep: 833.3333129882812
current_timestep: 625.0
current_timestep: 1000.0
current_timestep: 937.5
current_timestep: 833.3333129882812
current_timestep: 625.0
current_timestep: 1000.0
current_timestep: 937.5
current_timestep: 833.3333129882812
current_timestep: 625.0
current_timestep: 1000.0
current_timestep: 937.5
current_timestep: 833.3333129882812
current_timestep: 625.0
current_timestep: 1000.0
current_timestep: 937.5
current_timestep: 833.3333129882812
current_timestep: 625.0
current_timestep: 1000.0
current_timestep: 937.5
current_timestep: 833.3333129882812
current_timestep: 625.0
current_timestep: 1000.0
current_timestep: 937.5
current_timestep: 833.3333129882812
current_timestep: 625.0
current_timestep: 1000.0
current_timestep: 937.5
current_timestep: 833.3333129882812
current_timestep: 625.0
current_timestep: 1000.0
current_timestep: 937.5
current_timestep: 833.3333129882812
current_timestep: 625.0
current_timestep: 1000.0
current_timestep: 937.5
current_timestep: 833.3333129882812
current_timestep: 625.0
current_timestep: 1000.0
current_timestep: 937.5
current_timestep: 833.3333129882812
current_timestep: 625.0
current_timestep: 1000.0
current_timestep: 937.5
current_timestep: 833.3333129882812
current_timestep: 625.0
current_timestep: 1000.0
current_timestep: 937.5
current_timestep: 833.3333129882812
current_timestep: 625.0
Moving DynamicSwap_WanTextEncoder to cuda:0 with preserved memory: 24.55411195755005 GB
current_timestep: 1000.0
current_timestep: 937.5
current_timestep: 833.3333129882812
current_timestep: 625.0
current_timestep: 1000.0
current_timestep: 937.5
current_timestep: 833.3333129882812
current_timestep: 625.0
current_timestep: 1000.0
current_timestep: 937.5
current_timestep: 833.3333129882812
current_timestep: 625.0
current_timestep: 1000.0
current_timestep: 937.5
current_timestep: 833.3333129882812
current_timestep: 625.0
current_timestep: 1000.0
current_timestep: 937.5
current_timestep: 833.3333129882812
current_timestep: 625.0
current_timestep: 1000.0
current_timestep: 937.5
current_timestep: 833.3333129882812
current_timestep: 625.0
current_timestep: 1000.0
current_timestep: 937.5
current_timestep: 833.3333129882812
current_timestep: 625.0
current_timestep: 1000.0
current_timestep: 937.5
current_timestep: 833.3333129882812
current_timestep: 625.0
current_timestep: 1000.0
current_timestep: 937.5
current_timestep: 833.3333129882812
current_timestep: 625.0
current_timestep: 1000.0
current_timestep: 937.5
current_timestep: 833.3333129882812
current_timestep: 625.0
current_timestep: 1000.0
current_timestep: 937.5
current_timestep: 833.3333129882812
current_timestep: 625.0
current_timestep: 1000.0
current_timestep: 937.5
current_timestep: 833.3333129882812
current_timestep: 625.0
current_timestep: 1000.0
current_timestep: 937.5
current_timestep: 833.3333129882812
current_timestep: 625.0
current_timestep: 1000.0
current_timestep: 937.5
current_timestep: 833.3333129882812
current_timestep: 625.0
Moving DynamicSwap_WanTextEncoder to cuda:0 with preserved memory: 24.55411195755005 GB
current_timestep: 1000.0
current_timestep: 937.5
current_timestep: 833.3333129882812
current_timestep: 625.0
current_timestep: 1000.0
current_timestep: 937.5
current_timestep: 833.3333129882812
current_timestep: 625.0
current_timestep: 1000.0
current_timestep: 937.5
current_timestep: 833.3333129882812
current_timestep: 625.0
current_timestep: 1000.0
current_timestep: 937.5
current_timestep: 833.3333129882812
current_timestep: 625.0
current_timestep: 1000.0
current_timestep: 937.5
current_timestep: 833.3333129882812
current_timestep: 625.0
current_timestep: 1000.0
current_timestep: 937.5
current_timestep: 833.3333129882812
current_timestep: 625.0
current_timestep: 1000.0
current_timestep: 937.5
current_timestep: 833.3333129882812
current_timestep: 625.0
current_timestep: 1000.0
current_timestep: 937.5
current_timestep: 833.3333129882812
current_timestep: 625.0
current_timestep: 1000.0
current_timestep: 937.5
current_timestep: 833.3333129882812
current_timestep: 625.0
current_timestep: 1000.0
current_timestep: 937.5
current_timestep: 833.3333129882812
current_timestep: 625.0
current_timestep: 1000.0
current_timestep: 937.5
current_timestep: 833.3333129882812
current_timestep: 625.0
current_timestep: 1000.0
current_timestep: 937.5
current_timestep: 833.3333129882812
current_timestep: 625.0
current_timestep: 1000.0
current_timestep: 937.5
current_timestep: 833.3333129882812
current_timestep: 625.0
current_timestep: 1000.0
current_timestep: 937.5
current_timestep: 833.3333129882812
current_timestep: 625.0
Moving DynamicSwap_WanTextEncoder to cuda:0 with preserved memory: 24.55411195755005 GB
current_timestep: 1000.0
current_timestep: 937.5
current_timestep: 833.3333129882812
current_timestep: 625.0
current_timestep: 1000.0
current_timestep: 937.5
current_timestep: 833.3333129882812
current_timestep: 625.0
current_timestep: 1000.0
current_timestep: 937.5
current_timestep: 833.3333129882812
current_timestep: 625.0
current_timestep: 1000.0
current_timestep: 937.5
current_timestep: 833.3333129882812
current_timestep: 625.0
current_timestep: 1000.0
current_timestep: 937.5
current_timestep: 833.3333129882812
current_timestep: 625.0
current_timestep: 1000.0
current_timestep: 937.5
current_timestep: 833.3333129882812
current_timestep: 625.0
current_timestep: 1000.0
current_timestep: 937.5
current_timestep: 833.3333129882812
current_timestep: 625.0
current_timestep: 1000.0
current_timestep: 937.5
current_timestep: 833.3333129882812
current_timestep: 625.0
current_timestep: 1000.0
current_timestep: 937.5
current_timestep: 833.3333129882812
current_timestep: 625.0
current_timestep: 1000.0
current_timestep: 937.5
current_timestep: 833.3333129882812
current_timestep: 625.0
current_timestep: 1000.0
current_timestep: 937.5
current_timestep: 833.3333129882812
current_timestep: 625.0
current_timestep: 1000.0
current_timestep: 937.5
current_timestep: 833.3333129882812
current_timestep: 625.0
current_timestep: 1000.0
current_timestep: 937.5
current_timestep: 833.3333129882812
current_timestep: 625.0
current_timestep: 1000.0
current_timestep: 937.5
current_timestep: 833.3333129882812
current_timestep: 625.0
{
  "method": "FLOWCACHE_NATIVE_SOFT_PRUNE_INT4",
  "num_prompts": 10,
  "num_samples": 1,
  "total_runtime_s": 642.3186192167923,
  "avg_runtime_s_per_prompt": 64.23186192167923,
  "peak_vram_bytes": 12652682752,
  "quantize_time_s": 84.70465863496065,
  "dequantize_time_s": 14.168681060429662,
  "bf16_kv_bytes": 12076646400,
  "compressed_kv_bytes": 2226668240,
  "compression_ratio": 5.423639760541966,
  "first_video_shape": [
    1,
    165,
    3,
    480,
    832
  ],
  "flowcache_soft_prune_events": 16800.0,
  "flowcache_soft_prune_avg_recent_ratio": 0.23562699425793504,
  "flowcache_soft_prune_avg_important_ratio": 0.09908490319204279,
  "flowcache_soft_prune_avg_retained_ratio": 0.2854134159491404,
  "flowcache_soft_prune_avg_pruned_ratio": 0.3798746866008558,
  "flowcache_soft_prune_avg_layer_budget": 0.9186619794376726,
  "flowcache_soft_prune_avg_delta": 0.5096725810709454,
  "flowcache_soft_prune_refresh_rate": 0.25,
  "flowcache_soft_prune_config_chunk_recent_ratio": 0.25,
  "flowcache_soft_prune_config_important_old_ratio": 0.1,
  "flowcache_soft_prune_config_retained_old_ratio": 0.45,
  "flowcache_soft_prune_refresh_gap_chunks": 1.0,
  "flowcache_soft_prune_recent_bits": 4.0,
  "flowcache_soft_prune_old_bits": 4.0,
  "flowcache_soft_prune_importance_alpha": 0.7,
  "flowcache_soft_prune_importance_beta": 0.3,
  "flowcache_soft_prune_summary_tokens_per_chunk": 1.0,
  "flowcache_native_total_blocks": 140.0,
  "flowcache_native_total_steps": 560.0,
  "flowcache_native_reuse_steps": 140.0,
  "flowcache_native_compute_steps": 420.0,
  "flowcache_native_reuse_ratio": 0.25,
  "flowcache_native_avg_rel_l1": 1.2355902322701044,
  "flowcache_native_rel_l1_thresh": 1.5
}
[W310 18:51:53.407442282 CUDAAllocatorConfig.h:28] Warning: expandable_segments not supported on this platform (function operator())
[rank0]:[W310 18:51:53.652631521 ProcessGroupNCCL.cpp:4115] [PG ID 0 PG GUID 0 Rank 0]  using GPU 0 to perform barrier as devices used by this process are currently unknown. This can potentially cause a hang if this rank to GPU mapping is incorrect.Specify device_ids in barrier() to force use of a particular device,or call init_process_group() with a device_id.
/home/suraj/miniforge3/envs/qvg_sf_eval/lib/python3.10/site-packages/clip/clip.py:6: UserWarning: pkg_resources is deprecated as an API. See https://setuptools.pypa.io/en/latest/pkg_resources.html. The pkg_resources package is slated for removal as early as 2025-11-30. Refrain from using this package or pin to Setuptools<81.
  from pkg_resources import packaging
args: Namespace(output_path='/data/vaishak/combined-kv-quant/results/benchmarks/storyeval/storyeval_flowcache_native_soft_prune_int4_56d7f051182b_10prompts_10s/metrics/vbench_raw', full_json_dir='/data/vaishak/combined-kv-quant/third_party/VBench/vbench/VBench_full_info.json', videos_path='/data/vaishak/combined-kv-quant/results/benchmarks/storyeval/storyeval_flowcache_native_soft_prune_int4_56d7f051182b_10prompts_10s/videos', dimension=['background_consistency', 'imaging_quality', 'subject_consistency', 'aesthetic_quality'], load_ckpt_from_local=None, read_frame=None, mode='custom_input', prompt='None', prompt_file='/data/vaishak/combined-kv-quant/results/benchmarks/storyeval/storyeval_flowcache_native_soft_prune_int4_56d7f051182b_10prompts_10s/metrics/vbench_prompt_map.json', category=None, imaging_quality_preprocessing_mode='longer')
start evaluation
Evaluation meta data saved to /data/vaishak/combined-kv-quant/results/benchmarks/storyeval/storyeval_flowcache_native_soft_prune_int4_56d7f051182b_10prompts_10s/metrics/vbench_raw/results_2026-03-10-18:51:53_full_info.json
cur_full_info_path: /data/vaishak/combined-kv-quant/results/benchmarks/storyeval/storyeval_flowcache_native_soft_prune_int4_56d7f051182b_10prompts_10s/metrics/vbench_raw/results_2026-03-10-18:51:53_full_info.json
  0%|          | 0/10 [00:00<?, ?it/s] 10%|█         | 1/10 [00:00<00:06,  1.44it/s] 20%|██        | 2/10 [00:01<00:05,  1.57it/s] 30%|███       | 3/10 [00:01<00:04,  1.63it/s] 40%|████      | 4/10 [00:02<00:03,  1.64it/s] 50%|█████     | 5/10 [00:03<00:03,  1.63it/s] 60%|██████    | 6/10 [00:03<00:02,  1.63it/s] 70%|███████   | 7/10 [00:04<00:01,  1.65it/s] 80%|████████  | 8/10 [00:04<00:01,  1.66it/s] 90%|█████████ | 9/10 [00:05<00:00,  1.67it/s]100%|██████████| 10/10 [00:06<00:00,  1.67it/s]100%|██████████| 10/10 [00:06<00:00,  1.64it/s]
/home/suraj/miniforge3/envs/qvg_sf_eval/lib/python3.10/site-packages/timm/models/layers/__init__.py:48: FutureWarning: Importing from timm.models.layers is deprecated, please import via timm.layers
  warnings.warn(f"Importing from {__name__} is deprecated, please import via timm.layers", FutureWarning)
/home/suraj/miniforge3/envs/qvg_sf_eval/lib/python3.10/site-packages/pyiqa/archs/arch_util.py:118: FutureWarning: You are using `torch.load` with `weights_only=False` (the current default value), which uses the default pickle module implicitly. It is possible to construct malicious pickle data which will execute arbitrary code during unpickling (See https://github.com/pytorch/pytorch/blob/main/SECURITY.md#untrusted-models for more details). In a future release, the default value for `weights_only` will be flipped to `True`. This limits the functions that could be executed during unpickling. Arbitrary objects will no longer be allowed to be loaded via this mode unless they are explicitly allowlisted by the user via `torch.serialization.add_safe_globals`. We recommend you start setting `weights_only=True` for any use case where you don't have full control of the loaded file. Please open an issue on GitHub for any issues related to this experimental feature.
  state_dict = torch.load(model_path, map_location=torch.device("cpu"))
cur_full_info_path: /data/vaishak/combined-kv-quant/results/benchmarks/storyeval/storyeval_flowcache_native_soft_prune_int4_56d7f051182b_10prompts_10s/metrics/vbench_raw/results_2026-03-10-18:51:53_full_info.json
Loading pretrained model MUSIQ from /home/vaishak/.cache/vbench/pyiqa_model/musiq_spaq_ckpt-358bb6af.pth
  0%|          | 0/10 [00:00<?, ?it/s] 10%|█         | 1/10 [00:03<00:33,  3.73s/it] 20%|██        | 2/10 [00:06<00:25,  3.19s/it] 30%|███       | 3/10 [00:09<00:21,  3.02s/it] 40%|████      | 4/10 [00:12<00:17,  2.93s/it] 50%|█████     | 5/10 [00:14<00:14,  2.88s/it] 60%|██████    | 6/10 [00:17<00:11,  2.85s/it] 70%|███████   | 7/10 [00:20<00:08,  2.86s/it] 80%|████████  | 8/10 [00:23<00:05,  2.87s/it] 90%|█████████ | 9/10 [00:26<00:02,  2.88s/it]100%|██████████| 10/10 [00:29<00:00,  2.86s/it]100%|██████████| 10/10 [00:29<00:00,  2.92s/it]
Using cache found in /home/vaishak/.cache/torch/hub/facebookresearch_dino_main
2026-03-10 18:52:34,260 - vbench.subject_consistency - INFO - Initialize DINO success
cur_full_info_path: /data/vaishak/combined-kv-quant/results/benchmarks/storyeval/storyeval_flowcache_native_soft_prune_int4_56d7f051182b_10prompts_10s/metrics/vbench_raw/results_2026-03-10-18:51:53_full_info.json
  0%|          | 0/10 [00:00<?, ?it/s] 10%|█         | 1/10 [00:02<00:18,  2.05s/it] 20%|██        | 2/10 [00:04<00:16,  2.06s/it] 30%|███       | 3/10 [00:06<00:14,  2.06s/it] 40%|████      | 4/10 [00:08<00:12,  2.07s/it] 50%|█████     | 5/10 [00:10<00:10,  2.08s/it] 60%|██████    | 6/10 [00:12<00:08,  2.08s/it] 70%|███████   | 7/10 [00:14<00:06,  2.07s/it] 80%|████████  | 8/10 [00:16<00:04,  2.08s/it] 90%|█████████ | 9/10 [00:18<00:02,  2.08s/it]100%|██████████| 10/10 [00:20<00:00,  2.07s/it]100%|██████████| 10/10 [00:20<00:00,  2.07s/it]
/data/vaishak/kv-quant-longhorizon/third_party/VBench/vbench/aesthetic_quality.py:41: FutureWarning: You are using `torch.load` with `weights_only=False` (the current default value), which uses the default pickle module implicitly. It is possible to construct malicious pickle data which will execute arbitrary code during unpickling (See https://github.com/pytorch/pytorch/blob/main/SECURITY.md#untrusted-models for more details). In a future release, the default value for `weights_only` will be flipped to `True`. This limits the functions that could be executed during unpickling. Arbitrary objects will no longer be allowed to be loaded via this mode unless they are explicitly allowlisted by the user via `torch.serialization.add_safe_globals`. We recommend you start setting `weights_only=True` for any use case where you don't have full control of the loaded file. Please open an issue on GitHub for any issues related to this experimental feature.
  s = torch.load(path_to_model)
cur_full_info_path: /data/vaishak/combined-kv-quant/results/benchmarks/storyeval/storyeval_flowcache_native_soft_prune_int4_56d7f051182b_10prompts_10s/metrics/vbench_raw/results_2026-03-10-18:51:53_full_info.json
  0%|          | 0/10 [00:00<?, ?it/s] 10%|█         | 1/10 [00:00<00:08,  1.04it/s] 20%|██        | 2/10 [00:01<00:08,  1.00s/it] 30%|███       | 3/10 [00:02<00:07,  1.00s/it] 40%|████      | 4/10 [00:04<00:06,  1.02s/it] 50%|█████     | 5/10 [00:05<00:05,  1.03s/it] 60%|██████    | 6/10 [00:06<00:04,  1.03s/it] 70%|███████   | 7/10 [00:07<00:03,  1.03s/it] 80%|████████  | 8/10 [00:08<00:02,  1.03s/it] 90%|█████████ | 9/10 [00:09<00:01,  1.03s/it]100%|██████████| 10/10 [00:10<00:00,  1.03s/it]100%|██████████| 10/10 [00:10<00:00,  1.02s/it]
Evaluation results saved to /data/vaishak/combined-kv-quant/results/benchmarks/storyeval/storyeval_flowcache_native_soft_prune_int4_56d7f051182b_10prompts_10s/metrics/vbench_raw/results_2026-03-10-18:51:53_eval_results.json
done
[rank0]:[W310 18:53:12.063485517 ProcessGroupNCCL.cpp:1250] Warning: WARNING: process group has NOT been destroyed before we destruct ProcessGroupNCCL. On normal program exit, the application should call destroy_process_group to ensure that any pending NCCL operations have finished in this process. In rare cases this process can exit before this point and block the progress of another member of the process group. This constraint has always been present,  but this warning has only been added since PyTorch 2.4 (function operator())
Wrote /data/vaishak/combined-kv-quant/results/benchmarks/storyeval/storyeval_flowcache_native_soft_prune_int4_56d7f051182b_10prompts_10s/metrics/vbench.json
[W310 18:53:23.216577139 CUDAAllocatorConfig.h:28] Warning: expandable_segments not supported on this platform (function operator())
[rank0]:[W310 18:53:24.455399648 ProcessGroupNCCL.cpp:4115] [PG ID 0 PG GUID 0 Rank 0]  using GPU 0 to perform barrier as devices used by this process are currently unknown. This can potentially cause a hang if this rank to GPU mapping is incorrect.Specify device_ids in barrier() to force use of a particular device,or call init_process_group() with a device_id.
/home/suraj/miniforge3/envs/qvg_sf_eval/lib/python3.10/site-packages/clip/clip.py:6: UserWarning: pkg_resources is deprecated as an API. See https://setuptools.pypa.io/en/latest/pkg_resources.html. The pkg_resources package is slated for removal as early as 2025-11-30. Refrain from using this package or pin to Setuptools<81.
  from pkg_resources import packaging
/home/suraj/miniforge3/envs/qvg_sf_eval/lib/python3.10/site-packages/timm/models/layers/__init__.py:48: FutureWarning: Importing from timm.models.layers is deprecated, please import via timm.layers
  warnings.warn(f"Importing from {__name__} is deprecated, please import via timm.layers", FutureWarning)
/home/suraj/miniforge3/envs/qvg_sf_eval/lib/python3.10/site-packages/pyiqa/archs/arch_util.py:118: FutureWarning: You are using `torch.load` with `weights_only=False` (the current default value), which uses the default pickle module implicitly. It is possible to construct malicious pickle data which will execute arbitrary code during unpickling (See https://github.com/pytorch/pytorch/blob/main/SECURITY.md#untrusted-models for more details). In a future release, the default value for `weights_only` will be flipped to `True`. This limits the functions that could be executed during unpickling. Arbitrary objects will no longer be allowed to be loaded via this mode unless they are explicitly allowlisted by the user via `torch.serialization.add_safe_globals`. We recommend you start setting `weights_only=True` for any use case where you don't have full control of the loaded file. Please open an issue on GitHub for any issues related to this experimental feature.
  state_dict = torch.load(model_path, map_location=torch.device("cpu"))
args: Namespace(output_path='/data/vaishak/combined-kv-quant/results/benchmarks/storyeval/storyeval_flowcache_native_soft_prune_int4_56d7f051182b_10prompts_10s/metrics/drift_work/vbench_imaging_quality_50', full_json_dir='/data/vaishak/combined-kv-quant/third_party/VBench/vbench/VBench_full_info.json', videos_path='/data/vaishak/combined-kv-quant/results/benchmarks/storyeval/storyeval_flowcache_native_soft_prune_int4_56d7f051182b_10prompts_10s/metrics/drift_work/clips_50', dimension=['imaging_quality'], load_ckpt_from_local=None, read_frame=None, mode='custom_input', prompt='None', prompt_file='/data/vaishak/combined-kv-quant/results/benchmarks/storyeval/storyeval_flowcache_native_soft_prune_int4_56d7f051182b_10prompts_10s/metrics/drift_work/prompt_map_50.json', category=None, imaging_quality_preprocessing_mode='longer')
start evaluation
Evaluation meta data saved to /data/vaishak/combined-kv-quant/results/benchmarks/storyeval/storyeval_flowcache_native_soft_prune_int4_56d7f051182b_10prompts_10s/metrics/drift_work/vbench_imaging_quality_50/results_2026-03-10-18:53:24_full_info.json
cur_full_info_path: /data/vaishak/combined-kv-quant/results/benchmarks/storyeval/storyeval_flowcache_native_soft_prune_int4_56d7f051182b_10prompts_10s/metrics/drift_work/vbench_imaging_quality_50/results_2026-03-10-18:53:24_full_info.json
Loading pretrained model MUSIQ from /home/vaishak/.cache/vbench/pyiqa_model/musiq_spaq_ckpt-358bb6af.pth
  0%|          | 0/10 [00:00<?, ?it/s] 10%|█         | 1/10 [00:01<00:10,  1.22s/it] 20%|██        | 2/10 [00:02<00:08,  1.01s/it] 30%|███       | 3/10 [00:02<00:06,  1.06it/s] 40%|████      | 4/10 [00:03<00:05,  1.08it/s] 50%|█████     | 5/10 [00:04<00:04,  1.10it/s] 60%|██████    | 6/10 [00:05<00:03,  1.11it/s] 70%|███████   | 7/10 [00:06<00:02,  1.13it/s] 80%|████████  | 8/10 [00:07<00:01,  1.13it/s] 90%|█████████ | 9/10 [00:08<00:00,  1.13it/s]100%|██████████| 10/10 [00:09<00:00,  1.13it/s]100%|██████████| 10/10 [00:09<00:00,  1.10it/s]
Evaluation results saved to /data/vaishak/combined-kv-quant/results/benchmarks/storyeval/storyeval_flowcache_native_soft_prune_int4_56d7f051182b_10prompts_10s/metrics/drift_work/vbench_imaging_quality_50/results_2026-03-10-18:53:24_eval_results.json
done
[rank0]:[W310 18:53:35.470847616 ProcessGroupNCCL.cpp:1250] Warning: WARNING: process group has NOT been destroyed before we destruct ProcessGroupNCCL. On normal program exit, the application should call destroy_process_group to ensure that any pending NCCL operations have finished in this process. In rare cases this process can exit before this point and block the progress of another member of the process group. This constraint has always been present,  but this warning has only been added since PyTorch 2.4 (function operator())
[W310 18:53:44.451160474 CUDAAllocatorConfig.h:28] Warning: expandable_segments not supported on this platform (function operator())
[rank0]:[W310 18:53:44.697151549 ProcessGroupNCCL.cpp:4115] [PG ID 0 PG GUID 0 Rank 0]  using GPU 0 to perform barrier as devices used by this process are currently unknown. This can potentially cause a hang if this rank to GPU mapping is incorrect.Specify device_ids in barrier() to force use of a particular device,or call init_process_group() with a device_id.
/home/suraj/miniforge3/envs/qvg_sf_eval/lib/python3.10/site-packages/clip/clip.py:6: UserWarning: pkg_resources is deprecated as an API. See https://setuptools.pypa.io/en/latest/pkg_resources.html. The pkg_resources package is slated for removal as early as 2025-11-30. Refrain from using this package or pin to Setuptools<81.
  from pkg_resources import packaging
/home/suraj/miniforge3/envs/qvg_sf_eval/lib/python3.10/site-packages/timm/models/layers/__init__.py:48: FutureWarning: Importing from timm.models.layers is deprecated, please import via timm.layers
  warnings.warn(f"Importing from {__name__} is deprecated, please import via timm.layers", FutureWarning)
/home/suraj/miniforge3/envs/qvg_sf_eval/lib/python3.10/site-packages/pyiqa/archs/arch_util.py:118: FutureWarning: You are using `torch.load` with `weights_only=False` (the current default value), which uses the default pickle module implicitly. It is possible to construct malicious pickle data which will execute arbitrary code during unpickling (See https://github.com/pytorch/pytorch/blob/main/SECURITY.md#untrusted-models for more details). In a future release, the default value for `weights_only` will be flipped to `True`. This limits the functions that could be executed during unpickling. Arbitrary objects will no longer be allowed to be loaded via this mode unless they are explicitly allowlisted by the user via `torch.serialization.add_safe_globals`. We recommend you start setting `weights_only=True` for any use case where you don't have full control of the loaded file. Please open an issue on GitHub for any issues related to this experimental feature.
  state_dict = torch.load(model_path, map_location=torch.device("cpu"))
args: Namespace(output_path='/data/vaishak/combined-kv-quant/results/benchmarks/storyeval/storyeval_flowcache_native_soft_prune_int4_56d7f051182b_10prompts_10s/metrics/drift_work/vbench_imaging_quality_100', full_json_dir='/data/vaishak/combined-kv-quant/third_party/VBench/vbench/VBench_full_info.json', videos_path='/data/vaishak/combined-kv-quant/results/benchmarks/storyeval/storyeval_flowcache_native_soft_prune_int4_56d7f051182b_10prompts_10s/metrics/drift_work/clips_100', dimension=['imaging_quality'], load_ckpt_from_local=None, read_frame=None, mode='custom_input', prompt='None', prompt_file='/data/vaishak/combined-kv-quant/results/benchmarks/storyeval/storyeval_flowcache_native_soft_prune_int4_56d7f051182b_10prompts_10s/metrics/drift_work/prompt_map_100.json', category=None, imaging_quality_preprocessing_mode='longer')
start evaluation
Evaluation meta data saved to /data/vaishak/combined-kv-quant/results/benchmarks/storyeval/storyeval_flowcache_native_soft_prune_int4_56d7f051182b_10prompts_10s/metrics/drift_work/vbench_imaging_quality_100/results_2026-03-10-18:53:44_full_info.json
cur_full_info_path: /data/vaishak/combined-kv-quant/results/benchmarks/storyeval/storyeval_flowcache_native_soft_prune_int4_56d7f051182b_10prompts_10s/metrics/drift_work/vbench_imaging_quality_100/results_2026-03-10-18:53:44_full_info.json
Loading pretrained model MUSIQ from /home/vaishak/.cache/vbench/pyiqa_model/musiq_spaq_ckpt-358bb6af.pth
  0%|          | 0/10 [00:00<?, ?it/s] 10%|█         | 1/10 [00:02<00:18,  2.09s/it] 20%|██        | 2/10 [00:03<00:15,  1.93s/it] 30%|███       | 3/10 [00:05<00:13,  1.92s/it] 40%|████      | 4/10 [00:07<00:11,  1.89s/it] 50%|█████     | 5/10 [00:09<00:09,  1.88s/it] 60%|██████    | 6/10 [00:11<00:07,  1.86s/it] 70%|███████   | 7/10 [00:13<00:05,  1.84s/it] 80%|████████  | 8/10 [00:14<00:03,  1.84s/it] 90%|█████████ | 9/10 [00:16<00:01,  1.84s/it]100%|██████████| 10/10 [00:18<00:00,  1.83s/it]100%|██████████| 10/10 [00:18<00:00,  1.86s/it]
Evaluation results saved to /data/vaishak/combined-kv-quant/results/benchmarks/storyeval/storyeval_flowcache_native_soft_prune_int4_56d7f051182b_10prompts_10s/metrics/drift_work/vbench_imaging_quality_100/results_2026-03-10-18:53:44_eval_results.json
done
[rank0]:[W310 18:54:05.685888164 ProcessGroupNCCL.cpp:1250] Warning: WARNING: process group has NOT been destroyed before we destruct ProcessGroupNCCL. On normal program exit, the application should call destroy_process_group to ensure that any pending NCCL operations have finished in this process. In rare cases this process can exit before this point and block the progress of another member of the process group. This constraint has always been present,  but this warning has only been added since PyTorch 2.4 (function operator())
[W310 18:54:16.533415085 CUDAAllocatorConfig.h:28] Warning: expandable_segments not supported on this platform (function operator())
[rank0]:[W310 18:54:16.779620465 ProcessGroupNCCL.cpp:4115] [PG ID 0 PG GUID 0 Rank 0]  using GPU 0 to perform barrier as devices used by this process are currently unknown. This can potentially cause a hang if this rank to GPU mapping is incorrect.Specify device_ids in barrier() to force use of a particular device,or call init_process_group() with a device_id.
/home/suraj/miniforge3/envs/qvg_sf_eval/lib/python3.10/site-packages/clip/clip.py:6: UserWarning: pkg_resources is deprecated as an API. See https://setuptools.pypa.io/en/latest/pkg_resources.html. The pkg_resources package is slated for removal as early as 2025-11-30. Refrain from using this package or pin to Setuptools<81.
  from pkg_resources import packaging
/home/suraj/miniforge3/envs/qvg_sf_eval/lib/python3.10/site-packages/timm/models/layers/__init__.py:48: FutureWarning: Importing from timm.models.layers is deprecated, please import via timm.layers
  warnings.warn(f"Importing from {__name__} is deprecated, please import via timm.layers", FutureWarning)
/home/suraj/miniforge3/envs/qvg_sf_eval/lib/python3.10/site-packages/pyiqa/archs/arch_util.py:118: FutureWarning: You are using `torch.load` with `weights_only=False` (the current default value), which uses the default pickle module implicitly. It is possible to construct malicious pickle data which will execute arbitrary code during unpickling (See https://github.com/pytorch/pytorch/blob/main/SECURITY.md#untrusted-models for more details). In a future release, the default value for `weights_only` will be flipped to `True`. This limits the functions that could be executed during unpickling. Arbitrary objects will no longer be allowed to be loaded via this mode unless they are explicitly allowlisted by the user via `torch.serialization.add_safe_globals`. We recommend you start setting `weights_only=True` for any use case where you don't have full control of the loaded file. Please open an issue on GitHub for any issues related to this experimental feature.
  state_dict = torch.load(model_path, map_location=torch.device("cpu"))
args: Namespace(output_path='/data/vaishak/combined-kv-quant/results/benchmarks/storyeval/storyeval_flowcache_native_soft_prune_int4_56d7f051182b_10prompts_10s/metrics/drift_work/vbench_imaging_quality_150', full_json_dir='/data/vaishak/combined-kv-quant/third_party/VBench/vbench/VBench_full_info.json', videos_path='/data/vaishak/combined-kv-quant/results/benchmarks/storyeval/storyeval_flowcache_native_soft_prune_int4_56d7f051182b_10prompts_10s/metrics/drift_work/clips_150', dimension=['imaging_quality'], load_ckpt_from_local=None, read_frame=None, mode='custom_input', prompt='None', prompt_file='/data/vaishak/combined-kv-quant/results/benchmarks/storyeval/storyeval_flowcache_native_soft_prune_int4_56d7f051182b_10prompts_10s/metrics/drift_work/prompt_map_150.json', category=None, imaging_quality_preprocessing_mode='longer')
start evaluation
Evaluation meta data saved to /data/vaishak/combined-kv-quant/results/benchmarks/storyeval/storyeval_flowcache_native_soft_prune_int4_56d7f051182b_10prompts_10s/metrics/drift_work/vbench_imaging_quality_150/results_2026-03-10-18:54:16_full_info.json
cur_full_info_path: /data/vaishak/combined-kv-quant/results/benchmarks/storyeval/storyeval_flowcache_native_soft_prune_int4_56d7f051182b_10prompts_10s/metrics/drift_work/vbench_imaging_quality_150/results_2026-03-10-18:54:16_full_info.json
Loading pretrained model MUSIQ from /home/vaishak/.cache/vbench/pyiqa_model/musiq_spaq_ckpt-358bb6af.pth
  0%|          | 0/10 [00:00<?, ?it/s] 10%|█         | 1/10 [00:02<00:26,  2.94s/it] 20%|██        | 2/10 [00:05<00:22,  2.78s/it] 30%|███       | 3/10 [00:08<00:19,  2.79s/it] 40%|████      | 4/10 [00:11<00:16,  2.76s/it] 50%|█████     | 5/10 [00:13<00:13,  2.74s/it] 60%|██████    | 6/10 [00:16<00:10,  2.70s/it] 70%|███████   | 7/10 [00:19<00:08,  2.72s/it] 80%|████████  | 8/10 [00:21<00:05,  2.73s/it] 90%|█████████ | 9/10 [00:24<00:02,  2.71s/it]100%|██████████| 10/10 [00:27<00:00,  2.69s/it]100%|██████████| 10/10 [00:27<00:00,  2.73s/it]
Evaluation results saved to /data/vaishak/combined-kv-quant/results/benchmarks/storyeval/storyeval_flowcache_native_soft_prune_int4_56d7f051182b_10prompts_10s/metrics/drift_work/vbench_imaging_quality_150/results_2026-03-10-18:54:16_eval_results.json
done
[rank0]:[W310 18:54:45.095823392 ProcessGroupNCCL.cpp:1250] Warning: WARNING: process group has NOT been destroyed before we destruct ProcessGroupNCCL. On normal program exit, the application should call destroy_process_group to ensure that any pending NCCL operations have finished in this process. In rare cases this process can exit before this point and block the progress of another member of the process group. This constraint has always been present,  but this warning has only been added since PyTorch 2.4 (function operator())
Wrote /data/vaishak/combined-kv-quant/results/benchmarks/storyeval/storyeval_flowcache_native_soft_prune_int4_56d7f051182b_10prompts_10s/metrics/drift_imaging_quality.json
Wrote /data/vaishak/combined-kv-quant/results/benchmarks/storyeval/storyeval_flowcache_native_soft_prune_int4_56d7f051182b_10prompts_10s/plots/drift_imaging_quality.png
Wrote /data/vaishak/combined-kv-quant/results/benchmarks/storyeval/storyeval_flowcache_native_soft_prune_int4_56d7f051182b_10prompts_10s/summary/summary.json
Wrote /data/vaishak/combined-kv-quant/results/benchmarks/storyeval/storyeval_flowcache_native_soft_prune_int4_56d7f051182b_10prompts_10s/summary/summary.csv
$ /home/suraj/miniforge3/envs/qvg_sf_infer/bin/python /data/vaishak/combined-kv-quant/scripts/01_generate.py --results-root /data/vaishak/combined-kv-quant/results/benchmarks/storyeval/storyeval_flowcache_native_soft_prune_int4_56d7f051182b_10prompts_10s/profile_pass --method FLOWCACHE_PROFILE --prompt-path /data/vaishak/combined-kv-quant/data/prompts/storyeval/all_prompts.txt --max-prompts 10 --num-output-frames 42 --seed 0 --fps 16 --flowcache-recent-ratio 0.25 --device cuda:0 --use-ema --flowcache-recent-ratio 0.25 --flowcache-recent-bits 4 --flowcache-recent-method RTN --flowcache-old-method RTN --flowcache-min-layer-budget-scale 0.7 --flowcache-max-layer-budget-scale 1.3 --flowcache-important-old-ratio 0.1 --flowcache-importance-alpha 0.7 --flowcache-importance-beta 0.3 --flowcache-prune-retained-old-ratio 0.45 --flowcache-prune-refresh-gap-chunks 1 --flowcache-native-rel-l1-thresh 1.5 --flowcache-native-warmup-steps 0 --low-memory
$ /home/suraj/miniforge3/envs/qvg_sf_infer/bin/python /data/vaishak/combined-kv-quant/scripts/01_generate.py --results-root /data/vaishak/combined-kv-quant/results/benchmarks/storyeval/storyeval_flowcache_native_soft_prune_int4_56d7f051182b_10prompts_10s --method FLOWCACHE_NATIVE_SOFT_PRUNE_INT4 --prompt-path /data/vaishak/combined-kv-quant/data/prompts/storyeval/all_prompts.txt --max-prompts 10 --num-output-frames 42 --seed 0 --fps 16 --device cuda:0 --use-ema --flowcache-recent-ratio 0.25 --flowcache-recent-bits 4 --flowcache-recent-method RTN --flowcache-old-method RTN --flowcache-min-layer-budget-scale 0.7 --flowcache-max-layer-budget-scale 1.3 --flowcache-important-old-ratio 0.1 --flowcache-importance-alpha 0.7 --flowcache-importance-beta 0.3 --flowcache-prune-retained-old-ratio 0.45 --flowcache-prune-refresh-gap-chunks 1 --flowcache-native-rel-l1-thresh 1.5 --flowcache-native-warmup-steps 0 --low-memory --flowcache-layer-budget-path /data/vaishak/combined-kv-quant/results/benchmarks/storyeval/storyeval_flowcache_native_soft_prune_int4_56d7f051182b_10prompts_10s/metrics/flowcache_profile_layer_budget.json
$ /home/suraj/miniforge3/envs/qvg_sf_eval/bin/python /data/vaishak/combined-kv-quant/scripts/eval_storyeval_vbench.py --run_dir /data/vaishak/combined-kv-quant/results/benchmarks/storyeval/storyeval_flowcache_native_soft_prune_int4_56d7f051182b_10prompts_10s --python_bin /home/suraj/miniforge3/envs/qvg_sf_eval/bin/python
$ /home/suraj/miniforge3/envs/qvg_sf_eval/bin/python /data/vaishak/combined-kv-quant/scripts/eval_storyeval_drift.py --run_dir /data/vaishak/combined-kv-quant/results/benchmarks/storyeval/storyeval_flowcache_native_soft_prune_int4_56d7f051182b_10prompts_10s --python_bin /home/suraj/miniforge3/envs/qvg_sf_eval/bin/python
$ /home/vaishak/miniforge3/bin/python3 /data/vaishak/combined-kv-quant/scripts/summarize_storyeval.py --run_dir /data/vaishak/combined-kv-quant/results/benchmarks/storyeval/storyeval_flowcache_native_soft_prune_int4_56d7f051182b_10prompts_10s
StoryEval backfill completed for FLOWCACHE_NATIVE_SOFT_PRUNE_INT4 under /data/vaishak/combined-kv-quant/results/benchmarks/storyeval/storyeval_flowcache_native_soft_prune_int4_56d7f051182b_10prompts_10s
{
  "benchmark": "storyeval",
  "method": "FLOWCACHE_NATIVE_SOFT_PRUNE_INT4",
  "config_id": "56d7f051182b",
  "run_id": "storyeval_flowcache_native_soft_prune_int4_56d7f051182b_10prompts_10s",
  "created_utc": "2026-03-10T18:51:50.889277+00:00",
  "prompt_file": "/data/vaishak/combined-kv-quant/data/prompts/storyeval/all_prompts.txt",
  "num_prompts_selected": 10,
  "start_idx": 0,
  "end_idx": null,
  "max_prompts": 10,
  "seed": 0,
  "seeds_per_prompt": 1,
  "fps": 16,
  "duration_sec_requested": 10.0,
  "target_latent_frames": 42,
  "target_frames": 165,
  "effective_duration_sec": 10.3125,
  "resolution": [
    480,
    832
  ],
  "source_moviegen_run_root": "results/runs/backfill_flowcache_native_soft_prune_int4_56d7f051182b_10s"
}
/data/vaishak/combined-kv-quant/third_party/Self-Forcing/wan/modules/vae.py:634: FutureWarning: You are using `torch.load` with `weights_only=False` (the current default value), which uses the default pickle module implicitly. It is possible to construct malicious pickle data which will execute arbitrary code during unpickling (See https://github.com/pytorch/pytorch/blob/main/SECURITY.md#untrusted-models for more details). In a future release, the default value for `weights_only` will be flipped to `True`. This limits the functions that could be executed during unpickling. Arbitrary objects will no longer be allowed to be loaded via this mode unless they are explicitly allowlisted by the user via `torch.serialization.add_safe_globals`. We recommend you start setting `weights_only=True` for any use case where you don't have full control of the loaded file. Please open an issue on GitHub for any issues related to this experimental feature.
  torch.load(pretrained_path, map_location=device), assign=True)
/data/vaishak/combined-kv-quant/scripts/01_generate.py:408: FutureWarning: You are using `torch.load` with `weights_only=False` (the current default value), which uses the default pickle module implicitly. It is possible to construct malicious pickle data which will execute arbitrary code during unpickling (See https://github.com/pytorch/pytorch/blob/main/SECURITY.md#untrusted-models for more details). In a future release, the default value for `weights_only` will be flipped to `True`. This limits the functions that could be executed during unpickling. Arbitrary objects will no longer be allowed to be loaded via this mode unless they are explicitly allowlisted by the user via `torch.serialization.add_safe_globals`. We recommend you start setting `weights_only=True` for any use case where you don't have full control of the loaded file. Please open an issue on GitHub for any issues related to this experimental feature.
  state_dict = torch.load(str(checkpoint_path), map_location="cpu")
KV inference with 3 frames per block
Moving DynamicSwap_WanTextEncoder to cuda:0 with preserved memory: 25.303240299224854 GB
current_timestep: 1000.0
current_timestep: 937.5
current_timestep: 833.3333129882812
current_timestep: 625.0
current_timestep: 1000.0
current_timestep: 937.5
current_timestep: 833.3333129882812
current_timestep: 625.0
current_timestep: 1000.0
current_timestep: 937.5
current_timestep: 833.3333129882812
current_timestep: 625.0
current_timestep: 1000.0
current_timestep: 937.5
current_timestep: 833.3333129882812
current_timestep: 625.0
current_timestep: 1000.0
current_timestep: 937.5
current_timestep: 833.3333129882812
current_timestep: 625.0
current_timestep: 1000.0
current_timestep: 937.5
current_timestep: 833.3333129882812
current_timestep: 625.0
current_timestep: 1000.0
current_timestep: 937.5
current_timestep: 833.3333129882812
current_timestep: 625.0
current_timestep: 1000.0
current_timestep: 937.5
current_timestep: 833.3333129882812
current_timestep: 625.0
current_timestep: 1000.0
current_timestep: 937.5
current_timestep: 833.3333129882812
current_timestep: 625.0
current_timestep: 1000.0
current_timestep: 937.5
current_timestep: 833.3333129882812
current_timestep: 625.0
current_timestep: 1000.0
current_timestep: 937.5
current_timestep: 833.3333129882812
current_timestep: 625.0
current_timestep: 1000.0
current_timestep: 937.5
current_timestep: 833.3333129882812
current_timestep: 625.0
current_timestep: 1000.0
current_timestep: 937.5
current_timestep: 833.3333129882812
current_timestep: 625.0
current_timestep: 1000.0
current_timestep: 937.5
current_timestep: 833.3333129882812
current_timestep: 625.0
Moving DynamicSwap_WanTextEncoder to cuda:0 with preserved memory: 24.55411195755005 GB
current_timestep: 1000.0
current_timestep: 937.5
current_timestep: 833.3333129882812
current_timestep: 625.0
current_timestep: 1000.0
current_timestep: 937.5
current_timestep: 833.3333129882812
current_timestep: 625.0
current_timestep: 1000.0
current_timestep: 937.5
current_timestep: 833.3333129882812
current_timestep: 625.0
current_timestep: 1000.0
current_timestep: 937.5
current_timestep: 833.3333129882812
current_timestep: 625.0
current_timestep: 1000.0
current_timestep: 937.5
current_timestep: 833.3333129882812
current_timestep: 625.0
current_timestep: 1000.0
current_timestep: 937.5
current_timestep: 833.3333129882812
current_timestep: 625.0
current_timestep: 1000.0
current_timestep: 937.5
current_timestep: 833.3333129882812
current_timestep: 625.0
current_timestep: 1000.0
current_timestep: 937.5
current_timestep: 833.3333129882812
current_timestep: 625.0
current_timestep: 1000.0
current_timestep: 937.5
current_timestep: 833.3333129882812
current_timestep: 625.0
current_timestep: 1000.0
current_timestep: 937.5
current_timestep: 833.3333129882812
current_timestep: 625.0
current_timestep: 1000.0
current_timestep: 937.5
current_timestep: 833.3333129882812
current_timestep: 625.0
current_timestep: 1000.0
current_timestep: 937.5
current_timestep: 833.3333129882812
current_timestep: 625.0
current_timestep: 1000.0
current_timestep: 937.5
current_timestep: 833.3333129882812
current_timestep: 625.0
current_timestep: 1000.0
current_timestep: 937.5
current_timestep: 833.3333129882812
current_timestep: 625.0
Moving DynamicSwap_WanTextEncoder to cuda:0 with preserved memory: 24.55411195755005 GB
current_timestep: 1000.0
current_timestep: 937.5
current_timestep: 833.3333129882812
current_timestep: 625.0
current_timestep: 1000.0
current_timestep: 937.5
current_timestep: 833.3333129882812
current_timestep: 625.0
current_timestep: 1000.0
current_timestep: 937.5
current_timestep: 833.3333129882812
current_timestep: 625.0
current_timestep: 1000.0
current_timestep: 937.5
current_timestep: 833.3333129882812
current_timestep: 625.0
current_timestep: 1000.0
current_timestep: 937.5
current_timestep: 833.3333129882812
current_timestep: 625.0
current_timestep: 1000.0
current_timestep: 937.5
current_timestep: 833.3333129882812
current_timestep: 625.0
current_timestep: 1000.0
current_timestep: 937.5
current_timestep: 833.3333129882812
current_timestep: 625.0
current_timestep: 1000.0
current_timestep: 937.5
current_timestep: 833.3333129882812
current_timestep: 625.0
current_timestep: 1000.0
current_timestep: 937.5
current_timestep: 833.3333129882812
current_timestep: 625.0
current_timestep: 1000.0
current_timestep: 937.5
current_timestep: 833.3333129882812
current_timestep: 625.0
current_timestep: 1000.0
current_timestep: 937.5
current_timestep: 833.3333129882812
current_timestep: 625.0
current_timestep: 1000.0
current_timestep: 937.5
current_timestep: 833.3333129882812
current_timestep: 625.0
current_timestep: 1000.0
current_timestep: 937.5
current_timestep: 833.3333129882812
current_timestep: 625.0
current_timestep: 1000.0
current_timestep: 937.5
current_timestep: 833.3333129882812
current_timestep: 625.0
Moving DynamicSwap_WanTextEncoder to cuda:0 with preserved memory: 24.55411195755005 GB
current_timestep: 1000.0
current_timestep: 937.5
current_timestep: 833.3333129882812
current_timestep: 625.0
current_timestep: 1000.0
current_timestep: 937.5
current_timestep: 833.3333129882812
current_timestep: 625.0
current_timestep: 1000.0
current_timestep: 937.5
current_timestep: 833.3333129882812
current_timestep: 625.0
current_timestep: 1000.0
current_timestep: 937.5
current_timestep: 833.3333129882812
current_timestep: 625.0
current_timestep: 1000.0
current_timestep: 937.5
current_timestep: 833.3333129882812
current_timestep: 625.0
current_timestep: 1000.0
current_timestep: 937.5
current_timestep: 833.3333129882812
current_timestep: 625.0
current_timestep: 1000.0
current_timestep: 937.5
current_timestep: 833.3333129882812
current_timestep: 625.0
current_timestep: 1000.0
current_timestep: 937.5
current_timestep: 833.3333129882812
current_timestep: 625.0
current_timestep: 1000.0
current_timestep: 937.5
current_timestep: 833.3333129882812
current_timestep: 625.0
current_timestep: 1000.0
current_timestep: 937.5
current_timestep: 833.3333129882812
current_timestep: 625.0
current_timestep: 1000.0
current_timestep: 937.5
current_timestep: 833.3333129882812
current_timestep: 625.0
current_timestep: 1000.0
current_timestep: 937.5
current_timestep: 833.3333129882812
current_timestep: 625.0
current_timestep: 1000.0
current_timestep: 937.5
current_timestep: 833.3333129882812
current_timestep: 625.0
current_timestep: 1000.0
current_timestep: 937.5
current_timestep: 833.3333129882812
current_timestep: 625.0
Moving DynamicSwap_WanTextEncoder to cuda:0 with preserved memory: 24.55411195755005 GB
current_timestep: 1000.0
current_timestep: 937.5
current_timestep: 833.3333129882812
current_timestep: 625.0
current_timestep: 1000.0
current_timestep: 937.5
current_timestep: 833.3333129882812
current_timestep: 625.0
current_timestep: 1000.0
current_timestep: 937.5
current_timestep: 833.3333129882812
current_timestep: 625.0
current_timestep: 1000.0
current_timestep: 937.5
current_timestep: 833.3333129882812
current_timestep: 625.0
current_timestep: 1000.0
current_timestep: 937.5
current_timestep: 833.3333129882812
current_timestep: 625.0
current_timestep: 1000.0
current_timestep: 937.5
current_timestep: 833.3333129882812
current_timestep: 625.0
current_timestep: 1000.0
current_timestep: 937.5
current_timestep: 833.3333129882812
current_timestep: 625.0
current_timestep: 1000.0
current_timestep: 937.5
current_timestep: 833.3333129882812
current_timestep: 625.0
current_timestep: 1000.0
current_timestep: 937.5
current_timestep: 833.3333129882812
current_timestep: 625.0
current_timestep: 1000.0
current_timestep: 937.5
current_timestep: 833.3333129882812
current_timestep: 625.0
current_timestep: 1000.0
current_timestep: 937.5
current_timestep: 833.3333129882812
current_timestep: 625.0
current_timestep: 1000.0
current_timestep: 937.5
current_timestep: 833.3333129882812
current_timestep: 625.0
current_timestep: 1000.0
current_timestep: 937.5
current_timestep: 833.3333129882812
current_timestep: 625.0
current_timestep: 1000.0
current_timestep: 937.5
current_timestep: 833.3333129882812
current_timestep: 625.0
Moving DynamicSwap_WanTextEncoder to cuda:0 with preserved memory: 24.55411195755005 GB
current_timestep: 1000.0
current_timestep: 937.5
current_timestep: 833.3333129882812
current_timestep: 625.0
current_timestep: 1000.0
current_timestep: 937.5
current_timestep: 833.3333129882812
current_timestep: 625.0
current_timestep: 1000.0
current_timestep: 937.5
current_timestep: 833.3333129882812
current_timestep: 625.0
current_timestep: 1000.0
current_timestep: 937.5
current_timestep: 833.3333129882812
current_timestep: 625.0
current_timestep: 1000.0
current_timestep: 937.5
current_timestep: 833.3333129882812
current_timestep: 625.0
current_timestep: 1000.0
current_timestep: 937.5
current_timestep: 833.3333129882812
current_timestep: 625.0
current_timestep: 1000.0
current_timestep: 937.5
current_timestep: 833.3333129882812
current_timestep: 625.0
current_timestep: 1000.0
current_timestep: 937.5
current_timestep: 833.3333129882812
current_timestep: 625.0
current_timestep: 1000.0
current_timestep: 937.5
current_timestep: 833.3333129882812
current_timestep: 625.0
current_timestep: 1000.0
current_timestep: 937.5
current_timestep: 833.3333129882812
current_timestep: 625.0
current_timestep: 1000.0
current_timestep: 937.5
current_timestep: 833.3333129882812
current_timestep: 625.0
current_timestep: 1000.0
current_timestep: 937.5
current_timestep: 833.3333129882812
current_timestep: 625.0
current_timestep: 1000.0
current_timestep: 937.5
current_timestep: 833.3333129882812
current_timestep: 625.0
current_timestep: 1000.0
current_timestep: 937.5
current_timestep: 833.3333129882812
current_timestep: 625.0
Moving DynamicSwap_WanTextEncoder to cuda:0 with preserved memory: 24.55411195755005 GB
current_timestep: 1000.0
current_timestep: 937.5
current_timestep: 833.3333129882812
current_timestep: 625.0
current_timestep: 1000.0
current_timestep: 937.5
current_timestep: 833.3333129882812
current_timestep: 625.0
current_timestep: 1000.0
current_timestep: 937.5
current_timestep: 833.3333129882812
current_timestep: 625.0
current_timestep: 1000.0
current_timestep: 937.5
current_timestep: 833.3333129882812
current_timestep: 625.0
current_timestep: 1000.0
current_timestep: 937.5
current_timestep: 833.3333129882812
current_timestep: 625.0
current_timestep: 1000.0
current_timestep: 937.5
current_timestep: 833.3333129882812
current_timestep: 625.0
current_timestep: 1000.0
current_timestep: 937.5
current_timestep: 833.3333129882812
current_timestep: 625.0
current_timestep: 1000.0
current_timestep: 937.5
current_timestep: 833.3333129882812
current_timestep: 625.0
current_timestep: 1000.0
current_timestep: 937.5
current_timestep: 833.3333129882812
current_timestep: 625.0
current_timestep: 1000.0
current_timestep: 937.5
current_timestep: 833.3333129882812
current_timestep: 625.0
current_timestep: 1000.0
current_timestep: 937.5
current_timestep: 833.3333129882812
current_timestep: 625.0
current_timestep: 1000.0
current_timestep: 937.5
current_timestep: 833.3333129882812
current_timestep: 625.0
current_timestep: 1000.0
current_timestep: 937.5
current_timestep: 833.3333129882812
current_timestep: 625.0
current_timestep: 1000.0
current_timestep: 937.5
current_timestep: 833.3333129882812
current_timestep: 625.0
Moving DynamicSwap_WanTextEncoder to cuda:0 with preserved memory: 24.55411195755005 GB
current_timestep: 1000.0
current_timestep: 937.5
current_timestep: 833.3333129882812
current_timestep: 625.0
current_timestep: 1000.0
current_timestep: 937.5
current_timestep: 833.3333129882812
current_timestep: 625.0
current_timestep: 1000.0
current_timestep: 937.5
current_timestep: 833.3333129882812
current_timestep: 625.0
current_timestep: 1000.0
current_timestep: 937.5
current_timestep: 833.3333129882812
current_timestep: 625.0
current_timestep: 1000.0
current_timestep: 937.5
current_timestep: 833.3333129882812
current_timestep: 625.0
current_timestep: 1000.0
current_timestep: 937.5
current_timestep: 833.3333129882812
current_timestep: 625.0
current_timestep: 1000.0
current_timestep: 937.5
current_timestep: 833.3333129882812
current_timestep: 625.0
current_timestep: 1000.0
current_timestep: 937.5
current_timestep: 833.3333129882812
current_timestep: 625.0
current_timestep: 1000.0
current_timestep: 937.5
current_timestep: 833.3333129882812
current_timestep: 625.0
current_timestep: 1000.0
current_timestep: 937.5
current_timestep: 833.3333129882812
current_timestep: 625.0
current_timestep: 1000.0
current_timestep: 937.5
current_timestep: 833.3333129882812
current_timestep: 625.0
current_timestep: 1000.0
current_timestep: 937.5
current_timestep: 833.3333129882812
current_timestep: 625.0
current_timestep: 1000.0
current_timestep: 937.5
current_timestep: 833.3333129882812
current_timestep: 625.0
current_timestep: 1000.0
current_timestep: 937.5
current_timestep: 833.3333129882812
current_timestep: 625.0
Moving DynamicSwap_WanTextEncoder to cuda:0 with preserved memory: 24.55411195755005 GB
current_timestep: 1000.0
current_timestep: 937.5
current_timestep: 833.3333129882812
current_timestep: 625.0
current_timestep: 1000.0
current_timestep: 937.5
current_timestep: 833.3333129882812
current_timestep: 625.0
current_timestep: 1000.0
current_timestep: 937.5
current_timestep: 833.3333129882812
current_timestep: 625.0
current_timestep: 1000.0
current_timestep: 937.5
current_timestep: 833.3333129882812
current_timestep: 625.0
current_timestep: 1000.0
current_timestep: 937.5
current_timestep: 833.3333129882812
current_timestep: 625.0
current_timestep: 1000.0
current_timestep: 937.5
current_timestep: 833.3333129882812
current_timestep: 625.0
current_timestep: 1000.0
current_timestep: 937.5
current_timestep: 833.3333129882812
current_timestep: 625.0
current_timestep: 1000.0
current_timestep: 937.5
current_timestep: 833.3333129882812
current_timestep: 625.0
current_timestep: 1000.0
current_timestep: 937.5
current_timestep: 833.3333129882812
current_timestep: 625.0
current_timestep: 1000.0
current_timestep: 937.5
current_timestep: 833.3333129882812
current_timestep: 625.0
current_timestep: 1000.0
current_timestep: 937.5
current_timestep: 833.3333129882812
current_timestep: 625.0
current_timestep: 1000.0
current_timestep: 937.5
current_timestep: 833.3333129882812
current_timestep: 625.0
current_timestep: 1000.0
current_timestep: 937.5
current_timestep: 833.3333129882812
current_timestep: 625.0
current_timestep: 1000.0
current_timestep: 937.5
current_timestep: 833.3333129882812
current_timestep: 625.0
Moving DynamicSwap_WanTextEncoder to cuda:0 with preserved memory: 24.55411195755005 GB
current_timestep: 1000.0
current_timestep: 937.5
current_timestep: 833.3333129882812
current_timestep: 625.0
current_timestep: 1000.0
current_timestep: 937.5
current_timestep: 833.3333129882812
current_timestep: 625.0
current_timestep: 1000.0
current_timestep: 937.5
current_timestep: 833.3333129882812
current_timestep: 625.0
current_timestep: 1000.0
current_timestep: 937.5
current_timestep: 833.3333129882812
current_timestep: 625.0
current_timestep: 1000.0
current_timestep: 937.5
current_timestep: 833.3333129882812
current_timestep: 625.0
current_timestep: 1000.0
current_timestep: 937.5
current_timestep: 833.3333129882812
current_timestep: 625.0
current_timestep: 1000.0
current_timestep: 937.5
current_timestep: 833.3333129882812
current_timestep: 625.0
current_timestep: 1000.0
current_timestep: 937.5
current_timestep: 833.3333129882812
current_timestep: 625.0
current_timestep: 1000.0
current_timestep: 937.5
current_timestep: 833.3333129882812
current_timestep: 625.0
current_timestep: 1000.0
current_timestep: 937.5
current_timestep: 833.3333129882812
current_timestep: 625.0
current_timestep: 1000.0
current_timestep: 937.5
current_timestep: 833.3333129882812
current_timestep: 625.0
current_timestep: 1000.0
current_timestep: 937.5
current_timestep: 833.3333129882812
current_timestep: 625.0
current_timestep: 1000.0
current_timestep: 937.5
current_timestep: 833.3333129882812
current_timestep: 625.0
current_timestep: 1000.0
current_timestep: 937.5
current_timestep: 833.3333129882812
current_timestep: 625.0
{
  "method": "FLOWCACHE_PROFILE",
  "num_prompts": 10,
  "num_samples": 1,
  "total_runtime_s": 679.383432325907,
  "avg_runtime_s_per_prompt": 67.93834323259071,
  "peak_vram_bytes": 20701900800,
  "quantize_time_s": 273.3662592531182,
  "dequantize_time_s": 0.08797383308410645,
  "bf16_kv_bytes": 12076646400,
  "compressed_kv_bytes": 12076646400,
  "compression_ratio": 1.0,
  "first_video_shape": [
    1,
    165,
    3,
    480,
    832
  ],
  "flowcache_profile_recent_ratio": 0.25,
  "flowcache_profile_num_layers": 30,
  "flowcache_profile_avg_old_delta": 0.03832117705267202,
  "flowcache_profile_layer_scores": {
    "0": 0.04064325703055424,
    "1": 0.039067117673171274,
    "2": 0.03911603269609228,
    "3": 0.038480874097795555,
    "4": 0.0385574129037559,
    "5": 0.038381486685031045,
    "6": 0.03870747834325657,
    "7": 0.0384556553455196,
    "8": 0.03828419303142671,
    "9": 0.03852405417039675,
    "10": 0.03734539179099818,
    "11": 0.037614283801640495,
    "12": 0.03728440151960289,
    "13": 0.03696471641388706,
    "14": 0.03720328872056552,
    "15": 0.0374373966262881,
    "16": 0.037026501723951895,
    "17": 0.03729290659831427,
    "18": 0.03775208990492116,
    "19": 0.0377721864672504,
    "20": 0.03792213278254336,
    "21": 0.038140408053710044,
    "22": 0.03816819294710975,
    "23": 0.0383359296856669,
    "24": 0.03883931915480959,
    "25": 0.03865265368349787,
    "26": 0.03847314826891584,
    "27": 0.039281011896160574,
    "28": 0.03922499770969468,
    "29": 0.04068679185363196
  },
  "flowcache_profile_layer_scores_all_chunks": {
    "0": 0.0499087938122333,
    "1": 0.040654956384310645,
    "2": 0.037119689591347226,
    "3": 0.03432074030287682,
    "4": 0.033783780933609085,
    "5": 0.03347331774317556,
    "6": 0.0343245726646412,
    "7": 0.033938657990760276,
    "8": 0.0331635619574596,
    "9": 0.033155100517802766,
    "10": 0.03260272433183023,
    "11": 0.033043801108286495,
    "12": 0.031918083703588875,
    "13": 0.03154074384437667,
    "14": 0.03137295445220338,
    "15": 0.03212277529707977,
    "16": 0.03125897834603748,
    "17": 0.031935059697500295,
    "18": 0.031933384333988506,
    "19": 0.03403873107629636,
    "20": 0.03491216649635444,
    "21": 0.03607688821142628,
    "22": 0.03636953983597812,
    "23": 0.0358090360017996,
    "24": 0.036061376246786306,
    "25": 0.03506880420280827,
    "26": 0.03441997278540854,
    "27": 0.03491027537082869,
    "28": 0.03358256725493878,
    "29": 0.03950761121038407
  }
}
/data/vaishak/combined-kv-quant/third_party/Self-Forcing/wan/modules/vae.py:634: FutureWarning: You are using `torch.load` with `weights_only=False` (the current default value), which uses the default pickle module implicitly. It is possible to construct malicious pickle data which will execute arbitrary code during unpickling (See https://github.com/pytorch/pytorch/blob/main/SECURITY.md#untrusted-models for more details). In a future release, the default value for `weights_only` will be flipped to `True`. This limits the functions that could be executed during unpickling. Arbitrary objects will no longer be allowed to be loaded via this mode unless they are explicitly allowlisted by the user via `torch.serialization.add_safe_globals`. We recommend you start setting `weights_only=True` for any use case where you don't have full control of the loaded file. Please open an issue on GitHub for any issues related to this experimental feature.
  torch.load(pretrained_path, map_location=device), assign=True)
/data/vaishak/combined-kv-quant/scripts/01_generate.py:408: FutureWarning: You are using `torch.load` with `weights_only=False` (the current default value), which uses the default pickle module implicitly. It is possible to construct malicious pickle data which will execute arbitrary code during unpickling (See https://github.com/pytorch/pytorch/blob/main/SECURITY.md#untrusted-models for more details). In a future release, the default value for `weights_only` will be flipped to `True`. This limits the functions that could be executed during unpickling. Arbitrary objects will no longer be allowed to be loaded via this mode unless they are explicitly allowlisted by the user via `torch.serialization.add_safe_globals`. We recommend you start setting `weights_only=True` for any use case where you don't have full control of the loaded file. Please open an issue on GitHub for any issues related to this experimental feature.
  state_dict = torch.load(str(checkpoint_path), map_location="cpu")
KV inference with 3 frames per block
Moving DynamicSwap_WanTextEncoder to cuda:0 with preserved memory: 25.303240299224854 GB
current_timestep: 1000.0
current_timestep: 937.5
current_timestep: 833.3333129882812
current_timestep: 625.0
current_timestep: 1000.0
current_timestep: 937.5
current_timestep: 833.3333129882812
current_timestep: 625.0
current_timestep: 1000.0
current_timestep: 937.5
current_timestep: 833.3333129882812
current_timestep: 625.0
current_timestep: 1000.0
current_timestep: 937.5
current_timestep: 833.3333129882812
current_timestep: 625.0
current_timestep: 1000.0
current_timestep: 937.5
current_timestep: 833.3333129882812
current_timestep: 625.0
current_timestep: 1000.0
current_timestep: 937.5
current_timestep: 833.3333129882812
current_timestep: 625.0
current_timestep: 1000.0
current_timestep: 937.5
current_timestep: 833.3333129882812
current_timestep: 625.0
current_timestep: 1000.0
current_timestep: 937.5
current_timestep: 833.3333129882812
current_timestep: 625.0
current_timestep: 1000.0
current_timestep: 937.5
current_timestep: 833.3333129882812
current_timestep: 625.0
current_timestep: 1000.0
current_timestep: 937.5
current_timestep: 833.3333129882812
current_timestep: 625.0
current_timestep: 1000.0
current_timestep: 937.5
current_timestep: 833.3333129882812
current_timestep: 625.0
current_timestep: 1000.0
current_timestep: 937.5
current_timestep: 833.3333129882812
current_timestep: 625.0
current_timestep: 1000.0
current_timestep: 937.5
current_timestep: 833.3333129882812
current_timestep: 625.0
current_timestep: 1000.0
current_timestep: 937.5
current_timestep: 833.3333129882812
current_timestep: 625.0
Moving DynamicSwap_WanTextEncoder to cuda:0 with preserved memory: 24.55411195755005 GB
current_timestep: 1000.0
current_timestep: 937.5
current_timestep: 833.3333129882812
current_timestep: 625.0
current_timestep: 1000.0
current_timestep: 937.5
current_timestep: 833.3333129882812
current_timestep: 625.0
current_timestep: 1000.0
current_timestep: 937.5
current_timestep: 833.3333129882812
current_timestep: 625.0
current_timestep: 1000.0
current_timestep: 937.5
current_timestep: 833.3333129882812
current_timestep: 625.0
current_timestep: 1000.0
current_timestep: 937.5
current_timestep: 833.3333129882812
current_timestep: 625.0
current_timestep: 1000.0
current_timestep: 937.5
current_timestep: 833.3333129882812
current_timestep: 625.0
current_timestep: 1000.0
current_timestep: 937.5
current_timestep: 833.3333129882812
current_timestep: 625.0
current_timestep: 1000.0
current_timestep: 937.5
current_timestep: 833.3333129882812
current_timestep: 625.0
current_timestep: 1000.0
current_timestep: 937.5
current_timestep: 833.3333129882812
current_timestep: 625.0
current_timestep: 1000.0
current_timestep: 937.5
current_timestep: 833.3333129882812
current_timestep: 625.0
current_timestep: 1000.0
current_timestep: 937.5
current_timestep: 833.3333129882812
current_timestep: 625.0
current_timestep: 1000.0
current_timestep: 937.5
current_timestep: 833.3333129882812
current_timestep: 625.0
current_timestep: 1000.0
current_timestep: 937.5
current_timestep: 833.3333129882812
current_timestep: 625.0
current_timestep: 1000.0
current_timestep: 937.5
current_timestep: 833.3333129882812
current_timestep: 625.0
Moving DynamicSwap_WanTextEncoder to cuda:0 with preserved memory: 24.55411195755005 GB
current_timestep: 1000.0
current_timestep: 937.5
current_timestep: 833.3333129882812
current_timestep: 625.0
current_timestep: 1000.0
current_timestep: 937.5
current_timestep: 833.3333129882812
current_timestep: 625.0
current_timestep: 1000.0
current_timestep: 937.5
current_timestep: 833.3333129882812
current_timestep: 625.0
current_timestep: 1000.0
current_timestep: 937.5
current_timestep: 833.3333129882812
current_timestep: 625.0
current_timestep: 1000.0
current_timestep: 937.5
current_timestep: 833.3333129882812
current_timestep: 625.0
current_timestep: 1000.0
current_timestep: 937.5
current_timestep: 833.3333129882812
current_timestep: 625.0
current_timestep: 1000.0
current_timestep: 937.5
current_timestep: 833.3333129882812
current_timestep: 625.0
current_timestep: 1000.0
current_timestep: 937.5
current_timestep: 833.3333129882812
current_timestep: 625.0
current_timestep: 1000.0
current_timestep: 937.5
current_timestep: 833.3333129882812
current_timestep: 625.0
current_timestep: 1000.0
current_timestep: 937.5
current_timestep: 833.3333129882812
current_timestep: 625.0
current_timestep: 1000.0
current_timestep: 937.5
current_timestep: 833.3333129882812
current_timestep: 625.0
current_timestep: 1000.0
current_timestep: 937.5
current_timestep: 833.3333129882812
current_timestep: 625.0
current_timestep: 1000.0
current_timestep: 937.5
current_timestep: 833.3333129882812
current_timestep: 625.0
current_timestep: 1000.0
current_timestep: 937.5
current_timestep: 833.3333129882812
current_timestep: 625.0
Moving DynamicSwap_WanTextEncoder to cuda:0 with preserved memory: 24.55411195755005 GB
current_timestep: 1000.0
current_timestep: 937.5
current_timestep: 833.3333129882812
current_timestep: 625.0
current_timestep: 1000.0
current_timestep: 937.5
current_timestep: 833.3333129882812
current_timestep: 625.0
current_timestep: 1000.0
current_timestep: 937.5
current_timestep: 833.3333129882812
current_timestep: 625.0
current_timestep: 1000.0
current_timestep: 937.5
current_timestep: 833.3333129882812
current_timestep: 625.0
current_timestep: 1000.0
current_timestep: 937.5
current_timestep: 833.3333129882812
current_timestep: 625.0
current_timestep: 1000.0
current_timestep: 937.5
current_timestep: 833.3333129882812
current_timestep: 625.0
current_timestep: 1000.0
current_timestep: 937.5
current_timestep: 833.3333129882812
current_timestep: 625.0
current_timestep: 1000.0
current_timestep: 937.5
current_timestep: 833.3333129882812
current_timestep: 625.0
current_timestep: 1000.0
current_timestep: 937.5
current_timestep: 833.3333129882812
current_timestep: 625.0
current_timestep: 1000.0
current_timestep: 937.5
current_timestep: 833.3333129882812
current_timestep: 625.0
current_timestep: 1000.0
current_timestep: 937.5
current_timestep: 833.3333129882812
current_timestep: 625.0
current_timestep: 1000.0
current_timestep: 937.5
current_timestep: 833.3333129882812
current_timestep: 625.0
current_timestep: 1000.0
current_timestep: 937.5
current_timestep: 833.3333129882812
current_timestep: 625.0
current_timestep: 1000.0
current_timestep: 937.5
current_timestep: 833.3333129882812
current_timestep: 625.0
Moving DynamicSwap_WanTextEncoder to cuda:0 with preserved memory: 24.55411195755005 GB
current_timestep: 1000.0
current_timestep: 937.5
current_timestep: 833.3333129882812
current_timestep: 625.0
current_timestep: 1000.0
current_timestep: 937.5
current_timestep: 833.3333129882812
current_timestep: 625.0
current_timestep: 1000.0
current_timestep: 937.5
current_timestep: 833.3333129882812
current_timestep: 625.0
current_timestep: 1000.0
current_timestep: 937.5
current_timestep: 833.3333129882812
current_timestep: 625.0
current_timestep: 1000.0
current_timestep: 937.5
current_timestep: 833.3333129882812
current_timestep: 625.0
current_timestep: 1000.0
current_timestep: 937.5
current_timestep: 833.3333129882812
current_timestep: 625.0
current_timestep: 1000.0
current_timestep: 937.5
current_timestep: 833.3333129882812
current_timestep: 625.0
current_timestep: 1000.0
current_timestep: 937.5
current_timestep: 833.3333129882812
current_timestep: 625.0
current_timestep: 1000.0
current_timestep: 937.5
current_timestep: 833.3333129882812
current_timestep: 625.0
current_timestep: 1000.0
current_timestep: 937.5
current_timestep: 833.3333129882812
current_timestep: 625.0
current_timestep: 1000.0
current_timestep: 937.5
current_timestep: 833.3333129882812
current_timestep: 625.0
current_timestep: 1000.0
current_timestep: 937.5
current_timestep: 833.3333129882812
current_timestep: 625.0
current_timestep: 1000.0
current_timestep: 937.5
current_timestep: 833.3333129882812
current_timestep: 625.0
current_timestep: 1000.0
current_timestep: 937.5
current_timestep: 833.3333129882812
current_timestep: 625.0
Moving DynamicSwap_WanTextEncoder to cuda:0 with preserved memory: 24.55411195755005 GB
current_timestep: 1000.0
current_timestep: 937.5
current_timestep: 833.3333129882812
current_timestep: 625.0
current_timestep: 1000.0
current_timestep: 937.5
current_timestep: 833.3333129882812
current_timestep: 625.0
current_timestep: 1000.0
current_timestep: 937.5
current_timestep: 833.3333129882812
current_timestep: 625.0
current_timestep: 1000.0
current_timestep: 937.5
current_timestep: 833.3333129882812
current_timestep: 625.0
current_timestep: 1000.0
current_timestep: 937.5
current_timestep: 833.3333129882812
current_timestep: 625.0
current_timestep: 1000.0
current_timestep: 937.5
current_timestep: 833.3333129882812
current_timestep: 625.0
current_timestep: 1000.0
current_timestep: 937.5
current_timestep: 833.3333129882812
current_timestep: 625.0
current_timestep: 1000.0
current_timestep: 937.5
current_timestep: 833.3333129882812
current_timestep: 625.0
current_timestep: 1000.0
current_timestep: 937.5
current_timestep: 833.3333129882812
current_timestep: 625.0
current_timestep: 1000.0
current_timestep: 937.5
current_timestep: 833.3333129882812
current_timestep: 625.0
current_timestep: 1000.0
current_timestep: 937.5
current_timestep: 833.3333129882812
current_timestep: 625.0
current_timestep: 1000.0
current_timestep: 937.5
current_timestep: 833.3333129882812
current_timestep: 625.0
current_timestep: 1000.0
current_timestep: 937.5
current_timestep: 833.3333129882812
current_timestep: 625.0
current_timestep: 1000.0
current_timestep: 937.5
current_timestep: 833.3333129882812
current_timestep: 625.0
Moving DynamicSwap_WanTextEncoder to cuda:0 with preserved memory: 24.55411195755005 GB
current_timestep: 1000.0
current_timestep: 937.5
current_timestep: 833.3333129882812
current_timestep: 625.0
current_timestep: 1000.0
current_timestep: 937.5
current_timestep: 833.3333129882812
current_timestep: 625.0
current_timestep: 1000.0
current_timestep: 937.5
current_timestep: 833.3333129882812
current_timestep: 625.0
current_timestep: 1000.0
current_timestep: 937.5
current_timestep: 833.3333129882812
current_timestep: 625.0
current_timestep: 1000.0
current_timestep: 937.5
current_timestep: 833.3333129882812
current_timestep: 625.0
current_timestep: 1000.0
current_timestep: 937.5
current_timestep: 833.3333129882812
current_timestep: 625.0
current_timestep: 1000.0
current_timestep: 937.5
current_timestep: 833.3333129882812
current_timestep: 625.0
current_timestep: 1000.0
current_timestep: 937.5
current_timestep: 833.3333129882812
current_timestep: 625.0
current_timestep: 1000.0
current_timestep: 937.5
current_timestep: 833.3333129882812
current_timestep: 625.0
current_timestep: 1000.0
current_timestep: 937.5
current_timestep: 833.3333129882812
current_timestep: 625.0
current_timestep: 1000.0
current_timestep: 937.5
current_timestep: 833.3333129882812
current_timestep: 625.0
current_timestep: 1000.0
current_timestep: 937.5
current_timestep: 833.3333129882812
current_timestep: 625.0
current_timestep: 1000.0
current_timestep: 937.5
current_timestep: 833.3333129882812
current_timestep: 625.0
current_timestep: 1000.0
current_timestep: 937.5
current_timestep: 833.3333129882812
current_timestep: 625.0
Moving DynamicSwap_WanTextEncoder to cuda:0 with preserved memory: 24.55411195755005 GB
current_timestep: 1000.0
current_timestep: 937.5
current_timestep: 833.3333129882812
current_timestep: 625.0
current_timestep: 1000.0
current_timestep: 937.5
current_timestep: 833.3333129882812
current_timestep: 625.0
current_timestep: 1000.0
current_timestep: 937.5
current_timestep: 833.3333129882812
current_timestep: 625.0
current_timestep: 1000.0
current_timestep: 937.5
current_timestep: 833.3333129882812
current_timestep: 625.0
current_timestep: 1000.0
current_timestep: 937.5
current_timestep: 833.3333129882812
current_timestep: 625.0
current_timestep: 1000.0
current_timestep: 937.5
current_timestep: 833.3333129882812
current_timestep: 625.0
current_timestep: 1000.0
current_timestep: 937.5
current_timestep: 833.3333129882812
current_timestep: 625.0
current_timestep: 1000.0
current_timestep: 937.5
current_timestep: 833.3333129882812
current_timestep: 625.0
current_timestep: 1000.0
current_timestep: 937.5
current_timestep: 833.3333129882812
current_timestep: 625.0
current_timestep: 1000.0
current_timestep: 937.5
current_timestep: 833.3333129882812
current_timestep: 625.0
current_timestep: 1000.0
current_timestep: 937.5
current_timestep: 833.3333129882812
current_timestep: 625.0
current_timestep: 1000.0
current_timestep: 937.5
current_timestep: 833.3333129882812
current_timestep: 625.0
current_timestep: 1000.0
current_timestep: 937.5
current_timestep: 833.3333129882812
current_timestep: 625.0
current_timestep: 1000.0
current_timestep: 937.5
current_timestep: 833.3333129882812
current_timestep: 625.0
Moving DynamicSwap_WanTextEncoder to cuda:0 with preserved memory: 24.55411195755005 GB
current_timestep: 1000.0
current_timestep: 937.5
current_timestep: 833.3333129882812
current_timestep: 625.0
current_timestep: 1000.0
current_timestep: 937.5
current_timestep: 833.3333129882812
current_timestep: 625.0
current_timestep: 1000.0
current_timestep: 937.5
current_timestep: 833.3333129882812
current_timestep: 625.0
current_timestep: 1000.0
current_timestep: 937.5
current_timestep: 833.3333129882812
current_timestep: 625.0
current_timestep: 1000.0
current_timestep: 937.5
current_timestep: 833.3333129882812
current_timestep: 625.0
current_timestep: 1000.0
current_timestep: 937.5
current_timestep: 833.3333129882812
current_timestep: 625.0
current_timestep: 1000.0
current_timestep: 937.5
current_timestep: 833.3333129882812
current_timestep: 625.0
current_timestep: 1000.0
current_timestep: 937.5
current_timestep: 833.3333129882812
current_timestep: 625.0
current_timestep: 1000.0
current_timestep: 937.5
current_timestep: 833.3333129882812
current_timestep: 625.0
current_timestep: 1000.0
current_timestep: 937.5
current_timestep: 833.3333129882812
current_timestep: 625.0
current_timestep: 1000.0
current_timestep: 937.5
current_timestep: 833.3333129882812
current_timestep: 625.0
current_timestep: 1000.0
current_timestep: 937.5
current_timestep: 833.3333129882812
current_timestep: 625.0
current_timestep: 1000.0
current_timestep: 937.5
current_timestep: 833.3333129882812
current_timestep: 625.0
current_timestep: 1000.0
current_timestep: 937.5
current_timestep: 833.3333129882812
current_timestep: 625.0
Moving DynamicSwap_WanTextEncoder to cuda:0 with preserved memory: 24.55411195755005 GB
current_timestep: 1000.0
current_timestep: 937.5
current_timestep: 833.3333129882812
current_timestep: 625.0
current_timestep: 1000.0
current_timestep: 937.5
current_timestep: 833.3333129882812
current_timestep: 625.0
current_timestep: 1000.0
current_timestep: 937.5
current_timestep: 833.3333129882812
current_timestep: 625.0
current_timestep: 1000.0
current_timestep: 937.5
current_timestep: 833.3333129882812
current_timestep: 625.0
current_timestep: 1000.0
current_timestep: 937.5
current_timestep: 833.3333129882812
current_timestep: 625.0
current_timestep: 1000.0
current_timestep: 937.5
current_timestep: 833.3333129882812
current_timestep: 625.0
current_timestep: 1000.0
current_timestep: 937.5
current_timestep: 833.3333129882812
current_timestep: 625.0
current_timestep: 1000.0
current_timestep: 937.5
current_timestep: 833.3333129882812
current_timestep: 625.0
current_timestep: 1000.0
current_timestep: 937.5
current_timestep: 833.3333129882812
current_timestep: 625.0
current_timestep: 1000.0
current_timestep: 937.5
current_timestep: 833.3333129882812
current_timestep: 625.0
current_timestep: 1000.0
current_timestep: 937.5
current_timestep: 833.3333129882812
current_timestep: 625.0
current_timestep: 1000.0
current_timestep: 937.5
current_timestep: 833.3333129882812
current_timestep: 625.0
current_timestep: 1000.0
current_timestep: 937.5
current_timestep: 833.3333129882812
current_timestep: 625.0
current_timestep: 1000.0
current_timestep: 937.5
current_timestep: 833.3333129882812
current_timestep: 625.0
{
  "method": "FLOWCACHE_PRUNE_INT2",
  "num_prompts": 10,
  "num_samples": 1,
  "total_runtime_s": 701.5758747188374,
  "avg_runtime_s_per_prompt": 70.15758747188374,
  "peak_vram_bytes": 11960967168,
  "quantize_time_s": 75.35290776006877,
  "dequantize_time_s": 9.113141156733036,
  "bf16_kv_bytes": 12076646400,
  "compressed_kv_bytes": 1572533952,
  "compression_ratio": 7.679736507208971,
  "first_video_shape": [
    1,
    165,
    3,
    480,
    832
  ],
  "flowcache_prune_events": 21000.0,
  "flowcache_prune_avg_recent_ratio": 0.23562699425793865,
  "flowcache_prune_avg_important_ratio": 0.09908490319204157,
  "flowcache_prune_avg_retained_ratio": 0.1985590665947545,
  "flowcache_prune_avg_pruned_ratio": 0.4667290359552398,
  "flowcache_prune_avg_layer_budget": 0.9186619794376929,
  "flowcache_prune_avg_delta": 198730.9196219799,
  "flowcache_prune_refresh_rate": 0.2,
  "flowcache_prune_config_chunk_recent_ratio": 0.25,
  "flowcache_prune_config_important_old_ratio": 0.1,
  "flowcache_prune_config_retained_old_ratio": 0.3,
  "flowcache_prune_refresh_gap_chunks": 1.0,
  "flowcache_prune_recent_bits": 4.0,
  "flowcache_prune_old_bits": 2.0,
  "flowcache_prune_importance_alpha": 0.7,
  "flowcache_prune_importance_beta": 0.3
}
[W310 19:21:28.161600705 CUDAAllocatorConfig.h:28] Warning: expandable_segments not supported on this platform (function operator())
[rank0]:[W310 19:21:29.398103014 ProcessGroupNCCL.cpp:4115] [PG ID 0 PG GUID 0 Rank 0]  using GPU 0 to perform barrier as devices used by this process are currently unknown. This can potentially cause a hang if this rank to GPU mapping is incorrect.Specify device_ids in barrier() to force use of a particular device,or call init_process_group() with a device_id.
/home/suraj/miniforge3/envs/qvg_sf_eval/lib/python3.10/site-packages/clip/clip.py:6: UserWarning: pkg_resources is deprecated as an API. See https://setuptools.pypa.io/en/latest/pkg_resources.html. The pkg_resources package is slated for removal as early as 2025-11-30. Refrain from using this package or pin to Setuptools<81.
  from pkg_resources import packaging
args: Namespace(output_path='/data/vaishak/combined-kv-quant/results/benchmarks/storyeval/storyeval_flowcache_prune_int2_990b60e0bbd4_10prompts_10s/metrics/vbench_raw', full_json_dir='/data/vaishak/combined-kv-quant/third_party/VBench/vbench/VBench_full_info.json', videos_path='/data/vaishak/combined-kv-quant/results/benchmarks/storyeval/storyeval_flowcache_prune_int2_990b60e0bbd4_10prompts_10s/videos', dimension=['background_consistency', 'imaging_quality', 'subject_consistency', 'aesthetic_quality'], load_ckpt_from_local=None, read_frame=None, mode='custom_input', prompt='None', prompt_file='/data/vaishak/combined-kv-quant/results/benchmarks/storyeval/storyeval_flowcache_prune_int2_990b60e0bbd4_10prompts_10s/metrics/vbench_prompt_map.json', category=None, imaging_quality_preprocessing_mode='longer')
start evaluation
Evaluation meta data saved to /data/vaishak/combined-kv-quant/results/benchmarks/storyeval/storyeval_flowcache_prune_int2_990b60e0bbd4_10prompts_10s/metrics/vbench_raw/results_2026-03-10-19:21:28_full_info.json
cur_full_info_path: /data/vaishak/combined-kv-quant/results/benchmarks/storyeval/storyeval_flowcache_prune_int2_990b60e0bbd4_10prompts_10s/metrics/vbench_raw/results_2026-03-10-19:21:28_full_info.json
  0%|          | 0/10 [00:00<?, ?it/s] 10%|█         | 1/10 [00:00<00:06,  1.44it/s] 20%|██        | 2/10 [00:01<00:05,  1.55it/s] 30%|███       | 3/10 [00:01<00:04,  1.63it/s] 40%|████      | 4/10 [00:02<00:03,  1.66it/s] 50%|█████     | 5/10 [00:03<00:03,  1.65it/s] 60%|██████    | 6/10 [00:03<00:02,  1.65it/s] 70%|███████   | 7/10 [00:04<00:01,  1.65it/s] 80%|████████  | 8/10 [00:04<00:01,  1.62it/s] 90%|█████████ | 9/10 [00:05<00:00,  1.64it/s]100%|██████████| 10/10 [00:06<00:00,  1.65it/s]100%|██████████| 10/10 [00:06<00:00,  1.63it/s]
/home/suraj/miniforge3/envs/qvg_sf_eval/lib/python3.10/site-packages/timm/models/layers/__init__.py:48: FutureWarning: Importing from timm.models.layers is deprecated, please import via timm.layers
  warnings.warn(f"Importing from {__name__} is deprecated, please import via timm.layers", FutureWarning)
/home/suraj/miniforge3/envs/qvg_sf_eval/lib/python3.10/site-packages/pyiqa/archs/arch_util.py:118: FutureWarning: You are using `torch.load` with `weights_only=False` (the current default value), which uses the default pickle module implicitly. It is possible to construct malicious pickle data which will execute arbitrary code during unpickling (See https://github.com/pytorch/pytorch/blob/main/SECURITY.md#untrusted-models for more details). In a future release, the default value for `weights_only` will be flipped to `True`. This limits the functions that could be executed during unpickling. Arbitrary objects will no longer be allowed to be loaded via this mode unless they are explicitly allowlisted by the user via `torch.serialization.add_safe_globals`. We recommend you start setting `weights_only=True` for any use case where you don't have full control of the loaded file. Please open an issue on GitHub for any issues related to this experimental feature.
  state_dict = torch.load(model_path, map_location=torch.device("cpu"))
cur_full_info_path: /data/vaishak/combined-kv-quant/results/benchmarks/storyeval/storyeval_flowcache_prune_int2_990b60e0bbd4_10prompts_10s/metrics/vbench_raw/results_2026-03-10-19:21:28_full_info.json
Loading pretrained model MUSIQ from /home/vaishak/.cache/vbench/pyiqa_model/musiq_spaq_ckpt-358bb6af.pth
  0%|          | 0/10 [00:00<?, ?it/s] 10%|█         | 1/10 [00:03<00:29,  3.23s/it] 20%|██        | 2/10 [00:06<00:25,  3.15s/it] 30%|███       | 3/10 [00:09<00:21,  3.11s/it] 40%|████      | 4/10 [00:12<00:18,  3.13s/it] 50%|█████     | 5/10 [00:15<00:15,  3.11s/it] 60%|██████    | 6/10 [00:18<00:12,  3.11s/it] 70%|███████   | 7/10 [00:21<00:09,  3.11s/it] 80%|████████  | 8/10 [00:24<00:06,  3.11s/it] 90%|█████████ | 9/10 [00:28<00:03,  3.11s/it]100%|██████████| 10/10 [00:31<00:00,  3.06s/it]100%|██████████| 10/10 [00:31<00:00,  3.10s/it]
Using cache found in /home/vaishak/.cache/torch/hub/facebookresearch_dino_main
2026-03-10 19:22:12,051 - vbench.subject_consistency - INFO - Initialize DINO success
cur_full_info_path: /data/vaishak/combined-kv-quant/results/benchmarks/storyeval/storyeval_flowcache_prune_int2_990b60e0bbd4_10prompts_10s/metrics/vbench_raw/results_2026-03-10-19:21:28_full_info.json
  0%|          | 0/10 [00:00<?, ?it/s] 10%|█         | 1/10 [00:02<00:19,  2.12s/it] 20%|██        | 2/10 [00:04<00:17,  2.14s/it] 30%|███       | 3/10 [00:06<00:14,  2.13s/it] 40%|████      | 4/10 [00:08<00:12,  2.13s/it] 50%|█████     | 5/10 [00:10<00:10,  2.13s/it] 60%|██████    | 6/10 [00:12<00:08,  2.13s/it] 70%|███████   | 7/10 [00:14<00:06,  2.13s/it] 80%|████████  | 8/10 [00:17<00:04,  2.14s/it] 90%|█████████ | 9/10 [00:19<00:02,  2.14s/it]100%|██████████| 10/10 [00:21<00:00,  2.14s/it]100%|██████████| 10/10 [00:21<00:00,  2.13s/it]
/data/vaishak/kv-quant-longhorizon/third_party/VBench/vbench/aesthetic_quality.py:41: FutureWarning: You are using `torch.load` with `weights_only=False` (the current default value), which uses the default pickle module implicitly. It is possible to construct malicious pickle data which will execute arbitrary code during unpickling (See https://github.com/pytorch/pytorch/blob/main/SECURITY.md#untrusted-models for more details). In a future release, the default value for `weights_only` will be flipped to `True`. This limits the functions that could be executed during unpickling. Arbitrary objects will no longer be allowed to be loaded via this mode unless they are explicitly allowlisted by the user via `torch.serialization.add_safe_globals`. We recommend you start setting `weights_only=True` for any use case where you don't have full control of the loaded file. Please open an issue on GitHub for any issues related to this experimental feature.
  s = torch.load(path_to_model)
cur_full_info_path: /data/vaishak/combined-kv-quant/results/benchmarks/storyeval/storyeval_flowcache_prune_int2_990b60e0bbd4_10prompts_10s/metrics/vbench_raw/results_2026-03-10-19:21:28_full_info.json
  0%|          | 0/10 [00:00<?, ?it/s] 10%|█         | 1/10 [00:01<00:09,  1.06s/it] 20%|██        | 2/10 [00:02<00:08,  1.04s/it] 30%|███       | 3/10 [00:03<00:07,  1.04s/it] 40%|████      | 4/10 [00:04<00:06,  1.04s/it] 50%|█████     | 5/10 [00:05<00:05,  1.05s/it] 60%|██████    | 6/10 [00:06<00:04,  1.04s/it] 70%|███████   | 7/10 [00:07<00:03,  1.05s/it] 80%|████████  | 8/10 [00:08<00:02,  1.05s/it] 90%|█████████ | 9/10 [00:09<00:01,  1.05s/it]100%|██████████| 10/10 [00:10<00:00,  1.05s/it]100%|██████████| 10/10 [00:10<00:00,  1.05s/it]
Evaluation results saved to /data/vaishak/combined-kv-quant/results/benchmarks/storyeval/storyeval_flowcache_prune_int2_990b60e0bbd4_10prompts_10s/metrics/vbench_raw/results_2026-03-10-19:21:28_eval_results.json
done
[rank0]:[W310 19:22:51.974090030 ProcessGroupNCCL.cpp:1250] Warning: WARNING: process group has NOT been destroyed before we destruct ProcessGroupNCCL. On normal program exit, the application should call destroy_process_group to ensure that any pending NCCL operations have finished in this process. In rare cases this process can exit before this point and block the progress of another member of the process group. This constraint has always been present,  but this warning has only been added since PyTorch 2.4 (function operator())
Wrote /data/vaishak/combined-kv-quant/results/benchmarks/storyeval/storyeval_flowcache_prune_int2_990b60e0bbd4_10prompts_10s/metrics/vbench.json
[W310 19:23:03.641234183 CUDAAllocatorConfig.h:28] Warning: expandable_segments not supported on this platform (function operator())
[rank0]:[W310 19:23:03.894874466 ProcessGroupNCCL.cpp:4115] [PG ID 0 PG GUID 0 Rank 0]  using GPU 0 to perform barrier as devices used by this process are currently unknown. This can potentially cause a hang if this rank to GPU mapping is incorrect.Specify device_ids in barrier() to force use of a particular device,or call init_process_group() with a device_id.
/home/suraj/miniforge3/envs/qvg_sf_eval/lib/python3.10/site-packages/clip/clip.py:6: UserWarning: pkg_resources is deprecated as an API. See https://setuptools.pypa.io/en/latest/pkg_resources.html. The pkg_resources package is slated for removal as early as 2025-11-30. Refrain from using this package or pin to Setuptools<81.
  from pkg_resources import packaging
/home/suraj/miniforge3/envs/qvg_sf_eval/lib/python3.10/site-packages/timm/models/layers/__init__.py:48: FutureWarning: Importing from timm.models.layers is deprecated, please import via timm.layers
  warnings.warn(f"Importing from {__name__} is deprecated, please import via timm.layers", FutureWarning)
/home/suraj/miniforge3/envs/qvg_sf_eval/lib/python3.10/site-packages/pyiqa/archs/arch_util.py:118: FutureWarning: You are using `torch.load` with `weights_only=False` (the current default value), which uses the default pickle module implicitly. It is possible to construct malicious pickle data which will execute arbitrary code during unpickling (See https://github.com/pytorch/pytorch/blob/main/SECURITY.md#untrusted-models for more details). In a future release, the default value for `weights_only` will be flipped to `True`. This limits the functions that could be executed during unpickling. Arbitrary objects will no longer be allowed to be loaded via this mode unless they are explicitly allowlisted by the user via `torch.serialization.add_safe_globals`. We recommend you start setting `weights_only=True` for any use case where you don't have full control of the loaded file. Please open an issue on GitHub for any issues related to this experimental feature.
  state_dict = torch.load(model_path, map_location=torch.device("cpu"))
args: Namespace(output_path='/data/vaishak/combined-kv-quant/results/benchmarks/storyeval/storyeval_flowcache_prune_int2_990b60e0bbd4_10prompts_10s/metrics/drift_work/vbench_imaging_quality_50', full_json_dir='/data/vaishak/combined-kv-quant/third_party/VBench/vbench/VBench_full_info.json', videos_path='/data/vaishak/combined-kv-quant/results/benchmarks/storyeval/storyeval_flowcache_prune_int2_990b60e0bbd4_10prompts_10s/metrics/drift_work/clips_50', dimension=['imaging_quality'], load_ckpt_from_local=None, read_frame=None, mode='custom_input', prompt='None', prompt_file='/data/vaishak/combined-kv-quant/results/benchmarks/storyeval/storyeval_flowcache_prune_int2_990b60e0bbd4_10prompts_10s/metrics/drift_work/prompt_map_50.json', category=None, imaging_quality_preprocessing_mode='longer')
start evaluation
Evaluation meta data saved to /data/vaishak/combined-kv-quant/results/benchmarks/storyeval/storyeval_flowcache_prune_int2_990b60e0bbd4_10prompts_10s/metrics/drift_work/vbench_imaging_quality_50/results_2026-03-10-19:23:03_full_info.json
cur_full_info_path: /data/vaishak/combined-kv-quant/results/benchmarks/storyeval/storyeval_flowcache_prune_int2_990b60e0bbd4_10prompts_10s/metrics/drift_work/vbench_imaging_quality_50/results_2026-03-10-19:23:03_full_info.json
Loading pretrained model MUSIQ from /home/vaishak/.cache/vbench/pyiqa_model/musiq_spaq_ckpt-358bb6af.pth
  0%|          | 0/10 [00:00<?, ?it/s] 10%|█         | 1/10 [00:01<00:10,  1.21s/it] 20%|██        | 2/10 [00:02<00:07,  1.01it/s] 30%|███       | 3/10 [00:02<00:06,  1.08it/s] 40%|████      | 4/10 [00:03<00:05,  1.12it/s] 50%|█████     | 5/10 [00:04<00:04,  1.14it/s] 60%|██████    | 6/10 [00:05<00:03,  1.01it/s] 70%|███████   | 7/10 [00:06<00:02,  1.05it/s] 80%|████████  | 8/10 [00:07<00:01,  1.06it/s] 90%|█████████ | 9/10 [00:08<00:00,  1.08it/s]100%|██████████| 10/10 [00:09<00:00,  1.09it/s]100%|██████████| 10/10 [00:09<00:00,  1.06it/s]
Evaluation results saved to /data/vaishak/combined-kv-quant/results/benchmarks/storyeval/storyeval_flowcache_prune_int2_990b60e0bbd4_10prompts_10s/metrics/drift_work/vbench_imaging_quality_50/results_2026-03-10-19:23:03_eval_results.json
done
[rank0]:[W310 19:23:14.205467652 ProcessGroupNCCL.cpp:1250] Warning: WARNING: process group has NOT been destroyed before we destruct ProcessGroupNCCL. On normal program exit, the application should call destroy_process_group to ensure that any pending NCCL operations have finished in this process. In rare cases this process can exit before this point and block the progress of another member of the process group. This constraint has always been present,  but this warning has only been added since PyTorch 2.4 (function operator())
[W310 19:23:24.303094109 CUDAAllocatorConfig.h:28] Warning: expandable_segments not supported on this platform (function operator())
[rank0]:[W310 19:23:24.548114122 ProcessGroupNCCL.cpp:4115] [PG ID 0 PG GUID 0 Rank 0]  using GPU 0 to perform barrier as devices used by this process are currently unknown. This can potentially cause a hang if this rank to GPU mapping is incorrect.Specify device_ids in barrier() to force use of a particular device,or call init_process_group() with a device_id.
/home/suraj/miniforge3/envs/qvg_sf_eval/lib/python3.10/site-packages/clip/clip.py:6: UserWarning: pkg_resources is deprecated as an API. See https://setuptools.pypa.io/en/latest/pkg_resources.html. The pkg_resources package is slated for removal as early as 2025-11-30. Refrain from using this package or pin to Setuptools<81.
  from pkg_resources import packaging
/home/suraj/miniforge3/envs/qvg_sf_eval/lib/python3.10/site-packages/timm/models/layers/__init__.py:48: FutureWarning: Importing from timm.models.layers is deprecated, please import via timm.layers
  warnings.warn(f"Importing from {__name__} is deprecated, please import via timm.layers", FutureWarning)
/home/suraj/miniforge3/envs/qvg_sf_eval/lib/python3.10/site-packages/pyiqa/archs/arch_util.py:118: FutureWarning: You are using `torch.load` with `weights_only=False` (the current default value), which uses the default pickle module implicitly. It is possible to construct malicious pickle data which will execute arbitrary code during unpickling (See https://github.com/pytorch/pytorch/blob/main/SECURITY.md#untrusted-models for more details). In a future release, the default value for `weights_only` will be flipped to `True`. This limits the functions that could be executed during unpickling. Arbitrary objects will no longer be allowed to be loaded via this mode unless they are explicitly allowlisted by the user via `torch.serialization.add_safe_globals`. We recommend you start setting `weights_only=True` for any use case where you don't have full control of the loaded file. Please open an issue on GitHub for any issues related to this experimental feature.
  state_dict = torch.load(model_path, map_location=torch.device("cpu"))
args: Namespace(output_path='/data/vaishak/combined-kv-quant/results/benchmarks/storyeval/storyeval_flowcache_prune_int2_990b60e0bbd4_10prompts_10s/metrics/drift_work/vbench_imaging_quality_100', full_json_dir='/data/vaishak/combined-kv-quant/third_party/VBench/vbench/VBench_full_info.json', videos_path='/data/vaishak/combined-kv-quant/results/benchmarks/storyeval/storyeval_flowcache_prune_int2_990b60e0bbd4_10prompts_10s/metrics/drift_work/clips_100', dimension=['imaging_quality'], load_ckpt_from_local=None, read_frame=None, mode='custom_input', prompt='None', prompt_file='/data/vaishak/combined-kv-quant/results/benchmarks/storyeval/storyeval_flowcache_prune_int2_990b60e0bbd4_10prompts_10s/metrics/drift_work/prompt_map_100.json', category=None, imaging_quality_preprocessing_mode='longer')
start evaluation
Evaluation meta data saved to /data/vaishak/combined-kv-quant/results/benchmarks/storyeval/storyeval_flowcache_prune_int2_990b60e0bbd4_10prompts_10s/metrics/drift_work/vbench_imaging_quality_100/results_2026-03-10-19:23:24_full_info.json
cur_full_info_path: /data/vaishak/combined-kv-quant/results/benchmarks/storyeval/storyeval_flowcache_prune_int2_990b60e0bbd4_10prompts_10s/metrics/drift_work/vbench_imaging_quality_100/results_2026-03-10-19:23:24_full_info.json
Loading pretrained model MUSIQ from /home/vaishak/.cache/vbench/pyiqa_model/musiq_spaq_ckpt-358bb6af.pth
  0%|          | 0/10 [00:00<?, ?it/s] 10%|█         | 1/10 [00:02<00:18,  2.03s/it] 20%|██        | 2/10 [00:03<00:14,  1.85s/it] 30%|███       | 3/10 [00:05<00:12,  1.84s/it] 40%|████      | 4/10 [00:07<00:10,  1.81s/it] 50%|█████     | 5/10 [00:09<00:08,  1.79s/it] 60%|██████    | 6/10 [00:10<00:07,  1.78s/it] 70%|███████   | 7/10 [00:12<00:05,  1.77s/it] 80%|████████  | 8/10 [00:14<00:03,  1.78s/it] 90%|█████████ | 9/10 [00:16<00:01,  1.78s/it]100%|██████████| 10/10 [00:17<00:00,  1.78s/it]100%|██████████| 10/10 [00:17<00:00,  1.80s/it]
Evaluation results saved to /data/vaishak/combined-kv-quant/results/benchmarks/storyeval/storyeval_flowcache_prune_int2_990b60e0bbd4_10prompts_10s/metrics/drift_work/vbench_imaging_quality_100/results_2026-03-10-19:23:24_eval_results.json
done
[rank0]:[W310 19:23:44.469145592 ProcessGroupNCCL.cpp:1250] Warning: WARNING: process group has NOT been destroyed before we destruct ProcessGroupNCCL. On normal program exit, the application should call destroy_process_group to ensure that any pending NCCL operations have finished in this process. In rare cases this process can exit before this point and block the progress of another member of the process group. This constraint has always been present,  but this warning has only been added since PyTorch 2.4 (function operator())
[W310 19:23:55.319417833 CUDAAllocatorConfig.h:28] Warning: expandable_segments not supported on this platform (function operator())
[rank0]:[W310 19:23:55.569916117 ProcessGroupNCCL.cpp:4115] [PG ID 0 PG GUID 0 Rank 0]  using GPU 0 to perform barrier as devices used by this process are currently unknown. This can potentially cause a hang if this rank to GPU mapping is incorrect.Specify device_ids in barrier() to force use of a particular device,or call init_process_group() with a device_id.
/home/suraj/miniforge3/envs/qvg_sf_eval/lib/python3.10/site-packages/clip/clip.py:6: UserWarning: pkg_resources is deprecated as an API. See https://setuptools.pypa.io/en/latest/pkg_resources.html. The pkg_resources package is slated for removal as early as 2025-11-30. Refrain from using this package or pin to Setuptools<81.
  from pkg_resources import packaging
/home/suraj/miniforge3/envs/qvg_sf_eval/lib/python3.10/site-packages/timm/models/layers/__init__.py:48: FutureWarning: Importing from timm.models.layers is deprecated, please import via timm.layers
  warnings.warn(f"Importing from {__name__} is deprecated, please import via timm.layers", FutureWarning)
/home/suraj/miniforge3/envs/qvg_sf_eval/lib/python3.10/site-packages/pyiqa/archs/arch_util.py:118: FutureWarning: You are using `torch.load` with `weights_only=False` (the current default value), which uses the default pickle module implicitly. It is possible to construct malicious pickle data which will execute arbitrary code during unpickling (See https://github.com/pytorch/pytorch/blob/main/SECURITY.md#untrusted-models for more details). In a future release, the default value for `weights_only` will be flipped to `True`. This limits the functions that could be executed during unpickling. Arbitrary objects will no longer be allowed to be loaded via this mode unless they are explicitly allowlisted by the user via `torch.serialization.add_safe_globals`. We recommend you start setting `weights_only=True` for any use case where you don't have full control of the loaded file. Please open an issue on GitHub for any issues related to this experimental feature.
  state_dict = torch.load(model_path, map_location=torch.device("cpu"))
args: Namespace(output_path='/data/vaishak/combined-kv-quant/results/benchmarks/storyeval/storyeval_flowcache_prune_int2_990b60e0bbd4_10prompts_10s/metrics/drift_work/vbench_imaging_quality_150', full_json_dir='/data/vaishak/combined-kv-quant/third_party/VBench/vbench/VBench_full_info.json', videos_path='/data/vaishak/combined-kv-quant/results/benchmarks/storyeval/storyeval_flowcache_prune_int2_990b60e0bbd4_10prompts_10s/metrics/drift_work/clips_150', dimension=['imaging_quality'], load_ckpt_from_local=None, read_frame=None, mode='custom_input', prompt='None', prompt_file='/data/vaishak/combined-kv-quant/results/benchmarks/storyeval/storyeval_flowcache_prune_int2_990b60e0bbd4_10prompts_10s/metrics/drift_work/prompt_map_150.json', category=None, imaging_quality_preprocessing_mode='longer')
start evaluation
Evaluation meta data saved to /data/vaishak/combined-kv-quant/results/benchmarks/storyeval/storyeval_flowcache_prune_int2_990b60e0bbd4_10prompts_10s/metrics/drift_work/vbench_imaging_quality_150/results_2026-03-10-19:23:55_full_info.json
cur_full_info_path: /data/vaishak/combined-kv-quant/results/benchmarks/storyeval/storyeval_flowcache_prune_int2_990b60e0bbd4_10prompts_10s/metrics/drift_work/vbench_imaging_quality_150/results_2026-03-10-19:23:55_full_info.json
Loading pretrained model MUSIQ from /home/vaishak/.cache/vbench/pyiqa_model/musiq_spaq_ckpt-358bb6af.pth
  0%|          | 0/10 [00:00<?, ?it/s] 10%|█         | 1/10 [00:03<00:27,  3.02s/it] 20%|██        | 2/10 [00:05<00:22,  2.79s/it] 30%|███       | 3/10 [00:08<00:19,  2.76s/it] 40%|████      | 4/10 [00:11<00:16,  2.73s/it] 50%|█████     | 5/10 [00:13<00:13,  2.72s/it] 60%|██████    | 6/10 [00:16<00:10,  2.67s/it] 70%|███████   | 7/10 [00:18<00:07,  2.66s/it] 80%|████████  | 8/10 [00:21<00:05,  2.67s/it] 90%|█████████ | 9/10 [00:24<00:02,  2.65s/it]100%|██████████| 10/10 [00:26<00:00,  2.64s/it]100%|██████████| 10/10 [00:26<00:00,  2.69s/it]
Evaluation results saved to /data/vaishak/combined-kv-quant/results/benchmarks/storyeval/storyeval_flowcache_prune_int2_990b60e0bbd4_10prompts_10s/metrics/drift_work/vbench_imaging_quality_150/results_2026-03-10-19:23:55_eval_results.json
done
[rank0]:[W310 19:24:24.367185507 ProcessGroupNCCL.cpp:1250] Warning: WARNING: process group has NOT been destroyed before we destruct ProcessGroupNCCL. On normal program exit, the application should call destroy_process_group to ensure that any pending NCCL operations have finished in this process. In rare cases this process can exit before this point and block the progress of another member of the process group. This constraint has always been present,  but this warning has only been added since PyTorch 2.4 (function operator())
Wrote /data/vaishak/combined-kv-quant/results/benchmarks/storyeval/storyeval_flowcache_prune_int2_990b60e0bbd4_10prompts_10s/metrics/drift_imaging_quality.json
Wrote /data/vaishak/combined-kv-quant/results/benchmarks/storyeval/storyeval_flowcache_prune_int2_990b60e0bbd4_10prompts_10s/plots/drift_imaging_quality.png
Wrote /data/vaishak/combined-kv-quant/results/benchmarks/storyeval/storyeval_flowcache_prune_int2_990b60e0bbd4_10prompts_10s/summary/summary.json
Wrote /data/vaishak/combined-kv-quant/results/benchmarks/storyeval/storyeval_flowcache_prune_int2_990b60e0bbd4_10prompts_10s/summary/summary.csv
$ /home/suraj/miniforge3/envs/qvg_sf_infer/bin/python /data/vaishak/combined-kv-quant/scripts/01_generate.py --results-root /data/vaishak/combined-kv-quant/results/benchmarks/storyeval/storyeval_flowcache_prune_int2_990b60e0bbd4_10prompts_10s/profile_pass --method FLOWCACHE_PROFILE --prompt-path /data/vaishak/combined-kv-quant/data/prompts/storyeval/all_prompts.txt --max-prompts 10 --num-output-frames 42 --seed 0 --fps 16 --flowcache-recent-ratio 0.25 --device cuda:0 --use-ema --flowcache-recent-ratio 0.25 --flowcache-recent-bits 4 --flowcache-recent-method RTN --flowcache-old-method RTN --flowcache-min-layer-budget-scale 0.7 --flowcache-max-layer-budget-scale 1.3 --flowcache-important-old-ratio 0.1 --flowcache-importance-alpha 0.7 --flowcache-importance-beta 0.3 --flowcache-prune-retained-old-ratio 0.3 --flowcache-prune-refresh-gap-chunks 1 --low-memory
$ /home/suraj/miniforge3/envs/qvg_sf_infer/bin/python /data/vaishak/combined-kv-quant/scripts/01_generate.py --results-root /data/vaishak/combined-kv-quant/results/benchmarks/storyeval/storyeval_flowcache_prune_int2_990b60e0bbd4_10prompts_10s --method FLOWCACHE_PRUNE_INT2 --prompt-path /data/vaishak/combined-kv-quant/data/prompts/storyeval/all_prompts.txt --max-prompts 10 --num-output-frames 42 --seed 0 --fps 16 --device cuda:0 --use-ema --flowcache-recent-ratio 0.25 --flowcache-recent-bits 4 --flowcache-recent-method RTN --flowcache-old-method RTN --flowcache-min-layer-budget-scale 0.7 --flowcache-max-layer-budget-scale 1.3 --flowcache-important-old-ratio 0.1 --flowcache-importance-alpha 0.7 --flowcache-importance-beta 0.3 --flowcache-prune-retained-old-ratio 0.3 --flowcache-prune-refresh-gap-chunks 1 --low-memory --flowcache-layer-budget-path /data/vaishak/combined-kv-quant/results/benchmarks/storyeval/storyeval_flowcache_prune_int2_990b60e0bbd4_10prompts_10s/metrics/flowcache_profile_layer_budget.json
$ /home/suraj/miniforge3/envs/qvg_sf_eval/bin/python /data/vaishak/combined-kv-quant/scripts/eval_storyeval_vbench.py --run_dir /data/vaishak/combined-kv-quant/results/benchmarks/storyeval/storyeval_flowcache_prune_int2_990b60e0bbd4_10prompts_10s --python_bin /home/suraj/miniforge3/envs/qvg_sf_eval/bin/python
$ /home/suraj/miniforge3/envs/qvg_sf_eval/bin/python /data/vaishak/combined-kv-quant/scripts/eval_storyeval_drift.py --run_dir /data/vaishak/combined-kv-quant/results/benchmarks/storyeval/storyeval_flowcache_prune_int2_990b60e0bbd4_10prompts_10s --python_bin /home/suraj/miniforge3/envs/qvg_sf_eval/bin/python
$ /home/vaishak/miniforge3/bin/python3 /data/vaishak/combined-kv-quant/scripts/summarize_storyeval.py --run_dir /data/vaishak/combined-kv-quant/results/benchmarks/storyeval/storyeval_flowcache_prune_int2_990b60e0bbd4_10prompts_10s
StoryEval backfill completed for FLOWCACHE_PRUNE_INT2 under /data/vaishak/combined-kv-quant/results/benchmarks/storyeval/storyeval_flowcache_prune_int2_990b60e0bbd4_10prompts_10s
{
  "benchmark": "storyeval",
  "method": "FLOWCACHE_PRUNE_INT2",
  "config_id": "990b60e0bbd4",
  "run_id": "storyeval_flowcache_prune_int2_990b60e0bbd4_10prompts_10s",
  "created_utc": "2026-03-10T19:21:26.657654+00:00",
  "prompt_file": "/data/vaishak/combined-kv-quant/data/prompts/storyeval/all_prompts.txt",
  "num_prompts_selected": 10,
  "start_idx": 0,
  "end_idx": null,
  "max_prompts": 10,
  "seed": 0,
  "seeds_per_prompt": 1,
  "fps": 16,
  "duration_sec_requested": 10.0,
  "target_latent_frames": 42,
  "target_frames": 165,
  "effective_duration_sec": 10.3125,
  "resolution": [
    480,
    832
  ],
  "source_moviegen_run_root": "results/runs/backfill_flowcache_prune_int2_990b60e0bbd4_10s"
}
/data/vaishak/combined-kv-quant/third_party/Self-Forcing/wan/modules/vae.py:634: FutureWarning: You are using `torch.load` with `weights_only=False` (the current default value), which uses the default pickle module implicitly. It is possible to construct malicious pickle data which will execute arbitrary code during unpickling (See https://github.com/pytorch/pytorch/blob/main/SECURITY.md#untrusted-models for more details). In a future release, the default value for `weights_only` will be flipped to `True`. This limits the functions that could be executed during unpickling. Arbitrary objects will no longer be allowed to be loaded via this mode unless they are explicitly allowlisted by the user via `torch.serialization.add_safe_globals`. We recommend you start setting `weights_only=True` for any use case where you don't have full control of the loaded file. Please open an issue on GitHub for any issues related to this experimental feature.
  torch.load(pretrained_path, map_location=device), assign=True)
/data/vaishak/combined-kv-quant/scripts/01_generate.py:408: FutureWarning: You are using `torch.load` with `weights_only=False` (the current default value), which uses the default pickle module implicitly. It is possible to construct malicious pickle data which will execute arbitrary code during unpickling (See https://github.com/pytorch/pytorch/blob/main/SECURITY.md#untrusted-models for more details). In a future release, the default value for `weights_only` will be flipped to `True`. This limits the functions that could be executed during unpickling. Arbitrary objects will no longer be allowed to be loaded via this mode unless they are explicitly allowlisted by the user via `torch.serialization.add_safe_globals`. We recommend you start setting `weights_only=True` for any use case where you don't have full control of the loaded file. Please open an issue on GitHub for any issues related to this experimental feature.
  state_dict = torch.load(str(checkpoint_path), map_location="cpu")
KV inference with 3 frames per block
Moving DynamicSwap_WanTextEncoder to cuda:0 with preserved memory: 25.303240299224854 GB
current_timestep: 1000.0
current_timestep: 937.5
current_timestep: 833.3333129882812
current_timestep: 625.0
current_timestep: 1000.0
current_timestep: 937.5
current_timestep: 833.3333129882812
current_timestep: 625.0
current_timestep: 1000.0
current_timestep: 937.5
current_timestep: 833.3333129882812
current_timestep: 625.0
current_timestep: 1000.0
current_timestep: 937.5
current_timestep: 833.3333129882812
current_timestep: 625.0
current_timestep: 1000.0
current_timestep: 937.5
current_timestep: 833.3333129882812
current_timestep: 625.0
current_timestep: 1000.0
current_timestep: 937.5
current_timestep: 833.3333129882812
current_timestep: 625.0
current_timestep: 1000.0
current_timestep: 937.5
current_timestep: 833.3333129882812
current_timestep: 625.0
current_timestep: 1000.0
current_timestep: 937.5
current_timestep: 833.3333129882812
current_timestep: 625.0
current_timestep: 1000.0
current_timestep: 937.5
current_timestep: 833.3333129882812
current_timestep: 625.0
current_timestep: 1000.0
current_timestep: 937.5
current_timestep: 833.3333129882812
current_timestep: 625.0
current_timestep: 1000.0
current_timestep: 937.5
current_timestep: 833.3333129882812
current_timestep: 625.0
current_timestep: 1000.0
current_timestep: 937.5
current_timestep: 833.3333129882812
current_timestep: 625.0
current_timestep: 1000.0
current_timestep: 937.5
current_timestep: 833.3333129882812
current_timestep: 625.0
current_timestep: 1000.0
current_timestep: 937.5
current_timestep: 833.3333129882812
current_timestep: 625.0
Moving DynamicSwap_WanTextEncoder to cuda:0 with preserved memory: 24.55411195755005 GB
current_timestep: 1000.0
current_timestep: 937.5
current_timestep: 833.3333129882812
current_timestep: 625.0
current_timestep: 1000.0
current_timestep: 937.5
current_timestep: 833.3333129882812
current_timestep: 625.0
current_timestep: 1000.0
current_timestep: 937.5
current_timestep: 833.3333129882812
current_timestep: 625.0
current_timestep: 1000.0
current_timestep: 937.5
current_timestep: 833.3333129882812
current_timestep: 625.0
current_timestep: 1000.0
current_timestep: 937.5
current_timestep: 833.3333129882812
current_timestep: 625.0
current_timestep: 1000.0
current_timestep: 937.5
current_timestep: 833.3333129882812
current_timestep: 625.0
current_timestep: 1000.0
current_timestep: 937.5
current_timestep: 833.3333129882812
current_timestep: 625.0
current_timestep: 1000.0
current_timestep: 937.5
current_timestep: 833.3333129882812
current_timestep: 625.0
current_timestep: 1000.0
current_timestep: 937.5
current_timestep: 833.3333129882812
current_timestep: 625.0
current_timestep: 1000.0
current_timestep: 937.5
current_timestep: 833.3333129882812
current_timestep: 625.0
current_timestep: 1000.0
current_timestep: 937.5
current_timestep: 833.3333129882812
current_timestep: 625.0
current_timestep: 1000.0
current_timestep: 937.5
current_timestep: 833.3333129882812
current_timestep: 625.0
current_timestep: 1000.0
current_timestep: 937.5
current_timestep: 833.3333129882812
current_timestep: 625.0
current_timestep: 1000.0
current_timestep: 937.5
current_timestep: 833.3333129882812
current_timestep: 625.0
Moving DynamicSwap_WanTextEncoder to cuda:0 with preserved memory: 24.55411195755005 GB
current_timestep: 1000.0
current_timestep: 937.5
current_timestep: 833.3333129882812
current_timestep: 625.0
current_timestep: 1000.0
current_timestep: 937.5
current_timestep: 833.3333129882812
current_timestep: 625.0
current_timestep: 1000.0
current_timestep: 937.5
current_timestep: 833.3333129882812
current_timestep: 625.0
current_timestep: 1000.0
current_timestep: 937.5
current_timestep: 833.3333129882812
current_timestep: 625.0
current_timestep: 1000.0
current_timestep: 937.5
current_timestep: 833.3333129882812
current_timestep: 625.0
current_timestep: 1000.0
current_timestep: 937.5
current_timestep: 833.3333129882812
current_timestep: 625.0
current_timestep: 1000.0
current_timestep: 937.5
current_timestep: 833.3333129882812
current_timestep: 625.0
current_timestep: 1000.0
current_timestep: 937.5
current_timestep: 833.3333129882812
current_timestep: 625.0
current_timestep: 1000.0
current_timestep: 937.5
current_timestep: 833.3333129882812
current_timestep: 625.0
current_timestep: 1000.0
current_timestep: 937.5
current_timestep: 833.3333129882812
current_timestep: 625.0
current_timestep: 1000.0
current_timestep: 937.5
current_timestep: 833.3333129882812
current_timestep: 625.0
current_timestep: 1000.0
current_timestep: 937.5
current_timestep: 833.3333129882812
current_timestep: 625.0
current_timestep: 1000.0
current_timestep: 937.5
current_timestep: 833.3333129882812
current_timestep: 625.0
current_timestep: 1000.0
current_timestep: 937.5
current_timestep: 833.3333129882812
current_timestep: 625.0
Moving DynamicSwap_WanTextEncoder to cuda:0 with preserved memory: 24.55411195755005 GB
current_timestep: 1000.0
current_timestep: 937.5
current_timestep: 833.3333129882812
current_timestep: 625.0
current_timestep: 1000.0
current_timestep: 937.5
current_timestep: 833.3333129882812
current_timestep: 625.0
current_timestep: 1000.0
current_timestep: 937.5
current_timestep: 833.3333129882812
current_timestep: 625.0
current_timestep: 1000.0
current_timestep: 937.5
current_timestep: 833.3333129882812
current_timestep: 625.0
current_timestep: 1000.0
current_timestep: 937.5
current_timestep: 833.3333129882812
current_timestep: 625.0
current_timestep: 1000.0
current_timestep: 937.5
current_timestep: 833.3333129882812
current_timestep: 625.0
current_timestep: 1000.0
current_timestep: 937.5
current_timestep: 833.3333129882812
current_timestep: 625.0
current_timestep: 1000.0
current_timestep: 937.5
current_timestep: 833.3333129882812
current_timestep: 625.0
current_timestep: 1000.0
current_timestep: 937.5
current_timestep: 833.3333129882812
current_timestep: 625.0
current_timestep: 1000.0
current_timestep: 937.5
current_timestep: 833.3333129882812
current_timestep: 625.0
current_timestep: 1000.0
current_timestep: 937.5
current_timestep: 833.3333129882812
current_timestep: 625.0
current_timestep: 1000.0
current_timestep: 937.5
current_timestep: 833.3333129882812
current_timestep: 625.0
current_timestep: 1000.0
current_timestep: 937.5
current_timestep: 833.3333129882812
current_timestep: 625.0
current_timestep: 1000.0
current_timestep: 937.5
current_timestep: 833.3333129882812
current_timestep: 625.0
Moving DynamicSwap_WanTextEncoder to cuda:0 with preserved memory: 24.55411195755005 GB
current_timestep: 1000.0
current_timestep: 937.5
current_timestep: 833.3333129882812
current_timestep: 625.0
current_timestep: 1000.0
current_timestep: 937.5
current_timestep: 833.3333129882812
current_timestep: 625.0
current_timestep: 1000.0
current_timestep: 937.5
current_timestep: 833.3333129882812
current_timestep: 625.0
current_timestep: 1000.0
current_timestep: 937.5
current_timestep: 833.3333129882812
current_timestep: 625.0
current_timestep: 1000.0
current_timestep: 937.5
current_timestep: 833.3333129882812
current_timestep: 625.0
current_timestep: 1000.0
current_timestep: 937.5
current_timestep: 833.3333129882812
current_timestep: 625.0
current_timestep: 1000.0
current_timestep: 937.5
current_timestep: 833.3333129882812
current_timestep: 625.0
current_timestep: 1000.0
current_timestep: 937.5
current_timestep: 833.3333129882812
current_timestep: 625.0
current_timestep: 1000.0
current_timestep: 937.5
current_timestep: 833.3333129882812
current_timestep: 625.0
current_timestep: 1000.0
current_timestep: 937.5
current_timestep: 833.3333129882812
current_timestep: 625.0
current_timestep: 1000.0
current_timestep: 937.5
current_timestep: 833.3333129882812
current_timestep: 625.0
current_timestep: 1000.0
current_timestep: 937.5
current_timestep: 833.3333129882812
current_timestep: 625.0
current_timestep: 1000.0
current_timestep: 937.5
current_timestep: 833.3333129882812
current_timestep: 625.0
current_timestep: 1000.0
current_timestep: 937.5
current_timestep: 833.3333129882812
current_timestep: 625.0
Moving DynamicSwap_WanTextEncoder to cuda:0 with preserved memory: 24.55411195755005 GB
current_timestep: 1000.0
current_timestep: 937.5
current_timestep: 833.3333129882812
current_timestep: 625.0
current_timestep: 1000.0
current_timestep: 937.5
current_timestep: 833.3333129882812
current_timestep: 625.0
current_timestep: 1000.0
current_timestep: 937.5
current_timestep: 833.3333129882812
current_timestep: 625.0
current_timestep: 1000.0
current_timestep: 937.5
current_timestep: 833.3333129882812
current_timestep: 625.0
current_timestep: 1000.0
current_timestep: 937.5
current_timestep: 833.3333129882812
current_timestep: 625.0
current_timestep: 1000.0
current_timestep: 937.5
current_timestep: 833.3333129882812
current_timestep: 625.0
current_timestep: 1000.0
current_timestep: 937.5
current_timestep: 833.3333129882812
current_timestep: 625.0
current_timestep: 1000.0
current_timestep: 937.5
current_timestep: 833.3333129882812
current_timestep: 625.0
current_timestep: 1000.0
current_timestep: 937.5
current_timestep: 833.3333129882812
current_timestep: 625.0
current_timestep: 1000.0
current_timestep: 937.5
current_timestep: 833.3333129882812
current_timestep: 625.0
current_timestep: 1000.0
current_timestep: 937.5
current_timestep: 833.3333129882812
current_timestep: 625.0
current_timestep: 1000.0
current_timestep: 937.5
current_timestep: 833.3333129882812
current_timestep: 625.0
current_timestep: 1000.0
current_timestep: 937.5
current_timestep: 833.3333129882812
current_timestep: 625.0
current_timestep: 1000.0
current_timestep: 937.5
current_timestep: 833.3333129882812
current_timestep: 625.0
Moving DynamicSwap_WanTextEncoder to cuda:0 with preserved memory: 24.55411195755005 GB
current_timestep: 1000.0
current_timestep: 937.5
current_timestep: 833.3333129882812
current_timestep: 625.0
current_timestep: 1000.0
current_timestep: 937.5
current_timestep: 833.3333129882812
current_timestep: 625.0
current_timestep: 1000.0
current_timestep: 937.5
current_timestep: 833.3333129882812
current_timestep: 625.0
current_timestep: 1000.0
current_timestep: 937.5
current_timestep: 833.3333129882812
current_timestep: 625.0
current_timestep: 1000.0
current_timestep: 937.5
current_timestep: 833.3333129882812
current_timestep: 625.0
current_timestep: 1000.0
current_timestep: 937.5
current_timestep: 833.3333129882812
current_timestep: 625.0
current_timestep: 1000.0
current_timestep: 937.5
current_timestep: 833.3333129882812
current_timestep: 625.0
current_timestep: 1000.0
current_timestep: 937.5
current_timestep: 833.3333129882812
current_timestep: 625.0
current_timestep: 1000.0
current_timestep: 937.5
current_timestep: 833.3333129882812
current_timestep: 625.0
current_timestep: 1000.0
current_timestep: 937.5
current_timestep: 833.3333129882812
current_timestep: 625.0
current_timestep: 1000.0
current_timestep: 937.5
current_timestep: 833.3333129882812
current_timestep: 625.0
current_timestep: 1000.0
current_timestep: 937.5
current_timestep: 833.3333129882812
current_timestep: 625.0
current_timestep: 1000.0
current_timestep: 937.5
current_timestep: 833.3333129882812
current_timestep: 625.0
current_timestep: 1000.0
current_timestep: 937.5
current_timestep: 833.3333129882812
current_timestep: 625.0
Moving DynamicSwap_WanTextEncoder to cuda:0 with preserved memory: 24.55411195755005 GB
current_timestep: 1000.0
current_timestep: 937.5
current_timestep: 833.3333129882812
current_timestep: 625.0
current_timestep: 1000.0
current_timestep: 937.5
current_timestep: 833.3333129882812
current_timestep: 625.0
current_timestep: 1000.0
current_timestep: 937.5
current_timestep: 833.3333129882812
current_timestep: 625.0
current_timestep: 1000.0
current_timestep: 937.5
current_timestep: 833.3333129882812
current_timestep: 625.0
current_timestep: 1000.0
current_timestep: 937.5
current_timestep: 833.3333129882812
current_timestep: 625.0
current_timestep: 1000.0
current_timestep: 937.5
current_timestep: 833.3333129882812
current_timestep: 625.0
current_timestep: 1000.0
current_timestep: 937.5
current_timestep: 833.3333129882812
current_timestep: 625.0
current_timestep: 1000.0
current_timestep: 937.5
current_timestep: 833.3333129882812
current_timestep: 625.0
current_timestep: 1000.0
current_timestep: 937.5
current_timestep: 833.3333129882812
current_timestep: 625.0
current_timestep: 1000.0
current_timestep: 937.5
current_timestep: 833.3333129882812
current_timestep: 625.0
current_timestep: 1000.0
current_timestep: 937.5
current_timestep: 833.3333129882812
current_timestep: 625.0
current_timestep: 1000.0
current_timestep: 937.5
current_timestep: 833.3333129882812
current_timestep: 625.0
current_timestep: 1000.0
current_timestep: 937.5
current_timestep: 833.3333129882812
current_timestep: 625.0
current_timestep: 1000.0
current_timestep: 937.5
current_timestep: 833.3333129882812
current_timestep: 625.0
Moving DynamicSwap_WanTextEncoder to cuda:0 with preserved memory: 24.55411195755005 GB
current_timestep: 1000.0
current_timestep: 937.5
current_timestep: 833.3333129882812
current_timestep: 625.0
current_timestep: 1000.0
current_timestep: 937.5
current_timestep: 833.3333129882812
current_timestep: 625.0
current_timestep: 1000.0
current_timestep: 937.5
current_timestep: 833.3333129882812
current_timestep: 625.0
current_timestep: 1000.0
current_timestep: 937.5
current_timestep: 833.3333129882812
current_timestep: 625.0
current_timestep: 1000.0
current_timestep: 937.5
current_timestep: 833.3333129882812
current_timestep: 625.0
current_timestep: 1000.0
current_timestep: 937.5
current_timestep: 833.3333129882812
current_timestep: 625.0
current_timestep: 1000.0
current_timestep: 937.5
current_timestep: 833.3333129882812
current_timestep: 625.0
current_timestep: 1000.0
current_timestep: 937.5
current_timestep: 833.3333129882812
current_timestep: 625.0
current_timestep: 1000.0
current_timestep: 937.5
current_timestep: 833.3333129882812
current_timestep: 625.0
current_timestep: 1000.0
current_timestep: 937.5
current_timestep: 833.3333129882812
current_timestep: 625.0
current_timestep: 1000.0
current_timestep: 937.5
current_timestep: 833.3333129882812
current_timestep: 625.0
current_timestep: 1000.0
current_timestep: 937.5
current_timestep: 833.3333129882812
current_timestep: 625.0
current_timestep: 1000.0
current_timestep: 937.5
current_timestep: 833.3333129882812
current_timestep: 625.0
current_timestep: 1000.0
current_timestep: 937.5
current_timestep: 833.3333129882812
current_timestep: 625.0
Moving DynamicSwap_WanTextEncoder to cuda:0 with preserved memory: 24.55411195755005 GB
current_timestep: 1000.0
current_timestep: 937.5
current_timestep: 833.3333129882812
current_timestep: 625.0
current_timestep: 1000.0
current_timestep: 937.5
current_timestep: 833.3333129882812
current_timestep: 625.0
current_timestep: 1000.0
current_timestep: 937.5
current_timestep: 833.3333129882812
current_timestep: 625.0
current_timestep: 1000.0
current_timestep: 937.5
current_timestep: 833.3333129882812
current_timestep: 625.0
current_timestep: 1000.0
current_timestep: 937.5
current_timestep: 833.3333129882812
current_timestep: 625.0
current_timestep: 1000.0
current_timestep: 937.5
current_timestep: 833.3333129882812
current_timestep: 625.0
current_timestep: 1000.0
current_timestep: 937.5
current_timestep: 833.3333129882812
current_timestep: 625.0
current_timestep: 1000.0
current_timestep: 937.5
current_timestep: 833.3333129882812
current_timestep: 625.0
current_timestep: 1000.0
current_timestep: 937.5
current_timestep: 833.3333129882812
current_timestep: 625.0
current_timestep: 1000.0
current_timestep: 937.5
current_timestep: 833.3333129882812
current_timestep: 625.0
current_timestep: 1000.0
current_timestep: 937.5
current_timestep: 833.3333129882812
current_timestep: 625.0
current_timestep: 1000.0
current_timestep: 937.5
current_timestep: 833.3333129882812
current_timestep: 625.0
current_timestep: 1000.0
current_timestep: 937.5
current_timestep: 833.3333129882812
current_timestep: 625.0
current_timestep: 1000.0
current_timestep: 937.5
current_timestep: 833.3333129882812
current_timestep: 625.0
{
  "method": "FLOWCACHE_PROFILE",
  "num_prompts": 10,
  "num_samples": 1,
  "total_runtime_s": 682.5784913296811,
  "avg_runtime_s_per_prompt": 68.25784913296812,
  "peak_vram_bytes": 20701900800,
  "quantize_time_s": 273.15639560250565,
  "dequantize_time_s": 0.08602322870865464,
  "bf16_kv_bytes": 12076646400,
  "compressed_kv_bytes": 12076646400,
  "compression_ratio": 1.0,
  "first_video_shape": [
    1,
    165,
    3,
    480,
    832
  ],
  "flowcache_profile_recent_ratio": 0.25,
  "flowcache_profile_num_layers": 30,
  "flowcache_profile_avg_old_delta": 0.03832117705267202,
  "flowcache_profile_layer_scores": {
    "0": 0.04064325703055424,
    "1": 0.039067117673171274,
    "2": 0.03911603269609228,
    "3": 0.038480874097795555,
    "4": 0.0385574129037559,
    "5": 0.038381486685031045,
    "6": 0.03870747834325657,
    "7": 0.0384556553455196,
    "8": 0.03828419303142671,
    "9": 0.03852405417039675,
    "10": 0.03734539179099818,
    "11": 0.037614283801640495,
    "12": 0.03728440151960289,
    "13": 0.03696471641388706,
    "14": 0.03720328872056552,
    "15": 0.0374373966262881,
    "16": 0.037026501723951895,
    "17": 0.03729290659831427,
    "18": 0.03775208990492116,
    "19": 0.0377721864672504,
    "20": 0.03792213278254336,
    "21": 0.038140408053710044,
    "22": 0.03816819294710975,
    "23": 0.0383359296856669,
    "24": 0.03883931915480959,
    "25": 0.03865265368349787,
    "26": 0.03847314826891584,
    "27": 0.039281011896160574,
    "28": 0.03922499770969468,
    "29": 0.04068679185363196
  },
  "flowcache_profile_layer_scores_all_chunks": {
    "0": 0.0499087938122333,
    "1": 0.040654956384310645,
    "2": 0.037119689591347226,
    "3": 0.03432074030287682,
    "4": 0.033783780933609085,
    "5": 0.03347331774317556,
    "6": 0.0343245726646412,
    "7": 0.033938657990760276,
    "8": 0.0331635619574596,
    "9": 0.033155100517802766,
    "10": 0.03260272433183023,
    "11": 0.033043801108286495,
    "12": 0.031918083703588875,
    "13": 0.03154074384437667,
    "14": 0.03137295445220338,
    "15": 0.03212277529707977,
    "16": 0.03125897834603748,
    "17": 0.031935059697500295,
    "18": 0.031933384333988506,
    "19": 0.03403873107629636,
    "20": 0.03491216649635444,
    "21": 0.03607688821142628,
    "22": 0.03636953983597812,
    "23": 0.0358090360017996,
    "24": 0.036061376246786306,
    "25": 0.03506880420280827,
    "26": 0.03441997278540854,
    "27": 0.03491027537082869,
    "28": 0.03358256725493878,
    "29": 0.03950761121038407
  }
}
/data/vaishak/combined-kv-quant/third_party/Self-Forcing/wan/modules/vae.py:634: FutureWarning: You are using `torch.load` with `weights_only=False` (the current default value), which uses the default pickle module implicitly. It is possible to construct malicious pickle data which will execute arbitrary code during unpickling (See https://github.com/pytorch/pytorch/blob/main/SECURITY.md#untrusted-models for more details). In a future release, the default value for `weights_only` will be flipped to `True`. This limits the functions that could be executed during unpickling. Arbitrary objects will no longer be allowed to be loaded via this mode unless they are explicitly allowlisted by the user via `torch.serialization.add_safe_globals`. We recommend you start setting `weights_only=True` for any use case where you don't have full control of the loaded file. Please open an issue on GitHub for any issues related to this experimental feature.
  torch.load(pretrained_path, map_location=device), assign=True)
/data/vaishak/combined-kv-quant/scripts/01_generate.py:408: FutureWarning: You are using `torch.load` with `weights_only=False` (the current default value), which uses the default pickle module implicitly. It is possible to construct malicious pickle data which will execute arbitrary code during unpickling (See https://github.com/pytorch/pytorch/blob/main/SECURITY.md#untrusted-models for more details). In a future release, the default value for `weights_only` will be flipped to `True`. This limits the functions that could be executed during unpickling. Arbitrary objects will no longer be allowed to be loaded via this mode unless they are explicitly allowlisted by the user via `torch.serialization.add_safe_globals`. We recommend you start setting `weights_only=True` for any use case where you don't have full control of the loaded file. Please open an issue on GitHub for any issues related to this experimental feature.
  state_dict = torch.load(str(checkpoint_path), map_location="cpu")
KV inference with 3 frames per block
Moving DynamicSwap_WanTextEncoder to cuda:0 with preserved memory: 25.303240299224854 GB
current_timestep: 1000.0
current_timestep: 937.5
current_timestep: 833.3333129882812
current_timestep: 625.0
current_timestep: 1000.0
current_timestep: 937.5
current_timestep: 833.3333129882812
current_timestep: 625.0
current_timestep: 1000.0
current_timestep: 937.5
current_timestep: 833.3333129882812
current_timestep: 625.0
current_timestep: 1000.0
current_timestep: 937.5
current_timestep: 833.3333129882812
current_timestep: 625.0
current_timestep: 1000.0
current_timestep: 937.5
current_timestep: 833.3333129882812
current_timestep: 625.0
current_timestep: 1000.0
current_timestep: 937.5
current_timestep: 833.3333129882812
current_timestep: 625.0
current_timestep: 1000.0
current_timestep: 937.5
current_timestep: 833.3333129882812
current_timestep: 625.0
current_timestep: 1000.0
current_timestep: 937.5
current_timestep: 833.3333129882812
current_timestep: 625.0
current_timestep: 1000.0
current_timestep: 937.5
current_timestep: 833.3333129882812
current_timestep: 625.0
current_timestep: 1000.0
current_timestep: 937.5
current_timestep: 833.3333129882812
current_timestep: 625.0
current_timestep: 1000.0
current_timestep: 937.5
current_timestep: 833.3333129882812
current_timestep: 625.0
current_timestep: 1000.0
current_timestep: 937.5
current_timestep: 833.3333129882812
current_timestep: 625.0
current_timestep: 1000.0
current_timestep: 937.5
current_timestep: 833.3333129882812
current_timestep: 625.0
current_timestep: 1000.0
current_timestep: 937.5
current_timestep: 833.3333129882812
current_timestep: 625.0
Moving DynamicSwap_WanTextEncoder to cuda:0 with preserved memory: 24.55411195755005 GB
current_timestep: 1000.0
current_timestep: 937.5
current_timestep: 833.3333129882812
current_timestep: 625.0
current_timestep: 1000.0
current_timestep: 937.5
current_timestep: 833.3333129882812
current_timestep: 625.0
current_timestep: 1000.0
current_timestep: 937.5
current_timestep: 833.3333129882812
current_timestep: 625.0
current_timestep: 1000.0
current_timestep: 937.5
current_timestep: 833.3333129882812
current_timestep: 625.0
current_timestep: 1000.0
current_timestep: 937.5
current_timestep: 833.3333129882812
current_timestep: 625.0
current_timestep: 1000.0
current_timestep: 937.5
current_timestep: 833.3333129882812
current_timestep: 625.0
current_timestep: 1000.0
current_timestep: 937.5
current_timestep: 833.3333129882812
current_timestep: 625.0
current_timestep: 1000.0
current_timestep: 937.5
current_timestep: 833.3333129882812
current_timestep: 625.0
current_timestep: 1000.0
current_timestep: 937.5
current_timestep: 833.3333129882812
current_timestep: 625.0
current_timestep: 1000.0
current_timestep: 937.5
current_timestep: 833.3333129882812
current_timestep: 625.0
current_timestep: 1000.0
current_timestep: 937.5
current_timestep: 833.3333129882812
current_timestep: 625.0
current_timestep: 1000.0
current_timestep: 937.5
current_timestep: 833.3333129882812
current_timestep: 625.0
current_timestep: 1000.0
current_timestep: 937.5
current_timestep: 833.3333129882812
current_timestep: 625.0
current_timestep: 1000.0
current_timestep: 937.5
current_timestep: 833.3333129882812
current_timestep: 625.0
Moving DynamicSwap_WanTextEncoder to cuda:0 with preserved memory: 24.55411195755005 GB
current_timestep: 1000.0
current_timestep: 937.5
current_timestep: 833.3333129882812
current_timestep: 625.0
current_timestep: 1000.0
current_timestep: 937.5
current_timestep: 833.3333129882812
current_timestep: 625.0
current_timestep: 1000.0
current_timestep: 937.5
current_timestep: 833.3333129882812
current_timestep: 625.0
current_timestep: 1000.0
current_timestep: 937.5
current_timestep: 833.3333129882812
current_timestep: 625.0
current_timestep: 1000.0
current_timestep: 937.5
current_timestep: 833.3333129882812
current_timestep: 625.0
current_timestep: 1000.0
current_timestep: 937.5
current_timestep: 833.3333129882812
current_timestep: 625.0
current_timestep: 1000.0
current_timestep: 937.5
current_timestep: 833.3333129882812
current_timestep: 625.0
current_timestep: 1000.0
current_timestep: 937.5
current_timestep: 833.3333129882812
current_timestep: 625.0
current_timestep: 1000.0
current_timestep: 937.5
current_timestep: 833.3333129882812
current_timestep: 625.0
current_timestep: 1000.0
current_timestep: 937.5
current_timestep: 833.3333129882812
current_timestep: 625.0
current_timestep: 1000.0
current_timestep: 937.5
current_timestep: 833.3333129882812
current_timestep: 625.0
current_timestep: 1000.0
current_timestep: 937.5
current_timestep: 833.3333129882812
current_timestep: 625.0
current_timestep: 1000.0
current_timestep: 937.5
current_timestep: 833.3333129882812
current_timestep: 625.0
current_timestep: 1000.0
current_timestep: 937.5
current_timestep: 833.3333129882812
current_timestep: 625.0
Moving DynamicSwap_WanTextEncoder to cuda:0 with preserved memory: 24.55411195755005 GB
current_timestep: 1000.0
current_timestep: 937.5
current_timestep: 833.3333129882812
current_timestep: 625.0
current_timestep: 1000.0
current_timestep: 937.5
current_timestep: 833.3333129882812
current_timestep: 625.0
current_timestep: 1000.0
current_timestep: 937.5
current_timestep: 833.3333129882812
current_timestep: 625.0
current_timestep: 1000.0
current_timestep: 937.5
current_timestep: 833.3333129882812
current_timestep: 625.0
current_timestep: 1000.0
current_timestep: 937.5
current_timestep: 833.3333129882812
current_timestep: 625.0
current_timestep: 1000.0
current_timestep: 937.5
current_timestep: 833.3333129882812
current_timestep: 625.0
current_timestep: 1000.0
current_timestep: 937.5
current_timestep: 833.3333129882812
current_timestep: 625.0
current_timestep: 1000.0
current_timestep: 937.5
current_timestep: 833.3333129882812
current_timestep: 625.0
current_timestep: 1000.0
current_timestep: 937.5
current_timestep: 833.3333129882812
current_timestep: 625.0
current_timestep: 1000.0
current_timestep: 937.5
current_timestep: 833.3333129882812
current_timestep: 625.0
current_timestep: 1000.0
current_timestep: 937.5
current_timestep: 833.3333129882812
current_timestep: 625.0
current_timestep: 1000.0
current_timestep: 937.5
current_timestep: 833.3333129882812
current_timestep: 625.0
current_timestep: 1000.0
current_timestep: 937.5
current_timestep: 833.3333129882812
current_timestep: 625.0
current_timestep: 1000.0
current_timestep: 937.5
current_timestep: 833.3333129882812
current_timestep: 625.0
Moving DynamicSwap_WanTextEncoder to cuda:0 with preserved memory: 24.55411195755005 GB
current_timestep: 1000.0
current_timestep: 937.5
current_timestep: 833.3333129882812
current_timestep: 625.0
current_timestep: 1000.0
current_timestep: 937.5
current_timestep: 833.3333129882812
current_timestep: 625.0
current_timestep: 1000.0
current_timestep: 937.5
current_timestep: 833.3333129882812
current_timestep: 625.0
current_timestep: 1000.0
current_timestep: 937.5
current_timestep: 833.3333129882812
current_timestep: 625.0
current_timestep: 1000.0
current_timestep: 937.5
current_timestep: 833.3333129882812
current_timestep: 625.0
current_timestep: 1000.0
current_timestep: 937.5
current_timestep: 833.3333129882812
current_timestep: 625.0
current_timestep: 1000.0
current_timestep: 937.5
current_timestep: 833.3333129882812
current_timestep: 625.0
current_timestep: 1000.0
current_timestep: 937.5
current_timestep: 833.3333129882812
current_timestep: 625.0
current_timestep: 1000.0
current_timestep: 937.5
current_timestep: 833.3333129882812
current_timestep: 625.0
current_timestep: 1000.0
current_timestep: 937.5
current_timestep: 833.3333129882812
current_timestep: 625.0
current_timestep: 1000.0
current_timestep: 937.5
current_timestep: 833.3333129882812
current_timestep: 625.0
current_timestep: 1000.0
current_timestep: 937.5
current_timestep: 833.3333129882812
current_timestep: 625.0
current_timestep: 1000.0
current_timestep: 937.5
current_timestep: 833.3333129882812
current_timestep: 625.0
current_timestep: 1000.0
current_timestep: 937.5
current_timestep: 833.3333129882812
current_timestep: 625.0
Moving DynamicSwap_WanTextEncoder to cuda:0 with preserved memory: 24.55411195755005 GB
current_timestep: 1000.0
current_timestep: 937.5
current_timestep: 833.3333129882812
current_timestep: 625.0
current_timestep: 1000.0
current_timestep: 937.5
current_timestep: 833.3333129882812
current_timestep: 625.0
current_timestep: 1000.0
current_timestep: 937.5
current_timestep: 833.3333129882812
current_timestep: 625.0
current_timestep: 1000.0
current_timestep: 937.5
current_timestep: 833.3333129882812
current_timestep: 625.0
current_timestep: 1000.0
current_timestep: 937.5
current_timestep: 833.3333129882812
current_timestep: 625.0
current_timestep: 1000.0
current_timestep: 937.5
current_timestep: 833.3333129882812
current_timestep: 625.0
current_timestep: 1000.0
current_timestep: 937.5
current_timestep: 833.3333129882812
current_timestep: 625.0
current_timestep: 1000.0
current_timestep: 937.5
current_timestep: 833.3333129882812
current_timestep: 625.0
current_timestep: 1000.0
current_timestep: 937.5
current_timestep: 833.3333129882812
current_timestep: 625.0
current_timestep: 1000.0
current_timestep: 937.5
current_timestep: 833.3333129882812
current_timestep: 625.0
current_timestep: 1000.0
current_timestep: 937.5
current_timestep: 833.3333129882812
current_timestep: 625.0
current_timestep: 1000.0
current_timestep: 937.5
current_timestep: 833.3333129882812
current_timestep: 625.0
current_timestep: 1000.0
current_timestep: 937.5
current_timestep: 833.3333129882812
current_timestep: 625.0
current_timestep: 1000.0
current_timestep: 937.5
current_timestep: 833.3333129882812
current_timestep: 625.0
Moving DynamicSwap_WanTextEncoder to cuda:0 with preserved memory: 24.55411195755005 GB
current_timestep: 1000.0
current_timestep: 937.5
current_timestep: 833.3333129882812
current_timestep: 625.0
current_timestep: 1000.0
current_timestep: 937.5
current_timestep: 833.3333129882812
current_timestep: 625.0
current_timestep: 1000.0
current_timestep: 937.5
current_timestep: 833.3333129882812
current_timestep: 625.0
current_timestep: 1000.0
current_timestep: 937.5
current_timestep: 833.3333129882812
current_timestep: 625.0
current_timestep: 1000.0
current_timestep: 937.5
current_timestep: 833.3333129882812
current_timestep: 625.0
current_timestep: 1000.0
current_timestep: 937.5
current_timestep: 833.3333129882812
current_timestep: 625.0
current_timestep: 1000.0
current_timestep: 937.5
current_timestep: 833.3333129882812
current_timestep: 625.0
current_timestep: 1000.0
current_timestep: 937.5
current_timestep: 833.3333129882812
current_timestep: 625.0
current_timestep: 1000.0
current_timestep: 937.5
current_timestep: 833.3333129882812
current_timestep: 625.0
current_timestep: 1000.0
current_timestep: 937.5
current_timestep: 833.3333129882812
current_timestep: 625.0
current_timestep: 1000.0
current_timestep: 937.5
current_timestep: 833.3333129882812
current_timestep: 625.0
current_timestep: 1000.0
current_timestep: 937.5
current_timestep: 833.3333129882812
current_timestep: 625.0
current_timestep: 1000.0
current_timestep: 937.5
current_timestep: 833.3333129882812
current_timestep: 625.0
current_timestep: 1000.0
current_timestep: 937.5
current_timestep: 833.3333129882812
current_timestep: 625.0
Moving DynamicSwap_WanTextEncoder to cuda:0 with preserved memory: 24.55411195755005 GB
current_timestep: 1000.0
current_timestep: 937.5
current_timestep: 833.3333129882812
current_timestep: 625.0
current_timestep: 1000.0
current_timestep: 937.5
current_timestep: 833.3333129882812
current_timestep: 625.0
current_timestep: 1000.0
current_timestep: 937.5
current_timestep: 833.3333129882812
current_timestep: 625.0
current_timestep: 1000.0
current_timestep: 937.5
current_timestep: 833.3333129882812
current_timestep: 625.0
current_timestep: 1000.0
current_timestep: 937.5
current_timestep: 833.3333129882812
current_timestep: 625.0
current_timestep: 1000.0
current_timestep: 937.5
current_timestep: 833.3333129882812
current_timestep: 625.0
current_timestep: 1000.0
current_timestep: 937.5
current_timestep: 833.3333129882812
current_timestep: 625.0
current_timestep: 1000.0
current_timestep: 937.5
current_timestep: 833.3333129882812
current_timestep: 625.0
current_timestep: 1000.0
current_timestep: 937.5
current_timestep: 833.3333129882812
current_timestep: 625.0
current_timestep: 1000.0
current_timestep: 937.5
current_timestep: 833.3333129882812
current_timestep: 625.0
current_timestep: 1000.0
current_timestep: 937.5
current_timestep: 833.3333129882812
current_timestep: 625.0
current_timestep: 1000.0
current_timestep: 937.5
current_timestep: 833.3333129882812
current_timestep: 625.0
current_timestep: 1000.0
current_timestep: 937.5
current_timestep: 833.3333129882812
current_timestep: 625.0
current_timestep: 1000.0
current_timestep: 937.5
current_timestep: 833.3333129882812
current_timestep: 625.0
Moving DynamicSwap_WanTextEncoder to cuda:0 with preserved memory: 24.55411195755005 GB
current_timestep: 1000.0
current_timestep: 937.5
current_timestep: 833.3333129882812
current_timestep: 625.0
current_timestep: 1000.0
current_timestep: 937.5
current_timestep: 833.3333129882812
current_timestep: 625.0
current_timestep: 1000.0
current_timestep: 937.5
current_timestep: 833.3333129882812
current_timestep: 625.0
current_timestep: 1000.0
current_timestep: 937.5
current_timestep: 833.3333129882812
current_timestep: 625.0
current_timestep: 1000.0
current_timestep: 937.5
current_timestep: 833.3333129882812
current_timestep: 625.0
current_timestep: 1000.0
current_timestep: 937.5
current_timestep: 833.3333129882812
current_timestep: 625.0
current_timestep: 1000.0
current_timestep: 937.5
current_timestep: 833.3333129882812
current_timestep: 625.0
current_timestep: 1000.0
current_timestep: 937.5
current_timestep: 833.3333129882812
current_timestep: 625.0
current_timestep: 1000.0
current_timestep: 937.5
current_timestep: 833.3333129882812
current_timestep: 625.0
current_timestep: 1000.0
current_timestep: 937.5
current_timestep: 833.3333129882812
current_timestep: 625.0
current_timestep: 1000.0
current_timestep: 937.5
current_timestep: 833.3333129882812
current_timestep: 625.0
current_timestep: 1000.0
current_timestep: 937.5
current_timestep: 833.3333129882812
current_timestep: 625.0
current_timestep: 1000.0
current_timestep: 937.5
current_timestep: 833.3333129882812
current_timestep: 625.0
current_timestep: 1000.0
current_timestep: 937.5
current_timestep: 833.3333129882812
current_timestep: 625.0
Moving DynamicSwap_WanTextEncoder to cuda:0 with preserved memory: 24.55411195755005 GB
current_timestep: 1000.0
current_timestep: 937.5
current_timestep: 833.3333129882812
current_timestep: 625.0
current_timestep: 1000.0
current_timestep: 937.5
current_timestep: 833.3333129882812
current_timestep: 625.0
current_timestep: 1000.0
current_timestep: 937.5
current_timestep: 833.3333129882812
current_timestep: 625.0
current_timestep: 1000.0
current_timestep: 937.5
current_timestep: 833.3333129882812
current_timestep: 625.0
current_timestep: 1000.0
current_timestep: 937.5
current_timestep: 833.3333129882812
current_timestep: 625.0
current_timestep: 1000.0
current_timestep: 937.5
current_timestep: 833.3333129882812
current_timestep: 625.0
current_timestep: 1000.0
current_timestep: 937.5
current_timestep: 833.3333129882812
current_timestep: 625.0
current_timestep: 1000.0
current_timestep: 937.5
current_timestep: 833.3333129882812
current_timestep: 625.0
current_timestep: 1000.0
current_timestep: 937.5
current_timestep: 833.3333129882812
current_timestep: 625.0
current_timestep: 1000.0
current_timestep: 937.5
current_timestep: 833.3333129882812
current_timestep: 625.0
current_timestep: 1000.0
current_timestep: 937.5
current_timestep: 833.3333129882812
current_timestep: 625.0
current_timestep: 1000.0
current_timestep: 937.5
current_timestep: 833.3333129882812
current_timestep: 625.0
current_timestep: 1000.0
current_timestep: 937.5
current_timestep: 833.3333129882812
current_timestep: 625.0
current_timestep: 1000.0
current_timestep: 937.5
current_timestep: 833.3333129882812
current_timestep: 625.0
{
  "method": "FLOWCACHE_PRUNE_INT2",
  "num_prompts": 10,
  "num_samples": 1,
  "total_runtime_s": 715.7913982793689,
  "avg_runtime_s_per_prompt": 71.57913982793688,
  "peak_vram_bytes": 12620128768,
  "quantize_time_s": 74.65636010095477,
  "dequantize_time_s": 8.783760206308216,
  "bf16_kv_bytes": 12076646400,
  "compressed_kv_bytes": 1793268288,
  "compression_ratio": 6.734433704545608,
  "first_video_shape": [
    1,
    165,
    3,
    480,
    832
  ],
  "flowcache_prune_events": 21000.0,
  "flowcache_prune_avg_recent_ratio": 0.23562699425793865,
  "flowcache_prune_avg_important_ratio": 0.09908490319204157,
  "flowcache_prune_avg_retained_ratio": 0.2854134159491287,
  "flowcache_prune_avg_pruned_ratio": 0.37987468660084595,
  "flowcache_prune_avg_layer_budget": 0.9186619794376929,
  "flowcache_prune_avg_delta": 202278.9417438135,
  "flowcache_prune_refresh_rate": 0.2,
  "flowcache_prune_config_chunk_recent_ratio": 0.25,
  "flowcache_prune_config_important_old_ratio": 0.1,
  "flowcache_prune_config_retained_old_ratio": 0.45,
  "flowcache_prune_refresh_gap_chunks": 1.0,
  "flowcache_prune_recent_bits": 4.0,
  "flowcache_prune_old_bits": 2.0,
  "flowcache_prune_importance_alpha": 0.7,
  "flowcache_prune_importance_beta": 0.3
}
[W310 19:51:29.198654056 CUDAAllocatorConfig.h:28] Warning: expandable_segments not supported on this platform (function operator())
[rank0]:[W310 19:51:30.440881887 ProcessGroupNCCL.cpp:4115] [PG ID 0 PG GUID 0 Rank 0]  using GPU 0 to perform barrier as devices used by this process are currently unknown. This can potentially cause a hang if this rank to GPU mapping is incorrect.Specify device_ids in barrier() to force use of a particular device,or call init_process_group() with a device_id.
/home/suraj/miniforge3/envs/qvg_sf_eval/lib/python3.10/site-packages/clip/clip.py:6: UserWarning: pkg_resources is deprecated as an API. See https://setuptools.pypa.io/en/latest/pkg_resources.html. The pkg_resources package is slated for removal as early as 2025-11-30. Refrain from using this package or pin to Setuptools<81.
  from pkg_resources import packaging
args: Namespace(output_path='/data/vaishak/combined-kv-quant/results/benchmarks/storyeval/storyeval_flowcache_prune_int2_f163dc4eb7a9_10prompts_10s/metrics/vbench_raw', full_json_dir='/data/vaishak/combined-kv-quant/third_party/VBench/vbench/VBench_full_info.json', videos_path='/data/vaishak/combined-kv-quant/results/benchmarks/storyeval/storyeval_flowcache_prune_int2_f163dc4eb7a9_10prompts_10s/videos', dimension=['background_consistency', 'imaging_quality', 'subject_consistency', 'aesthetic_quality'], load_ckpt_from_local=None, read_frame=None, mode='custom_input', prompt='None', prompt_file='/data/vaishak/combined-kv-quant/results/benchmarks/storyeval/storyeval_flowcache_prune_int2_f163dc4eb7a9_10prompts_10s/metrics/vbench_prompt_map.json', category=None, imaging_quality_preprocessing_mode='longer')
start evaluation
Evaluation meta data saved to /data/vaishak/combined-kv-quant/results/benchmarks/storyeval/storyeval_flowcache_prune_int2_f163dc4eb7a9_10prompts_10s/metrics/vbench_raw/results_2026-03-10-19:51:29_full_info.json
cur_full_info_path: /data/vaishak/combined-kv-quant/results/benchmarks/storyeval/storyeval_flowcache_prune_int2_f163dc4eb7a9_10prompts_10s/metrics/vbench_raw/results_2026-03-10-19:51:29_full_info.json
  0%|          | 0/10 [00:00<?, ?it/s] 10%|█         | 1/10 [00:00<00:07,  1.23it/s] 20%|██        | 2/10 [00:01<00:05,  1.39it/s] 30%|███       | 3/10 [00:02<00:04,  1.40it/s] 40%|████      | 4/10 [00:02<00:04,  1.44it/s] 50%|█████     | 5/10 [00:03<00:03,  1.42it/s] 60%|██████    | 6/10 [00:04<00:02,  1.43it/s] 70%|███████   | 7/10 [00:04<00:02,  1.44it/s] 80%|████████  | 8/10 [00:05<00:01,  1.40it/s] 90%|█████████ | 9/10 [00:06<00:00,  1.40it/s]100%|██████████| 10/10 [00:07<00:00,  1.39it/s]100%|██████████| 10/10 [00:07<00:00,  1.40it/s]
/home/suraj/miniforge3/envs/qvg_sf_eval/lib/python3.10/site-packages/timm/models/layers/__init__.py:48: FutureWarning: Importing from timm.models.layers is deprecated, please import via timm.layers
  warnings.warn(f"Importing from {__name__} is deprecated, please import via timm.layers", FutureWarning)
/home/suraj/miniforge3/envs/qvg_sf_eval/lib/python3.10/site-packages/pyiqa/archs/arch_util.py:118: FutureWarning: You are using `torch.load` with `weights_only=False` (the current default value), which uses the default pickle module implicitly. It is possible to construct malicious pickle data which will execute arbitrary code during unpickling (See https://github.com/pytorch/pytorch/blob/main/SECURITY.md#untrusted-models for more details). In a future release, the default value for `weights_only` will be flipped to `True`. This limits the functions that could be executed during unpickling. Arbitrary objects will no longer be allowed to be loaded via this mode unless they are explicitly allowlisted by the user via `torch.serialization.add_safe_globals`. We recommend you start setting `weights_only=True` for any use case where you don't have full control of the loaded file. Please open an issue on GitHub for any issues related to this experimental feature.
  state_dict = torch.load(model_path, map_location=torch.device("cpu"))
cur_full_info_path: /data/vaishak/combined-kv-quant/results/benchmarks/storyeval/storyeval_flowcache_prune_int2_f163dc4eb7a9_10prompts_10s/metrics/vbench_raw/results_2026-03-10-19:51:29_full_info.json
Loading pretrained model MUSIQ from /home/vaishak/.cache/vbench/pyiqa_model/musiq_spaq_ckpt-358bb6af.pth
  0%|          | 0/10 [00:00<?, ?it/s] 10%|█         | 1/10 [00:04<00:41,  4.60s/it] 20%|██        | 2/10 [00:08<00:35,  4.41s/it] 30%|███       | 3/10 [00:13<00:30,  4.34s/it] 40%|████      | 4/10 [00:17<00:25,  4.30s/it] 50%|█████     | 5/10 [00:20<00:20,  4.01s/it] 60%|██████    | 6/10 [00:23<00:14,  3.71s/it] 70%|███████   | 7/10 [00:27<00:10,  3.48s/it] 80%|████████  | 8/10 [00:30<00:06,  3.34s/it] 90%|█████████ | 9/10 [00:33<00:03,  3.26s/it]100%|██████████| 10/10 [00:36<00:00,  3.25s/it]100%|██████████| 10/10 [00:36<00:00,  3.63s/it]
Using cache found in /home/vaishak/.cache/torch/hub/facebookresearch_dino_main
2026-03-10 19:52:19,763 - vbench.subject_consistency - INFO - Initialize DINO success
cur_full_info_path: /data/vaishak/combined-kv-quant/results/benchmarks/storyeval/storyeval_flowcache_prune_int2_f163dc4eb7a9_10prompts_10s/metrics/vbench_raw/results_2026-03-10-19:51:29_full_info.json
  0%|          | 0/10 [00:00<?, ?it/s] 10%|█         | 1/10 [00:02<00:18,  2.09s/it] 20%|██        | 2/10 [00:04<00:16,  2.08s/it] 30%|███       | 3/10 [00:06<00:14,  2.08s/it] 40%|████      | 4/10 [00:08<00:12,  2.08s/it] 50%|█████     | 5/10 [00:10<00:10,  2.10s/it] 60%|██████    | 6/10 [00:12<00:08,  2.09s/it] 70%|███████   | 7/10 [00:14<00:06,  2.09s/it] 80%|████████  | 8/10 [00:16<00:04,  2.09s/it] 90%|█████████ | 9/10 [00:18<00:02,  2.09s/it]100%|██████████| 10/10 [00:20<00:00,  2.09s/it]100%|██████████| 10/10 [00:20<00:00,  2.09s/it]
/data/vaishak/kv-quant-longhorizon/third_party/VBench/vbench/aesthetic_quality.py:41: FutureWarning: You are using `torch.load` with `weights_only=False` (the current default value), which uses the default pickle module implicitly. It is possible to construct malicious pickle data which will execute arbitrary code during unpickling (See https://github.com/pytorch/pytorch/blob/main/SECURITY.md#untrusted-models for more details). In a future release, the default value for `weights_only` will be flipped to `True`. This limits the functions that could be executed during unpickling. Arbitrary objects will no longer be allowed to be loaded via this mode unless they are explicitly allowlisted by the user via `torch.serialization.add_safe_globals`. We recommend you start setting `weights_only=True` for any use case where you don't have full control of the loaded file. Please open an issue on GitHub for any issues related to this experimental feature.
  s = torch.load(path_to_model)
cur_full_info_path: /data/vaishak/combined-kv-quant/results/benchmarks/storyeval/storyeval_flowcache_prune_int2_f163dc4eb7a9_10prompts_10s/metrics/vbench_raw/results_2026-03-10-19:51:29_full_info.json
  0%|          | 0/10 [00:00<?, ?it/s] 10%|█         | 1/10 [00:00<00:08,  1.05it/s] 20%|██        | 2/10 [00:02<00:08,  1.01s/it] 30%|███       | 3/10 [00:03<00:07,  1.02s/it] 40%|████      | 4/10 [00:04<00:06,  1.02s/it] 50%|█████     | 5/10 [00:05<00:05,  1.02s/it] 60%|██████    | 6/10 [00:06<00:04,  1.03s/it] 70%|███████   | 7/10 [00:07<00:03,  1.03s/it] 80%|████████  | 8/10 [00:08<00:02,  1.03s/it] 90%|█████████ | 9/10 [00:09<00:01,  1.03s/it]100%|██████████| 10/10 [00:10<00:00,  1.03s/it]100%|██████████| 10/10 [00:10<00:00,  1.03s/it]
Evaluation results saved to /data/vaishak/combined-kv-quant/results/benchmarks/storyeval/storyeval_flowcache_prune_int2_f163dc4eb7a9_10prompts_10s/metrics/vbench_raw/results_2026-03-10-19:51:29_eval_results.json
done
[rank0]:[W310 19:52:58.556978530 ProcessGroupNCCL.cpp:1250] Warning: WARNING: process group has NOT been destroyed before we destruct ProcessGroupNCCL. On normal program exit, the application should call destroy_process_group to ensure that any pending NCCL operations have finished in this process. In rare cases this process can exit before this point and block the progress of another member of the process group. This constraint has always been present,  but this warning has only been added since PyTorch 2.4 (function operator())
Wrote /data/vaishak/combined-kv-quant/results/benchmarks/storyeval/storyeval_flowcache_prune_int2_f163dc4eb7a9_10prompts_10s/metrics/vbench.json
[W310 19:53:09.176230093 CUDAAllocatorConfig.h:28] Warning: expandable_segments not supported on this platform (function operator())
[rank0]:[W310 19:53:10.413402505 ProcessGroupNCCL.cpp:4115] [PG ID 0 PG GUID 0 Rank 0]  using GPU 0 to perform barrier as devices used by this process are currently unknown. This can potentially cause a hang if this rank to GPU mapping is incorrect.Specify device_ids in barrier() to force use of a particular device,or call init_process_group() with a device_id.
/home/suraj/miniforge3/envs/qvg_sf_eval/lib/python3.10/site-packages/clip/clip.py:6: UserWarning: pkg_resources is deprecated as an API. See https://setuptools.pypa.io/en/latest/pkg_resources.html. The pkg_resources package is slated for removal as early as 2025-11-30. Refrain from using this package or pin to Setuptools<81.
  from pkg_resources import packaging
/home/suraj/miniforge3/envs/qvg_sf_eval/lib/python3.10/site-packages/timm/models/layers/__init__.py:48: FutureWarning: Importing from timm.models.layers is deprecated, please import via timm.layers
  warnings.warn(f"Importing from {__name__} is deprecated, please import via timm.layers", FutureWarning)
/home/suraj/miniforge3/envs/qvg_sf_eval/lib/python3.10/site-packages/pyiqa/archs/arch_util.py:118: FutureWarning: You are using `torch.load` with `weights_only=False` (the current default value), which uses the default pickle module implicitly. It is possible to construct malicious pickle data which will execute arbitrary code during unpickling (See https://github.com/pytorch/pytorch/blob/main/SECURITY.md#untrusted-models for more details). In a future release, the default value for `weights_only` will be flipped to `True`. This limits the functions that could be executed during unpickling. Arbitrary objects will no longer be allowed to be loaded via this mode unless they are explicitly allowlisted by the user via `torch.serialization.add_safe_globals`. We recommend you start setting `weights_only=True` for any use case where you don't have full control of the loaded file. Please open an issue on GitHub for any issues related to this experimental feature.
  state_dict = torch.load(model_path, map_location=torch.device("cpu"))
args: Namespace(output_path='/data/vaishak/combined-kv-quant/results/benchmarks/storyeval/storyeval_flowcache_prune_int2_f163dc4eb7a9_10prompts_10s/metrics/drift_work/vbench_imaging_quality_50', full_json_dir='/data/vaishak/combined-kv-quant/third_party/VBench/vbench/VBench_full_info.json', videos_path='/data/vaishak/combined-kv-quant/results/benchmarks/storyeval/storyeval_flowcache_prune_int2_f163dc4eb7a9_10prompts_10s/metrics/drift_work/clips_50', dimension=['imaging_quality'], load_ckpt_from_local=None, read_frame=None, mode='custom_input', prompt='None', prompt_file='/data/vaishak/combined-kv-quant/results/benchmarks/storyeval/storyeval_flowcache_prune_int2_f163dc4eb7a9_10prompts_10s/metrics/drift_work/prompt_map_50.json', category=None, imaging_quality_preprocessing_mode='longer')
start evaluation
Evaluation meta data saved to /data/vaishak/combined-kv-quant/results/benchmarks/storyeval/storyeval_flowcache_prune_int2_f163dc4eb7a9_10prompts_10s/metrics/drift_work/vbench_imaging_quality_50/results_2026-03-10-19:53:09_full_info.json
cur_full_info_path: /data/vaishak/combined-kv-quant/results/benchmarks/storyeval/storyeval_flowcache_prune_int2_f163dc4eb7a9_10prompts_10s/metrics/drift_work/vbench_imaging_quality_50/results_2026-03-10-19:53:09_full_info.json
Loading pretrained model MUSIQ from /home/vaishak/.cache/vbench/pyiqa_model/musiq_spaq_ckpt-358bb6af.pth
  0%|          | 0/10 [00:00<?, ?it/s] 10%|█         | 1/10 [00:01<00:10,  1.14s/it] 20%|██        | 2/10 [00:01<00:07,  1.04it/s] 30%|███       | 3/10 [00:03<00:07,  1.11s/it] 40%|████      | 4/10 [00:04<00:06,  1.05s/it] 50%|█████     | 5/10 [00:05<00:04,  1.01it/s] 60%|██████    | 6/10 [00:05<00:03,  1.05it/s] 70%|███████   | 7/10 [00:06<00:02,  1.07it/s] 80%|████████  | 8/10 [00:07<00:01,  1.07it/s] 90%|█████████ | 9/10 [00:09<00:01,  1.06s/it]100%|██████████| 10/10 [00:10<00:00,  1.06s/it]100%|██████████| 10/10 [00:10<00:00,  1.02s/it]
Evaluation results saved to /data/vaishak/combined-kv-quant/results/benchmarks/storyeval/storyeval_flowcache_prune_int2_f163dc4eb7a9_10prompts_10s/metrics/drift_work/vbench_imaging_quality_50/results_2026-03-10-19:53:09_eval_results.json
done
[rank0]:[W310 19:53:22.682046865 ProcessGroupNCCL.cpp:1250] Warning: WARNING: process group has NOT been destroyed before we destruct ProcessGroupNCCL. On normal program exit, the application should call destroy_process_group to ensure that any pending NCCL operations have finished in this process. In rare cases this process can exit before this point and block the progress of another member of the process group. This constraint has always been present,  but this warning has only been added since PyTorch 2.4 (function operator())
[W310 19:53:31.938727370 CUDAAllocatorConfig.h:28] Warning: expandable_segments not supported on this platform (function operator())
[rank0]:[W310 19:53:31.180083196 ProcessGroupNCCL.cpp:4115] [PG ID 0 PG GUID 0 Rank 0]  using GPU 0 to perform barrier as devices used by this process are currently unknown. This can potentially cause a hang if this rank to GPU mapping is incorrect.Specify device_ids in barrier() to force use of a particular device,or call init_process_group() with a device_id.
/home/suraj/miniforge3/envs/qvg_sf_eval/lib/python3.10/site-packages/clip/clip.py:6: UserWarning: pkg_resources is deprecated as an API. See https://setuptools.pypa.io/en/latest/pkg_resources.html. The pkg_resources package is slated for removal as early as 2025-11-30. Refrain from using this package or pin to Setuptools<81.
  from pkg_resources import packaging
/home/suraj/miniforge3/envs/qvg_sf_eval/lib/python3.10/site-packages/timm/models/layers/__init__.py:48: FutureWarning: Importing from timm.models.layers is deprecated, please import via timm.layers
  warnings.warn(f"Importing from {__name__} is deprecated, please import via timm.layers", FutureWarning)
/home/suraj/miniforge3/envs/qvg_sf_eval/lib/python3.10/site-packages/pyiqa/archs/arch_util.py:118: FutureWarning: You are using `torch.load` with `weights_only=False` (the current default value), which uses the default pickle module implicitly. It is possible to construct malicious pickle data which will execute arbitrary code during unpickling (See https://github.com/pytorch/pytorch/blob/main/SECURITY.md#untrusted-models for more details). In a future release, the default value for `weights_only` will be flipped to `True`. This limits the functions that could be executed during unpickling. Arbitrary objects will no longer be allowed to be loaded via this mode unless they are explicitly allowlisted by the user via `torch.serialization.add_safe_globals`. We recommend you start setting `weights_only=True` for any use case where you don't have full control of the loaded file. Please open an issue on GitHub for any issues related to this experimental feature.
  state_dict = torch.load(model_path, map_location=torch.device("cpu"))
args: Namespace(output_path='/data/vaishak/combined-kv-quant/results/benchmarks/storyeval/storyeval_flowcache_prune_int2_f163dc4eb7a9_10prompts_10s/metrics/drift_work/vbench_imaging_quality_100', full_json_dir='/data/vaishak/combined-kv-quant/third_party/VBench/vbench/VBench_full_info.json', videos_path='/data/vaishak/combined-kv-quant/results/benchmarks/storyeval/storyeval_flowcache_prune_int2_f163dc4eb7a9_10prompts_10s/metrics/drift_work/clips_100', dimension=['imaging_quality'], load_ckpt_from_local=None, read_frame=None, mode='custom_input', prompt='None', prompt_file='/data/vaishak/combined-kv-quant/results/benchmarks/storyeval/storyeval_flowcache_prune_int2_f163dc4eb7a9_10prompts_10s/metrics/drift_work/prompt_map_100.json', category=None, imaging_quality_preprocessing_mode='longer')
start evaluation
Evaluation meta data saved to /data/vaishak/combined-kv-quant/results/benchmarks/storyeval/storyeval_flowcache_prune_int2_f163dc4eb7a9_10prompts_10s/metrics/drift_work/vbench_imaging_quality_100/results_2026-03-10-19:53:31_full_info.json
cur_full_info_path: /data/vaishak/combined-kv-quant/results/benchmarks/storyeval/storyeval_flowcache_prune_int2_f163dc4eb7a9_10prompts_10s/metrics/drift_work/vbench_imaging_quality_100/results_2026-03-10-19:53:31_full_info.json
Loading pretrained model MUSIQ from /home/vaishak/.cache/vbench/pyiqa_model/musiq_spaq_ckpt-358bb6af.pth
  0%|          | 0/10 [00:00<?, ?it/s] 10%|█         | 1/10 [00:01<00:17,  1.96s/it] 20%|██        | 2/10 [00:03<00:14,  1.79s/it] 30%|███       | 3/10 [00:05<00:12,  1.78s/it] 40%|████      | 4/10 [00:07<00:10,  1.76s/it] 50%|█████     | 5/10 [00:08<00:08,  1.75s/it] 60%|██████    | 6/10 [00:10<00:07,  1.76s/it] 70%|███████   | 7/10 [00:12<00:05,  1.75s/it] 80%|████████  | 8/10 [00:14<00:03,  1.75s/it] 90%|█████████ | 9/10 [00:15<00:01,  1.76s/it]100%|██████████| 10/10 [00:17<00:00,  1.74s/it]100%|██████████| 10/10 [00:17<00:00,  1.76s/it]
Evaluation results saved to /data/vaishak/combined-kv-quant/results/benchmarks/storyeval/storyeval_flowcache_prune_int2_f163dc4eb7a9_10prompts_10s/metrics/drift_work/vbench_imaging_quality_100/results_2026-03-10-19:53:31_eval_results.json
done
[rank0]:[W310 19:53:51.793981506 ProcessGroupNCCL.cpp:1250] Warning: WARNING: process group has NOT been destroyed before we destruct ProcessGroupNCCL. On normal program exit, the application should call destroy_process_group to ensure that any pending NCCL operations have finished in this process. In rare cases this process can exit before this point and block the progress of another member of the process group. This constraint has always been present,  but this warning has only been added since PyTorch 2.4 (function operator())
[W310 19:54:02.672089785 CUDAAllocatorConfig.h:28] Warning: expandable_segments not supported on this platform (function operator())
[rank0]:[W310 19:54:02.923502836 ProcessGroupNCCL.cpp:4115] [PG ID 0 PG GUID 0 Rank 0]  using GPU 0 to perform barrier as devices used by this process are currently unknown. This can potentially cause a hang if this rank to GPU mapping is incorrect.Specify device_ids in barrier() to force use of a particular device,or call init_process_group() with a device_id.
/home/suraj/miniforge3/envs/qvg_sf_eval/lib/python3.10/site-packages/clip/clip.py:6: UserWarning: pkg_resources is deprecated as an API. See https://setuptools.pypa.io/en/latest/pkg_resources.html. The pkg_resources package is slated for removal as early as 2025-11-30. Refrain from using this package or pin to Setuptools<81.
  from pkg_resources import packaging
/home/suraj/miniforge3/envs/qvg_sf_eval/lib/python3.10/site-packages/timm/models/layers/__init__.py:48: FutureWarning: Importing from timm.models.layers is deprecated, please import via timm.layers
  warnings.warn(f"Importing from {__name__} is deprecated, please import via timm.layers", FutureWarning)
/home/suraj/miniforge3/envs/qvg_sf_eval/lib/python3.10/site-packages/pyiqa/archs/arch_util.py:118: FutureWarning: You are using `torch.load` with `weights_only=False` (the current default value), which uses the default pickle module implicitly. It is possible to construct malicious pickle data which will execute arbitrary code during unpickling (See https://github.com/pytorch/pytorch/blob/main/SECURITY.md#untrusted-models for more details). In a future release, the default value for `weights_only` will be flipped to `True`. This limits the functions that could be executed during unpickling. Arbitrary objects will no longer be allowed to be loaded via this mode unless they are explicitly allowlisted by the user via `torch.serialization.add_safe_globals`. We recommend you start setting `weights_only=True` for any use case where you don't have full control of the loaded file. Please open an issue on GitHub for any issues related to this experimental feature.
  state_dict = torch.load(model_path, map_location=torch.device("cpu"))
args: Namespace(output_path='/data/vaishak/combined-kv-quant/results/benchmarks/storyeval/storyeval_flowcache_prune_int2_f163dc4eb7a9_10prompts_10s/metrics/drift_work/vbench_imaging_quality_150', full_json_dir='/data/vaishak/combined-kv-quant/third_party/VBench/vbench/VBench_full_info.json', videos_path='/data/vaishak/combined-kv-quant/results/benchmarks/storyeval/storyeval_flowcache_prune_int2_f163dc4eb7a9_10prompts_10s/metrics/drift_work/clips_150', dimension=['imaging_quality'], load_ckpt_from_local=None, read_frame=None, mode='custom_input', prompt='None', prompt_file='/data/vaishak/combined-kv-quant/results/benchmarks/storyeval/storyeval_flowcache_prune_int2_f163dc4eb7a9_10prompts_10s/metrics/drift_work/prompt_map_150.json', category=None, imaging_quality_preprocessing_mode='longer')
start evaluation
Evaluation meta data saved to /data/vaishak/combined-kv-quant/results/benchmarks/storyeval/storyeval_flowcache_prune_int2_f163dc4eb7a9_10prompts_10s/metrics/drift_work/vbench_imaging_quality_150/results_2026-03-10-19:54:02_full_info.json
cur_full_info_path: /data/vaishak/combined-kv-quant/results/benchmarks/storyeval/storyeval_flowcache_prune_int2_f163dc4eb7a9_10prompts_10s/metrics/drift_work/vbench_imaging_quality_150/results_2026-03-10-19:54:02_full_info.json
Loading pretrained model MUSIQ from /home/vaishak/.cache/vbench/pyiqa_model/musiq_spaq_ckpt-358bb6af.pth
  0%|          | 0/10 [00:00<?, ?it/s] 10%|█         | 1/10 [00:02<00:25,  2.87s/it] 20%|██        | 2/10 [00:05<00:21,  2.67s/it] 30%|███       | 3/10 [00:07<00:18,  2.63s/it] 40%|████      | 4/10 [00:10<00:15,  2.61s/it] 50%|█████     | 5/10 [00:13<00:13,  2.61s/it] 60%|██████    | 6/10 [00:15<00:10,  2.58s/it] 70%|███████   | 7/10 [00:18<00:07,  2.60s/it] 80%|████████  | 8/10 [00:20<00:05,  2.60s/it] 90%|█████████ | 9/10 [00:23<00:02,  2.60s/it]100%|██████████| 10/10 [00:26<00:00,  2.57s/it]100%|██████████| 10/10 [00:26<00:00,  2.60s/it]
Evaluation results saved to /data/vaishak/combined-kv-quant/results/benchmarks/storyeval/storyeval_flowcache_prune_int2_f163dc4eb7a9_10prompts_10s/metrics/drift_work/vbench_imaging_quality_150/results_2026-03-10-19:54:02_eval_results.json
done
[rank0]:[W310 19:54:30.147800729 ProcessGroupNCCL.cpp:1250] Warning: WARNING: process group has NOT been destroyed before we destruct ProcessGroupNCCL. On normal program exit, the application should call destroy_process_group to ensure that any pending NCCL operations have finished in this process. In rare cases this process can exit before this point and block the progress of another member of the process group. This constraint has always been present,  but this warning has only been added since PyTorch 2.4 (function operator())
Wrote /data/vaishak/combined-kv-quant/results/benchmarks/storyeval/storyeval_flowcache_prune_int2_f163dc4eb7a9_10prompts_10s/metrics/drift_imaging_quality.json
Wrote /data/vaishak/combined-kv-quant/results/benchmarks/storyeval/storyeval_flowcache_prune_int2_f163dc4eb7a9_10prompts_10s/plots/drift_imaging_quality.png
Wrote /data/vaishak/combined-kv-quant/results/benchmarks/storyeval/storyeval_flowcache_prune_int2_f163dc4eb7a9_10prompts_10s/summary/summary.json
Wrote /data/vaishak/combined-kv-quant/results/benchmarks/storyeval/storyeval_flowcache_prune_int2_f163dc4eb7a9_10prompts_10s/summary/summary.csv
$ /home/suraj/miniforge3/envs/qvg_sf_infer/bin/python /data/vaishak/combined-kv-quant/scripts/01_generate.py --results-root /data/vaishak/combined-kv-quant/results/benchmarks/storyeval/storyeval_flowcache_prune_int2_f163dc4eb7a9_10prompts_10s/profile_pass --method FLOWCACHE_PROFILE --prompt-path /data/vaishak/combined-kv-quant/data/prompts/storyeval/all_prompts.txt --max-prompts 10 --num-output-frames 42 --seed 0 --fps 16 --flowcache-recent-ratio 0.25 --device cuda:0 --use-ema --flowcache-recent-ratio 0.25 --flowcache-recent-bits 4 --flowcache-recent-method RTN --flowcache-old-method RTN --flowcache-min-layer-budget-scale 0.7 --flowcache-max-layer-budget-scale 1.3 --flowcache-important-old-ratio 0.1 --flowcache-importance-alpha 0.7 --flowcache-importance-beta 0.3 --flowcache-prune-retained-old-ratio 0.45 --flowcache-prune-refresh-gap-chunks 1 --low-memory
$ /home/suraj/miniforge3/envs/qvg_sf_infer/bin/python /data/vaishak/combined-kv-quant/scripts/01_generate.py --results-root /data/vaishak/combined-kv-quant/results/benchmarks/storyeval/storyeval_flowcache_prune_int2_f163dc4eb7a9_10prompts_10s --method FLOWCACHE_PRUNE_INT2 --prompt-path /data/vaishak/combined-kv-quant/data/prompts/storyeval/all_prompts.txt --max-prompts 10 --num-output-frames 42 --seed 0 --fps 16 --device cuda:0 --use-ema --flowcache-recent-ratio 0.25 --flowcache-recent-bits 4 --flowcache-recent-method RTN --flowcache-old-method RTN --flowcache-min-layer-budget-scale 0.7 --flowcache-max-layer-budget-scale 1.3 --flowcache-important-old-ratio 0.1 --flowcache-importance-alpha 0.7 --flowcache-importance-beta 0.3 --flowcache-prune-retained-old-ratio 0.45 --flowcache-prune-refresh-gap-chunks 1 --low-memory --flowcache-layer-budget-path /data/vaishak/combined-kv-quant/results/benchmarks/storyeval/storyeval_flowcache_prune_int2_f163dc4eb7a9_10prompts_10s/metrics/flowcache_profile_layer_budget.json
$ /home/suraj/miniforge3/envs/qvg_sf_eval/bin/python /data/vaishak/combined-kv-quant/scripts/eval_storyeval_vbench.py --run_dir /data/vaishak/combined-kv-quant/results/benchmarks/storyeval/storyeval_flowcache_prune_int2_f163dc4eb7a9_10prompts_10s --python_bin /home/suraj/miniforge3/envs/qvg_sf_eval/bin/python
$ /home/suraj/miniforge3/envs/qvg_sf_eval/bin/python /data/vaishak/combined-kv-quant/scripts/eval_storyeval_drift.py --run_dir /data/vaishak/combined-kv-quant/results/benchmarks/storyeval/storyeval_flowcache_prune_int2_f163dc4eb7a9_10prompts_10s --python_bin /home/suraj/miniforge3/envs/qvg_sf_eval/bin/python
$ /home/vaishak/miniforge3/bin/python3 /data/vaishak/combined-kv-quant/scripts/summarize_storyeval.py --run_dir /data/vaishak/combined-kv-quant/results/benchmarks/storyeval/storyeval_flowcache_prune_int2_f163dc4eb7a9_10prompts_10s
StoryEval backfill completed for FLOWCACHE_PRUNE_INT2 under /data/vaishak/combined-kv-quant/results/benchmarks/storyeval/storyeval_flowcache_prune_int2_f163dc4eb7a9_10prompts_10s
{
  "benchmark": "storyeval",
  "method": "FLOWCACHE_PRUNE_INT2",
  "config_id": "f163dc4eb7a9",
  "run_id": "storyeval_flowcache_prune_int2_f163dc4eb7a9_10prompts_10s",
  "created_utc": "2026-03-10T19:51:27.652790+00:00",
  "prompt_file": "/data/vaishak/combined-kv-quant/data/prompts/storyeval/all_prompts.txt",
  "num_prompts_selected": 10,
  "start_idx": 0,
  "end_idx": null,
  "max_prompts": 10,
  "seed": 0,
  "seeds_per_prompt": 1,
  "fps": 16,
  "duration_sec_requested": 10.0,
  "target_latent_frames": 42,
  "target_frames": 165,
  "effective_duration_sec": 10.3125,
  "resolution": [
    480,
    832
  ],
  "source_moviegen_run_root": "results/runs/backfill_flowcache_prune_int2_f163dc4eb7a9_10s"
}
/data/vaishak/combined-kv-quant/third_party/Self-Forcing/wan/modules/vae.py:634: FutureWarning: You are using `torch.load` with `weights_only=False` (the current default value), which uses the default pickle module implicitly. It is possible to construct malicious pickle data which will execute arbitrary code during unpickling (See https://github.com/pytorch/pytorch/blob/main/SECURITY.md#untrusted-models for more details). In a future release, the default value for `weights_only` will be flipped to `True`. This limits the functions that could be executed during unpickling. Arbitrary objects will no longer be allowed to be loaded via this mode unless they are explicitly allowlisted by the user via `torch.serialization.add_safe_globals`. We recommend you start setting `weights_only=True` for any use case where you don't have full control of the loaded file. Please open an issue on GitHub for any issues related to this experimental feature.
  torch.load(pretrained_path, map_location=device), assign=True)
/data/vaishak/combined-kv-quant/scripts/01_generate.py:408: FutureWarning: You are using `torch.load` with `weights_only=False` (the current default value), which uses the default pickle module implicitly. It is possible to construct malicious pickle data which will execute arbitrary code during unpickling (See https://github.com/pytorch/pytorch/blob/main/SECURITY.md#untrusted-models for more details). In a future release, the default value for `weights_only` will be flipped to `True`. This limits the functions that could be executed during unpickling. Arbitrary objects will no longer be allowed to be loaded via this mode unless they are explicitly allowlisted by the user via `torch.serialization.add_safe_globals`. We recommend you start setting `weights_only=True` for any use case where you don't have full control of the loaded file. Please open an issue on GitHub for any issues related to this experimental feature.
  state_dict = torch.load(str(checkpoint_path), map_location="cpu")
KV inference with 3 frames per block
Moving DynamicSwap_WanTextEncoder to cuda:0 with preserved memory: 25.303240299224854 GB
current_timestep: 1000.0
current_timestep: 937.5
current_timestep: 833.3333129882812
current_timestep: 625.0
current_timestep: 1000.0
current_timestep: 937.5
current_timestep: 833.3333129882812
current_timestep: 625.0
current_timestep: 1000.0
current_timestep: 937.5
current_timestep: 833.3333129882812
current_timestep: 625.0
current_timestep: 1000.0
current_timestep: 937.5
current_timestep: 833.3333129882812
current_timestep: 625.0
current_timestep: 1000.0
current_timestep: 937.5
current_timestep: 833.3333129882812
current_timestep: 625.0
current_timestep: 1000.0
current_timestep: 937.5
current_timestep: 833.3333129882812
current_timestep: 625.0
current_timestep: 1000.0
current_timestep: 937.5
current_timestep: 833.3333129882812
current_timestep: 625.0
current_timestep: 1000.0
current_timestep: 937.5
current_timestep: 833.3333129882812
current_timestep: 625.0
current_timestep: 1000.0
current_timestep: 937.5
current_timestep: 833.3333129882812
current_timestep: 625.0
current_timestep: 1000.0
current_timestep: 937.5
current_timestep: 833.3333129882812
current_timestep: 625.0
current_timestep: 1000.0
current_timestep: 937.5
current_timestep: 833.3333129882812
current_timestep: 625.0
current_timestep: 1000.0
current_timestep: 937.5
current_timestep: 833.3333129882812
current_timestep: 625.0
current_timestep: 1000.0
current_timestep: 937.5
current_timestep: 833.3333129882812
current_timestep: 625.0
current_timestep: 1000.0
current_timestep: 937.5
current_timestep: 833.3333129882812
current_timestep: 625.0
Moving DynamicSwap_WanTextEncoder to cuda:0 with preserved memory: 24.55411195755005 GB
current_timestep: 1000.0
current_timestep: 937.5
current_timestep: 833.3333129882812
current_timestep: 625.0
current_timestep: 1000.0
current_timestep: 937.5
current_timestep: 833.3333129882812
current_timestep: 625.0
current_timestep: 1000.0
current_timestep: 937.5
current_timestep: 833.3333129882812
current_timestep: 625.0
current_timestep: 1000.0
current_timestep: 937.5
current_timestep: 833.3333129882812
current_timestep: 625.0
current_timestep: 1000.0
current_timestep: 937.5
current_timestep: 833.3333129882812
current_timestep: 625.0
current_timestep: 1000.0
current_timestep: 937.5
current_timestep: 833.3333129882812
current_timestep: 625.0
current_timestep: 1000.0
current_timestep: 937.5
current_timestep: 833.3333129882812
current_timestep: 625.0
current_timestep: 1000.0
current_timestep: 937.5
current_timestep: 833.3333129882812
current_timestep: 625.0
current_timestep: 1000.0
current_timestep: 937.5
current_timestep: 833.3333129882812
current_timestep: 625.0
current_timestep: 1000.0
current_timestep: 937.5
current_timestep: 833.3333129882812
current_timestep: 625.0
current_timestep: 1000.0
current_timestep: 937.5
current_timestep: 833.3333129882812
current_timestep: 625.0
current_timestep: 1000.0
current_timestep: 937.5
current_timestep: 833.3333129882812
current_timestep: 625.0
current_timestep: 1000.0
current_timestep: 937.5
current_timestep: 833.3333129882812
current_timestep: 625.0
current_timestep: 1000.0
current_timestep: 937.5
current_timestep: 833.3333129882812
current_timestep: 625.0
Moving DynamicSwap_WanTextEncoder to cuda:0 with preserved memory: 24.55411195755005 GB
current_timestep: 1000.0
current_timestep: 937.5
current_timestep: 833.3333129882812
current_timestep: 625.0
current_timestep: 1000.0
current_timestep: 937.5
current_timestep: 833.3333129882812
current_timestep: 625.0
current_timestep: 1000.0
current_timestep: 937.5
current_timestep: 833.3333129882812
current_timestep: 625.0
current_timestep: 1000.0
current_timestep: 937.5
current_timestep: 833.3333129882812
current_timestep: 625.0
current_timestep: 1000.0
current_timestep: 937.5
current_timestep: 833.3333129882812
current_timestep: 625.0
current_timestep: 1000.0
current_timestep: 937.5
current_timestep: 833.3333129882812
current_timestep: 625.0
current_timestep: 1000.0
current_timestep: 937.5
current_timestep: 833.3333129882812
current_timestep: 625.0
current_timestep: 1000.0
current_timestep: 937.5
current_timestep: 833.3333129882812
current_timestep: 625.0
current_timestep: 1000.0
current_timestep: 937.5
current_timestep: 833.3333129882812
current_timestep: 625.0
current_timestep: 1000.0
current_timestep: 937.5
current_timestep: 833.3333129882812
current_timestep: 625.0
current_timestep: 1000.0
current_timestep: 937.5
current_timestep: 833.3333129882812
current_timestep: 625.0
current_timestep: 1000.0
current_timestep: 937.5
current_timestep: 833.3333129882812
current_timestep: 625.0
current_timestep: 1000.0
current_timestep: 937.5
current_timestep: 833.3333129882812
current_timestep: 625.0
current_timestep: 1000.0
current_timestep: 937.5
current_timestep: 833.3333129882812
current_timestep: 625.0
Moving DynamicSwap_WanTextEncoder to cuda:0 with preserved memory: 24.55411195755005 GB
current_timestep: 1000.0
current_timestep: 937.5
current_timestep: 833.3333129882812
current_timestep: 625.0
current_timestep: 1000.0
current_timestep: 937.5
current_timestep: 833.3333129882812
current_timestep: 625.0
current_timestep: 1000.0
current_timestep: 937.5
current_timestep: 833.3333129882812
current_timestep: 625.0
current_timestep: 1000.0
current_timestep: 937.5
current_timestep: 833.3333129882812
current_timestep: 625.0
current_timestep: 1000.0
current_timestep: 937.5
current_timestep: 833.3333129882812
current_timestep: 625.0
current_timestep: 1000.0
current_timestep: 937.5
current_timestep: 833.3333129882812
current_timestep: 625.0
current_timestep: 1000.0
current_timestep: 937.5
current_timestep: 833.3333129882812
current_timestep: 625.0
current_timestep: 1000.0
current_timestep: 937.5
current_timestep: 833.3333129882812
current_timestep: 625.0
current_timestep: 1000.0
current_timestep: 937.5
current_timestep: 833.3333129882812
current_timestep: 625.0
current_timestep: 1000.0
current_timestep: 937.5
current_timestep: 833.3333129882812
current_timestep: 625.0
current_timestep: 1000.0
current_timestep: 937.5
current_timestep: 833.3333129882812
current_timestep: 625.0
current_timestep: 1000.0
current_timestep: 937.5
current_timestep: 833.3333129882812
current_timestep: 625.0
current_timestep: 1000.0
current_timestep: 937.5
current_timestep: 833.3333129882812
current_timestep: 625.0
current_timestep: 1000.0
current_timestep: 937.5
current_timestep: 833.3333129882812
current_timestep: 625.0
Moving DynamicSwap_WanTextEncoder to cuda:0 with preserved memory: 24.55411195755005 GB
current_timestep: 1000.0
current_timestep: 937.5
current_timestep: 833.3333129882812
current_timestep: 625.0
current_timestep: 1000.0
current_timestep: 937.5
current_timestep: 833.3333129882812
current_timestep: 625.0
current_timestep: 1000.0
current_timestep: 937.5
current_timestep: 833.3333129882812
current_timestep: 625.0
current_timestep: 1000.0
current_timestep: 937.5
current_timestep: 833.3333129882812
current_timestep: 625.0
current_timestep: 1000.0
current_timestep: 937.5
current_timestep: 833.3333129882812
current_timestep: 625.0
current_timestep: 1000.0
current_timestep: 937.5
current_timestep: 833.3333129882812
current_timestep: 625.0
current_timestep: 1000.0
current_timestep: 937.5
current_timestep: 833.3333129882812
current_timestep: 625.0
current_timestep: 1000.0
current_timestep: 937.5
current_timestep: 833.3333129882812
current_timestep: 625.0
current_timestep: 1000.0
current_timestep: 937.5
current_timestep: 833.3333129882812
current_timestep: 625.0
current_timestep: 1000.0
current_timestep: 937.5
current_timestep: 833.3333129882812
current_timestep: 625.0
current_timestep: 1000.0
current_timestep: 937.5
current_timestep: 833.3333129882812
current_timestep: 625.0
current_timestep: 1000.0
current_timestep: 937.5
current_timestep: 833.3333129882812
current_timestep: 625.0
current_timestep: 1000.0
current_timestep: 937.5
current_timestep: 833.3333129882812
current_timestep: 625.0
current_timestep: 1000.0
current_timestep: 937.5
current_timestep: 833.3333129882812
current_timestep: 625.0
Moving DynamicSwap_WanTextEncoder to cuda:0 with preserved memory: 24.55411195755005 GB
current_timestep: 1000.0
current_timestep: 937.5
current_timestep: 833.3333129882812
current_timestep: 625.0
current_timestep: 1000.0
current_timestep: 937.5
current_timestep: 833.3333129882812
current_timestep: 625.0
current_timestep: 1000.0
current_timestep: 937.5
current_timestep: 833.3333129882812
current_timestep: 625.0
current_timestep: 1000.0
current_timestep: 937.5
current_timestep: 833.3333129882812
current_timestep: 625.0
current_timestep: 1000.0
current_timestep: 937.5
current_timestep: 833.3333129882812
current_timestep: 625.0
current_timestep: 1000.0
current_timestep: 937.5
current_timestep: 833.3333129882812
current_timestep: 625.0
current_timestep: 1000.0
current_timestep: 937.5
current_timestep: 833.3333129882812
current_timestep: 625.0
current_timestep: 1000.0
current_timestep: 937.5
current_timestep: 833.3333129882812
current_timestep: 625.0
current_timestep: 1000.0
current_timestep: 937.5
current_timestep: 833.3333129882812
current_timestep: 625.0
current_timestep: 1000.0
current_timestep: 937.5
current_timestep: 833.3333129882812
current_timestep: 625.0
current_timestep: 1000.0
current_timestep: 937.5
current_timestep: 833.3333129882812
current_timestep: 625.0
current_timestep: 1000.0
current_timestep: 937.5
current_timestep: 833.3333129882812
current_timestep: 625.0
current_timestep: 1000.0
current_timestep: 937.5
current_timestep: 833.3333129882812
current_timestep: 625.0
current_timestep: 1000.0
current_timestep: 937.5
current_timestep: 833.3333129882812
current_timestep: 625.0
Moving DynamicSwap_WanTextEncoder to cuda:0 with preserved memory: 24.55411195755005 GB
current_timestep: 1000.0
current_timestep: 937.5
current_timestep: 833.3333129882812
current_timestep: 625.0
current_timestep: 1000.0
current_timestep: 937.5
current_timestep: 833.3333129882812
current_timestep: 625.0
current_timestep: 1000.0
current_timestep: 937.5
current_timestep: 833.3333129882812
current_timestep: 625.0
current_timestep: 1000.0
current_timestep: 937.5
current_timestep: 833.3333129882812
current_timestep: 625.0
current_timestep: 1000.0
current_timestep: 937.5
current_timestep: 833.3333129882812
current_timestep: 625.0
current_timestep: 1000.0
current_timestep: 937.5
current_timestep: 833.3333129882812
current_timestep: 625.0
current_timestep: 1000.0
current_timestep: 937.5
current_timestep: 833.3333129882812
current_timestep: 625.0
current_timestep: 1000.0
current_timestep: 937.5
current_timestep: 833.3333129882812
current_timestep: 625.0
current_timestep: 1000.0
current_timestep: 937.5
current_timestep: 833.3333129882812
current_timestep: 625.0
current_timestep: 1000.0
current_timestep: 937.5
current_timestep: 833.3333129882812
current_timestep: 625.0
current_timestep: 1000.0
current_timestep: 937.5
current_timestep: 833.3333129882812
current_timestep: 625.0
current_timestep: 1000.0
current_timestep: 937.5
current_timestep: 833.3333129882812
current_timestep: 625.0
current_timestep: 1000.0
current_timestep: 937.5
current_timestep: 833.3333129882812
current_timestep: 625.0
current_timestep: 1000.0
current_timestep: 937.5
current_timestep: 833.3333129882812
current_timestep: 625.0
Moving DynamicSwap_WanTextEncoder to cuda:0 with preserved memory: 24.55411195755005 GB
current_timestep: 1000.0
current_timestep: 937.5
current_timestep: 833.3333129882812
current_timestep: 625.0
current_timestep: 1000.0
current_timestep: 937.5
current_timestep: 833.3333129882812
current_timestep: 625.0
current_timestep: 1000.0
current_timestep: 937.5
current_timestep: 833.3333129882812
current_timestep: 625.0
current_timestep: 1000.0
current_timestep: 937.5
current_timestep: 833.3333129882812
current_timestep: 625.0
current_timestep: 1000.0
current_timestep: 937.5
current_timestep: 833.3333129882812
current_timestep: 625.0
current_timestep: 1000.0
current_timestep: 937.5
current_timestep: 833.3333129882812
current_timestep: 625.0
current_timestep: 1000.0
current_timestep: 937.5
current_timestep: 833.3333129882812
current_timestep: 625.0
current_timestep: 1000.0
current_timestep: 937.5
current_timestep: 833.3333129882812
current_timestep: 625.0
current_timestep: 1000.0
current_timestep: 937.5
current_timestep: 833.3333129882812
current_timestep: 625.0
current_timestep: 1000.0
current_timestep: 937.5
current_timestep: 833.3333129882812
current_timestep: 625.0
current_timestep: 1000.0
current_timestep: 937.5
current_timestep: 833.3333129882812
current_timestep: 625.0
current_timestep: 1000.0
current_timestep: 937.5
current_timestep: 833.3333129882812
current_timestep: 625.0
current_timestep: 1000.0
current_timestep: 937.5
current_timestep: 833.3333129882812
current_timestep: 625.0
current_timestep: 1000.0
current_timestep: 937.5
current_timestep: 833.3333129882812
current_timestep: 625.0
Moving DynamicSwap_WanTextEncoder to cuda:0 with preserved memory: 24.55411195755005 GB
current_timestep: 1000.0
current_timestep: 937.5
current_timestep: 833.3333129882812
current_timestep: 625.0
current_timestep: 1000.0
current_timestep: 937.5
current_timestep: 833.3333129882812
current_timestep: 625.0
current_timestep: 1000.0
current_timestep: 937.5
current_timestep: 833.3333129882812
current_timestep: 625.0
current_timestep: 1000.0
current_timestep: 937.5
current_timestep: 833.3333129882812
current_timestep: 625.0
current_timestep: 1000.0
current_timestep: 937.5
current_timestep: 833.3333129882812
current_timestep: 625.0
current_timestep: 1000.0
current_timestep: 937.5
current_timestep: 833.3333129882812
current_timestep: 625.0
current_timestep: 1000.0
current_timestep: 937.5
current_timestep: 833.3333129882812
current_timestep: 625.0
current_timestep: 1000.0
current_timestep: 937.5
current_timestep: 833.3333129882812
current_timestep: 625.0
current_timestep: 1000.0
current_timestep: 937.5
current_timestep: 833.3333129882812
current_timestep: 625.0
current_timestep: 1000.0
current_timestep: 937.5
current_timestep: 833.3333129882812
current_timestep: 625.0
current_timestep: 1000.0
current_timestep: 937.5
current_timestep: 833.3333129882812
current_timestep: 625.0
current_timestep: 1000.0
current_timestep: 937.5
current_timestep: 833.3333129882812
current_timestep: 625.0
current_timestep: 1000.0
current_timestep: 937.5
current_timestep: 833.3333129882812
current_timestep: 625.0
current_timestep: 1000.0
current_timestep: 937.5
current_timestep: 833.3333129882812
current_timestep: 625.0
Moving DynamicSwap_WanTextEncoder to cuda:0 with preserved memory: 24.55411195755005 GB
current_timestep: 1000.0
current_timestep: 937.5
current_timestep: 833.3333129882812
current_timestep: 625.0
current_timestep: 1000.0
current_timestep: 937.5
current_timestep: 833.3333129882812
current_timestep: 625.0
current_timestep: 1000.0
current_timestep: 937.5
current_timestep: 833.3333129882812
current_timestep: 625.0
current_timestep: 1000.0
current_timestep: 937.5
current_timestep: 833.3333129882812
current_timestep: 625.0
current_timestep: 1000.0
current_timestep: 937.5
current_timestep: 833.3333129882812
current_timestep: 625.0
current_timestep: 1000.0
current_timestep: 937.5
current_timestep: 833.3333129882812
current_timestep: 625.0
current_timestep: 1000.0
current_timestep: 937.5
current_timestep: 833.3333129882812
current_timestep: 625.0
current_timestep: 1000.0
current_timestep: 937.5
current_timestep: 833.3333129882812
current_timestep: 625.0
current_timestep: 1000.0
current_timestep: 937.5
current_timestep: 833.3333129882812
current_timestep: 625.0
current_timestep: 1000.0
current_timestep: 937.5
current_timestep: 833.3333129882812
current_timestep: 625.0
current_timestep: 1000.0
current_timestep: 937.5
current_timestep: 833.3333129882812
current_timestep: 625.0
current_timestep: 1000.0
current_timestep: 937.5
current_timestep: 833.3333129882812
current_timestep: 625.0
current_timestep: 1000.0
current_timestep: 937.5
current_timestep: 833.3333129882812
current_timestep: 625.0
current_timestep: 1000.0
current_timestep: 937.5
current_timestep: 833.3333129882812
current_timestep: 625.0
{
  "method": "FLOWCACHE_PROFILE",
  "num_prompts": 10,
  "num_samples": 1,
  "total_runtime_s": 677.3427453981712,
  "avg_runtime_s_per_prompt": 67.73427453981712,
  "peak_vram_bytes": 20701900800,
  "quantize_time_s": 272.932226437144,
  "dequantize_time_s": 0.08490983163937926,
  "bf16_kv_bytes": 12076646400,
  "compressed_kv_bytes": 12076646400,
  "compression_ratio": 1.0,
  "first_video_shape": [
    1,
    165,
    3,
    480,
    832
  ],
  "flowcache_profile_recent_ratio": 0.25,
  "flowcache_profile_num_layers": 30,
  "flowcache_profile_avg_old_delta": 0.03832117705267202,
  "flowcache_profile_layer_scores": {
    "0": 0.04064325703055424,
    "1": 0.039067117673171274,
    "2": 0.03911603269609228,
    "3": 0.038480874097795555,
    "4": 0.0385574129037559,
    "5": 0.038381486685031045,
    "6": 0.03870747834325657,
    "7": 0.0384556553455196,
    "8": 0.03828419303142671,
    "9": 0.03852405417039675,
    "10": 0.03734539179099818,
    "11": 0.037614283801640495,
    "12": 0.03728440151960289,
    "13": 0.03696471641388706,
    "14": 0.03720328872056552,
    "15": 0.0374373966262881,
    "16": 0.037026501723951895,
    "17": 0.03729290659831427,
    "18": 0.03775208990492116,
    "19": 0.0377721864672504,
    "20": 0.03792213278254336,
    "21": 0.038140408053710044,
    "22": 0.03816819294710975,
    "23": 0.0383359296856669,
    "24": 0.03883931915480959,
    "25": 0.03865265368349787,
    "26": 0.03847314826891584,
    "27": 0.039281011896160574,
    "28": 0.03922499770969468,
    "29": 0.04068679185363196
  },
  "flowcache_profile_layer_scores_all_chunks": {
    "0": 0.0499087938122333,
    "1": 0.040654956384310645,
    "2": 0.037119689591347226,
    "3": 0.03432074030287682,
    "4": 0.033783780933609085,
    "5": 0.03347331774317556,
    "6": 0.0343245726646412,
    "7": 0.033938657990760276,
    "8": 0.0331635619574596,
    "9": 0.033155100517802766,
    "10": 0.03260272433183023,
    "11": 0.033043801108286495,
    "12": 0.031918083703588875,
    "13": 0.03154074384437667,
    "14": 0.03137295445220338,
    "15": 0.03212277529707977,
    "16": 0.03125897834603748,
    "17": 0.031935059697500295,
    "18": 0.031933384333988506,
    "19": 0.03403873107629636,
    "20": 0.03491216649635444,
    "21": 0.03607688821142628,
    "22": 0.03636953983597812,
    "23": 0.0358090360017996,
    "24": 0.036061376246786306,
    "25": 0.03506880420280827,
    "26": 0.03441997278540854,
    "27": 0.03491027537082869,
    "28": 0.03358256725493878,
    "29": 0.03950761121038407
  }
}
/data/vaishak/combined-kv-quant/third_party/Self-Forcing/wan/modules/vae.py:634: FutureWarning: You are using `torch.load` with `weights_only=False` (the current default value), which uses the default pickle module implicitly. It is possible to construct malicious pickle data which will execute arbitrary code during unpickling (See https://github.com/pytorch/pytorch/blob/main/SECURITY.md#untrusted-models for more details). In a future release, the default value for `weights_only` will be flipped to `True`. This limits the functions that could be executed during unpickling. Arbitrary objects will no longer be allowed to be loaded via this mode unless they are explicitly allowlisted by the user via `torch.serialization.add_safe_globals`. We recommend you start setting `weights_only=True` for any use case where you don't have full control of the loaded file. Please open an issue on GitHub for any issues related to this experimental feature.
  torch.load(pretrained_path, map_location=device), assign=True)
/data/vaishak/combined-kv-quant/scripts/01_generate.py:408: FutureWarning: You are using `torch.load` with `weights_only=False` (the current default value), which uses the default pickle module implicitly. It is possible to construct malicious pickle data which will execute arbitrary code during unpickling (See https://github.com/pytorch/pytorch/blob/main/SECURITY.md#untrusted-models for more details). In a future release, the default value for `weights_only` will be flipped to `True`. This limits the functions that could be executed during unpickling. Arbitrary objects will no longer be allowed to be loaded via this mode unless they are explicitly allowlisted by the user via `torch.serialization.add_safe_globals`. We recommend you start setting `weights_only=True` for any use case where you don't have full control of the loaded file. Please open an issue on GitHub for any issues related to this experimental feature.
  state_dict = torch.load(str(checkpoint_path), map_location="cpu")
KV inference with 3 frames per block
Moving DynamicSwap_WanTextEncoder to cuda:0 with preserved memory: 25.303240299224854 GB
current_timestep: 1000.0
current_timestep: 937.5
current_timestep: 833.3333129882812
current_timestep: 625.0
current_timestep: 1000.0
current_timestep: 937.5
current_timestep: 833.3333129882812
current_timestep: 625.0
current_timestep: 1000.0
current_timestep: 937.5
current_timestep: 833.3333129882812
current_timestep: 625.0
current_timestep: 1000.0
current_timestep: 937.5
current_timestep: 833.3333129882812
current_timestep: 625.0
current_timestep: 1000.0
current_timestep: 937.5
current_timestep: 833.3333129882812
current_timestep: 625.0
current_timestep: 1000.0
current_timestep: 937.5
current_timestep: 833.3333129882812
current_timestep: 625.0
current_timestep: 1000.0
current_timestep: 937.5
current_timestep: 833.3333129882812
current_timestep: 625.0
current_timestep: 1000.0
current_timestep: 937.5
current_timestep: 833.3333129882812
current_timestep: 625.0
current_timestep: 1000.0
current_timestep: 937.5
current_timestep: 833.3333129882812
current_timestep: 625.0
current_timestep: 1000.0
current_timestep: 937.5
current_timestep: 833.3333129882812
current_timestep: 625.0
current_timestep: 1000.0
current_timestep: 937.5
current_timestep: 833.3333129882812
current_timestep: 625.0
current_timestep: 1000.0
current_timestep: 937.5
current_timestep: 833.3333129882812
current_timestep: 625.0
current_timestep: 1000.0
current_timestep: 937.5
current_timestep: 833.3333129882812
current_timestep: 625.0
current_timestep: 1000.0
current_timestep: 937.5
current_timestep: 833.3333129882812
current_timestep: 625.0
Moving DynamicSwap_WanTextEncoder to cuda:0 with preserved memory: 24.55411195755005 GB
current_timestep: 1000.0
current_timestep: 937.5
current_timestep: 833.3333129882812
current_timestep: 625.0
current_timestep: 1000.0
current_timestep: 937.5
current_timestep: 833.3333129882812
current_timestep: 625.0
current_timestep: 1000.0
current_timestep: 937.5
current_timestep: 833.3333129882812
current_timestep: 625.0
current_timestep: 1000.0
current_timestep: 937.5
current_timestep: 833.3333129882812
current_timestep: 625.0
current_timestep: 1000.0
current_timestep: 937.5
current_timestep: 833.3333129882812
current_timestep: 625.0
current_timestep: 1000.0
current_timestep: 937.5
current_timestep: 833.3333129882812
current_timestep: 625.0
current_timestep: 1000.0
current_timestep: 937.5
current_timestep: 833.3333129882812
current_timestep: 625.0
current_timestep: 1000.0
current_timestep: 937.5
current_timestep: 833.3333129882812
current_timestep: 625.0
current_timestep: 1000.0
current_timestep: 937.5
current_timestep: 833.3333129882812
current_timestep: 625.0
current_timestep: 1000.0
current_timestep: 937.5
current_timestep: 833.3333129882812
current_timestep: 625.0
current_timestep: 1000.0
current_timestep: 937.5
current_timestep: 833.3333129882812
current_timestep: 625.0
current_timestep: 1000.0
current_timestep: 937.5
current_timestep: 833.3333129882812
current_timestep: 625.0
current_timestep: 1000.0
current_timestep: 937.5
current_timestep: 833.3333129882812
current_timestep: 625.0
current_timestep: 1000.0
current_timestep: 937.5
current_timestep: 833.3333129882812
current_timestep: 625.0
Moving DynamicSwap_WanTextEncoder to cuda:0 with preserved memory: 24.55411195755005 GB
current_timestep: 1000.0
current_timestep: 937.5
current_timestep: 833.3333129882812
current_timestep: 625.0
current_timestep: 1000.0
current_timestep: 937.5
current_timestep: 833.3333129882812
current_timestep: 625.0
current_timestep: 1000.0
current_timestep: 937.5
current_timestep: 833.3333129882812
current_timestep: 625.0
current_timestep: 1000.0
current_timestep: 937.5
current_timestep: 833.3333129882812
current_timestep: 625.0
current_timestep: 1000.0
current_timestep: 937.5
current_timestep: 833.3333129882812
current_timestep: 625.0
current_timestep: 1000.0
current_timestep: 937.5
current_timestep: 833.3333129882812
current_timestep: 625.0
current_timestep: 1000.0
current_timestep: 937.5
current_timestep: 833.3333129882812
current_timestep: 625.0
current_timestep: 1000.0
current_timestep: 937.5
current_timestep: 833.3333129882812
current_timestep: 625.0
current_timestep: 1000.0
current_timestep: 937.5
current_timestep: 833.3333129882812
current_timestep: 625.0
current_timestep: 1000.0
current_timestep: 937.5
current_timestep: 833.3333129882812
current_timestep: 625.0
current_timestep: 1000.0
current_timestep: 937.5
current_timestep: 833.3333129882812
current_timestep: 625.0
current_timestep: 1000.0
current_timestep: 937.5
current_timestep: 833.3333129882812
current_timestep: 625.0
current_timestep: 1000.0
current_timestep: 937.5
current_timestep: 833.3333129882812
current_timestep: 625.0
current_timestep: 1000.0
current_timestep: 937.5
current_timestep: 833.3333129882812
current_timestep: 625.0
Moving DynamicSwap_WanTextEncoder to cuda:0 with preserved memory: 24.55411195755005 GB
current_timestep: 1000.0
current_timestep: 937.5
current_timestep: 833.3333129882812
current_timestep: 625.0
current_timestep: 1000.0
current_timestep: 937.5
current_timestep: 833.3333129882812
current_timestep: 625.0
current_timestep: 1000.0
current_timestep: 937.5
current_timestep: 833.3333129882812
current_timestep: 625.0
current_timestep: 1000.0
current_timestep: 937.5
current_timestep: 833.3333129882812
current_timestep: 625.0
current_timestep: 1000.0
current_timestep: 937.5
current_timestep: 833.3333129882812
current_timestep: 625.0
current_timestep: 1000.0
current_timestep: 937.5
current_timestep: 833.3333129882812
current_timestep: 625.0
current_timestep: 1000.0
current_timestep: 937.5
current_timestep: 833.3333129882812
current_timestep: 625.0
current_timestep: 1000.0
current_timestep: 937.5
current_timestep: 833.3333129882812
current_timestep: 625.0
current_timestep: 1000.0
current_timestep: 937.5
current_timestep: 833.3333129882812
current_timestep: 625.0
current_timestep: 1000.0
current_timestep: 937.5
current_timestep: 833.3333129882812
current_timestep: 625.0
current_timestep: 1000.0
current_timestep: 937.5
current_timestep: 833.3333129882812
current_timestep: 625.0
current_timestep: 1000.0
current_timestep: 937.5
current_timestep: 833.3333129882812
current_timestep: 625.0
current_timestep: 1000.0
current_timestep: 937.5
current_timestep: 833.3333129882812
current_timestep: 625.0
current_timestep: 1000.0
current_timestep: 937.5
current_timestep: 833.3333129882812
current_timestep: 625.0
Moving DynamicSwap_WanTextEncoder to cuda:0 with preserved memory: 24.55411195755005 GB
current_timestep: 1000.0
current_timestep: 937.5
current_timestep: 833.3333129882812
current_timestep: 625.0
current_timestep: 1000.0
current_timestep: 937.5
current_timestep: 833.3333129882812
current_timestep: 625.0
current_timestep: 1000.0
current_timestep: 937.5
current_timestep: 833.3333129882812
current_timestep: 625.0
current_timestep: 1000.0
current_timestep: 937.5
current_timestep: 833.3333129882812
current_timestep: 625.0
current_timestep: 1000.0
current_timestep: 937.5
current_timestep: 833.3333129882812
current_timestep: 625.0
current_timestep: 1000.0
current_timestep: 937.5
current_timestep: 833.3333129882812
current_timestep: 625.0
current_timestep: 1000.0
current_timestep: 937.5
current_timestep: 833.3333129882812
current_timestep: 625.0
current_timestep: 1000.0
current_timestep: 937.5
current_timestep: 833.3333129882812
current_timestep: 625.0
current_timestep: 1000.0
current_timestep: 937.5
current_timestep: 833.3333129882812
current_timestep: 625.0
current_timestep: 1000.0
current_timestep: 937.5
current_timestep: 833.3333129882812
current_timestep: 625.0
current_timestep: 1000.0
current_timestep: 937.5
current_timestep: 833.3333129882812
current_timestep: 625.0
current_timestep: 1000.0
current_timestep: 937.5
current_timestep: 833.3333129882812
current_timestep: 625.0
current_timestep: 1000.0
current_timestep: 937.5
current_timestep: 833.3333129882812
current_timestep: 625.0
current_timestep: 1000.0
current_timestep: 937.5
current_timestep: 833.3333129882812
current_timestep: 625.0
Moving DynamicSwap_WanTextEncoder to cuda:0 with preserved memory: 24.55411195755005 GB
current_timestep: 1000.0
current_timestep: 937.5
current_timestep: 833.3333129882812
current_timestep: 625.0
current_timestep: 1000.0
current_timestep: 937.5
current_timestep: 833.3333129882812
current_timestep: 625.0
current_timestep: 1000.0
current_timestep: 937.5
current_timestep: 833.3333129882812
current_timestep: 625.0
current_timestep: 1000.0
current_timestep: 937.5
current_timestep: 833.3333129882812
current_timestep: 625.0
current_timestep: 1000.0
current_timestep: 937.5
current_timestep: 833.3333129882812
current_timestep: 625.0
current_timestep: 1000.0
current_timestep: 937.5
current_timestep: 833.3333129882812
current_timestep: 625.0
current_timestep: 1000.0
current_timestep: 937.5
current_timestep: 833.3333129882812
current_timestep: 625.0
current_timestep: 1000.0
current_timestep: 937.5
current_timestep: 833.3333129882812
current_timestep: 625.0
current_timestep: 1000.0
current_timestep: 937.5
current_timestep: 833.3333129882812
current_timestep: 625.0
current_timestep: 1000.0
current_timestep: 937.5
current_timestep: 833.3333129882812
current_timestep: 625.0
current_timestep: 1000.0
current_timestep: 937.5
current_timestep: 833.3333129882812
current_timestep: 625.0
current_timestep: 1000.0
current_timestep: 937.5
current_timestep: 833.3333129882812
current_timestep: 625.0
current_timestep: 1000.0
current_timestep: 937.5
current_timestep: 833.3333129882812
current_timestep: 625.0
current_timestep: 1000.0
current_timestep: 937.5
current_timestep: 833.3333129882812
current_timestep: 625.0
Moving DynamicSwap_WanTextEncoder to cuda:0 with preserved memory: 24.55411195755005 GB
current_timestep: 1000.0
current_timestep: 937.5
current_timestep: 833.3333129882812
current_timestep: 625.0
current_timestep: 1000.0
current_timestep: 937.5
current_timestep: 833.3333129882812
current_timestep: 625.0
current_timestep: 1000.0
current_timestep: 937.5
current_timestep: 833.3333129882812
current_timestep: 625.0
current_timestep: 1000.0
current_timestep: 937.5
current_timestep: 833.3333129882812
current_timestep: 625.0
current_timestep: 1000.0
current_timestep: 937.5
current_timestep: 833.3333129882812
current_timestep: 625.0
current_timestep: 1000.0
current_timestep: 937.5
current_timestep: 833.3333129882812
current_timestep: 625.0
current_timestep: 1000.0
current_timestep: 937.5
current_timestep: 833.3333129882812
current_timestep: 625.0
current_timestep: 1000.0
current_timestep: 937.5
current_timestep: 833.3333129882812
current_timestep: 625.0
current_timestep: 1000.0
current_timestep: 937.5
current_timestep: 833.3333129882812
current_timestep: 625.0
current_timestep: 1000.0
current_timestep: 937.5
current_timestep: 833.3333129882812
current_timestep: 625.0
current_timestep: 1000.0
current_timestep: 937.5
current_timestep: 833.3333129882812
current_timestep: 625.0
current_timestep: 1000.0
current_timestep: 937.5
current_timestep: 833.3333129882812
current_timestep: 625.0
current_timestep: 1000.0
current_timestep: 937.5
current_timestep: 833.3333129882812
current_timestep: 625.0
current_timestep: 1000.0
current_timestep: 937.5
current_timestep: 833.3333129882812
current_timestep: 625.0
Moving DynamicSwap_WanTextEncoder to cuda:0 with preserved memory: 24.55411195755005 GB
current_timestep: 1000.0
current_timestep: 937.5
current_timestep: 833.3333129882812
current_timestep: 625.0
current_timestep: 1000.0
current_timestep: 937.5
current_timestep: 833.3333129882812
current_timestep: 625.0
current_timestep: 1000.0
current_timestep: 937.5
current_timestep: 833.3333129882812
current_timestep: 625.0
current_timestep: 1000.0
current_timestep: 937.5
current_timestep: 833.3333129882812
current_timestep: 625.0
current_timestep: 1000.0
current_timestep: 937.5
current_timestep: 833.3333129882812
current_timestep: 625.0
current_timestep: 1000.0
current_timestep: 937.5
current_timestep: 833.3333129882812
current_timestep: 625.0
current_timestep: 1000.0
current_timestep: 937.5
current_timestep: 833.3333129882812
current_timestep: 625.0
current_timestep: 1000.0
current_timestep: 937.5
current_timestep: 833.3333129882812
current_timestep: 625.0
current_timestep: 1000.0
current_timestep: 937.5
current_timestep: 833.3333129882812
current_timestep: 625.0
current_timestep: 1000.0
current_timestep: 937.5
current_timestep: 833.3333129882812
current_timestep: 625.0
current_timestep: 1000.0
current_timestep: 937.5
current_timestep: 833.3333129882812
current_timestep: 625.0
current_timestep: 1000.0
current_timestep: 937.5
current_timestep: 833.3333129882812
current_timestep: 625.0
current_timestep: 1000.0
current_timestep: 937.5
current_timestep: 833.3333129882812
current_timestep: 625.0
current_timestep: 1000.0
current_timestep: 937.5
current_timestep: 833.3333129882812
current_timestep: 625.0
Moving DynamicSwap_WanTextEncoder to cuda:0 with preserved memory: 24.55411195755005 GB
current_timestep: 1000.0
current_timestep: 937.5
current_timestep: 833.3333129882812
current_timestep: 625.0
current_timestep: 1000.0
current_timestep: 937.5
current_timestep: 833.3333129882812
current_timestep: 625.0
current_timestep: 1000.0
current_timestep: 937.5
current_timestep: 833.3333129882812
current_timestep: 625.0
current_timestep: 1000.0
current_timestep: 937.5
current_timestep: 833.3333129882812
current_timestep: 625.0
current_timestep: 1000.0
current_timestep: 937.5
current_timestep: 833.3333129882812
current_timestep: 625.0
current_timestep: 1000.0
current_timestep: 937.5
current_timestep: 833.3333129882812
current_timestep: 625.0
current_timestep: 1000.0
current_timestep: 937.5
current_timestep: 833.3333129882812
current_timestep: 625.0
current_timestep: 1000.0
current_timestep: 937.5
current_timestep: 833.3333129882812
current_timestep: 625.0
current_timestep: 1000.0
current_timestep: 937.5
current_timestep: 833.3333129882812
current_timestep: 625.0
current_timestep: 1000.0
current_timestep: 937.5
current_timestep: 833.3333129882812
current_timestep: 625.0
current_timestep: 1000.0
current_timestep: 937.5
current_timestep: 833.3333129882812
current_timestep: 625.0
current_timestep: 1000.0
current_timestep: 937.5
current_timestep: 833.3333129882812
current_timestep: 625.0
current_timestep: 1000.0
current_timestep: 937.5
current_timestep: 833.3333129882812
current_timestep: 625.0
current_timestep: 1000.0
current_timestep: 937.5
current_timestep: 833.3333129882812
current_timestep: 625.0
Moving DynamicSwap_WanTextEncoder to cuda:0 with preserved memory: 24.55411195755005 GB
current_timestep: 1000.0
current_timestep: 937.5
current_timestep: 833.3333129882812
current_timestep: 625.0
current_timestep: 1000.0
current_timestep: 937.5
current_timestep: 833.3333129882812
current_timestep: 625.0
current_timestep: 1000.0
current_timestep: 937.5
current_timestep: 833.3333129882812
current_timestep: 625.0
current_timestep: 1000.0
current_timestep: 937.5
current_timestep: 833.3333129882812
current_timestep: 625.0
current_timestep: 1000.0
current_timestep: 937.5
current_timestep: 833.3333129882812
current_timestep: 625.0
current_timestep: 1000.0
current_timestep: 937.5
current_timestep: 833.3333129882812
current_timestep: 625.0
current_timestep: 1000.0
current_timestep: 937.5
current_timestep: 833.3333129882812
current_timestep: 625.0
current_timestep: 1000.0
current_timestep: 937.5
current_timestep: 833.3333129882812
current_timestep: 625.0
current_timestep: 1000.0
current_timestep: 937.5
current_timestep: 833.3333129882812
current_timestep: 625.0
current_timestep: 1000.0
current_timestep: 937.5
current_timestep: 833.3333129882812
current_timestep: 625.0
current_timestep: 1000.0
current_timestep: 937.5
current_timestep: 833.3333129882812
current_timestep: 625.0
current_timestep: 1000.0
current_timestep: 937.5
current_timestep: 833.3333129882812
current_timestep: 625.0
current_timestep: 1000.0
current_timestep: 937.5
current_timestep: 833.3333129882812
current_timestep: 625.0
current_timestep: 1000.0
current_timestep: 937.5
current_timestep: 833.3333129882812
current_timestep: 625.0
{
  "method": "FLOWCACHE_PRUNE_INT4",
  "num_prompts": 10,
  "num_samples": 1,
  "total_runtime_s": 724.0634238058701,
  "avg_runtime_s_per_prompt": 72.406342380587,
  "peak_vram_bytes": 12620128768,
  "quantize_time_s": 75.63089907495305,
  "dequantize_time_s": 9.075807296670973,
  "bf16_kv_bytes": 12076646400,
  "compressed_kv_bytes": 2223458880,
  "compression_ratio": 5.431468289622698,
  "first_video_shape": [
    1,
    165,
    3,
    480,
    832
  ],
  "flowcache_prune_events": 21000.0,
  "flowcache_prune_avg_recent_ratio": 0.23562699425793865,
  "flowcache_prune_avg_important_ratio": 0.09908490319204157,
  "flowcache_prune_avg_retained_ratio": 0.2854134159491287,
  "flowcache_prune_avg_pruned_ratio": 0.37987468660084595,
  "flowcache_prune_avg_layer_budget": 0.9186619794376929,
  "flowcache_prune_avg_delta": 203966.63549688287,
  "flowcache_prune_refresh_rate": 0.2,
  "flowcache_prune_config_chunk_recent_ratio": 0.25,
  "flowcache_prune_config_important_old_ratio": 0.1,
  "flowcache_prune_config_retained_old_ratio": 0.45,
  "flowcache_prune_refresh_gap_chunks": 1.0,
  "flowcache_prune_recent_bits": 4.0,
  "flowcache_prune_old_bits": 4.0,
  "flowcache_prune_importance_alpha": 0.7,
  "flowcache_prune_importance_beta": 0.3
}
[W310 20:21:31.552967618 CUDAAllocatorConfig.h:28] Warning: expandable_segments not supported on this platform (function operator())
[rank0]:[W310 20:21:31.796070790 ProcessGroupNCCL.cpp:4115] [PG ID 0 PG GUID 0 Rank 0]  using GPU 0 to perform barrier as devices used by this process are currently unknown. This can potentially cause a hang if this rank to GPU mapping is incorrect.Specify device_ids in barrier() to force use of a particular device,or call init_process_group() with a device_id.
/home/suraj/miniforge3/envs/qvg_sf_eval/lib/python3.10/site-packages/clip/clip.py:6: UserWarning: pkg_resources is deprecated as an API. See https://setuptools.pypa.io/en/latest/pkg_resources.html. The pkg_resources package is slated for removal as early as 2025-11-30. Refrain from using this package or pin to Setuptools<81.
  from pkg_resources import packaging
args: Namespace(output_path='/data/vaishak/combined-kv-quant/results/benchmarks/storyeval/storyeval_flowcache_prune_int4_27bbc04277fe_10prompts_10s/metrics/vbench_raw', full_json_dir='/data/vaishak/combined-kv-quant/third_party/VBench/vbench/VBench_full_info.json', videos_path='/data/vaishak/combined-kv-quant/results/benchmarks/storyeval/storyeval_flowcache_prune_int4_27bbc04277fe_10prompts_10s/videos', dimension=['background_consistency', 'imaging_quality', 'subject_consistency', 'aesthetic_quality'], load_ckpt_from_local=None, read_frame=None, mode='custom_input', prompt='None', prompt_file='/data/vaishak/combined-kv-quant/results/benchmarks/storyeval/storyeval_flowcache_prune_int4_27bbc04277fe_10prompts_10s/metrics/vbench_prompt_map.json', category=None, imaging_quality_preprocessing_mode='longer')
start evaluation
Evaluation meta data saved to /data/vaishak/combined-kv-quant/results/benchmarks/storyeval/storyeval_flowcache_prune_int4_27bbc04277fe_10prompts_10s/metrics/vbench_raw/results_2026-03-10-20:21:31_full_info.json
cur_full_info_path: /data/vaishak/combined-kv-quant/results/benchmarks/storyeval/storyeval_flowcache_prune_int4_27bbc04277fe_10prompts_10s/metrics/vbench_raw/results_2026-03-10-20:21:31_full_info.json
  0%|          | 0/10 [00:00<?, ?it/s] 10%|█         | 1/10 [00:00<00:06,  1.43it/s] 20%|██        | 2/10 [00:01<00:05,  1.57it/s] 30%|███       | 3/10 [00:01<00:04,  1.65it/s] 40%|████      | 4/10 [00:02<00:03,  1.66it/s] 50%|█████     | 5/10 [00:03<00:03,  1.66it/s] 60%|██████    | 6/10 [00:03<00:02,  1.64it/s] 70%|███████   | 7/10 [00:04<00:01,  1.64it/s] 80%|████████  | 8/10 [00:04<00:01,  1.65it/s] 90%|█████████ | 9/10 [00:05<00:00,  1.65it/s]100%|██████████| 10/10 [00:06<00:00,  1.65it/s]100%|██████████| 10/10 [00:06<00:00,  1.63it/s]
/home/suraj/miniforge3/envs/qvg_sf_eval/lib/python3.10/site-packages/timm/models/layers/__init__.py:48: FutureWarning: Importing from timm.models.layers is deprecated, please import via timm.layers
  warnings.warn(f"Importing from {__name__} is deprecated, please import via timm.layers", FutureWarning)
/home/suraj/miniforge3/envs/qvg_sf_eval/lib/python3.10/site-packages/pyiqa/archs/arch_util.py:118: FutureWarning: You are using `torch.load` with `weights_only=False` (the current default value), which uses the default pickle module implicitly. It is possible to construct malicious pickle data which will execute arbitrary code during unpickling (See https://github.com/pytorch/pytorch/blob/main/SECURITY.md#untrusted-models for more details). In a future release, the default value for `weights_only` will be flipped to `True`. This limits the functions that could be executed during unpickling. Arbitrary objects will no longer be allowed to be loaded via this mode unless they are explicitly allowlisted by the user via `torch.serialization.add_safe_globals`. We recommend you start setting `weights_only=True` for any use case where you don't have full control of the loaded file. Please open an issue on GitHub for any issues related to this experimental feature.
  state_dict = torch.load(model_path, map_location=torch.device("cpu"))
cur_full_info_path: /data/vaishak/combined-kv-quant/results/benchmarks/storyeval/storyeval_flowcache_prune_int4_27bbc04277fe_10prompts_10s/metrics/vbench_raw/results_2026-03-10-20:21:31_full_info.json
Loading pretrained model MUSIQ from /home/vaishak/.cache/vbench/pyiqa_model/musiq_spaq_ckpt-358bb6af.pth
  0%|          | 0/10 [00:00<?, ?it/s] 10%|█         | 1/10 [00:03<00:28,  3.12s/it] 20%|██        | 2/10 [00:06<00:23,  2.99s/it] 30%|███       | 3/10 [00:09<00:20,  2.99s/it] 40%|████      | 4/10 [00:11<00:17,  2.99s/it] 50%|█████     | 5/10 [00:15<00:15,  3.04s/it] 60%|██████    | 6/10 [00:18<00:12,  3.06s/it] 70%|███████   | 7/10 [00:21<00:09,  3.16s/it] 80%|████████  | 8/10 [00:24<00:06,  3.18s/it] 90%|█████████ | 9/10 [00:27<00:03,  3.18s/it]100%|██████████| 10/10 [00:31<00:00,  3.18s/it]100%|██████████| 10/10 [00:31<00:00,  3.12s/it]
Using cache found in /home/vaishak/.cache/torch/hub/facebookresearch_dino_main
2026-03-10 20:22:14,856 - vbench.subject_consistency - INFO - Initialize DINO success
cur_full_info_path: /data/vaishak/combined-kv-quant/results/benchmarks/storyeval/storyeval_flowcache_prune_int4_27bbc04277fe_10prompts_10s/metrics/vbench_raw/results_2026-03-10-20:21:31_full_info.json
  0%|          | 0/10 [00:00<?, ?it/s] 10%|█         | 1/10 [00:02<00:19,  2.12s/it] 20%|██        | 2/10 [00:04<00:17,  2.17s/it] 30%|███       | 3/10 [00:06<00:15,  2.21s/it] 40%|████      | 4/10 [00:08<00:13,  2.21s/it] 50%|█████     | 5/10 [00:11<00:11,  2.22s/it] 60%|██████    | 6/10 [00:13<00:08,  2.21s/it] 70%|███████   | 7/10 [00:15<00:06,  2.22s/it] 80%|████████  | 8/10 [00:17<00:04,  2.24s/it] 90%|█████████ | 9/10 [00:19<00:02,  2.22s/it]100%|██████████| 10/10 [00:22<00:00,  2.20s/it]100%|██████████| 10/10 [00:22<00:00,  2.21s/it]
/data/vaishak/kv-quant-longhorizon/third_party/VBench/vbench/aesthetic_quality.py:41: FutureWarning: You are using `torch.load` with `weights_only=False` (the current default value), which uses the default pickle module implicitly. It is possible to construct malicious pickle data which will execute arbitrary code during unpickling (See https://github.com/pytorch/pytorch/blob/main/SECURITY.md#untrusted-models for more details). In a future release, the default value for `weights_only` will be flipped to `True`. This limits the functions that could be executed during unpickling. Arbitrary objects will no longer be allowed to be loaded via this mode unless they are explicitly allowlisted by the user via `torch.serialization.add_safe_globals`. We recommend you start setting `weights_only=True` for any use case where you don't have full control of the loaded file. Please open an issue on GitHub for any issues related to this experimental feature.
  s = torch.load(path_to_model)
cur_full_info_path: /data/vaishak/combined-kv-quant/results/benchmarks/storyeval/storyeval_flowcache_prune_int4_27bbc04277fe_10prompts_10s/metrics/vbench_raw/results_2026-03-10-20:21:31_full_info.json
  0%|          | 0/10 [00:00<?, ?it/s] 10%|█         | 1/10 [00:00<00:08,  1.02it/s] 20%|██        | 2/10 [00:02<00:08,  1.04s/it] 30%|███       | 3/10 [00:03<00:07,  1.05s/it] 40%|████      | 4/10 [00:04<00:06,  1.06s/it] 50%|█████     | 5/10 [00:05<00:05,  1.07s/it] 60%|██████    | 6/10 [00:06<00:04,  1.08s/it] 70%|███████   | 7/10 [00:07<00:03,  1.09s/it] 80%|████████  | 8/10 [00:08<00:02,  1.09s/it] 90%|█████████ | 9/10 [00:09<00:01,  1.09s/it]100%|██████████| 10/10 [00:10<00:00,  1.09s/it]100%|██████████| 10/10 [00:10<00:00,  1.08s/it]
Evaluation results saved to /data/vaishak/combined-kv-quant/results/benchmarks/storyeval/storyeval_flowcache_prune_int4_27bbc04277fe_10prompts_10s/metrics/vbench_raw/results_2026-03-10-20:21:31_eval_results.json
done
[rank0]:[W310 20:22:55.996670653 ProcessGroupNCCL.cpp:1250] Warning: WARNING: process group has NOT been destroyed before we destruct ProcessGroupNCCL. On normal program exit, the application should call destroy_process_group to ensure that any pending NCCL operations have finished in this process. In rare cases this process can exit before this point and block the progress of another member of the process group. This constraint has always been present,  but this warning has only been added since PyTorch 2.4 (function operator())
Wrote /data/vaishak/combined-kv-quant/results/benchmarks/storyeval/storyeval_flowcache_prune_int4_27bbc04277fe_10prompts_10s/metrics/vbench.json
[W310 20:23:06.854394444 CUDAAllocatorConfig.h:28] Warning: expandable_segments not supported on this platform (function operator())
[rank0]:[W310 20:23:06.083691162 ProcessGroupNCCL.cpp:4115] [PG ID 0 PG GUID 0 Rank 0]  using GPU 0 to perform barrier as devices used by this process are currently unknown. This can potentially cause a hang if this rank to GPU mapping is incorrect.Specify device_ids in barrier() to force use of a particular device,or call init_process_group() with a device_id.
/home/suraj/miniforge3/envs/qvg_sf_eval/lib/python3.10/site-packages/clip/clip.py:6: UserWarning: pkg_resources is deprecated as an API. See https://setuptools.pypa.io/en/latest/pkg_resources.html. The pkg_resources package is slated for removal as early as 2025-11-30. Refrain from using this package or pin to Setuptools<81.
  from pkg_resources import packaging
/home/suraj/miniforge3/envs/qvg_sf_eval/lib/python3.10/site-packages/timm/models/layers/__init__.py:48: FutureWarning: Importing from timm.models.layers is deprecated, please import via timm.layers
  warnings.warn(f"Importing from {__name__} is deprecated, please import via timm.layers", FutureWarning)
/home/suraj/miniforge3/envs/qvg_sf_eval/lib/python3.10/site-packages/pyiqa/archs/arch_util.py:118: FutureWarning: You are using `torch.load` with `weights_only=False` (the current default value), which uses the default pickle module implicitly. It is possible to construct malicious pickle data which will execute arbitrary code during unpickling (See https://github.com/pytorch/pytorch/blob/main/SECURITY.md#untrusted-models for more details). In a future release, the default value for `weights_only` will be flipped to `True`. This limits the functions that could be executed during unpickling. Arbitrary objects will no longer be allowed to be loaded via this mode unless they are explicitly allowlisted by the user via `torch.serialization.add_safe_globals`. We recommend you start setting `weights_only=True` for any use case where you don't have full control of the loaded file. Please open an issue on GitHub for any issues related to this experimental feature.
  state_dict = torch.load(model_path, map_location=torch.device("cpu"))
args: Namespace(output_path='/data/vaishak/combined-kv-quant/results/benchmarks/storyeval/storyeval_flowcache_prune_int4_27bbc04277fe_10prompts_10s/metrics/drift_work/vbench_imaging_quality_50', full_json_dir='/data/vaishak/combined-kv-quant/third_party/VBench/vbench/VBench_full_info.json', videos_path='/data/vaishak/combined-kv-quant/results/benchmarks/storyeval/storyeval_flowcache_prune_int4_27bbc04277fe_10prompts_10s/metrics/drift_work/clips_50', dimension=['imaging_quality'], load_ckpt_from_local=None, read_frame=None, mode='custom_input', prompt='None', prompt_file='/data/vaishak/combined-kv-quant/results/benchmarks/storyeval/storyeval_flowcache_prune_int4_27bbc04277fe_10prompts_10s/metrics/drift_work/prompt_map_50.json', category=None, imaging_quality_preprocessing_mode='longer')
start evaluation
Evaluation meta data saved to /data/vaishak/combined-kv-quant/results/benchmarks/storyeval/storyeval_flowcache_prune_int4_27bbc04277fe_10prompts_10s/metrics/drift_work/vbench_imaging_quality_50/results_2026-03-10-20:23:06_full_info.json
cur_full_info_path: /data/vaishak/combined-kv-quant/results/benchmarks/storyeval/storyeval_flowcache_prune_int4_27bbc04277fe_10prompts_10s/metrics/drift_work/vbench_imaging_quality_50/results_2026-03-10-20:23:06_full_info.json
Loading pretrained model MUSIQ from /home/vaishak/.cache/vbench/pyiqa_model/musiq_spaq_ckpt-358bb6af.pth
  0%|          | 0/10 [00:00<?, ?it/s] 10%|█         | 1/10 [00:01<00:10,  1.17s/it] 20%|██        | 2/10 [00:02<00:08,  1.01s/it] 30%|███       | 3/10 [00:02<00:06,  1.03it/s] 40%|████      | 4/10 [00:03<00:05,  1.05it/s] 50%|█████     | 5/10 [00:04<00:04,  1.07it/s] 60%|██████    | 6/10 [00:05<00:03,  1.10it/s] 70%|███████   | 7/10 [00:06<00:02,  1.09it/s] 80%|████████  | 8/10 [00:07<00:01,  1.10it/s] 90%|█████████ | 9/10 [00:08<00:00,  1.10it/s]100%|██████████| 10/10 [00:09<00:00,  1.11it/s]100%|██████████| 10/10 [00:09<00:00,  1.07it/s]
Evaluation results saved to /data/vaishak/combined-kv-quant/results/benchmarks/storyeval/storyeval_flowcache_prune_int4_27bbc04277fe_10prompts_10s/metrics/drift_work/vbench_imaging_quality_50/results_2026-03-10-20:23:06_eval_results.json
done
[rank0]:[W310 20:23:18.384611839 ProcessGroupNCCL.cpp:1250] Warning: WARNING: process group has NOT been destroyed before we destruct ProcessGroupNCCL. On normal program exit, the application should call destroy_process_group to ensure that any pending NCCL operations have finished in this process. In rare cases this process can exit before this point and block the progress of another member of the process group. This constraint has always been present,  but this warning has only been added since PyTorch 2.4 (function operator())
[W310 20:23:26.129474526 CUDAAllocatorConfig.h:28] Warning: expandable_segments not supported on this platform (function operator())
[rank0]:[W310 20:23:27.381264967 ProcessGroupNCCL.cpp:4115] [PG ID 0 PG GUID 0 Rank 0]  using GPU 0 to perform barrier as devices used by this process are currently unknown. This can potentially cause a hang if this rank to GPU mapping is incorrect.Specify device_ids in barrier() to force use of a particular device,or call init_process_group() with a device_id.
/home/suraj/miniforge3/envs/qvg_sf_eval/lib/python3.10/site-packages/clip/clip.py:6: UserWarning: pkg_resources is deprecated as an API. See https://setuptools.pypa.io/en/latest/pkg_resources.html. The pkg_resources package is slated for removal as early as 2025-11-30. Refrain from using this package or pin to Setuptools<81.
  from pkg_resources import packaging
/home/suraj/miniforge3/envs/qvg_sf_eval/lib/python3.10/site-packages/timm/models/layers/__init__.py:48: FutureWarning: Importing from timm.models.layers is deprecated, please import via timm.layers
  warnings.warn(f"Importing from {__name__} is deprecated, please import via timm.layers", FutureWarning)
/home/suraj/miniforge3/envs/qvg_sf_eval/lib/python3.10/site-packages/pyiqa/archs/arch_util.py:118: FutureWarning: You are using `torch.load` with `weights_only=False` (the current default value), which uses the default pickle module implicitly. It is possible to construct malicious pickle data which will execute arbitrary code during unpickling (See https://github.com/pytorch/pytorch/blob/main/SECURITY.md#untrusted-models for more details). In a future release, the default value for `weights_only` will be flipped to `True`. This limits the functions that could be executed during unpickling. Arbitrary objects will no longer be allowed to be loaded via this mode unless they are explicitly allowlisted by the user via `torch.serialization.add_safe_globals`. We recommend you start setting `weights_only=True` for any use case where you don't have full control of the loaded file. Please open an issue on GitHub for any issues related to this experimental feature.
  state_dict = torch.load(model_path, map_location=torch.device("cpu"))
args: Namespace(output_path='/data/vaishak/combined-kv-quant/results/benchmarks/storyeval/storyeval_flowcache_prune_int4_27bbc04277fe_10prompts_10s/metrics/drift_work/vbench_imaging_quality_100', full_json_dir='/data/vaishak/combined-kv-quant/third_party/VBench/vbench/VBench_full_info.json', videos_path='/data/vaishak/combined-kv-quant/results/benchmarks/storyeval/storyeval_flowcache_prune_int4_27bbc04277fe_10prompts_10s/metrics/drift_work/clips_100', dimension=['imaging_quality'], load_ckpt_from_local=None, read_frame=None, mode='custom_input', prompt='None', prompt_file='/data/vaishak/combined-kv-quant/results/benchmarks/storyeval/storyeval_flowcache_prune_int4_27bbc04277fe_10prompts_10s/metrics/drift_work/prompt_map_100.json', category=None, imaging_quality_preprocessing_mode='longer')
start evaluation
Evaluation meta data saved to /data/vaishak/combined-kv-quant/results/benchmarks/storyeval/storyeval_flowcache_prune_int4_27bbc04277fe_10prompts_10s/metrics/drift_work/vbench_imaging_quality_100/results_2026-03-10-20:23:26_full_info.json
cur_full_info_path: /data/vaishak/combined-kv-quant/results/benchmarks/storyeval/storyeval_flowcache_prune_int4_27bbc04277fe_10prompts_10s/metrics/drift_work/vbench_imaging_quality_100/results_2026-03-10-20:23:26_full_info.json
Loading pretrained model MUSIQ from /home/vaishak/.cache/vbench/pyiqa_model/musiq_spaq_ckpt-358bb6af.pth
  0%|          | 0/10 [00:00<?, ?it/s] 10%|█         | 1/10 [00:02<00:20,  2.32s/it] 20%|██        | 2/10 [00:04<00:16,  2.11s/it] 30%|███       | 3/10 [00:06<00:14,  2.02s/it] 40%|████      | 4/10 [00:08<00:11,  2.00s/it] 50%|█████     | 5/10 [00:09<00:09,  1.93s/it] 60%|██████    | 6/10 [00:11<00:07,  1.87s/it] 70%|███████   | 7/10 [00:13<00:05,  1.84s/it] 80%|████████  | 8/10 [00:15<00:03,  1.83s/it] 90%|█████████ | 9/10 [00:17<00:01,  1.82s/it]100%|██████████| 10/10 [00:18<00:00,  1.82s/it]100%|██████████| 10/10 [00:18<00:00,  1.89s/it]
Evaluation results saved to /data/vaishak/combined-kv-quant/results/benchmarks/storyeval/storyeval_flowcache_prune_int4_27bbc04277fe_10prompts_10s/metrics/drift_work/vbench_imaging_quality_100/results_2026-03-10-20:23:26_eval_results.json
done
[rank0]:[W310 20:23:48.361153195 ProcessGroupNCCL.cpp:1250] Warning: WARNING: process group has NOT been destroyed before we destruct ProcessGroupNCCL. On normal program exit, the application should call destroy_process_group to ensure that any pending NCCL operations have finished in this process. In rare cases this process can exit before this point and block the progress of another member of the process group. This constraint has always been present,  but this warning has only been added since PyTorch 2.4 (function operator())
[W310 20:23:58.219293821 CUDAAllocatorConfig.h:28] Warning: expandable_segments not supported on this platform (function operator())
[rank0]:[W310 20:23:59.457284264 ProcessGroupNCCL.cpp:4115] [PG ID 0 PG GUID 0 Rank 0]  using GPU 0 to perform barrier as devices used by this process are currently unknown. This can potentially cause a hang if this rank to GPU mapping is incorrect.Specify device_ids in barrier() to force use of a particular device,or call init_process_group() with a device_id.
/home/suraj/miniforge3/envs/qvg_sf_eval/lib/python3.10/site-packages/clip/clip.py:6: UserWarning: pkg_resources is deprecated as an API. See https://setuptools.pypa.io/en/latest/pkg_resources.html. The pkg_resources package is slated for removal as early as 2025-11-30. Refrain from using this package or pin to Setuptools<81.
  from pkg_resources import packaging
/home/suraj/miniforge3/envs/qvg_sf_eval/lib/python3.10/site-packages/timm/models/layers/__init__.py:48: FutureWarning: Importing from timm.models.layers is deprecated, please import via timm.layers
  warnings.warn(f"Importing from {__name__} is deprecated, please import via timm.layers", FutureWarning)
/home/suraj/miniforge3/envs/qvg_sf_eval/lib/python3.10/site-packages/pyiqa/archs/arch_util.py:118: FutureWarning: You are using `torch.load` with `weights_only=False` (the current default value), which uses the default pickle module implicitly. It is possible to construct malicious pickle data which will execute arbitrary code during unpickling (See https://github.com/pytorch/pytorch/blob/main/SECURITY.md#untrusted-models for more details). In a future release, the default value for `weights_only` will be flipped to `True`. This limits the functions that could be executed during unpickling. Arbitrary objects will no longer be allowed to be loaded via this mode unless they are explicitly allowlisted by the user via `torch.serialization.add_safe_globals`. We recommend you start setting `weights_only=True` for any use case where you don't have full control of the loaded file. Please open an issue on GitHub for any issues related to this experimental feature.
  state_dict = torch.load(model_path, map_location=torch.device("cpu"))
args: Namespace(output_path='/data/vaishak/combined-kv-quant/results/benchmarks/storyeval/storyeval_flowcache_prune_int4_27bbc04277fe_10prompts_10s/metrics/drift_work/vbench_imaging_quality_150', full_json_dir='/data/vaishak/combined-kv-quant/third_party/VBench/vbench/VBench_full_info.json', videos_path='/data/vaishak/combined-kv-quant/results/benchmarks/storyeval/storyeval_flowcache_prune_int4_27bbc04277fe_10prompts_10s/metrics/drift_work/clips_150', dimension=['imaging_quality'], load_ckpt_from_local=None, read_frame=None, mode='custom_input', prompt='None', prompt_file='/data/vaishak/combined-kv-quant/results/benchmarks/storyeval/storyeval_flowcache_prune_int4_27bbc04277fe_10prompts_10s/metrics/drift_work/prompt_map_150.json', category=None, imaging_quality_preprocessing_mode='longer')
start evaluation
Evaluation meta data saved to /data/vaishak/combined-kv-quant/results/benchmarks/storyeval/storyeval_flowcache_prune_int4_27bbc04277fe_10prompts_10s/metrics/drift_work/vbench_imaging_quality_150/results_2026-03-10-20:23:59_full_info.json
cur_full_info_path: /data/vaishak/combined-kv-quant/results/benchmarks/storyeval/storyeval_flowcache_prune_int4_27bbc04277fe_10prompts_10s/metrics/drift_work/vbench_imaging_quality_150/results_2026-03-10-20:23:59_full_info.json
Loading pretrained model MUSIQ from /home/vaishak/.cache/vbench/pyiqa_model/musiq_spaq_ckpt-358bb6af.pth
  0%|          | 0/10 [00:00<?, ?it/s] 10%|█         | 1/10 [00:03<00:27,  3.00s/it] 20%|██        | 2/10 [00:05<00:22,  2.81s/it] 30%|███       | 3/10 [00:08<00:19,  2.77s/it] 40%|████      | 4/10 [00:11<00:16,  2.72s/it] 50%|█████     | 5/10 [00:13<00:13,  2.73s/it] 60%|██████    | 6/10 [00:16<00:10,  2.72s/it] 70%|███████   | 7/10 [00:19<00:08,  2.75s/it] 80%|████████  | 8/10 [00:22<00:05,  2.82s/it] 90%|█████████ | 9/10 [00:25<00:02,  2.86s/it]100%|██████████| 10/10 [00:28<00:00,  2.89s/it]100%|██████████| 10/10 [00:28<00:00,  2.82s/it]
Evaluation results saved to /data/vaishak/combined-kv-quant/results/benchmarks/storyeval/storyeval_flowcache_prune_int4_27bbc04277fe_10prompts_10s/metrics/drift_work/vbench_imaging_quality_150/results_2026-03-10-20:23:59_eval_results.json
done
[rank0]:[W310 20:24:29.951204096 ProcessGroupNCCL.cpp:1250] Warning: WARNING: process group has NOT been destroyed before we destruct ProcessGroupNCCL. On normal program exit, the application should call destroy_process_group to ensure that any pending NCCL operations have finished in this process. In rare cases this process can exit before this point and block the progress of another member of the process group. This constraint has always been present,  but this warning has only been added since PyTorch 2.4 (function operator())
Wrote /data/vaishak/combined-kv-quant/results/benchmarks/storyeval/storyeval_flowcache_prune_int4_27bbc04277fe_10prompts_10s/metrics/drift_imaging_quality.json
Wrote /data/vaishak/combined-kv-quant/results/benchmarks/storyeval/storyeval_flowcache_prune_int4_27bbc04277fe_10prompts_10s/plots/drift_imaging_quality.png
Wrote /data/vaishak/combined-kv-quant/results/benchmarks/storyeval/storyeval_flowcache_prune_int4_27bbc04277fe_10prompts_10s/summary/summary.json
Wrote /data/vaishak/combined-kv-quant/results/benchmarks/storyeval/storyeval_flowcache_prune_int4_27bbc04277fe_10prompts_10s/summary/summary.csv
$ /home/suraj/miniforge3/envs/qvg_sf_infer/bin/python /data/vaishak/combined-kv-quant/scripts/01_generate.py --results-root /data/vaishak/combined-kv-quant/results/benchmarks/storyeval/storyeval_flowcache_prune_int4_27bbc04277fe_10prompts_10s/profile_pass --method FLOWCACHE_PROFILE --prompt-path /data/vaishak/combined-kv-quant/data/prompts/storyeval/all_prompts.txt --max-prompts 10 --num-output-frames 42 --seed 0 --fps 16 --flowcache-recent-ratio 0.25 --device cuda:0 --use-ema --flowcache-recent-ratio 0.25 --flowcache-recent-bits 4 --flowcache-recent-method RTN --flowcache-old-method RTN --flowcache-min-layer-budget-scale 0.7 --flowcache-max-layer-budget-scale 1.3 --flowcache-important-old-ratio 0.1 --flowcache-importance-alpha 0.7 --flowcache-importance-beta 0.3 --flowcache-prune-retained-old-ratio 0.45 --flowcache-prune-refresh-gap-chunks 1 --low-memory
$ /home/suraj/miniforge3/envs/qvg_sf_infer/bin/python /data/vaishak/combined-kv-quant/scripts/01_generate.py --results-root /data/vaishak/combined-kv-quant/results/benchmarks/storyeval/storyeval_flowcache_prune_int4_27bbc04277fe_10prompts_10s --method FLOWCACHE_PRUNE_INT4 --prompt-path /data/vaishak/combined-kv-quant/data/prompts/storyeval/all_prompts.txt --max-prompts 10 --num-output-frames 42 --seed 0 --fps 16 --device cuda:0 --use-ema --flowcache-recent-ratio 0.25 --flowcache-recent-bits 4 --flowcache-recent-method RTN --flowcache-old-method RTN --flowcache-min-layer-budget-scale 0.7 --flowcache-max-layer-budget-scale 1.3 --flowcache-important-old-ratio 0.1 --flowcache-importance-alpha 0.7 --flowcache-importance-beta 0.3 --flowcache-prune-retained-old-ratio 0.45 --flowcache-prune-refresh-gap-chunks 1 --low-memory --flowcache-layer-budget-path /data/vaishak/combined-kv-quant/results/benchmarks/storyeval/storyeval_flowcache_prune_int4_27bbc04277fe_10prompts_10s/metrics/flowcache_profile_layer_budget.json
$ /home/suraj/miniforge3/envs/qvg_sf_eval/bin/python /data/vaishak/combined-kv-quant/scripts/eval_storyeval_vbench.py --run_dir /data/vaishak/combined-kv-quant/results/benchmarks/storyeval/storyeval_flowcache_prune_int4_27bbc04277fe_10prompts_10s --python_bin /home/suraj/miniforge3/envs/qvg_sf_eval/bin/python
$ /home/suraj/miniforge3/envs/qvg_sf_eval/bin/python /data/vaishak/combined-kv-quant/scripts/eval_storyeval_drift.py --run_dir /data/vaishak/combined-kv-quant/results/benchmarks/storyeval/storyeval_flowcache_prune_int4_27bbc04277fe_10prompts_10s --python_bin /home/suraj/miniforge3/envs/qvg_sf_eval/bin/python
$ /home/vaishak/miniforge3/bin/python3 /data/vaishak/combined-kv-quant/scripts/summarize_storyeval.py --run_dir /data/vaishak/combined-kv-quant/results/benchmarks/storyeval/storyeval_flowcache_prune_int4_27bbc04277fe_10prompts_10s
StoryEval backfill completed for FLOWCACHE_PRUNE_INT4 under /data/vaishak/combined-kv-quant/results/benchmarks/storyeval/storyeval_flowcache_prune_int4_27bbc04277fe_10prompts_10s
{
  "benchmark": "storyeval",
  "method": "FLOWCACHE_PRUNE_INT4",
  "config_id": "27bbc04277fe",
  "run_id": "storyeval_flowcache_prune_int4_27bbc04277fe_10prompts_10s",
  "created_utc": "2026-03-10T20:21:28.944639+00:00",
  "prompt_file": "/data/vaishak/combined-kv-quant/data/prompts/storyeval/all_prompts.txt",
  "num_prompts_selected": 10,
  "start_idx": 0,
  "end_idx": null,
  "max_prompts": 10,
  "seed": 0,
  "seeds_per_prompt": 1,
  "fps": 16,
  "duration_sec_requested": 10.0,
  "target_latent_frames": 42,
  "target_frames": 165,
  "effective_duration_sec": 10.3125,
  "resolution": [
    480,
    832
  ],
  "source_moviegen_run_root": "results/runs/backfill_flowcache_prune_int4_27bbc04277fe_10s"
}
/data/vaishak/combined-kv-quant/third_party/Self-Forcing/wan/modules/vae.py:634: FutureWarning: You are using `torch.load` with `weights_only=False` (the current default value), which uses the default pickle module implicitly. It is possible to construct malicious pickle data which will execute arbitrary code during unpickling (See https://github.com/pytorch/pytorch/blob/main/SECURITY.md#untrusted-models for more details). In a future release, the default value for `weights_only` will be flipped to `True`. This limits the functions that could be executed during unpickling. Arbitrary objects will no longer be allowed to be loaded via this mode unless they are explicitly allowlisted by the user via `torch.serialization.add_safe_globals`. We recommend you start setting `weights_only=True` for any use case where you don't have full control of the loaded file. Please open an issue on GitHub for any issues related to this experimental feature.
  torch.load(pretrained_path, map_location=device), assign=True)
/data/vaishak/combined-kv-quant/scripts/01_generate.py:408: FutureWarning: You are using `torch.load` with `weights_only=False` (the current default value), which uses the default pickle module implicitly. It is possible to construct malicious pickle data which will execute arbitrary code during unpickling (See https://github.com/pytorch/pytorch/blob/main/SECURITY.md#untrusted-models for more details). In a future release, the default value for `weights_only` will be flipped to `True`. This limits the functions that could be executed during unpickling. Arbitrary objects will no longer be allowed to be loaded via this mode unless they are explicitly allowlisted by the user via `torch.serialization.add_safe_globals`. We recommend you start setting `weights_only=True` for any use case where you don't have full control of the loaded file. Please open an issue on GitHub for any issues related to this experimental feature.
  state_dict = torch.load(str(checkpoint_path), map_location="cpu")
KV inference with 3 frames per block
Moving DynamicSwap_WanTextEncoder to cuda:0 with preserved memory: 25.303240299224854 GB
current_timestep: 1000.0
current_timestep: 937.5
current_timestep: 833.3333129882812
current_timestep: 625.0
current_timestep: 1000.0
current_timestep: 937.5
current_timestep: 833.3333129882812
current_timestep: 625.0
current_timestep: 1000.0
current_timestep: 937.5
current_timestep: 833.3333129882812
current_timestep: 625.0
current_timestep: 1000.0
current_timestep: 937.5
current_timestep: 833.3333129882812
current_timestep: 625.0
current_timestep: 1000.0
current_timestep: 937.5
current_timestep: 833.3333129882812
current_timestep: 625.0
current_timestep: 1000.0
current_timestep: 937.5
current_timestep: 833.3333129882812
current_timestep: 625.0
current_timestep: 1000.0
current_timestep: 937.5
current_timestep: 833.3333129882812
current_timestep: 625.0
current_timestep: 1000.0
current_timestep: 937.5
current_timestep: 833.3333129882812
current_timestep: 625.0
current_timestep: 1000.0
current_timestep: 937.5
current_timestep: 833.3333129882812
current_timestep: 625.0
current_timestep: 1000.0
current_timestep: 937.5
current_timestep: 833.3333129882812
current_timestep: 625.0
current_timestep: 1000.0
current_timestep: 937.5
current_timestep: 833.3333129882812
current_timestep: 625.0
current_timestep: 1000.0
current_timestep: 937.5
current_timestep: 833.3333129882812
current_timestep: 625.0
current_timestep: 1000.0
current_timestep: 937.5
current_timestep: 833.3333129882812
current_timestep: 625.0
current_timestep: 1000.0
current_timestep: 937.5
current_timestep: 833.3333129882812
current_timestep: 625.0
Moving DynamicSwap_WanTextEncoder to cuda:0 with preserved memory: 24.55411195755005 GB
current_timestep: 1000.0
current_timestep: 937.5
current_timestep: 833.3333129882812
current_timestep: 625.0
current_timestep: 1000.0
current_timestep: 937.5
current_timestep: 833.3333129882812
current_timestep: 625.0
current_timestep: 1000.0
current_timestep: 937.5
current_timestep: 833.3333129882812
current_timestep: 625.0
current_timestep: 1000.0
current_timestep: 937.5
current_timestep: 833.3333129882812
current_timestep: 625.0
current_timestep: 1000.0
current_timestep: 937.5
current_timestep: 833.3333129882812
current_timestep: 625.0
current_timestep: 1000.0
current_timestep: 937.5
current_timestep: 833.3333129882812
current_timestep: 625.0
current_timestep: 1000.0
current_timestep: 937.5
current_timestep: 833.3333129882812
current_timestep: 625.0
current_timestep: 1000.0
current_timestep: 937.5
current_timestep: 833.3333129882812
current_timestep: 625.0
current_timestep: 1000.0
current_timestep: 937.5
current_timestep: 833.3333129882812
current_timestep: 625.0
current_timestep: 1000.0
current_timestep: 937.5
current_timestep: 833.3333129882812
current_timestep: 625.0
current_timestep: 1000.0
current_timestep: 937.5
current_timestep: 833.3333129882812
current_timestep: 625.0
current_timestep: 1000.0
current_timestep: 937.5
current_timestep: 833.3333129882812
current_timestep: 625.0
current_timestep: 1000.0
current_timestep: 937.5
current_timestep: 833.3333129882812
current_timestep: 625.0
current_timestep: 1000.0
current_timestep: 937.5
current_timestep: 833.3333129882812
current_timestep: 625.0
Moving DynamicSwap_WanTextEncoder to cuda:0 with preserved memory: 24.55411195755005 GB
current_timestep: 1000.0
current_timestep: 937.5
current_timestep: 833.3333129882812
current_timestep: 625.0
current_timestep: 1000.0
current_timestep: 937.5
current_timestep: 833.3333129882812
current_timestep: 625.0
current_timestep: 1000.0
current_timestep: 937.5
current_timestep: 833.3333129882812
current_timestep: 625.0
current_timestep: 1000.0
current_timestep: 937.5
current_timestep: 833.3333129882812
current_timestep: 625.0
current_timestep: 1000.0
current_timestep: 937.5
current_timestep: 833.3333129882812
current_timestep: 625.0
current_timestep: 1000.0
current_timestep: 937.5
current_timestep: 833.3333129882812
current_timestep: 625.0
current_timestep: 1000.0
current_timestep: 937.5
current_timestep: 833.3333129882812
current_timestep: 625.0
current_timestep: 1000.0
current_timestep: 937.5
current_timestep: 833.3333129882812
current_timestep: 625.0
current_timestep: 1000.0
current_timestep: 937.5
current_timestep: 833.3333129882812
current_timestep: 625.0
current_timestep: 1000.0
current_timestep: 937.5
current_timestep: 833.3333129882812
current_timestep: 625.0
current_timestep: 1000.0
current_timestep: 937.5
current_timestep: 833.3333129882812
current_timestep: 625.0
current_timestep: 1000.0
current_timestep: 937.5
current_timestep: 833.3333129882812
current_timestep: 625.0
current_timestep: 1000.0
current_timestep: 937.5
current_timestep: 833.3333129882812
current_timestep: 625.0
current_timestep: 1000.0
current_timestep: 937.5
current_timestep: 833.3333129882812
current_timestep: 625.0
Moving DynamicSwap_WanTextEncoder to cuda:0 with preserved memory: 24.55411195755005 GB
current_timestep: 1000.0
current_timestep: 937.5
current_timestep: 833.3333129882812
current_timestep: 625.0
current_timestep: 1000.0
current_timestep: 937.5
current_timestep: 833.3333129882812
current_timestep: 625.0
current_timestep: 1000.0
current_timestep: 937.5
current_timestep: 833.3333129882812
current_timestep: 625.0
current_timestep: 1000.0
current_timestep: 937.5
current_timestep: 833.3333129882812
current_timestep: 625.0
current_timestep: 1000.0
current_timestep: 937.5
current_timestep: 833.3333129882812
current_timestep: 625.0
current_timestep: 1000.0
current_timestep: 937.5
current_timestep: 833.3333129882812
current_timestep: 625.0
current_timestep: 1000.0
current_timestep: 937.5
current_timestep: 833.3333129882812
current_timestep: 625.0
current_timestep: 1000.0
current_timestep: 937.5
current_timestep: 833.3333129882812
current_timestep: 625.0
current_timestep: 1000.0
current_timestep: 937.5
current_timestep: 833.3333129882812
current_timestep: 625.0
current_timestep: 1000.0
current_timestep: 937.5
current_timestep: 833.3333129882812
current_timestep: 625.0
current_timestep: 1000.0
current_timestep: 937.5
current_timestep: 833.3333129882812
current_timestep: 625.0
current_timestep: 1000.0
current_timestep: 937.5
current_timestep: 833.3333129882812
current_timestep: 625.0
current_timestep: 1000.0
current_timestep: 937.5
current_timestep: 833.3333129882812
current_timestep: 625.0
current_timestep: 1000.0
current_timestep: 937.5
current_timestep: 833.3333129882812
current_timestep: 625.0
Moving DynamicSwap_WanTextEncoder to cuda:0 with preserved memory: 24.55411195755005 GB
current_timestep: 1000.0
current_timestep: 937.5
current_timestep: 833.3333129882812
current_timestep: 625.0
current_timestep: 1000.0
current_timestep: 937.5
current_timestep: 833.3333129882812
current_timestep: 625.0
current_timestep: 1000.0
current_timestep: 937.5
current_timestep: 833.3333129882812
current_timestep: 625.0
current_timestep: 1000.0
current_timestep: 937.5
current_timestep: 833.3333129882812
current_timestep: 625.0
current_timestep: 1000.0
current_timestep: 937.5
current_timestep: 833.3333129882812
current_timestep: 625.0
current_timestep: 1000.0
current_timestep: 937.5
current_timestep: 833.3333129882812
current_timestep: 625.0
current_timestep: 1000.0
current_timestep: 937.5
current_timestep: 833.3333129882812
current_timestep: 625.0
current_timestep: 1000.0
current_timestep: 937.5
current_timestep: 833.3333129882812
current_timestep: 625.0
current_timestep: 1000.0
current_timestep: 937.5
current_timestep: 833.3333129882812
current_timestep: 625.0
current_timestep: 1000.0
current_timestep: 937.5
current_timestep: 833.3333129882812
current_timestep: 625.0
current_timestep: 1000.0
current_timestep: 937.5
current_timestep: 833.3333129882812
current_timestep: 625.0
current_timestep: 1000.0
current_timestep: 937.5
current_timestep: 833.3333129882812
current_timestep: 625.0
current_timestep: 1000.0
current_timestep: 937.5
current_timestep: 833.3333129882812
current_timestep: 625.0
current_timestep: 1000.0
current_timestep: 937.5
current_timestep: 833.3333129882812
current_timestep: 625.0
Moving DynamicSwap_WanTextEncoder to cuda:0 with preserved memory: 24.55411195755005 GB
current_timestep: 1000.0
current_timestep: 937.5
current_timestep: 833.3333129882812
current_timestep: 625.0
current_timestep: 1000.0
current_timestep: 937.5
current_timestep: 833.3333129882812
current_timestep: 625.0
current_timestep: 1000.0
current_timestep: 937.5
current_timestep: 833.3333129882812
current_timestep: 625.0
current_timestep: 1000.0
current_timestep: 937.5
current_timestep: 833.3333129882812
current_timestep: 625.0
current_timestep: 1000.0
current_timestep: 937.5
current_timestep: 833.3333129882812
current_timestep: 625.0
current_timestep: 1000.0
current_timestep: 937.5
current_timestep: 833.3333129882812
current_timestep: 625.0
current_timestep: 1000.0
current_timestep: 937.5
current_timestep: 833.3333129882812
current_timestep: 625.0
current_timestep: 1000.0
current_timestep: 937.5
current_timestep: 833.3333129882812
current_timestep: 625.0
current_timestep: 1000.0
current_timestep: 937.5
current_timestep: 833.3333129882812
current_timestep: 625.0
current_timestep: 1000.0
current_timestep: 937.5
current_timestep: 833.3333129882812
current_timestep: 625.0
current_timestep: 1000.0
current_timestep: 937.5
current_timestep: 833.3333129882812
current_timestep: 625.0
current_timestep: 1000.0
current_timestep: 937.5
current_timestep: 833.3333129882812
current_timestep: 625.0
current_timestep: 1000.0
current_timestep: 937.5
current_timestep: 833.3333129882812
current_timestep: 625.0
current_timestep: 1000.0
current_timestep: 937.5
current_timestep: 833.3333129882812
current_timestep: 625.0
Moving DynamicSwap_WanTextEncoder to cuda:0 with preserved memory: 24.55411195755005 GB
current_timestep: 1000.0
current_timestep: 937.5
current_timestep: 833.3333129882812
current_timestep: 625.0
current_timestep: 1000.0
current_timestep: 937.5
current_timestep: 833.3333129882812
current_timestep: 625.0
current_timestep: 1000.0
current_timestep: 937.5
current_timestep: 833.3333129882812
current_timestep: 625.0
current_timestep: 1000.0
current_timestep: 937.5
current_timestep: 833.3333129882812
current_timestep: 625.0
current_timestep: 1000.0
current_timestep: 937.5
current_timestep: 833.3333129882812
current_timestep: 625.0
current_timestep: 1000.0
current_timestep: 937.5
current_timestep: 833.3333129882812
current_timestep: 625.0
current_timestep: 1000.0
current_timestep: 937.5
current_timestep: 833.3333129882812
current_timestep: 625.0
current_timestep: 1000.0
current_timestep: 937.5
current_timestep: 833.3333129882812
current_timestep: 625.0
current_timestep: 1000.0
current_timestep: 937.5
current_timestep: 833.3333129882812
current_timestep: 625.0
current_timestep: 1000.0
current_timestep: 937.5
current_timestep: 833.3333129882812
current_timestep: 625.0
current_timestep: 1000.0
current_timestep: 937.5
current_timestep: 833.3333129882812
current_timestep: 625.0
current_timestep: 1000.0
current_timestep: 937.5
current_timestep: 833.3333129882812
current_timestep: 625.0
current_timestep: 1000.0
current_timestep: 937.5
current_timestep: 833.3333129882812
current_timestep: 625.0
current_timestep: 1000.0
current_timestep: 937.5
current_timestep: 833.3333129882812
current_timestep: 625.0
Moving DynamicSwap_WanTextEncoder to cuda:0 with preserved memory: 24.55411195755005 GB
current_timestep: 1000.0
current_timestep: 937.5
current_timestep: 833.3333129882812
current_timestep: 625.0
current_timestep: 1000.0
current_timestep: 937.5
current_timestep: 833.3333129882812
current_timestep: 625.0
current_timestep: 1000.0
current_timestep: 937.5
current_timestep: 833.3333129882812
current_timestep: 625.0
current_timestep: 1000.0
current_timestep: 937.5
current_timestep: 833.3333129882812
current_timestep: 625.0
current_timestep: 1000.0
current_timestep: 937.5
current_timestep: 833.3333129882812
current_timestep: 625.0
current_timestep: 1000.0
current_timestep: 937.5
current_timestep: 833.3333129882812
current_timestep: 625.0
current_timestep: 1000.0
current_timestep: 937.5
current_timestep: 833.3333129882812
current_timestep: 625.0
current_timestep: 1000.0
current_timestep: 937.5
current_timestep: 833.3333129882812
current_timestep: 625.0
current_timestep: 1000.0
current_timestep: 937.5
current_timestep: 833.3333129882812
current_timestep: 625.0
current_timestep: 1000.0
current_timestep: 937.5
current_timestep: 833.3333129882812
current_timestep: 625.0
current_timestep: 1000.0
current_timestep: 937.5
current_timestep: 833.3333129882812
current_timestep: 625.0
current_timestep: 1000.0
current_timestep: 937.5
current_timestep: 833.3333129882812
current_timestep: 625.0
current_timestep: 1000.0
current_timestep: 937.5
current_timestep: 833.3333129882812
current_timestep: 625.0
current_timestep: 1000.0
current_timestep: 937.5
current_timestep: 833.3333129882812
current_timestep: 625.0
Moving DynamicSwap_WanTextEncoder to cuda:0 with preserved memory: 24.55411195755005 GB
current_timestep: 1000.0
current_timestep: 937.5
current_timestep: 833.3333129882812
current_timestep: 625.0
current_timestep: 1000.0
current_timestep: 937.5
current_timestep: 833.3333129882812
current_timestep: 625.0
current_timestep: 1000.0
current_timestep: 937.5
current_timestep: 833.3333129882812
current_timestep: 625.0
current_timestep: 1000.0
current_timestep: 937.5
current_timestep: 833.3333129882812
current_timestep: 625.0
current_timestep: 1000.0
current_timestep: 937.5
current_timestep: 833.3333129882812
current_timestep: 625.0
current_timestep: 1000.0
current_timestep: 937.5
current_timestep: 833.3333129882812
current_timestep: 625.0
current_timestep: 1000.0
current_timestep: 937.5
current_timestep: 833.3333129882812
current_timestep: 625.0
current_timestep: 1000.0
current_timestep: 937.5
current_timestep: 833.3333129882812
current_timestep: 625.0
current_timestep: 1000.0
current_timestep: 937.5
current_timestep: 833.3333129882812
current_timestep: 625.0
current_timestep: 1000.0
current_timestep: 937.5
current_timestep: 833.3333129882812
current_timestep: 625.0
current_timestep: 1000.0
current_timestep: 937.5
current_timestep: 833.3333129882812
current_timestep: 625.0
current_timestep: 1000.0
current_timestep: 937.5
current_timestep: 833.3333129882812
current_timestep: 625.0
current_timestep: 1000.0
current_timestep: 937.5
current_timestep: 833.3333129882812
current_timestep: 625.0
current_timestep: 1000.0
current_timestep: 937.5
current_timestep: 833.3333129882812
current_timestep: 625.0
Moving DynamicSwap_WanTextEncoder to cuda:0 with preserved memory: 24.55411195755005 GB
current_timestep: 1000.0
current_timestep: 937.5
current_timestep: 833.3333129882812
current_timestep: 625.0
current_timestep: 1000.0
current_timestep: 937.5
current_timestep: 833.3333129882812
current_timestep: 625.0
current_timestep: 1000.0
current_timestep: 937.5
current_timestep: 833.3333129882812
current_timestep: 625.0
current_timestep: 1000.0
current_timestep: 937.5
current_timestep: 833.3333129882812
current_timestep: 625.0
current_timestep: 1000.0
current_timestep: 937.5
current_timestep: 833.3333129882812
current_timestep: 625.0
current_timestep: 1000.0
current_timestep: 937.5
current_timestep: 833.3333129882812
current_timestep: 625.0
current_timestep: 1000.0
current_timestep: 937.5
current_timestep: 833.3333129882812
current_timestep: 625.0
current_timestep: 1000.0
current_timestep: 937.5
current_timestep: 833.3333129882812
current_timestep: 625.0
current_timestep: 1000.0
current_timestep: 937.5
current_timestep: 833.3333129882812
current_timestep: 625.0
current_timestep: 1000.0
current_timestep: 937.5
current_timestep: 833.3333129882812
current_timestep: 625.0
current_timestep: 1000.0
current_timestep: 937.5
current_timestep: 833.3333129882812
current_timestep: 625.0
current_timestep: 1000.0
current_timestep: 937.5
current_timestep: 833.3333129882812
current_timestep: 625.0
current_timestep: 1000.0
current_timestep: 937.5
current_timestep: 833.3333129882812
current_timestep: 625.0
current_timestep: 1000.0
current_timestep: 937.5
current_timestep: 833.3333129882812
current_timestep: 625.0
{
  "method": "FLOWCACHE_PROFILE",
  "num_prompts": 10,
  "num_samples": 1,
  "total_runtime_s": 674.0411465382203,
  "avg_runtime_s_per_prompt": 67.40411465382203,
  "peak_vram_bytes": 20701900800,
  "quantize_time_s": 272.54734108410776,
  "dequantize_time_s": 0.08850653655827045,
  "bf16_kv_bytes": 12076646400,
  "compressed_kv_bytes": 12076646400,
  "compression_ratio": 1.0,
  "first_video_shape": [
    1,
    165,
    3,
    480,
    832
  ],
  "flowcache_profile_recent_ratio": 0.25,
  "flowcache_profile_num_layers": 30,
  "flowcache_profile_avg_old_delta": 0.03832117705267202,
  "flowcache_profile_layer_scores": {
    "0": 0.04064325703055424,
    "1": 0.039067117673171274,
    "2": 0.03911603269609228,
    "3": 0.038480874097795555,
    "4": 0.0385574129037559,
    "5": 0.038381486685031045,
    "6": 0.03870747834325657,
    "7": 0.0384556553455196,
    "8": 0.03828419303142671,
    "9": 0.03852405417039675,
    "10": 0.03734539179099818,
    "11": 0.037614283801640495,
    "12": 0.03728440151960289,
    "13": 0.03696471641388706,
    "14": 0.03720328872056552,
    "15": 0.0374373966262881,
    "16": 0.037026501723951895,
    "17": 0.03729290659831427,
    "18": 0.03775208990492116,
    "19": 0.0377721864672504,
    "20": 0.03792213278254336,
    "21": 0.038140408053710044,
    "22": 0.03816819294710975,
    "23": 0.0383359296856669,
    "24": 0.03883931915480959,
    "25": 0.03865265368349787,
    "26": 0.03847314826891584,
    "27": 0.039281011896160574,
    "28": 0.03922499770969468,
    "29": 0.04068679185363196
  },
  "flowcache_profile_layer_scores_all_chunks": {
    "0": 0.0499087938122333,
    "1": 0.040654956384310645,
    "2": 0.037119689591347226,
    "3": 0.03432074030287682,
    "4": 0.033783780933609085,
    "5": 0.03347331774317556,
    "6": 0.0343245726646412,
    "7": 0.033938657990760276,
    "8": 0.0331635619574596,
    "9": 0.033155100517802766,
    "10": 0.03260272433183023,
    "11": 0.033043801108286495,
    "12": 0.031918083703588875,
    "13": 0.03154074384437667,
    "14": 0.03137295445220338,
    "15": 0.03212277529707977,
    "16": 0.03125897834603748,
    "17": 0.031935059697500295,
    "18": 0.031933384333988506,
    "19": 0.03403873107629636,
    "20": 0.03491216649635444,
    "21": 0.03607688821142628,
    "22": 0.03636953983597812,
    "23": 0.0358090360017996,
    "24": 0.036061376246786306,
    "25": 0.03506880420280827,
    "26": 0.03441997278540854,
    "27": 0.03491027537082869,
    "28": 0.03358256725493878,
    "29": 0.03950761121038407
  }
}
/data/vaishak/combined-kv-quant/third_party/Self-Forcing/wan/modules/vae.py:634: FutureWarning: You are using `torch.load` with `weights_only=False` (the current default value), which uses the default pickle module implicitly. It is possible to construct malicious pickle data which will execute arbitrary code during unpickling (See https://github.com/pytorch/pytorch/blob/main/SECURITY.md#untrusted-models for more details). In a future release, the default value for `weights_only` will be flipped to `True`. This limits the functions that could be executed during unpickling. Arbitrary objects will no longer be allowed to be loaded via this mode unless they are explicitly allowlisted by the user via `torch.serialization.add_safe_globals`. We recommend you start setting `weights_only=True` for any use case where you don't have full control of the loaded file. Please open an issue on GitHub for any issues related to this experimental feature.
  torch.load(pretrained_path, map_location=device), assign=True)
/data/vaishak/combined-kv-quant/scripts/01_generate.py:408: FutureWarning: You are using `torch.load` with `weights_only=False` (the current default value), which uses the default pickle module implicitly. It is possible to construct malicious pickle data which will execute arbitrary code during unpickling (See https://github.com/pytorch/pytorch/blob/main/SECURITY.md#untrusted-models for more details). In a future release, the default value for `weights_only` will be flipped to `True`. This limits the functions that could be executed during unpickling. Arbitrary objects will no longer be allowed to be loaded via this mode unless they are explicitly allowlisted by the user via `torch.serialization.add_safe_globals`. We recommend you start setting `weights_only=True` for any use case where you don't have full control of the loaded file. Please open an issue on GitHub for any issues related to this experimental feature.
  state_dict = torch.load(str(checkpoint_path), map_location="cpu")
KV inference with 3 frames per block
Moving DynamicSwap_WanTextEncoder to cuda:0 with preserved memory: 25.303240299224854 GB
current_timestep: 1000.0
current_timestep: 937.5
current_timestep: 833.3333129882812
current_timestep: 625.0
current_timestep: 1000.0
current_timestep: 937.5
current_timestep: 833.3333129882812
current_timestep: 625.0
current_timestep: 1000.0
current_timestep: 937.5
current_timestep: 833.3333129882812
current_timestep: 625.0
current_timestep: 1000.0
current_timestep: 937.5
current_timestep: 833.3333129882812
current_timestep: 625.0
current_timestep: 1000.0
current_timestep: 937.5
current_timestep: 833.3333129882812
current_timestep: 625.0
current_timestep: 1000.0
current_timestep: 937.5
current_timestep: 833.3333129882812
current_timestep: 625.0
current_timestep: 1000.0
current_timestep: 937.5
current_timestep: 833.3333129882812
current_timestep: 625.0
current_timestep: 1000.0
current_timestep: 937.5
current_timestep: 833.3333129882812
current_timestep: 625.0
current_timestep: 1000.0
current_timestep: 937.5
current_timestep: 833.3333129882812
current_timestep: 625.0
current_timestep: 1000.0
current_timestep: 937.5
current_timestep: 833.3333129882812
current_timestep: 625.0
current_timestep: 1000.0
current_timestep: 937.5
current_timestep: 833.3333129882812
current_timestep: 625.0
current_timestep: 1000.0
current_timestep: 937.5
current_timestep: 833.3333129882812
current_timestep: 625.0
current_timestep: 1000.0
current_timestep: 937.5
current_timestep: 833.3333129882812
current_timestep: 625.0
current_timestep: 1000.0
current_timestep: 937.5
current_timestep: 833.3333129882812
current_timestep: 625.0
Moving DynamicSwap_WanTextEncoder to cuda:0 with preserved memory: 24.55411195755005 GB
current_timestep: 1000.0
current_timestep: 937.5
current_timestep: 833.3333129882812
current_timestep: 625.0
current_timestep: 1000.0
current_timestep: 937.5
current_timestep: 833.3333129882812
current_timestep: 625.0
current_timestep: 1000.0
current_timestep: 937.5
current_timestep: 833.3333129882812
current_timestep: 625.0
current_timestep: 1000.0
current_timestep: 937.5
current_timestep: 833.3333129882812
current_timestep: 625.0
current_timestep: 1000.0
current_timestep: 937.5
current_timestep: 833.3333129882812
current_timestep: 625.0
current_timestep: 1000.0
current_timestep: 937.5
current_timestep: 833.3333129882812
current_timestep: 625.0
current_timestep: 1000.0
current_timestep: 937.5
current_timestep: 833.3333129882812
current_timestep: 625.0
current_timestep: 1000.0
current_timestep: 937.5
current_timestep: 833.3333129882812
current_timestep: 625.0
current_timestep: 1000.0
current_timestep: 937.5
current_timestep: 833.3333129882812
current_timestep: 625.0
current_timestep: 1000.0
current_timestep: 937.5
current_timestep: 833.3333129882812
current_timestep: 625.0
current_timestep: 1000.0
current_timestep: 937.5
current_timestep: 833.3333129882812
current_timestep: 625.0
current_timestep: 1000.0
current_timestep: 937.5
current_timestep: 833.3333129882812
current_timestep: 625.0
current_timestep: 1000.0
current_timestep: 937.5
current_timestep: 833.3333129882812
current_timestep: 625.0
current_timestep: 1000.0
current_timestep: 937.5
current_timestep: 833.3333129882812
current_timestep: 625.0
Moving DynamicSwap_WanTextEncoder to cuda:0 with preserved memory: 24.55411195755005 GB
current_timestep: 1000.0
current_timestep: 937.5
current_timestep: 833.3333129882812
current_timestep: 625.0
current_timestep: 1000.0
current_timestep: 937.5
current_timestep: 833.3333129882812
current_timestep: 625.0
current_timestep: 1000.0
current_timestep: 937.5
current_timestep: 833.3333129882812
current_timestep: 625.0
current_timestep: 1000.0
current_timestep: 937.5
current_timestep: 833.3333129882812
current_timestep: 625.0
current_timestep: 1000.0
current_timestep: 937.5
current_timestep: 833.3333129882812
current_timestep: 625.0
current_timestep: 1000.0
current_timestep: 937.5
current_timestep: 833.3333129882812
current_timestep: 625.0
current_timestep: 1000.0
current_timestep: 937.5
current_timestep: 833.3333129882812
current_timestep: 625.0
current_timestep: 1000.0
current_timestep: 937.5
current_timestep: 833.3333129882812
current_timestep: 625.0
current_timestep: 1000.0
current_timestep: 937.5
current_timestep: 833.3333129882812
current_timestep: 625.0
current_timestep: 1000.0
current_timestep: 937.5
current_timestep: 833.3333129882812
current_timestep: 625.0
current_timestep: 1000.0
current_timestep: 937.5
current_timestep: 833.3333129882812
current_timestep: 625.0
current_timestep: 1000.0
current_timestep: 937.5
current_timestep: 833.3333129882812
current_timestep: 625.0
current_timestep: 1000.0
current_timestep: 937.5
current_timestep: 833.3333129882812
current_timestep: 625.0
current_timestep: 1000.0
current_timestep: 937.5
current_timestep: 833.3333129882812
current_timestep: 625.0
Moving DynamicSwap_WanTextEncoder to cuda:0 with preserved memory: 24.55411195755005 GB
current_timestep: 1000.0
current_timestep: 937.5
current_timestep: 833.3333129882812
current_timestep: 625.0
current_timestep: 1000.0
current_timestep: 937.5
current_timestep: 833.3333129882812
current_timestep: 625.0
current_timestep: 1000.0
current_timestep: 937.5
current_timestep: 833.3333129882812
current_timestep: 625.0
current_timestep: 1000.0
current_timestep: 937.5
current_timestep: 833.3333129882812
current_timestep: 625.0
current_timestep: 1000.0
current_timestep: 937.5
current_timestep: 833.3333129882812
current_timestep: 625.0
current_timestep: 1000.0
current_timestep: 937.5
current_timestep: 833.3333129882812
current_timestep: 625.0
current_timestep: 1000.0
current_timestep: 937.5
current_timestep: 833.3333129882812
current_timestep: 625.0
current_timestep: 1000.0
current_timestep: 937.5
current_timestep: 833.3333129882812
current_timestep: 625.0
current_timestep: 1000.0
current_timestep: 937.5
current_timestep: 833.3333129882812
current_timestep: 625.0
current_timestep: 1000.0
current_timestep: 937.5
current_timestep: 833.3333129882812
current_timestep: 625.0
current_timestep: 1000.0
current_timestep: 937.5
current_timestep: 833.3333129882812
current_timestep: 625.0
current_timestep: 1000.0
current_timestep: 937.5
current_timestep: 833.3333129882812
current_timestep: 625.0
current_timestep: 1000.0
current_timestep: 937.5
current_timestep: 833.3333129882812
current_timestep: 625.0
current_timestep: 1000.0
current_timestep: 937.5
current_timestep: 833.3333129882812
current_timestep: 625.0
Moving DynamicSwap_WanTextEncoder to cuda:0 with preserved memory: 24.55411195755005 GB
current_timestep: 1000.0
current_timestep: 937.5
current_timestep: 833.3333129882812
current_timestep: 625.0
current_timestep: 1000.0
current_timestep: 937.5
current_timestep: 833.3333129882812
current_timestep: 625.0
current_timestep: 1000.0
current_timestep: 937.5
current_timestep: 833.3333129882812
current_timestep: 625.0
current_timestep: 1000.0
current_timestep: 937.5
current_timestep: 833.3333129882812
current_timestep: 625.0
current_timestep: 1000.0
current_timestep: 937.5
current_timestep: 833.3333129882812
current_timestep: 625.0
current_timestep: 1000.0
current_timestep: 937.5
current_timestep: 833.3333129882812
current_timestep: 625.0
current_timestep: 1000.0
current_timestep: 937.5
current_timestep: 833.3333129882812
current_timestep: 625.0
current_timestep: 1000.0
current_timestep: 937.5
current_timestep: 833.3333129882812
current_timestep: 625.0
current_timestep: 1000.0
current_timestep: 937.5
current_timestep: 833.3333129882812
current_timestep: 625.0
current_timestep: 1000.0
current_timestep: 937.5
current_timestep: 833.3333129882812
current_timestep: 625.0
current_timestep: 1000.0
current_timestep: 937.5
current_timestep: 833.3333129882812
current_timestep: 625.0
current_timestep: 1000.0
current_timestep: 937.5
current_timestep: 833.3333129882812
current_timestep: 625.0
current_timestep: 1000.0
current_timestep: 937.5
current_timestep: 833.3333129882812
current_timestep: 625.0
current_timestep: 1000.0
current_timestep: 937.5
current_timestep: 833.3333129882812
current_timestep: 625.0
Moving DynamicSwap_WanTextEncoder to cuda:0 with preserved memory: 24.55411195755005 GB
current_timestep: 1000.0
current_timestep: 937.5
current_timestep: 833.3333129882812
current_timestep: 625.0
current_timestep: 1000.0
current_timestep: 937.5
current_timestep: 833.3333129882812
current_timestep: 625.0
current_timestep: 1000.0
current_timestep: 937.5
current_timestep: 833.3333129882812
current_timestep: 625.0
current_timestep: 1000.0
current_timestep: 937.5
current_timestep: 833.3333129882812
current_timestep: 625.0
current_timestep: 1000.0
current_timestep: 937.5
current_timestep: 833.3333129882812
current_timestep: 625.0
current_timestep: 1000.0
current_timestep: 937.5
current_timestep: 833.3333129882812
current_timestep: 625.0
current_timestep: 1000.0
current_timestep: 937.5
current_timestep: 833.3333129882812
current_timestep: 625.0
current_timestep: 1000.0
current_timestep: 937.5
current_timestep: 833.3333129882812
current_timestep: 625.0
current_timestep: 1000.0
current_timestep: 937.5
current_timestep: 833.3333129882812
current_timestep: 625.0
current_timestep: 1000.0
current_timestep: 937.5
current_timestep: 833.3333129882812
current_timestep: 625.0
current_timestep: 1000.0
current_timestep: 937.5
current_timestep: 833.3333129882812
current_timestep: 625.0
current_timestep: 1000.0
current_timestep: 937.5
current_timestep: 833.3333129882812
current_timestep: 625.0
current_timestep: 1000.0
current_timestep: 937.5
current_timestep: 833.3333129882812
current_timestep: 625.0
current_timestep: 1000.0
current_timestep: 937.5
current_timestep: 833.3333129882812
current_timestep: 625.0
Moving DynamicSwap_WanTextEncoder to cuda:0 with preserved memory: 24.55411195755005 GB
current_timestep: 1000.0
current_timestep: 937.5
current_timestep: 833.3333129882812
current_timestep: 625.0
current_timestep: 1000.0
current_timestep: 937.5
current_timestep: 833.3333129882812
current_timestep: 625.0
current_timestep: 1000.0
current_timestep: 937.5
current_timestep: 833.3333129882812
current_timestep: 625.0
current_timestep: 1000.0
current_timestep: 937.5
current_timestep: 833.3333129882812
current_timestep: 625.0
current_timestep: 1000.0
current_timestep: 937.5
current_timestep: 833.3333129882812
current_timestep: 625.0
current_timestep: 1000.0
current_timestep: 937.5
current_timestep: 833.3333129882812
current_timestep: 625.0
current_timestep: 1000.0
current_timestep: 937.5
current_timestep: 833.3333129882812
current_timestep: 625.0
current_timestep: 1000.0
current_timestep: 937.5
current_timestep: 833.3333129882812
current_timestep: 625.0
current_timestep: 1000.0
current_timestep: 937.5
current_timestep: 833.3333129882812
current_timestep: 625.0
current_timestep: 1000.0
current_timestep: 937.5
current_timestep: 833.3333129882812
current_timestep: 625.0
current_timestep: 1000.0
current_timestep: 937.5
current_timestep: 833.3333129882812
current_timestep: 625.0
current_timestep: 1000.0
current_timestep: 937.5
current_timestep: 833.3333129882812
current_timestep: 625.0
current_timestep: 1000.0
current_timestep: 937.5
current_timestep: 833.3333129882812
current_timestep: 625.0
current_timestep: 1000.0
current_timestep: 937.5
current_timestep: 833.3333129882812
current_timestep: 625.0
Moving DynamicSwap_WanTextEncoder to cuda:0 with preserved memory: 24.55411195755005 GB
current_timestep: 1000.0
current_timestep: 937.5
current_timestep: 833.3333129882812
current_timestep: 625.0
current_timestep: 1000.0
current_timestep: 937.5
current_timestep: 833.3333129882812
current_timestep: 625.0
current_timestep: 1000.0
current_timestep: 937.5
current_timestep: 833.3333129882812
current_timestep: 625.0
current_timestep: 1000.0
current_timestep: 937.5
current_timestep: 833.3333129882812
current_timestep: 625.0
current_timestep: 1000.0
current_timestep: 937.5
current_timestep: 833.3333129882812
current_timestep: 625.0
current_timestep: 1000.0
current_timestep: 937.5
current_timestep: 833.3333129882812
current_timestep: 625.0
current_timestep: 1000.0
current_timestep: 937.5
current_timestep: 833.3333129882812
current_timestep: 625.0
current_timestep: 1000.0
current_timestep: 937.5
current_timestep: 833.3333129882812
current_timestep: 625.0
current_timestep: 1000.0
current_timestep: 937.5
current_timestep: 833.3333129882812
current_timestep: 625.0
current_timestep: 1000.0
current_timestep: 937.5
current_timestep: 833.3333129882812
current_timestep: 625.0
current_timestep: 1000.0
current_timestep: 937.5
current_timestep: 833.3333129882812
current_timestep: 625.0
current_timestep: 1000.0
current_timestep: 937.5
current_timestep: 833.3333129882812
current_timestep: 625.0
current_timestep: 1000.0
current_timestep: 937.5
current_timestep: 833.3333129882812
current_timestep: 625.0
current_timestep: 1000.0
current_timestep: 937.5
current_timestep: 833.3333129882812
current_timestep: 625.0
Moving DynamicSwap_WanTextEncoder to cuda:0 with preserved memory: 24.55411195755005 GB
current_timestep: 1000.0
current_timestep: 937.5
current_timestep: 833.3333129882812
current_timestep: 625.0
current_timestep: 1000.0
current_timestep: 937.5
current_timestep: 833.3333129882812
current_timestep: 625.0
current_timestep: 1000.0
current_timestep: 937.5
current_timestep: 833.3333129882812
current_timestep: 625.0
current_timestep: 1000.0
current_timestep: 937.5
current_timestep: 833.3333129882812
current_timestep: 625.0
current_timestep: 1000.0
current_timestep: 937.5
current_timestep: 833.3333129882812
current_timestep: 625.0
current_timestep: 1000.0
current_timestep: 937.5
current_timestep: 833.3333129882812
current_timestep: 625.0
current_timestep: 1000.0
current_timestep: 937.5
current_timestep: 833.3333129882812
current_timestep: 625.0
current_timestep: 1000.0
current_timestep: 937.5
current_timestep: 833.3333129882812
current_timestep: 625.0
current_timestep: 1000.0
current_timestep: 937.5
current_timestep: 833.3333129882812
current_timestep: 625.0
current_timestep: 1000.0
current_timestep: 937.5
current_timestep: 833.3333129882812
current_timestep: 625.0
current_timestep: 1000.0
current_timestep: 937.5
current_timestep: 833.3333129882812
current_timestep: 625.0
current_timestep: 1000.0
current_timestep: 937.5
current_timestep: 833.3333129882812
current_timestep: 625.0
current_timestep: 1000.0
current_timestep: 937.5
current_timestep: 833.3333129882812
current_timestep: 625.0
current_timestep: 1000.0
current_timestep: 937.5
current_timestep: 833.3333129882812
current_timestep: 625.0
Moving DynamicSwap_WanTextEncoder to cuda:0 with preserved memory: 24.55411195755005 GB
current_timestep: 1000.0
current_timestep: 937.5
current_timestep: 833.3333129882812
current_timestep: 625.0
current_timestep: 1000.0
current_timestep: 937.5
current_timestep: 833.3333129882812
current_timestep: 625.0
current_timestep: 1000.0
current_timestep: 937.5
current_timestep: 833.3333129882812
current_timestep: 625.0
current_timestep: 1000.0
current_timestep: 937.5
current_timestep: 833.3333129882812
current_timestep: 625.0
current_timestep: 1000.0
current_timestep: 937.5
current_timestep: 833.3333129882812
current_timestep: 625.0
current_timestep: 1000.0
current_timestep: 937.5
current_timestep: 833.3333129882812
current_timestep: 625.0
current_timestep: 1000.0
current_timestep: 937.5
current_timestep: 833.3333129882812
current_timestep: 625.0
current_timestep: 1000.0
current_timestep: 937.5
current_timestep: 833.3333129882812
current_timestep: 625.0
current_timestep: 1000.0
current_timestep: 937.5
current_timestep: 833.3333129882812
current_timestep: 625.0
current_timestep: 1000.0
current_timestep: 937.5
current_timestep: 833.3333129882812
current_timestep: 625.0
current_timestep: 1000.0
current_timestep: 937.5
current_timestep: 833.3333129882812
current_timestep: 625.0
current_timestep: 1000.0
current_timestep: 937.5
current_timestep: 833.3333129882812
current_timestep: 625.0
current_timestep: 1000.0
current_timestep: 937.5
current_timestep: 833.3333129882812
current_timestep: 625.0
current_timestep: 1000.0
current_timestep: 937.5
current_timestep: 833.3333129882812
current_timestep: 625.0
{
  "method": "FLOWCACHE_SOFT_PRUNE_INT2",
  "num_prompts": 10,
  "num_samples": 1,
  "total_runtime_s": 743.7722341469489,
  "avg_runtime_s_per_prompt": 74.3772234146949,
  "peak_vram_bytes": 12623329792,
  "quantize_time_s": 88.99108212022111,
  "dequantize_time_s": 14.479083359707147,
  "bf16_kv_bytes": 12076646400,
  "compressed_kv_bytes": 1796477648,
  "compression_ratio": 6.722402816113413,
  "first_video_shape": [
    1,
    165,
    3,
    480,
    832
  ],
  "flowcache_soft_prune_events": 21000.0,
  "flowcache_soft_prune_avg_recent_ratio": 0.23562699425793865,
  "flowcache_soft_prune_avg_important_ratio": 0.09908490319204157,
  "flowcache_soft_prune_avg_retained_ratio": 0.2854134159491287,
  "flowcache_soft_prune_avg_pruned_ratio": 0.37987468660084595,
  "flowcache_soft_prune_avg_layer_budget": 0.9186619794376929,
  "flowcache_soft_prune_avg_delta": 0.48302370512059756,
  "flowcache_soft_prune_refresh_rate": 0.2,
  "flowcache_soft_prune_config_chunk_recent_ratio": 0.25,
  "flowcache_soft_prune_config_important_old_ratio": 0.1,
  "flowcache_soft_prune_config_retained_old_ratio": 0.45,
  "flowcache_soft_prune_refresh_gap_chunks": 1.0,
  "flowcache_soft_prune_recent_bits": 4.0,
  "flowcache_soft_prune_old_bits": 2.0,
  "flowcache_soft_prune_importance_alpha": 0.7,
  "flowcache_soft_prune_importance_beta": 0.3,
  "flowcache_soft_prune_summary_tokens_per_chunk": 1.0
}
[W310 20:51:47.514269455 CUDAAllocatorConfig.h:28] Warning: expandable_segments not supported on this platform (function operator())
[rank0]:[W310 20:51:47.756443558 ProcessGroupNCCL.cpp:4115] [PG ID 0 PG GUID 0 Rank 0]  using GPU 0 to perform barrier as devices used by this process are currently unknown. This can potentially cause a hang if this rank to GPU mapping is incorrect.Specify device_ids in barrier() to force use of a particular device,or call init_process_group() with a device_id.
/home/suraj/miniforge3/envs/qvg_sf_eval/lib/python3.10/site-packages/clip/clip.py:6: UserWarning: pkg_resources is deprecated as an API. See https://setuptools.pypa.io/en/latest/pkg_resources.html. The pkg_resources package is slated for removal as early as 2025-11-30. Refrain from using this package or pin to Setuptools<81.
  from pkg_resources import packaging
args: Namespace(output_path='/data/vaishak/combined-kv-quant/results/benchmarks/storyeval/storyeval_flowcache_soft_prune_int2_24b7f6c1cfbb_10prompts_10s/metrics/vbench_raw', full_json_dir='/data/vaishak/combined-kv-quant/third_party/VBench/vbench/VBench_full_info.json', videos_path='/data/vaishak/combined-kv-quant/results/benchmarks/storyeval/storyeval_flowcache_soft_prune_int2_24b7f6c1cfbb_10prompts_10s/videos', dimension=['background_consistency', 'imaging_quality', 'subject_consistency', 'aesthetic_quality'], load_ckpt_from_local=None, read_frame=None, mode='custom_input', prompt='None', prompt_file='/data/vaishak/combined-kv-quant/results/benchmarks/storyeval/storyeval_flowcache_soft_prune_int2_24b7f6c1cfbb_10prompts_10s/metrics/vbench_prompt_map.json', category=None, imaging_quality_preprocessing_mode='longer')
start evaluation
Evaluation meta data saved to /data/vaishak/combined-kv-quant/results/benchmarks/storyeval/storyeval_flowcache_soft_prune_int2_24b7f6c1cfbb_10prompts_10s/metrics/vbench_raw/results_2026-03-10-20:51:47_full_info.json
cur_full_info_path: /data/vaishak/combined-kv-quant/results/benchmarks/storyeval/storyeval_flowcache_soft_prune_int2_24b7f6c1cfbb_10prompts_10s/metrics/vbench_raw/results_2026-03-10-20:51:47_full_info.json
  0%|          | 0/10 [00:00<?, ?it/s] 10%|█         | 1/10 [00:00<00:06,  1.35it/s] 20%|██        | 2/10 [00:01<00:05,  1.48it/s] 30%|███       | 3/10 [00:01<00:04,  1.55it/s] 40%|████      | 4/10 [00:02<00:03,  1.57it/s] 50%|█████     | 5/10 [00:03<00:03,  1.56it/s] 60%|██████    | 6/10 [00:03<00:02,  1.57it/s] 70%|███████   | 7/10 [00:04<00:01,  1.58it/s] 80%|████████  | 8/10 [00:05<00:01,  1.58it/s] 90%|█████████ | 9/10 [00:05<00:00,  1.58it/s]100%|██████████| 10/10 [00:06<00:00,  1.57it/s]100%|██████████| 10/10 [00:06<00:00,  1.56it/s]
/home/suraj/miniforge3/envs/qvg_sf_eval/lib/python3.10/site-packages/timm/models/layers/__init__.py:48: FutureWarning: Importing from timm.models.layers is deprecated, please import via timm.layers
  warnings.warn(f"Importing from {__name__} is deprecated, please import via timm.layers", FutureWarning)
/home/suraj/miniforge3/envs/qvg_sf_eval/lib/python3.10/site-packages/pyiqa/archs/arch_util.py:118: FutureWarning: You are using `torch.load` with `weights_only=False` (the current default value), which uses the default pickle module implicitly. It is possible to construct malicious pickle data which will execute arbitrary code during unpickling (See https://github.com/pytorch/pytorch/blob/main/SECURITY.md#untrusted-models for more details). In a future release, the default value for `weights_only` will be flipped to `True`. This limits the functions that could be executed during unpickling. Arbitrary objects will no longer be allowed to be loaded via this mode unless they are explicitly allowlisted by the user via `torch.serialization.add_safe_globals`. We recommend you start setting `weights_only=True` for any use case where you don't have full control of the loaded file. Please open an issue on GitHub for any issues related to this experimental feature.
  state_dict = torch.load(model_path, map_location=torch.device("cpu"))
cur_full_info_path: /data/vaishak/combined-kv-quant/results/benchmarks/storyeval/storyeval_flowcache_soft_prune_int2_24b7f6c1cfbb_10prompts_10s/metrics/vbench_raw/results_2026-03-10-20:51:47_full_info.json
Loading pretrained model MUSIQ from /home/vaishak/.cache/vbench/pyiqa_model/musiq_spaq_ckpt-358bb6af.pth
  0%|          | 0/10 [00:00<?, ?it/s] 10%|█         | 1/10 [00:03<00:27,  3.03s/it] 20%|██        | 2/10 [00:05<00:23,  2.92s/it] 30%|███       | 3/10 [00:08<00:20,  2.95s/it] 40%|████      | 4/10 [00:11<00:17,  2.95s/it] 50%|█████     | 5/10 [00:14<00:14,  2.95s/it] 60%|██████    | 6/10 [00:17<00:12,  3.04s/it] 70%|███████   | 7/10 [00:21<00:09,  3.10s/it] 80%|████████  | 8/10 [00:24<00:06,  3.11s/it] 90%|█████████ | 9/10 [00:27<00:03,  3.11s/it]100%|██████████| 10/10 [00:30<00:00,  3.11s/it]100%|██████████| 10/10 [00:30<00:00,  3.06s/it]
Using cache found in /home/vaishak/.cache/torch/hub/facebookresearch_dino_main
2026-03-10 20:52:30,819 - vbench.subject_consistency - INFO - Initialize DINO success
cur_full_info_path: /data/vaishak/combined-kv-quant/results/benchmarks/storyeval/storyeval_flowcache_soft_prune_int2_24b7f6c1cfbb_10prompts_10s/metrics/vbench_raw/results_2026-03-10-20:51:47_full_info.json
  0%|          | 0/10 [00:00<?, ?it/s] 10%|█         | 1/10 [00:02<00:19,  2.11s/it] 20%|██        | 2/10 [00:04<00:17,  2.14s/it] 30%|███       | 3/10 [00:06<00:15,  2.18s/it] 40%|████      | 4/10 [00:08<00:13,  2.18s/it] 50%|█████     | 5/10 [00:10<00:10,  2.18s/it] 60%|██████    | 6/10 [00:13<00:08,  2.18s/it] 70%|███████   | 7/10 [00:15<00:06,  2.16s/it] 80%|████████  | 8/10 [00:17<00:04,  2.16s/it] 90%|█████████ | 9/10 [00:19<00:02,  2.16s/it]100%|██████████| 10/10 [00:21<00:00,  2.15s/it]100%|██████████| 10/10 [00:21<00:00,  2.16s/it]
/data/vaishak/kv-quant-longhorizon/third_party/VBench/vbench/aesthetic_quality.py:41: FutureWarning: You are using `torch.load` with `weights_only=False` (the current default value), which uses the default pickle module implicitly. It is possible to construct malicious pickle data which will execute arbitrary code during unpickling (See https://github.com/pytorch/pytorch/blob/main/SECURITY.md#untrusted-models for more details). In a future release, the default value for `weights_only` will be flipped to `True`. This limits the functions that could be executed during unpickling. Arbitrary objects will no longer be allowed to be loaded via this mode unless they are explicitly allowlisted by the user via `torch.serialization.add_safe_globals`. We recommend you start setting `weights_only=True` for any use case where you don't have full control of the loaded file. Please open an issue on GitHub for any issues related to this experimental feature.
  s = torch.load(path_to_model)
cur_full_info_path: /data/vaishak/combined-kv-quant/results/benchmarks/storyeval/storyeval_flowcache_soft_prune_int2_24b7f6c1cfbb_10prompts_10s/metrics/vbench_raw/results_2026-03-10-20:51:47_full_info.json
  0%|          | 0/10 [00:00<?, ?it/s] 10%|█         | 1/10 [00:00<00:08,  1.05it/s] 20%|██        | 2/10 [00:01<00:08,  1.00s/it] 30%|███       | 3/10 [00:03<00:07,  1.02s/it] 40%|████      | 4/10 [00:04<00:06,  1.02s/it] 50%|█████     | 5/10 [00:05<00:05,  1.04s/it] 60%|██████    | 6/10 [00:06<00:04,  1.04s/it] 70%|███████   | 7/10 [00:07<00:03,  1.04s/it] 80%|████████  | 8/10 [00:08<00:02,  1.04s/it] 90%|█████████ | 9/10 [00:09<00:01,  1.04s/it]100%|██████████| 10/10 [00:10<00:00,  1.04s/it]100%|██████████| 10/10 [00:10<00:00,  1.03s/it]
Evaluation results saved to /data/vaishak/combined-kv-quant/results/benchmarks/storyeval/storyeval_flowcache_soft_prune_int2_24b7f6c1cfbb_10prompts_10s/metrics/vbench_raw/results_2026-03-10-20:51:47_eval_results.json
done
[rank0]:[W310 20:53:10.155643157 ProcessGroupNCCL.cpp:1250] Warning: WARNING: process group has NOT been destroyed before we destruct ProcessGroupNCCL. On normal program exit, the application should call destroy_process_group to ensure that any pending NCCL operations have finished in this process. In rare cases this process can exit before this point and block the progress of another member of the process group. This constraint has always been present,  but this warning has only been added since PyTorch 2.4 (function operator())
Wrote /data/vaishak/combined-kv-quant/results/benchmarks/storyeval/storyeval_flowcache_soft_prune_int2_24b7f6c1cfbb_10prompts_10s/metrics/vbench.json
[W310 20:53:21.252276555 CUDAAllocatorConfig.h:28] Warning: expandable_segments not supported on this platform (function operator())
[rank0]:[W310 20:53:22.488235817 ProcessGroupNCCL.cpp:4115] [PG ID 0 PG GUID 0 Rank 0]  using GPU 0 to perform barrier as devices used by this process are currently unknown. This can potentially cause a hang if this rank to GPU mapping is incorrect.Specify device_ids in barrier() to force use of a particular device,or call init_process_group() with a device_id.
/home/suraj/miniforge3/envs/qvg_sf_eval/lib/python3.10/site-packages/clip/clip.py:6: UserWarning: pkg_resources is deprecated as an API. See https://setuptools.pypa.io/en/latest/pkg_resources.html. The pkg_resources package is slated for removal as early as 2025-11-30. Refrain from using this package or pin to Setuptools<81.
  from pkg_resources import packaging
/home/suraj/miniforge3/envs/qvg_sf_eval/lib/python3.10/site-packages/timm/models/layers/__init__.py:48: FutureWarning: Importing from timm.models.layers is deprecated, please import via timm.layers
  warnings.warn(f"Importing from {__name__} is deprecated, please import via timm.layers", FutureWarning)
/home/suraj/miniforge3/envs/qvg_sf_eval/lib/python3.10/site-packages/pyiqa/archs/arch_util.py:118: FutureWarning: You are using `torch.load` with `weights_only=False` (the current default value), which uses the default pickle module implicitly. It is possible to construct malicious pickle data which will execute arbitrary code during unpickling (See https://github.com/pytorch/pytorch/blob/main/SECURITY.md#untrusted-models for more details). In a future release, the default value for `weights_only` will be flipped to `True`. This limits the functions that could be executed during unpickling. Arbitrary objects will no longer be allowed to be loaded via this mode unless they are explicitly allowlisted by the user via `torch.serialization.add_safe_globals`. We recommend you start setting `weights_only=True` for any use case where you don't have full control of the loaded file. Please open an issue on GitHub for any issues related to this experimental feature.
  state_dict = torch.load(model_path, map_location=torch.device("cpu"))
args: Namespace(output_path='/data/vaishak/combined-kv-quant/results/benchmarks/storyeval/storyeval_flowcache_soft_prune_int2_24b7f6c1cfbb_10prompts_10s/metrics/drift_work/vbench_imaging_quality_50', full_json_dir='/data/vaishak/combined-kv-quant/third_party/VBench/vbench/VBench_full_info.json', videos_path='/data/vaishak/combined-kv-quant/results/benchmarks/storyeval/storyeval_flowcache_soft_prune_int2_24b7f6c1cfbb_10prompts_10s/metrics/drift_work/clips_50', dimension=['imaging_quality'], load_ckpt_from_local=None, read_frame=None, mode='custom_input', prompt='None', prompt_file='/data/vaishak/combined-kv-quant/results/benchmarks/storyeval/storyeval_flowcache_soft_prune_int2_24b7f6c1cfbb_10prompts_10s/metrics/drift_work/prompt_map_50.json', category=None, imaging_quality_preprocessing_mode='longer')
start evaluation
Evaluation meta data saved to /data/vaishak/combined-kv-quant/results/benchmarks/storyeval/storyeval_flowcache_soft_prune_int2_24b7f6c1cfbb_10prompts_10s/metrics/drift_work/vbench_imaging_quality_50/results_2026-03-10-20:53:22_full_info.json
cur_full_info_path: /data/vaishak/combined-kv-quant/results/benchmarks/storyeval/storyeval_flowcache_soft_prune_int2_24b7f6c1cfbb_10prompts_10s/metrics/drift_work/vbench_imaging_quality_50/results_2026-03-10-20:53:22_full_info.json
Loading pretrained model MUSIQ from /home/vaishak/.cache/vbench/pyiqa_model/musiq_spaq_ckpt-358bb6af.pth
  0%|          | 0/10 [00:00<?, ?it/s] 10%|█         | 1/10 [00:01<00:10,  1.17s/it] 20%|██        | 2/10 [00:02<00:08,  1.06s/it] 30%|███       | 3/10 [00:03<00:06,  1.01it/s] 40%|████      | 4/10 [00:04<00:05,  1.01it/s] 50%|█████     | 5/10 [00:04<00:04,  1.04it/s] 60%|██████    | 6/10 [00:05<00:03,  1.07it/s] 70%|███████   | 7/10 [00:06<00:02,  1.08it/s] 80%|████████  | 8/10 [00:07<00:01,  1.09it/s] 90%|█████████ | 9/10 [00:08<00:00,  1.09it/s]100%|██████████| 10/10 [00:09<00:00,  1.09it/s]100%|██████████| 10/10 [00:09<00:00,  1.05it/s]
Evaluation results saved to /data/vaishak/combined-kv-quant/results/benchmarks/storyeval/storyeval_flowcache_soft_prune_int2_24b7f6c1cfbb_10prompts_10s/metrics/drift_work/vbench_imaging_quality_50/results_2026-03-10-20:53:22_eval_results.json
done
[rank0]:[W310 20:53:33.015823463 ProcessGroupNCCL.cpp:1250] Warning: WARNING: process group has NOT been destroyed before we destruct ProcessGroupNCCL. On normal program exit, the application should call destroy_process_group to ensure that any pending NCCL operations have finished in this process. In rare cases this process can exit before this point and block the progress of another member of the process group. This constraint has always been present,  but this warning has only been added since PyTorch 2.4 (function operator())
[W310 20:53:42.260949733 CUDAAllocatorConfig.h:28] Warning: expandable_segments not supported on this platform (function operator())
[rank0]:[W310 20:53:43.493116537 ProcessGroupNCCL.cpp:4115] [PG ID 0 PG GUID 0 Rank 0]  using GPU 0 to perform barrier as devices used by this process are currently unknown. This can potentially cause a hang if this rank to GPU mapping is incorrect.Specify device_ids in barrier() to force use of a particular device,or call init_process_group() with a device_id.
/home/suraj/miniforge3/envs/qvg_sf_eval/lib/python3.10/site-packages/clip/clip.py:6: UserWarning: pkg_resources is deprecated as an API. See https://setuptools.pypa.io/en/latest/pkg_resources.html. The pkg_resources package is slated for removal as early as 2025-11-30. Refrain from using this package or pin to Setuptools<81.
  from pkg_resources import packaging
/home/suraj/miniforge3/envs/qvg_sf_eval/lib/python3.10/site-packages/timm/models/layers/__init__.py:48: FutureWarning: Importing from timm.models.layers is deprecated, please import via timm.layers
  warnings.warn(f"Importing from {__name__} is deprecated, please import via timm.layers", FutureWarning)
/home/suraj/miniforge3/envs/qvg_sf_eval/lib/python3.10/site-packages/pyiqa/archs/arch_util.py:118: FutureWarning: You are using `torch.load` with `weights_only=False` (the current default value), which uses the default pickle module implicitly. It is possible to construct malicious pickle data which will execute arbitrary code during unpickling (See https://github.com/pytorch/pytorch/blob/main/SECURITY.md#untrusted-models for more details). In a future release, the default value for `weights_only` will be flipped to `True`. This limits the functions that could be executed during unpickling. Arbitrary objects will no longer be allowed to be loaded via this mode unless they are explicitly allowlisted by the user via `torch.serialization.add_safe_globals`. We recommend you start setting `weights_only=True` for any use case where you don't have full control of the loaded file. Please open an issue on GitHub for any issues related to this experimental feature.
  state_dict = torch.load(model_path, map_location=torch.device("cpu"))
args: Namespace(output_path='/data/vaishak/combined-kv-quant/results/benchmarks/storyeval/storyeval_flowcache_soft_prune_int2_24b7f6c1cfbb_10prompts_10s/metrics/drift_work/vbench_imaging_quality_100', full_json_dir='/data/vaishak/combined-kv-quant/third_party/VBench/vbench/VBench_full_info.json', videos_path='/data/vaishak/combined-kv-quant/results/benchmarks/storyeval/storyeval_flowcache_soft_prune_int2_24b7f6c1cfbb_10prompts_10s/metrics/drift_work/clips_100', dimension=['imaging_quality'], load_ckpt_from_local=None, read_frame=None, mode='custom_input', prompt='None', prompt_file='/data/vaishak/combined-kv-quant/results/benchmarks/storyeval/storyeval_flowcache_soft_prune_int2_24b7f6c1cfbb_10prompts_10s/metrics/drift_work/prompt_map_100.json', category=None, imaging_quality_preprocessing_mode='longer')
start evaluation
Evaluation meta data saved to /data/vaishak/combined-kv-quant/results/benchmarks/storyeval/storyeval_flowcache_soft_prune_int2_24b7f6c1cfbb_10prompts_10s/metrics/drift_work/vbench_imaging_quality_100/results_2026-03-10-20:53:43_full_info.json
cur_full_info_path: /data/vaishak/combined-kv-quant/results/benchmarks/storyeval/storyeval_flowcache_soft_prune_int2_24b7f6c1cfbb_10prompts_10s/metrics/drift_work/vbench_imaging_quality_100/results_2026-03-10-20:53:43_full_info.json
Loading pretrained model MUSIQ from /home/vaishak/.cache/vbench/pyiqa_model/musiq_spaq_ckpt-358bb6af.pth
  0%|          | 0/10 [00:00<?, ?it/s] 10%|█         | 1/10 [00:02<00:19,  2.19s/it] 20%|██        | 2/10 [00:04<00:15,  1.99s/it] 30%|███       | 3/10 [00:05<00:13,  1.96s/it] 40%|████      | 4/10 [00:07<00:11,  1.89s/it] 50%|█████     | 5/10 [00:09<00:09,  1.88s/it] 60%|██████    | 6/10 [00:11<00:07,  1.83s/it] 70%|███████   | 7/10 [00:13<00:05,  1.82s/it] 80%|████████  | 8/10 [00:15<00:03,  1.88s/it] 90%|█████████ | 9/10 [00:17<00:01,  1.89s/it]100%|██████████| 10/10 [00:18<00:00,  1.88s/it]100%|██████████| 10/10 [00:18<00:00,  1.89s/it]
Evaluation results saved to /data/vaishak/combined-kv-quant/results/benchmarks/storyeval/storyeval_flowcache_soft_prune_int2_24b7f6c1cfbb_10prompts_10s/metrics/drift_work/vbench_imaging_quality_100/results_2026-03-10-20:53:43_eval_results.json
done
[rank0]:[W310 20:54:04.436159099 ProcessGroupNCCL.cpp:1250] Warning: WARNING: process group has NOT been destroyed before we destruct ProcessGroupNCCL. On normal program exit, the application should call destroy_process_group to ensure that any pending NCCL operations have finished in this process. In rare cases this process can exit before this point and block the progress of another member of the process group. This constraint has always been present,  but this warning has only been added since PyTorch 2.4 (function operator())
[W310 20:54:14.262200420 CUDAAllocatorConfig.h:28] Warning: expandable_segments not supported on this platform (function operator())
[rank0]:[W310 20:54:15.504391084 ProcessGroupNCCL.cpp:4115] [PG ID 0 PG GUID 0 Rank 0]  using GPU 0 to perform barrier as devices used by this process are currently unknown. This can potentially cause a hang if this rank to GPU mapping is incorrect.Specify device_ids in barrier() to force use of a particular device,or call init_process_group() with a device_id.
/home/suraj/miniforge3/envs/qvg_sf_eval/lib/python3.10/site-packages/clip/clip.py:6: UserWarning: pkg_resources is deprecated as an API. See https://setuptools.pypa.io/en/latest/pkg_resources.html. The pkg_resources package is slated for removal as early as 2025-11-30. Refrain from using this package or pin to Setuptools<81.
  from pkg_resources import packaging
/home/suraj/miniforge3/envs/qvg_sf_eval/lib/python3.10/site-packages/timm/models/layers/__init__.py:48: FutureWarning: Importing from timm.models.layers is deprecated, please import via timm.layers
  warnings.warn(f"Importing from {__name__} is deprecated, please import via timm.layers", FutureWarning)
/home/suraj/miniforge3/envs/qvg_sf_eval/lib/python3.10/site-packages/pyiqa/archs/arch_util.py:118: FutureWarning: You are using `torch.load` with `weights_only=False` (the current default value), which uses the default pickle module implicitly. It is possible to construct malicious pickle data which will execute arbitrary code during unpickling (See https://github.com/pytorch/pytorch/blob/main/SECURITY.md#untrusted-models for more details). In a future release, the default value for `weights_only` will be flipped to `True`. This limits the functions that could be executed during unpickling. Arbitrary objects will no longer be allowed to be loaded via this mode unless they are explicitly allowlisted by the user via `torch.serialization.add_safe_globals`. We recommend you start setting `weights_only=True` for any use case where you don't have full control of the loaded file. Please open an issue on GitHub for any issues related to this experimental feature.
  state_dict = torch.load(model_path, map_location=torch.device("cpu"))
args: Namespace(output_path='/data/vaishak/combined-kv-quant/results/benchmarks/storyeval/storyeval_flowcache_soft_prune_int2_24b7f6c1cfbb_10prompts_10s/metrics/drift_work/vbench_imaging_quality_150', full_json_dir='/data/vaishak/combined-kv-quant/third_party/VBench/vbench/VBench_full_info.json', videos_path='/data/vaishak/combined-kv-quant/results/benchmarks/storyeval/storyeval_flowcache_soft_prune_int2_24b7f6c1cfbb_10prompts_10s/metrics/drift_work/clips_150', dimension=['imaging_quality'], load_ckpt_from_local=None, read_frame=None, mode='custom_input', prompt='None', prompt_file='/data/vaishak/combined-kv-quant/results/benchmarks/storyeval/storyeval_flowcache_soft_prune_int2_24b7f6c1cfbb_10prompts_10s/metrics/drift_work/prompt_map_150.json', category=None, imaging_quality_preprocessing_mode='longer')
start evaluation
Evaluation meta data saved to /data/vaishak/combined-kv-quant/results/benchmarks/storyeval/storyeval_flowcache_soft_prune_int2_24b7f6c1cfbb_10prompts_10s/metrics/drift_work/vbench_imaging_quality_150/results_2026-03-10-20:54:15_full_info.json
cur_full_info_path: /data/vaishak/combined-kv-quant/results/benchmarks/storyeval/storyeval_flowcache_soft_prune_int2_24b7f6c1cfbb_10prompts_10s/metrics/drift_work/vbench_imaging_quality_150/results_2026-03-10-20:54:15_full_info.json
Loading pretrained model MUSIQ from /home/vaishak/.cache/vbench/pyiqa_model/musiq_spaq_ckpt-358bb6af.pth
  0%|          | 0/10 [00:00<?, ?it/s] 10%|█         | 1/10 [00:02<00:25,  2.88s/it] 20%|██        | 2/10 [00:05<00:21,  2.74s/it] 30%|███       | 3/10 [00:08<00:19,  2.74s/it] 40%|████      | 4/10 [00:10<00:16,  2.73s/it] 50%|█████     | 5/10 [00:13<00:13,  2.80s/it] 60%|██████    | 6/10 [00:16<00:11,  2.79s/it] 70%|███████   | 7/10 [00:19<00:08,  2.83s/it] 80%|████████  | 8/10 [00:22<00:05,  2.88s/it] 90%|█████████ | 9/10 [00:25<00:02,  2.91s/it]100%|██████████| 10/10 [00:28<00:00,  2.90s/it]100%|██████████| 10/10 [00:28<00:00,  2.84s/it]
Evaluation results saved to /data/vaishak/combined-kv-quant/results/benchmarks/storyeval/storyeval_flowcache_soft_prune_int2_24b7f6c1cfbb_10prompts_10s/metrics/drift_work/vbench_imaging_quality_150/results_2026-03-10-20:54:15_eval_results.json
done
[rank0]:[W310 20:54:45.963554981 ProcessGroupNCCL.cpp:1250] Warning: WARNING: process group has NOT been destroyed before we destruct ProcessGroupNCCL. On normal program exit, the application should call destroy_process_group to ensure that any pending NCCL operations have finished in this process. In rare cases this process can exit before this point and block the progress of another member of the process group. This constraint has always been present,  but this warning has only been added since PyTorch 2.4 (function operator())
Wrote /data/vaishak/combined-kv-quant/results/benchmarks/storyeval/storyeval_flowcache_soft_prune_int2_24b7f6c1cfbb_10prompts_10s/metrics/drift_imaging_quality.json
Wrote /data/vaishak/combined-kv-quant/results/benchmarks/storyeval/storyeval_flowcache_soft_prune_int2_24b7f6c1cfbb_10prompts_10s/plots/drift_imaging_quality.png
Wrote /data/vaishak/combined-kv-quant/results/benchmarks/storyeval/storyeval_flowcache_soft_prune_int2_24b7f6c1cfbb_10prompts_10s/summary/summary.json
Wrote /data/vaishak/combined-kv-quant/results/benchmarks/storyeval/storyeval_flowcache_soft_prune_int2_24b7f6c1cfbb_10prompts_10s/summary/summary.csv
$ /home/suraj/miniforge3/envs/qvg_sf_infer/bin/python /data/vaishak/combined-kv-quant/scripts/01_generate.py --results-root /data/vaishak/combined-kv-quant/results/benchmarks/storyeval/storyeval_flowcache_soft_prune_int2_24b7f6c1cfbb_10prompts_10s/profile_pass --method FLOWCACHE_PROFILE --prompt-path /data/vaishak/combined-kv-quant/data/prompts/storyeval/all_prompts.txt --max-prompts 10 --num-output-frames 42 --seed 0 --fps 16 --flowcache-recent-ratio 0.25 --device cuda:0 --use-ema --flowcache-recent-ratio 0.25 --flowcache-recent-bits 4 --flowcache-recent-method RTN --flowcache-old-method RTN --flowcache-min-layer-budget-scale 0.7 --flowcache-max-layer-budget-scale 1.3 --flowcache-important-old-ratio 0.1 --flowcache-importance-alpha 0.7 --flowcache-importance-beta 0.3 --flowcache-prune-retained-old-ratio 0.45 --flowcache-prune-refresh-gap-chunks 1 --low-memory
$ /home/suraj/miniforge3/envs/qvg_sf_infer/bin/python /data/vaishak/combined-kv-quant/scripts/01_generate.py --results-root /data/vaishak/combined-kv-quant/results/benchmarks/storyeval/storyeval_flowcache_soft_prune_int2_24b7f6c1cfbb_10prompts_10s --method FLOWCACHE_SOFT_PRUNE_INT2 --prompt-path /data/vaishak/combined-kv-quant/data/prompts/storyeval/all_prompts.txt --max-prompts 10 --num-output-frames 42 --seed 0 --fps 16 --device cuda:0 --use-ema --flowcache-recent-ratio 0.25 --flowcache-recent-bits 4 --flowcache-recent-method RTN --flowcache-old-method RTN --flowcache-min-layer-budget-scale 0.7 --flowcache-max-layer-budget-scale 1.3 --flowcache-important-old-ratio 0.1 --flowcache-importance-alpha 0.7 --flowcache-importance-beta 0.3 --flowcache-prune-retained-old-ratio 0.45 --flowcache-prune-refresh-gap-chunks 1 --low-memory --flowcache-layer-budget-path /data/vaishak/combined-kv-quant/results/benchmarks/storyeval/storyeval_flowcache_soft_prune_int2_24b7f6c1cfbb_10prompts_10s/metrics/flowcache_profile_layer_budget.json
$ /home/suraj/miniforge3/envs/qvg_sf_eval/bin/python /data/vaishak/combined-kv-quant/scripts/eval_storyeval_vbench.py --run_dir /data/vaishak/combined-kv-quant/results/benchmarks/storyeval/storyeval_flowcache_soft_prune_int2_24b7f6c1cfbb_10prompts_10s --python_bin /home/suraj/miniforge3/envs/qvg_sf_eval/bin/python
$ /home/suraj/miniforge3/envs/qvg_sf_eval/bin/python /data/vaishak/combined-kv-quant/scripts/eval_storyeval_drift.py --run_dir /data/vaishak/combined-kv-quant/results/benchmarks/storyeval/storyeval_flowcache_soft_prune_int2_24b7f6c1cfbb_10prompts_10s --python_bin /home/suraj/miniforge3/envs/qvg_sf_eval/bin/python
$ /home/vaishak/miniforge3/bin/python3 /data/vaishak/combined-kv-quant/scripts/summarize_storyeval.py --run_dir /data/vaishak/combined-kv-quant/results/benchmarks/storyeval/storyeval_flowcache_soft_prune_int2_24b7f6c1cfbb_10prompts_10s
StoryEval backfill completed for FLOWCACHE_SOFT_PRUNE_INT2 under /data/vaishak/combined-kv-quant/results/benchmarks/storyeval/storyeval_flowcache_soft_prune_int2_24b7f6c1cfbb_10prompts_10s
{
  "benchmark": "storyeval",
  "method": "FLOWCACHE_SOFT_PRUNE_INT2",
  "config_id": "24b7f6c1cfbb",
  "run_id": "storyeval_flowcache_soft_prune_int2_24b7f6c1cfbb_10prompts_10s",
  "created_utc": "2026-03-10T20:51:44.786546+00:00",
  "prompt_file": "/data/vaishak/combined-kv-quant/data/prompts/storyeval/all_prompts.txt",
  "num_prompts_selected": 10,
  "start_idx": 0,
  "end_idx": null,
  "max_prompts": 10,
  "seed": 0,
  "seeds_per_prompt": 1,
  "fps": 16,
  "duration_sec_requested": 10.0,
  "target_latent_frames": 42,
  "target_frames": 165,
  "effective_duration_sec": 10.3125,
  "resolution": [
    480,
    832
  ],
  "source_moviegen_run_root": "results/runs/backfill_flowcache_soft_prune_int2_24b7f6c1cfbb_10s"
}
/data/vaishak/combined-kv-quant/third_party/Self-Forcing/wan/modules/vae.py:634: FutureWarning: You are using `torch.load` with `weights_only=False` (the current default value), which uses the default pickle module implicitly. It is possible to construct malicious pickle data which will execute arbitrary code during unpickling (See https://github.com/pytorch/pytorch/blob/main/SECURITY.md#untrusted-models for more details). In a future release, the default value for `weights_only` will be flipped to `True`. This limits the functions that could be executed during unpickling. Arbitrary objects will no longer be allowed to be loaded via this mode unless they are explicitly allowlisted by the user via `torch.serialization.add_safe_globals`. We recommend you start setting `weights_only=True` for any use case where you don't have full control of the loaded file. Please open an issue on GitHub for any issues related to this experimental feature.
  torch.load(pretrained_path, map_location=device), assign=True)
/data/vaishak/combined-kv-quant/scripts/01_generate.py:408: FutureWarning: You are using `torch.load` with `weights_only=False` (the current default value), which uses the default pickle module implicitly. It is possible to construct malicious pickle data which will execute arbitrary code during unpickling (See https://github.com/pytorch/pytorch/blob/main/SECURITY.md#untrusted-models for more details). In a future release, the default value for `weights_only` will be flipped to `True`. This limits the functions that could be executed during unpickling. Arbitrary objects will no longer be allowed to be loaded via this mode unless they are explicitly allowlisted by the user via `torch.serialization.add_safe_globals`. We recommend you start setting `weights_only=True` for any use case where you don't have full control of the loaded file. Please open an issue on GitHub for any issues related to this experimental feature.
  state_dict = torch.load(str(checkpoint_path), map_location="cpu")
KV inference with 3 frames per block
Moving DynamicSwap_WanTextEncoder to cuda:0 with preserved memory: 25.303240299224854 GB
current_timestep: 1000.0
current_timestep: 937.5
current_timestep: 833.3333129882812
current_timestep: 625.0
current_timestep: 1000.0
current_timestep: 937.5
current_timestep: 833.3333129882812
current_timestep: 625.0
current_timestep: 1000.0
current_timestep: 937.5
current_timestep: 833.3333129882812
current_timestep: 625.0
current_timestep: 1000.0
current_timestep: 937.5
current_timestep: 833.3333129882812
current_timestep: 625.0
current_timestep: 1000.0
current_timestep: 937.5
current_timestep: 833.3333129882812
current_timestep: 625.0
current_timestep: 1000.0
current_timestep: 937.5
current_timestep: 833.3333129882812
current_timestep: 625.0
current_timestep: 1000.0
current_timestep: 937.5
current_timestep: 833.3333129882812
current_timestep: 625.0
current_timestep: 1000.0
current_timestep: 937.5
current_timestep: 833.3333129882812
current_timestep: 625.0
current_timestep: 1000.0
current_timestep: 937.5
current_timestep: 833.3333129882812
current_timestep: 625.0
current_timestep: 1000.0
current_timestep: 937.5
current_timestep: 833.3333129882812
current_timestep: 625.0
current_timestep: 1000.0
current_timestep: 937.5
current_timestep: 833.3333129882812
current_timestep: 625.0
current_timestep: 1000.0
current_timestep: 937.5
current_timestep: 833.3333129882812
current_timestep: 625.0
current_timestep: 1000.0
current_timestep: 937.5
current_timestep: 833.3333129882812
current_timestep: 625.0
current_timestep: 1000.0
current_timestep: 937.5
current_timestep: 833.3333129882812
current_timestep: 625.0
Moving DynamicSwap_WanTextEncoder to cuda:0 with preserved memory: 24.55411195755005 GB
current_timestep: 1000.0
current_timestep: 937.5
current_timestep: 833.3333129882812
current_timestep: 625.0
current_timestep: 1000.0
current_timestep: 937.5
current_timestep: 833.3333129882812
current_timestep: 625.0
current_timestep: 1000.0
current_timestep: 937.5
current_timestep: 833.3333129882812
current_timestep: 625.0
current_timestep: 1000.0
current_timestep: 937.5
current_timestep: 833.3333129882812
current_timestep: 625.0
current_timestep: 1000.0
current_timestep: 937.5
current_timestep: 833.3333129882812
current_timestep: 625.0
current_timestep: 1000.0
current_timestep: 937.5
current_timestep: 833.3333129882812
current_timestep: 625.0
current_timestep: 1000.0
current_timestep: 937.5
current_timestep: 833.3333129882812
current_timestep: 625.0
current_timestep: 1000.0
current_timestep: 937.5
current_timestep: 833.3333129882812
current_timestep: 625.0
current_timestep: 1000.0
current_timestep: 937.5
current_timestep: 833.3333129882812
current_timestep: 625.0
current_timestep: 1000.0
current_timestep: 937.5
current_timestep: 833.3333129882812
current_timestep: 625.0
current_timestep: 1000.0
current_timestep: 937.5
current_timestep: 833.3333129882812
current_timestep: 625.0
current_timestep: 1000.0
current_timestep: 937.5
current_timestep: 833.3333129882812
current_timestep: 625.0
current_timestep: 1000.0
current_timestep: 937.5
current_timestep: 833.3333129882812
current_timestep: 625.0
current_timestep: 1000.0
current_timestep: 937.5
current_timestep: 833.3333129882812
current_timestep: 625.0
Moving DynamicSwap_WanTextEncoder to cuda:0 with preserved memory: 24.55411195755005 GB
current_timestep: 1000.0
current_timestep: 937.5
current_timestep: 833.3333129882812
current_timestep: 625.0
current_timestep: 1000.0
current_timestep: 937.5
current_timestep: 833.3333129882812
current_timestep: 625.0
current_timestep: 1000.0
current_timestep: 937.5
current_timestep: 833.3333129882812
current_timestep: 625.0
current_timestep: 1000.0
current_timestep: 937.5
current_timestep: 833.3333129882812
current_timestep: 625.0
current_timestep: 1000.0
current_timestep: 937.5
current_timestep: 833.3333129882812
current_timestep: 625.0
current_timestep: 1000.0
current_timestep: 937.5
current_timestep: 833.3333129882812
current_timestep: 625.0
current_timestep: 1000.0
current_timestep: 937.5
current_timestep: 833.3333129882812
current_timestep: 625.0
current_timestep: 1000.0
current_timestep: 937.5
current_timestep: 833.3333129882812
current_timestep: 625.0
current_timestep: 1000.0
current_timestep: 937.5
current_timestep: 833.3333129882812
current_timestep: 625.0
current_timestep: 1000.0
current_timestep: 937.5
current_timestep: 833.3333129882812
current_timestep: 625.0
current_timestep: 1000.0
current_timestep: 937.5
current_timestep: 833.3333129882812
current_timestep: 625.0
current_timestep: 1000.0
current_timestep: 937.5
current_timestep: 833.3333129882812
current_timestep: 625.0
current_timestep: 1000.0
current_timestep: 937.5
current_timestep: 833.3333129882812
current_timestep: 625.0
current_timestep: 1000.0
current_timestep: 937.5
current_timestep: 833.3333129882812
current_timestep: 625.0
Moving DynamicSwap_WanTextEncoder to cuda:0 with preserved memory: 24.55411195755005 GB
current_timestep: 1000.0
current_timestep: 937.5
current_timestep: 833.3333129882812
current_timestep: 625.0
current_timestep: 1000.0
current_timestep: 937.5
current_timestep: 833.3333129882812
current_timestep: 625.0
current_timestep: 1000.0
current_timestep: 937.5
current_timestep: 833.3333129882812
current_timestep: 625.0
current_timestep: 1000.0
current_timestep: 937.5
current_timestep: 833.3333129882812
current_timestep: 625.0
current_timestep: 1000.0
current_timestep: 937.5
current_timestep: 833.3333129882812
current_timestep: 625.0
current_timestep: 1000.0
current_timestep: 937.5
current_timestep: 833.3333129882812
current_timestep: 625.0
current_timestep: 1000.0
current_timestep: 937.5
current_timestep: 833.3333129882812
current_timestep: 625.0
current_timestep: 1000.0
current_timestep: 937.5
current_timestep: 833.3333129882812
current_timestep: 625.0
current_timestep: 1000.0
current_timestep: 937.5
current_timestep: 833.3333129882812
current_timestep: 625.0
current_timestep: 1000.0
current_timestep: 937.5
current_timestep: 833.3333129882812
current_timestep: 625.0
current_timestep: 1000.0
current_timestep: 937.5
current_timestep: 833.3333129882812
current_timestep: 625.0
current_timestep: 1000.0
current_timestep: 937.5
current_timestep: 833.3333129882812
current_timestep: 625.0
current_timestep: 1000.0
current_timestep: 937.5
current_timestep: 833.3333129882812
current_timestep: 625.0
current_timestep: 1000.0
current_timestep: 937.5
current_timestep: 833.3333129882812
current_timestep: 625.0
Moving DynamicSwap_WanTextEncoder to cuda:0 with preserved memory: 24.55411195755005 GB
current_timestep: 1000.0
current_timestep: 937.5
current_timestep: 833.3333129882812
current_timestep: 625.0
current_timestep: 1000.0
current_timestep: 937.5
current_timestep: 833.3333129882812
current_timestep: 625.0
current_timestep: 1000.0
current_timestep: 937.5
current_timestep: 833.3333129882812
current_timestep: 625.0
current_timestep: 1000.0
current_timestep: 937.5
current_timestep: 833.3333129882812
current_timestep: 625.0
current_timestep: 1000.0
current_timestep: 937.5
current_timestep: 833.3333129882812
current_timestep: 625.0
current_timestep: 1000.0
current_timestep: 937.5
current_timestep: 833.3333129882812
current_timestep: 625.0
current_timestep: 1000.0
current_timestep: 937.5
current_timestep: 833.3333129882812
current_timestep: 625.0
current_timestep: 1000.0
current_timestep: 937.5
current_timestep: 833.3333129882812
current_timestep: 625.0
current_timestep: 1000.0
current_timestep: 937.5
current_timestep: 833.3333129882812
current_timestep: 625.0
current_timestep: 1000.0
current_timestep: 937.5
current_timestep: 833.3333129882812
current_timestep: 625.0
current_timestep: 1000.0
current_timestep: 937.5
current_timestep: 833.3333129882812
current_timestep: 625.0
current_timestep: 1000.0
current_timestep: 937.5
current_timestep: 833.3333129882812
current_timestep: 625.0
current_timestep: 1000.0
current_timestep: 937.5
current_timestep: 833.3333129882812
current_timestep: 625.0
current_timestep: 1000.0
current_timestep: 937.5
current_timestep: 833.3333129882812
current_timestep: 625.0
Moving DynamicSwap_WanTextEncoder to cuda:0 with preserved memory: 24.55411195755005 GB
current_timestep: 1000.0
current_timestep: 937.5
current_timestep: 833.3333129882812
current_timestep: 625.0
current_timestep: 1000.0
current_timestep: 937.5
current_timestep: 833.3333129882812
current_timestep: 625.0
current_timestep: 1000.0
current_timestep: 937.5
current_timestep: 833.3333129882812
current_timestep: 625.0
current_timestep: 1000.0
current_timestep: 937.5
current_timestep: 833.3333129882812
current_timestep: 625.0
current_timestep: 1000.0
current_timestep: 937.5
current_timestep: 833.3333129882812
current_timestep: 625.0
current_timestep: 1000.0
current_timestep: 937.5
current_timestep: 833.3333129882812
current_timestep: 625.0
current_timestep: 1000.0
current_timestep: 937.5
current_timestep: 833.3333129882812
current_timestep: 625.0
current_timestep: 1000.0
current_timestep: 937.5
current_timestep: 833.3333129882812
current_timestep: 625.0
current_timestep: 1000.0
current_timestep: 937.5
current_timestep: 833.3333129882812
current_timestep: 625.0
current_timestep: 1000.0
current_timestep: 937.5
current_timestep: 833.3333129882812
current_timestep: 625.0
current_timestep: 1000.0
current_timestep: 937.5
current_timestep: 833.3333129882812
current_timestep: 625.0
current_timestep: 1000.0
current_timestep: 937.5
current_timestep: 833.3333129882812
current_timestep: 625.0
current_timestep: 1000.0
current_timestep: 937.5
current_timestep: 833.3333129882812
current_timestep: 625.0
current_timestep: 1000.0
current_timestep: 937.5
current_timestep: 833.3333129882812
current_timestep: 625.0
Moving DynamicSwap_WanTextEncoder to cuda:0 with preserved memory: 24.55411195755005 GB
current_timestep: 1000.0
current_timestep: 937.5
current_timestep: 833.3333129882812
current_timestep: 625.0
current_timestep: 1000.0
current_timestep: 937.5
current_timestep: 833.3333129882812
current_timestep: 625.0
current_timestep: 1000.0
current_timestep: 937.5
current_timestep: 833.3333129882812
current_timestep: 625.0
current_timestep: 1000.0
current_timestep: 937.5
current_timestep: 833.3333129882812
current_timestep: 625.0
current_timestep: 1000.0
current_timestep: 937.5
current_timestep: 833.3333129882812
current_timestep: 625.0
current_timestep: 1000.0
current_timestep: 937.5
current_timestep: 833.3333129882812
current_timestep: 625.0
current_timestep: 1000.0
current_timestep: 937.5
current_timestep: 833.3333129882812
current_timestep: 625.0
current_timestep: 1000.0
current_timestep: 937.5
current_timestep: 833.3333129882812
current_timestep: 625.0
current_timestep: 1000.0
current_timestep: 937.5
current_timestep: 833.3333129882812
current_timestep: 625.0
current_timestep: 1000.0
current_timestep: 937.5
current_timestep: 833.3333129882812
current_timestep: 625.0
current_timestep: 1000.0
current_timestep: 937.5
current_timestep: 833.3333129882812
current_timestep: 625.0
current_timestep: 1000.0
current_timestep: 937.5
current_timestep: 833.3333129882812
current_timestep: 625.0
current_timestep: 1000.0
current_timestep: 937.5
current_timestep: 833.3333129882812
current_timestep: 625.0
current_timestep: 1000.0
current_timestep: 937.5
current_timestep: 833.3333129882812
current_timestep: 625.0
Moving DynamicSwap_WanTextEncoder to cuda:0 with preserved memory: 24.55411195755005 GB
current_timestep: 1000.0
current_timestep: 937.5
current_timestep: 833.3333129882812
current_timestep: 625.0
current_timestep: 1000.0
current_timestep: 937.5
current_timestep: 833.3333129882812
current_timestep: 625.0
current_timestep: 1000.0
current_timestep: 937.5
current_timestep: 833.3333129882812
current_timestep: 625.0
current_timestep: 1000.0
current_timestep: 937.5
current_timestep: 833.3333129882812
current_timestep: 625.0
current_timestep: 1000.0
current_timestep: 937.5
current_timestep: 833.3333129882812
current_timestep: 625.0
current_timestep: 1000.0
current_timestep: 937.5
current_timestep: 833.3333129882812
current_timestep: 625.0
current_timestep: 1000.0
current_timestep: 937.5
current_timestep: 833.3333129882812
current_timestep: 625.0
current_timestep: 1000.0
current_timestep: 937.5
current_timestep: 833.3333129882812
current_timestep: 625.0
current_timestep: 1000.0
current_timestep: 937.5
current_timestep: 833.3333129882812
current_timestep: 625.0
current_timestep: 1000.0
current_timestep: 937.5
current_timestep: 833.3333129882812
current_timestep: 625.0
current_timestep: 1000.0
current_timestep: 937.5
current_timestep: 833.3333129882812
current_timestep: 625.0
current_timestep: 1000.0
current_timestep: 937.5
current_timestep: 833.3333129882812
current_timestep: 625.0
current_timestep: 1000.0
current_timestep: 937.5
current_timestep: 833.3333129882812
current_timestep: 625.0
current_timestep: 1000.0
current_timestep: 937.5
current_timestep: 833.3333129882812
current_timestep: 625.0
Moving DynamicSwap_WanTextEncoder to cuda:0 with preserved memory: 24.55411195755005 GB
current_timestep: 1000.0
current_timestep: 937.5
current_timestep: 833.3333129882812
current_timestep: 625.0
current_timestep: 1000.0
current_timestep: 937.5
current_timestep: 833.3333129882812
current_timestep: 625.0
current_timestep: 1000.0
current_timestep: 937.5
current_timestep: 833.3333129882812
current_timestep: 625.0
current_timestep: 1000.0
current_timestep: 937.5
current_timestep: 833.3333129882812
current_timestep: 625.0
current_timestep: 1000.0
current_timestep: 937.5
current_timestep: 833.3333129882812
current_timestep: 625.0
current_timestep: 1000.0
current_timestep: 937.5
current_timestep: 833.3333129882812
current_timestep: 625.0
current_timestep: 1000.0
current_timestep: 937.5
current_timestep: 833.3333129882812
current_timestep: 625.0
current_timestep: 1000.0
current_timestep: 937.5
current_timestep: 833.3333129882812
current_timestep: 625.0
current_timestep: 1000.0
current_timestep: 937.5
current_timestep: 833.3333129882812
current_timestep: 625.0
current_timestep: 1000.0
current_timestep: 937.5
current_timestep: 833.3333129882812
current_timestep: 625.0
current_timestep: 1000.0
current_timestep: 937.5
current_timestep: 833.3333129882812
current_timestep: 625.0
current_timestep: 1000.0
current_timestep: 937.5
current_timestep: 833.3333129882812
current_timestep: 625.0
current_timestep: 1000.0
current_timestep: 937.5
current_timestep: 833.3333129882812
current_timestep: 625.0
current_timestep: 1000.0
current_timestep: 937.5
current_timestep: 833.3333129882812
current_timestep: 625.0
Moving DynamicSwap_WanTextEncoder to cuda:0 with preserved memory: 24.55411195755005 GB
current_timestep: 1000.0
current_timestep: 937.5
current_timestep: 833.3333129882812
current_timestep: 625.0
current_timestep: 1000.0
current_timestep: 937.5
current_timestep: 833.3333129882812
current_timestep: 625.0
current_timestep: 1000.0
current_timestep: 937.5
current_timestep: 833.3333129882812
current_timestep: 625.0
current_timestep: 1000.0
current_timestep: 937.5
current_timestep: 833.3333129882812
current_timestep: 625.0
current_timestep: 1000.0
current_timestep: 937.5
current_timestep: 833.3333129882812
current_timestep: 625.0
current_timestep: 1000.0
current_timestep: 937.5
current_timestep: 833.3333129882812
current_timestep: 625.0
current_timestep: 1000.0
current_timestep: 937.5
current_timestep: 833.3333129882812
current_timestep: 625.0
current_timestep: 1000.0
current_timestep: 937.5
current_timestep: 833.3333129882812
current_timestep: 625.0
current_timestep: 1000.0
current_timestep: 937.5
current_timestep: 833.3333129882812
current_timestep: 625.0
current_timestep: 1000.0
current_timestep: 937.5
current_timestep: 833.3333129882812
current_timestep: 625.0
current_timestep: 1000.0
current_timestep: 937.5
current_timestep: 833.3333129882812
current_timestep: 625.0
current_timestep: 1000.0
current_timestep: 937.5
current_timestep: 833.3333129882812
current_timestep: 625.0
current_timestep: 1000.0
current_timestep: 937.5
current_timestep: 833.3333129882812
current_timestep: 625.0
current_timestep: 1000.0
current_timestep: 937.5
current_timestep: 833.3333129882812
current_timestep: 625.0
{
  "method": "FLOWCACHE_PROFILE",
  "num_prompts": 10,
  "num_samples": 1,
  "total_runtime_s": 680.3583574462682,
  "avg_runtime_s_per_prompt": 68.03583574462682,
  "peak_vram_bytes": 20701900800,
  "quantize_time_s": 274.067174424883,
  "dequantize_time_s": 0.08594741486012936,
  "bf16_kv_bytes": 12076646400,
  "compressed_kv_bytes": 12076646400,
  "compression_ratio": 1.0,
  "first_video_shape": [
    1,
    165,
    3,
    480,
    832
  ],
  "flowcache_profile_recent_ratio": 0.25,
  "flowcache_profile_num_layers": 30,
  "flowcache_profile_avg_old_delta": 0.03832117705267202,
  "flowcache_profile_layer_scores": {
    "0": 0.04064325703055424,
    "1": 0.039067117673171274,
    "2": 0.03911603269609228,
    "3": 0.038480874097795555,
    "4": 0.0385574129037559,
    "5": 0.038381486685031045,
    "6": 0.03870747834325657,
    "7": 0.0384556553455196,
    "8": 0.03828419303142671,
    "9": 0.03852405417039675,
    "10": 0.03734539179099818,
    "11": 0.037614283801640495,
    "12": 0.03728440151960289,
    "13": 0.03696471641388706,
    "14": 0.03720328872056552,
    "15": 0.0374373966262881,
    "16": 0.037026501723951895,
    "17": 0.03729290659831427,
    "18": 0.03775208990492116,
    "19": 0.0377721864672504,
    "20": 0.03792213278254336,
    "21": 0.038140408053710044,
    "22": 0.03816819294710975,
    "23": 0.0383359296856669,
    "24": 0.03883931915480959,
    "25": 0.03865265368349787,
    "26": 0.03847314826891584,
    "27": 0.039281011896160574,
    "28": 0.03922499770969468,
    "29": 0.04068679185363196
  },
  "flowcache_profile_layer_scores_all_chunks": {
    "0": 0.0499087938122333,
    "1": 0.040654956384310645,
    "2": 0.037119689591347226,
    "3": 0.03432074030287682,
    "4": 0.033783780933609085,
    "5": 0.03347331774317556,
    "6": 0.0343245726646412,
    "7": 0.033938657990760276,
    "8": 0.0331635619574596,
    "9": 0.033155100517802766,
    "10": 0.03260272433183023,
    "11": 0.033043801108286495,
    "12": 0.031918083703588875,
    "13": 0.03154074384437667,
    "14": 0.03137295445220338,
    "15": 0.03212277529707977,
    "16": 0.03125897834603748,
    "17": 0.031935059697500295,
    "18": 0.031933384333988506,
    "19": 0.03403873107629636,
    "20": 0.03491216649635444,
    "21": 0.03607688821142628,
    "22": 0.03636953983597812,
    "23": 0.0358090360017996,
    "24": 0.036061376246786306,
    "25": 0.03506880420280827,
    "26": 0.03441997278540854,
    "27": 0.03491027537082869,
    "28": 0.03358256725493878,
    "29": 0.03950761121038407
  }
}
/data/vaishak/combined-kv-quant/third_party/Self-Forcing/wan/modules/vae.py:634: FutureWarning: You are using `torch.load` with `weights_only=False` (the current default value), which uses the default pickle module implicitly. It is possible to construct malicious pickle data which will execute arbitrary code during unpickling (See https://github.com/pytorch/pytorch/blob/main/SECURITY.md#untrusted-models for more details). In a future release, the default value for `weights_only` will be flipped to `True`. This limits the functions that could be executed during unpickling. Arbitrary objects will no longer be allowed to be loaded via this mode unless they are explicitly allowlisted by the user via `torch.serialization.add_safe_globals`. We recommend you start setting `weights_only=True` for any use case where you don't have full control of the loaded file. Please open an issue on GitHub for any issues related to this experimental feature.
  torch.load(pretrained_path, map_location=device), assign=True)
/data/vaishak/combined-kv-quant/scripts/01_generate.py:408: FutureWarning: You are using `torch.load` with `weights_only=False` (the current default value), which uses the default pickle module implicitly. It is possible to construct malicious pickle data which will execute arbitrary code during unpickling (See https://github.com/pytorch/pytorch/blob/main/SECURITY.md#untrusted-models for more details). In a future release, the default value for `weights_only` will be flipped to `True`. This limits the functions that could be executed during unpickling. Arbitrary objects will no longer be allowed to be loaded via this mode unless they are explicitly allowlisted by the user via `torch.serialization.add_safe_globals`. We recommend you start setting `weights_only=True` for any use case where you don't have full control of the loaded file. Please open an issue on GitHub for any issues related to this experimental feature.
  state_dict = torch.load(str(checkpoint_path), map_location="cpu")
KV inference with 3 frames per block
Moving DynamicSwap_WanTextEncoder to cuda:0 with preserved memory: 25.303240299224854 GB
current_timestep: 1000.0
current_timestep: 937.5
current_timestep: 833.3333129882812
current_timestep: 625.0
current_timestep: 1000.0
current_timestep: 937.5
current_timestep: 833.3333129882812
current_timestep: 625.0
current_timestep: 1000.0
current_timestep: 937.5
current_timestep: 833.3333129882812
current_timestep: 625.0
current_timestep: 1000.0
current_timestep: 937.5
current_timestep: 833.3333129882812
current_timestep: 625.0
current_timestep: 1000.0
current_timestep: 937.5
current_timestep: 833.3333129882812
current_timestep: 625.0
current_timestep: 1000.0
current_timestep: 937.5
current_timestep: 833.3333129882812
current_timestep: 625.0
current_timestep: 1000.0
current_timestep: 937.5
current_timestep: 833.3333129882812
current_timestep: 625.0
current_timestep: 1000.0
current_timestep: 937.5
current_timestep: 833.3333129882812
current_timestep: 625.0
current_timestep: 1000.0
current_timestep: 937.5
current_timestep: 833.3333129882812
current_timestep: 625.0
current_timestep: 1000.0
current_timestep: 937.5
current_timestep: 833.3333129882812
current_timestep: 625.0
current_timestep: 1000.0
current_timestep: 937.5
current_timestep: 833.3333129882812
current_timestep: 625.0
current_timestep: 1000.0
current_timestep: 937.5
current_timestep: 833.3333129882812
current_timestep: 625.0
current_timestep: 1000.0
current_timestep: 937.5
current_timestep: 833.3333129882812
current_timestep: 625.0
current_timestep: 1000.0
current_timestep: 937.5
current_timestep: 833.3333129882812
current_timestep: 625.0
Moving DynamicSwap_WanTextEncoder to cuda:0 with preserved memory: 24.55411195755005 GB
current_timestep: 1000.0
current_timestep: 937.5
current_timestep: 833.3333129882812
current_timestep: 625.0
current_timestep: 1000.0
current_timestep: 937.5
current_timestep: 833.3333129882812
current_timestep: 625.0
current_timestep: 1000.0
current_timestep: 937.5
current_timestep: 833.3333129882812
current_timestep: 625.0
current_timestep: 1000.0
current_timestep: 937.5
current_timestep: 833.3333129882812
current_timestep: 625.0
current_timestep: 1000.0
current_timestep: 937.5
current_timestep: 833.3333129882812
current_timestep: 625.0
current_timestep: 1000.0
current_timestep: 937.5
current_timestep: 833.3333129882812
current_timestep: 625.0
current_timestep: 1000.0
current_timestep: 937.5
current_timestep: 833.3333129882812
current_timestep: 625.0
current_timestep: 1000.0
current_timestep: 937.5
current_timestep: 833.3333129882812
current_timestep: 625.0
current_timestep: 1000.0
current_timestep: 937.5
current_timestep: 833.3333129882812
current_timestep: 625.0
current_timestep: 1000.0
current_timestep: 937.5
current_timestep: 833.3333129882812
current_timestep: 625.0
current_timestep: 1000.0
current_timestep: 937.5
current_timestep: 833.3333129882812
current_timestep: 625.0
current_timestep: 1000.0
current_timestep: 937.5
current_timestep: 833.3333129882812
current_timestep: 625.0
current_timestep: 1000.0
current_timestep: 937.5
current_timestep: 833.3333129882812
current_timestep: 625.0
current_timestep: 1000.0
current_timestep: 937.5
current_timestep: 833.3333129882812
current_timestep: 625.0
Moving DynamicSwap_WanTextEncoder to cuda:0 with preserved memory: 24.55411195755005 GB
current_timestep: 1000.0
current_timestep: 937.5
current_timestep: 833.3333129882812
current_timestep: 625.0
current_timestep: 1000.0
current_timestep: 937.5
current_timestep: 833.3333129882812
current_timestep: 625.0
current_timestep: 1000.0
current_timestep: 937.5
current_timestep: 833.3333129882812
current_timestep: 625.0
current_timestep: 1000.0
current_timestep: 937.5
current_timestep: 833.3333129882812
current_timestep: 625.0
current_timestep: 1000.0
current_timestep: 937.5
current_timestep: 833.3333129882812
current_timestep: 625.0
current_timestep: 1000.0
current_timestep: 937.5
current_timestep: 833.3333129882812
current_timestep: 625.0
current_timestep: 1000.0
current_timestep: 937.5
current_timestep: 833.3333129882812
current_timestep: 625.0
current_timestep: 1000.0
current_timestep: 937.5
current_timestep: 833.3333129882812
current_timestep: 625.0
current_timestep: 1000.0
current_timestep: 937.5
current_timestep: 833.3333129882812
current_timestep: 625.0
current_timestep: 1000.0
current_timestep: 937.5
current_timestep: 833.3333129882812
current_timestep: 625.0
current_timestep: 1000.0
current_timestep: 937.5
current_timestep: 833.3333129882812
current_timestep: 625.0
current_timestep: 1000.0
current_timestep: 937.5
current_timestep: 833.3333129882812
current_timestep: 625.0
current_timestep: 1000.0
current_timestep: 937.5
current_timestep: 833.3333129882812
current_timestep: 625.0
current_timestep: 1000.0
current_timestep: 937.5
current_timestep: 833.3333129882812
current_timestep: 625.0
Moving DynamicSwap_WanTextEncoder to cuda:0 with preserved memory: 24.55411195755005 GB
current_timestep: 1000.0
current_timestep: 937.5
current_timestep: 833.3333129882812
current_timestep: 625.0
current_timestep: 1000.0
current_timestep: 937.5
current_timestep: 833.3333129882812
current_timestep: 625.0
current_timestep: 1000.0
current_timestep: 937.5
current_timestep: 833.3333129882812
current_timestep: 625.0
current_timestep: 1000.0
current_timestep: 937.5
current_timestep: 833.3333129882812
current_timestep: 625.0
current_timestep: 1000.0
current_timestep: 937.5
current_timestep: 833.3333129882812
current_timestep: 625.0
current_timestep: 1000.0
current_timestep: 937.5
current_timestep: 833.3333129882812
current_timestep: 625.0
current_timestep: 1000.0
current_timestep: 937.5
current_timestep: 833.3333129882812
current_timestep: 625.0
current_timestep: 1000.0
current_timestep: 937.5
current_timestep: 833.3333129882812
current_timestep: 625.0
current_timestep: 1000.0
current_timestep: 937.5
current_timestep: 833.3333129882812
current_timestep: 625.0
current_timestep: 1000.0
current_timestep: 937.5
current_timestep: 833.3333129882812
current_timestep: 625.0
current_timestep: 1000.0
current_timestep: 937.5
current_timestep: 833.3333129882812
current_timestep: 625.0
current_timestep: 1000.0
current_timestep: 937.5
current_timestep: 833.3333129882812
current_timestep: 625.0
current_timestep: 1000.0
current_timestep: 937.5
current_timestep: 833.3333129882812
current_timestep: 625.0
current_timestep: 1000.0
current_timestep: 937.5
current_timestep: 833.3333129882812
current_timestep: 625.0
Moving DynamicSwap_WanTextEncoder to cuda:0 with preserved memory: 24.55411195755005 GB
current_timestep: 1000.0
current_timestep: 937.5
current_timestep: 833.3333129882812
current_timestep: 625.0
current_timestep: 1000.0
current_timestep: 937.5
current_timestep: 833.3333129882812
current_timestep: 625.0
current_timestep: 1000.0
current_timestep: 937.5
current_timestep: 833.3333129882812
current_timestep: 625.0
current_timestep: 1000.0
current_timestep: 937.5
current_timestep: 833.3333129882812
current_timestep: 625.0
current_timestep: 1000.0
current_timestep: 937.5
current_timestep: 833.3333129882812
current_timestep: 625.0
current_timestep: 1000.0
current_timestep: 937.5
current_timestep: 833.3333129882812
current_timestep: 625.0
current_timestep: 1000.0
current_timestep: 937.5
current_timestep: 833.3333129882812
current_timestep: 625.0
current_timestep: 1000.0
current_timestep: 937.5
current_timestep: 833.3333129882812
current_timestep: 625.0
current_timestep: 1000.0
current_timestep: 937.5
current_timestep: 833.3333129882812
current_timestep: 625.0
current_timestep: 1000.0
current_timestep: 937.5
current_timestep: 833.3333129882812
current_timestep: 625.0
current_timestep: 1000.0
current_timestep: 937.5
current_timestep: 833.3333129882812
current_timestep: 625.0
current_timestep: 1000.0
current_timestep: 937.5
current_timestep: 833.3333129882812
current_timestep: 625.0
current_timestep: 1000.0
current_timestep: 937.5
current_timestep: 833.3333129882812
current_timestep: 625.0
current_timestep: 1000.0
current_timestep: 937.5
current_timestep: 833.3333129882812
current_timestep: 625.0
Moving DynamicSwap_WanTextEncoder to cuda:0 with preserved memory: 24.55411195755005 GB
current_timestep: 1000.0
current_timestep: 937.5
current_timestep: 833.3333129882812
current_timestep: 625.0
current_timestep: 1000.0
current_timestep: 937.5
current_timestep: 833.3333129882812
current_timestep: 625.0
current_timestep: 1000.0
current_timestep: 937.5
current_timestep: 833.3333129882812
current_timestep: 625.0
current_timestep: 1000.0
current_timestep: 937.5
current_timestep: 833.3333129882812
current_timestep: 625.0
current_timestep: 1000.0
current_timestep: 937.5
current_timestep: 833.3333129882812
current_timestep: 625.0
current_timestep: 1000.0
current_timestep: 937.5
current_timestep: 833.3333129882812
current_timestep: 625.0
current_timestep: 1000.0
current_timestep: 937.5
current_timestep: 833.3333129882812
current_timestep: 625.0
current_timestep: 1000.0
current_timestep: 937.5
current_timestep: 833.3333129882812
current_timestep: 625.0
current_timestep: 1000.0
current_timestep: 937.5
current_timestep: 833.3333129882812
current_timestep: 625.0
current_timestep: 1000.0
current_timestep: 937.5
current_timestep: 833.3333129882812
current_timestep: 625.0
current_timestep: 1000.0
current_timestep: 937.5
current_timestep: 833.3333129882812
current_timestep: 625.0
current_timestep: 1000.0
current_timestep: 937.5
current_timestep: 833.3333129882812
current_timestep: 625.0
current_timestep: 1000.0
current_timestep: 937.5
current_timestep: 833.3333129882812
current_timestep: 625.0
current_timestep: 1000.0
current_timestep: 937.5
current_timestep: 833.3333129882812
current_timestep: 625.0
Moving DynamicSwap_WanTextEncoder to cuda:0 with preserved memory: 24.55411195755005 GB
current_timestep: 1000.0
current_timestep: 937.5
current_timestep: 833.3333129882812
current_timestep: 625.0
current_timestep: 1000.0
current_timestep: 937.5
current_timestep: 833.3333129882812
current_timestep: 625.0
current_timestep: 1000.0
current_timestep: 937.5
current_timestep: 833.3333129882812
current_timestep: 625.0
current_timestep: 1000.0
current_timestep: 937.5
current_timestep: 833.3333129882812
current_timestep: 625.0
current_timestep: 1000.0
current_timestep: 937.5
current_timestep: 833.3333129882812
current_timestep: 625.0
current_timestep: 1000.0
current_timestep: 937.5
current_timestep: 833.3333129882812
current_timestep: 625.0
current_timestep: 1000.0
current_timestep: 937.5
current_timestep: 833.3333129882812
current_timestep: 625.0
current_timestep: 1000.0
current_timestep: 937.5
current_timestep: 833.3333129882812
current_timestep: 625.0
current_timestep: 1000.0
current_timestep: 937.5
current_timestep: 833.3333129882812
current_timestep: 625.0
current_timestep: 1000.0
current_timestep: 937.5
current_timestep: 833.3333129882812
current_timestep: 625.0
current_timestep: 1000.0
current_timestep: 937.5
current_timestep: 833.3333129882812
current_timestep: 625.0
current_timestep: 1000.0
current_timestep: 937.5
current_timestep: 833.3333129882812
current_timestep: 625.0
current_timestep: 1000.0
current_timestep: 937.5
current_timestep: 833.3333129882812
current_timestep: 625.0
current_timestep: 1000.0
current_timestep: 937.5
current_timestep: 833.3333129882812
current_timestep: 625.0
Moving DynamicSwap_WanTextEncoder to cuda:0 with preserved memory: 24.55411195755005 GB
current_timestep: 1000.0
current_timestep: 937.5
current_timestep: 833.3333129882812
current_timestep: 625.0
current_timestep: 1000.0
current_timestep: 937.5
current_timestep: 833.3333129882812
current_timestep: 625.0
current_timestep: 1000.0
current_timestep: 937.5
current_timestep: 833.3333129882812
current_timestep: 625.0
current_timestep: 1000.0
current_timestep: 937.5
current_timestep: 833.3333129882812
current_timestep: 625.0
current_timestep: 1000.0
current_timestep: 937.5
current_timestep: 833.3333129882812
current_timestep: 625.0
current_timestep: 1000.0
current_timestep: 937.5
current_timestep: 833.3333129882812
current_timestep: 625.0
current_timestep: 1000.0
current_timestep: 937.5
current_timestep: 833.3333129882812
current_timestep: 625.0
current_timestep: 1000.0
current_timestep: 937.5
current_timestep: 833.3333129882812
current_timestep: 625.0
current_timestep: 1000.0
current_timestep: 937.5
current_timestep: 833.3333129882812
current_timestep: 625.0
current_timestep: 1000.0
current_timestep: 937.5
current_timestep: 833.3333129882812
current_timestep: 625.0
current_timestep: 1000.0
current_timestep: 937.5
current_timestep: 833.3333129882812
current_timestep: 625.0
current_timestep: 1000.0
current_timestep: 937.5
current_timestep: 833.3333129882812
current_timestep: 625.0
current_timestep: 1000.0
current_timestep: 937.5
current_timestep: 833.3333129882812
current_timestep: 625.0
current_timestep: 1000.0
current_timestep: 937.5
current_timestep: 833.3333129882812
current_timestep: 625.0
Moving DynamicSwap_WanTextEncoder to cuda:0 with preserved memory: 24.55411195755005 GB
current_timestep: 1000.0
current_timestep: 937.5
current_timestep: 833.3333129882812
current_timestep: 625.0
current_timestep: 1000.0
current_timestep: 937.5
current_timestep: 833.3333129882812
current_timestep: 625.0
current_timestep: 1000.0
current_timestep: 937.5
current_timestep: 833.3333129882812
current_timestep: 625.0
current_timestep: 1000.0
current_timestep: 937.5
current_timestep: 833.3333129882812
current_timestep: 625.0
current_timestep: 1000.0
current_timestep: 937.5
current_timestep: 833.3333129882812
current_timestep: 625.0
current_timestep: 1000.0
current_timestep: 937.5
current_timestep: 833.3333129882812
current_timestep: 625.0
current_timestep: 1000.0
current_timestep: 937.5
current_timestep: 833.3333129882812
current_timestep: 625.0
current_timestep: 1000.0
current_timestep: 937.5
current_timestep: 833.3333129882812
current_timestep: 625.0
current_timestep: 1000.0
current_timestep: 937.5
current_timestep: 833.3333129882812
current_timestep: 625.0
current_timestep: 1000.0
current_timestep: 937.5
current_timestep: 833.3333129882812
current_timestep: 625.0
current_timestep: 1000.0
current_timestep: 937.5
current_timestep: 833.3333129882812
current_timestep: 625.0
current_timestep: 1000.0
current_timestep: 937.5
current_timestep: 833.3333129882812
current_timestep: 625.0
current_timestep: 1000.0
current_timestep: 937.5
current_timestep: 833.3333129882812
current_timestep: 625.0
current_timestep: 1000.0
current_timestep: 937.5
current_timestep: 833.3333129882812
current_timestep: 625.0
Moving DynamicSwap_WanTextEncoder to cuda:0 with preserved memory: 24.55411195755005 GB
current_timestep: 1000.0
current_timestep: 937.5
current_timestep: 833.3333129882812
current_timestep: 625.0
current_timestep: 1000.0
current_timestep: 937.5
current_timestep: 833.3333129882812
current_timestep: 625.0
current_timestep: 1000.0
current_timestep: 937.5
current_timestep: 833.3333129882812
current_timestep: 625.0
current_timestep: 1000.0
current_timestep: 937.5
current_timestep: 833.3333129882812
current_timestep: 625.0
current_timestep: 1000.0
current_timestep: 937.5
current_timestep: 833.3333129882812
current_timestep: 625.0
current_timestep: 1000.0
current_timestep: 937.5
current_timestep: 833.3333129882812
current_timestep: 625.0
current_timestep: 1000.0
current_timestep: 937.5
current_timestep: 833.3333129882812
current_timestep: 625.0
current_timestep: 1000.0
current_timestep: 937.5
current_timestep: 833.3333129882812
current_timestep: 625.0
current_timestep: 1000.0
current_timestep: 937.5
current_timestep: 833.3333129882812
current_timestep: 625.0
current_timestep: 1000.0
current_timestep: 937.5
current_timestep: 833.3333129882812
current_timestep: 625.0
current_timestep: 1000.0
current_timestep: 937.5
current_timestep: 833.3333129882812
current_timestep: 625.0
current_timestep: 1000.0
current_timestep: 937.5
current_timestep: 833.3333129882812
current_timestep: 625.0
current_timestep: 1000.0
current_timestep: 937.5
current_timestep: 833.3333129882812
current_timestep: 625.0
current_timestep: 1000.0
current_timestep: 937.5
current_timestep: 833.3333129882812
current_timestep: 625.0
{
  "method": "FLOWCACHE_SOFT_PRUNE_INT4",
  "num_prompts": 10,
  "num_samples": 1,
  "total_runtime_s": 751.5121172694489,
  "avg_runtime_s_per_prompt": 75.1512117269449,
  "peak_vram_bytes": 12623329792,
  "quantize_time_s": 90.76780959125608,
  "dequantize_time_s": 14.529160222038627,
  "bf16_kv_bytes": 12076646400,
  "compressed_kv_bytes": 2226668240,
  "compression_ratio": 5.423639760541966,
  "first_video_shape": [
    1,
    165,
    3,
    480,
    832
  ],
  "flowcache_soft_prune_events": 21000.0,
  "flowcache_soft_prune_avg_recent_ratio": 0.23562699425793865,
  "flowcache_soft_prune_avg_important_ratio": 0.09908490319204157,
  "flowcache_soft_prune_avg_retained_ratio": 0.2854134159491287,
  "flowcache_soft_prune_avg_pruned_ratio": 0.37987468660084595,
  "flowcache_soft_prune_avg_layer_budget": 0.9186619794376929,
  "flowcache_soft_prune_avg_delta": 0.5102474450781231,
  "flowcache_soft_prune_refresh_rate": 0.2,
  "flowcache_soft_prune_config_chunk_recent_ratio": 0.25,
  "flowcache_soft_prune_config_important_old_ratio": 0.1,
  "flowcache_soft_prune_config_retained_old_ratio": 0.45,
  "flowcache_soft_prune_refresh_gap_chunks": 1.0,
  "flowcache_soft_prune_recent_bits": 4.0,
  "flowcache_soft_prune_old_bits": 4.0,
  "flowcache_soft_prune_importance_alpha": 0.7,
  "flowcache_soft_prune_importance_beta": 0.3,
  "flowcache_soft_prune_summary_tokens_per_chunk": 1.0
}
[W310 21:22:18.147465924 CUDAAllocatorConfig.h:28] Warning: expandable_segments not supported on this platform (function operator())
[rank0]:[W310 21:22:19.398222544 ProcessGroupNCCL.cpp:4115] [PG ID 0 PG GUID 0 Rank 0]  using GPU 0 to perform barrier as devices used by this process are currently unknown. This can potentially cause a hang if this rank to GPU mapping is incorrect.Specify device_ids in barrier() to force use of a particular device,or call init_process_group() with a device_id.
/home/suraj/miniforge3/envs/qvg_sf_eval/lib/python3.10/site-packages/clip/clip.py:6: UserWarning: pkg_resources is deprecated as an API. See https://setuptools.pypa.io/en/latest/pkg_resources.html. The pkg_resources package is slated for removal as early as 2025-11-30. Refrain from using this package or pin to Setuptools<81.
  from pkg_resources import packaging
args: Namespace(output_path='/data/vaishak/combined-kv-quant/results/benchmarks/storyeval/storyeval_flowcache_soft_prune_int4_5f5a998802bd_10prompts_10s/metrics/vbench_raw', full_json_dir='/data/vaishak/combined-kv-quant/third_party/VBench/vbench/VBench_full_info.json', videos_path='/data/vaishak/combined-kv-quant/results/benchmarks/storyeval/storyeval_flowcache_soft_prune_int4_5f5a998802bd_10prompts_10s/videos', dimension=['background_consistency', 'imaging_quality', 'subject_consistency', 'aesthetic_quality'], load_ckpt_from_local=None, read_frame=None, mode='custom_input', prompt='None', prompt_file='/data/vaishak/combined-kv-quant/results/benchmarks/storyeval/storyeval_flowcache_soft_prune_int4_5f5a998802bd_10prompts_10s/metrics/vbench_prompt_map.json', category=None, imaging_quality_preprocessing_mode='longer')
start evaluation
Evaluation meta data saved to /data/vaishak/combined-kv-quant/results/benchmarks/storyeval/storyeval_flowcache_soft_prune_int4_5f5a998802bd_10prompts_10s/metrics/vbench_raw/results_2026-03-10-21:22:18_full_info.json
cur_full_info_path: /data/vaishak/combined-kv-quant/results/benchmarks/storyeval/storyeval_flowcache_soft_prune_int4_5f5a998802bd_10prompts_10s/metrics/vbench_raw/results_2026-03-10-21:22:18_full_info.json
  0%|          | 0/10 [00:00<?, ?it/s] 10%|█         | 1/10 [00:00<00:06,  1.40it/s] 20%|██        | 2/10 [00:01<00:05,  1.52it/s] 30%|███       | 3/10 [00:01<00:04,  1.58it/s] 40%|████      | 4/10 [00:02<00:03,  1.60it/s] 50%|█████     | 5/10 [00:03<00:03,  1.59it/s] 60%|██████    | 6/10 [00:03<00:02,  1.58it/s] 70%|███████   | 7/10 [00:04<00:01,  1.59it/s] 80%|████████  | 8/10 [00:05<00:01,  1.56it/s] 90%|█████████ | 9/10 [00:05<00:00,  1.57it/s]100%|██████████| 10/10 [00:06<00:00,  1.59it/s]100%|██████████| 10/10 [00:06<00:00,  1.57it/s]
/home/suraj/miniforge3/envs/qvg_sf_eval/lib/python3.10/site-packages/timm/models/layers/__init__.py:48: FutureWarning: Importing from timm.models.layers is deprecated, please import via timm.layers
  warnings.warn(f"Importing from {__name__} is deprecated, please import via timm.layers", FutureWarning)
/home/suraj/miniforge3/envs/qvg_sf_eval/lib/python3.10/site-packages/pyiqa/archs/arch_util.py:118: FutureWarning: You are using `torch.load` with `weights_only=False` (the current default value), which uses the default pickle module implicitly. It is possible to construct malicious pickle data which will execute arbitrary code during unpickling (See https://github.com/pytorch/pytorch/blob/main/SECURITY.md#untrusted-models for more details). In a future release, the default value for `weights_only` will be flipped to `True`. This limits the functions that could be executed during unpickling. Arbitrary objects will no longer be allowed to be loaded via this mode unless they are explicitly allowlisted by the user via `torch.serialization.add_safe_globals`. We recommend you start setting `weights_only=True` for any use case where you don't have full control of the loaded file. Please open an issue on GitHub for any issues related to this experimental feature.
  state_dict = torch.load(model_path, map_location=torch.device("cpu"))
cur_full_info_path: /data/vaishak/combined-kv-quant/results/benchmarks/storyeval/storyeval_flowcache_soft_prune_int4_5f5a998802bd_10prompts_10s/metrics/vbench_raw/results_2026-03-10-21:22:18_full_info.json
Loading pretrained model MUSIQ from /home/vaishak/.cache/vbench/pyiqa_model/musiq_spaq_ckpt-358bb6af.pth
  0%|          | 0/10 [00:00<?, ?it/s] 10%|█         | 1/10 [00:03<00:27,  3.06s/it] 20%|██        | 2/10 [00:05<00:23,  2.98s/it] 30%|███       | 3/10 [00:08<00:20,  2.95s/it] 40%|████      | 4/10 [00:11<00:17,  2.94s/it] 50%|█████     | 5/10 [00:14<00:14,  2.94s/it] 60%|██████    | 6/10 [00:17<00:11,  2.94s/it] 70%|███████   | 7/10 [00:20<00:08,  2.94s/it] 80%|████████  | 8/10 [00:23<00:05,  2.92s/it] 90%|█████████ | 9/10 [00:26<00:02,  2.90s/it]100%|██████████| 10/10 [00:29<00:00,  2.88s/it]100%|██████████| 10/10 [00:29<00:00,  2.92s/it]
Using cache found in /home/vaishak/.cache/torch/hub/facebookresearch_dino_main
2026-03-10 21:23:00,646 - vbench.subject_consistency - INFO - Initialize DINO success
cur_full_info_path: /data/vaishak/combined-kv-quant/results/benchmarks/storyeval/storyeval_flowcache_soft_prune_int4_5f5a998802bd_10prompts_10s/metrics/vbench_raw/results_2026-03-10-21:22:18_full_info.json
  0%|          | 0/10 [00:00<?, ?it/s] 10%|█         | 1/10 [00:02<00:19,  2.16s/it] 20%|██        | 2/10 [00:04<00:17,  2.18s/it] 30%|███       | 3/10 [00:06<00:15,  2.18s/it] 40%|████      | 4/10 [00:08<00:13,  2.18s/it] 50%|█████     | 5/10 [00:10<00:10,  2.19s/it] 60%|██████    | 6/10 [00:13<00:08,  2.20s/it] 70%|███████   | 7/10 [00:15<00:06,  2.20s/it] 80%|████████  | 8/10 [00:17<00:04,  2.20s/it] 90%|█████████ | 9/10 [00:19<00:02,  2.20s/it]100%|██████████| 10/10 [00:21<00:00,  2.20s/it]100%|██████████| 10/10 [00:21<00:00,  2.19s/it]
/data/vaishak/kv-quant-longhorizon/third_party/VBench/vbench/aesthetic_quality.py:41: FutureWarning: You are using `torch.load` with `weights_only=False` (the current default value), which uses the default pickle module implicitly. It is possible to construct malicious pickle data which will execute arbitrary code during unpickling (See https://github.com/pytorch/pytorch/blob/main/SECURITY.md#untrusted-models for more details). In a future release, the default value for `weights_only` will be flipped to `True`. This limits the functions that could be executed during unpickling. Arbitrary objects will no longer be allowed to be loaded via this mode unless they are explicitly allowlisted by the user via `torch.serialization.add_safe_globals`. We recommend you start setting `weights_only=True` for any use case where you don't have full control of the loaded file. Please open an issue on GitHub for any issues related to this experimental feature.
  s = torch.load(path_to_model)
cur_full_info_path: /data/vaishak/combined-kv-quant/results/benchmarks/storyeval/storyeval_flowcache_soft_prune_int4_5f5a998802bd_10prompts_10s/metrics/vbench_raw/results_2026-03-10-21:22:18_full_info.json
  0%|          | 0/10 [00:00<?, ?it/s] 10%|█         | 1/10 [00:00<00:08,  1.02it/s] 20%|██        | 2/10 [00:02<00:08,  1.05s/it] 30%|███       | 3/10 [00:03<00:07,  1.06s/it] 40%|████      | 4/10 [00:04<00:06,  1.07s/it] 50%|█████     | 5/10 [00:05<00:05,  1.08s/it] 60%|██████    | 6/10 [00:06<00:04,  1.09s/it] 70%|███████   | 7/10 [00:07<00:03,  1.09s/it] 80%|████████  | 8/10 [00:08<00:02,  1.10s/it] 90%|█████████ | 9/10 [00:09<00:01,  1.10s/it]100%|██████████| 10/10 [00:10<00:00,  1.10s/it]100%|██████████| 10/10 [00:10<00:00,  1.08s/it]
Evaluation results saved to /data/vaishak/combined-kv-quant/results/benchmarks/storyeval/storyeval_flowcache_soft_prune_int4_5f5a998802bd_10prompts_10s/metrics/vbench_raw/results_2026-03-10-21:22:18_eval_results.json
done
[rank0]:[W310 21:23:41.579162202 ProcessGroupNCCL.cpp:1250] Warning: WARNING: process group has NOT been destroyed before we destruct ProcessGroupNCCL. On normal program exit, the application should call destroy_process_group to ensure that any pending NCCL operations have finished in this process. In rare cases this process can exit before this point and block the progress of another member of the process group. This constraint has always been present,  but this warning has only been added since PyTorch 2.4 (function operator())
Wrote /data/vaishak/combined-kv-quant/results/benchmarks/storyeval/storyeval_flowcache_soft_prune_int4_5f5a998802bd_10prompts_10s/metrics/vbench.json
[W310 21:23:51.161871691 CUDAAllocatorConfig.h:28] Warning: expandable_segments not supported on this platform (function operator())
[rank0]:[W310 21:23:52.395954529 ProcessGroupNCCL.cpp:4115] [PG ID 0 PG GUID 0 Rank 0]  using GPU 0 to perform barrier as devices used by this process are currently unknown. This can potentially cause a hang if this rank to GPU mapping is incorrect.Specify device_ids in barrier() to force use of a particular device,or call init_process_group() with a device_id.
/home/suraj/miniforge3/envs/qvg_sf_eval/lib/python3.10/site-packages/clip/clip.py:6: UserWarning: pkg_resources is deprecated as an API. See https://setuptools.pypa.io/en/latest/pkg_resources.html. The pkg_resources package is slated for removal as early as 2025-11-30. Refrain from using this package or pin to Setuptools<81.
  from pkg_resources import packaging
/home/suraj/miniforge3/envs/qvg_sf_eval/lib/python3.10/site-packages/timm/models/layers/__init__.py:48: FutureWarning: Importing from timm.models.layers is deprecated, please import via timm.layers
  warnings.warn(f"Importing from {__name__} is deprecated, please import via timm.layers", FutureWarning)
/home/suraj/miniforge3/envs/qvg_sf_eval/lib/python3.10/site-packages/pyiqa/archs/arch_util.py:118: FutureWarning: You are using `torch.load` with `weights_only=False` (the current default value), which uses the default pickle module implicitly. It is possible to construct malicious pickle data which will execute arbitrary code during unpickling (See https://github.com/pytorch/pytorch/blob/main/SECURITY.md#untrusted-models for more details). In a future release, the default value for `weights_only` will be flipped to `True`. This limits the functions that could be executed during unpickling. Arbitrary objects will no longer be allowed to be loaded via this mode unless they are explicitly allowlisted by the user via `torch.serialization.add_safe_globals`. We recommend you start setting `weights_only=True` for any use case where you don't have full control of the loaded file. Please open an issue on GitHub for any issues related to this experimental feature.
  state_dict = torch.load(model_path, map_location=torch.device("cpu"))
args: Namespace(output_path='/data/vaishak/combined-kv-quant/results/benchmarks/storyeval/storyeval_flowcache_soft_prune_int4_5f5a998802bd_10prompts_10s/metrics/drift_work/vbench_imaging_quality_50', full_json_dir='/data/vaishak/combined-kv-quant/third_party/VBench/vbench/VBench_full_info.json', videos_path='/data/vaishak/combined-kv-quant/results/benchmarks/storyeval/storyeval_flowcache_soft_prune_int4_5f5a998802bd_10prompts_10s/metrics/drift_work/clips_50', dimension=['imaging_quality'], load_ckpt_from_local=None, read_frame=None, mode='custom_input', prompt='None', prompt_file='/data/vaishak/combined-kv-quant/results/benchmarks/storyeval/storyeval_flowcache_soft_prune_int4_5f5a998802bd_10prompts_10s/metrics/drift_work/prompt_map_50.json', category=None, imaging_quality_preprocessing_mode='longer')
start evaluation
Evaluation meta data saved to /data/vaishak/combined-kv-quant/results/benchmarks/storyeval/storyeval_flowcache_soft_prune_int4_5f5a998802bd_10prompts_10s/metrics/drift_work/vbench_imaging_quality_50/results_2026-03-10-21:23:51_full_info.json
cur_full_info_path: /data/vaishak/combined-kv-quant/results/benchmarks/storyeval/storyeval_flowcache_soft_prune_int4_5f5a998802bd_10prompts_10s/metrics/drift_work/vbench_imaging_quality_50/results_2026-03-10-21:23:51_full_info.json
Loading pretrained model MUSIQ from /home/vaishak/.cache/vbench/pyiqa_model/musiq_spaq_ckpt-358bb6af.pth
  0%|          | 0/10 [00:00<?, ?it/s] 10%|█         | 1/10 [00:01<00:10,  1.18s/it] 20%|██        | 2/10 [00:02<00:08,  1.02s/it] 30%|███       | 3/10 [00:03<00:06,  1.03it/s] 40%|████      | 4/10 [00:03<00:05,  1.05it/s] 50%|█████     | 5/10 [00:04<00:04,  1.06it/s] 60%|██████    | 6/10 [00:05<00:03,  1.06it/s] 70%|███████   | 7/10 [00:06<00:02,  1.07it/s] 80%|████████  | 8/10 [00:07<00:01,  1.07it/s] 90%|█████████ | 9/10 [00:08<00:00,  1.07it/s]100%|██████████| 10/10 [00:09<00:00,  1.08it/s]100%|██████████| 10/10 [00:09<00:00,  1.06it/s]
Evaluation results saved to /data/vaishak/combined-kv-quant/results/benchmarks/storyeval/storyeval_flowcache_soft_prune_int4_5f5a998802bd_10prompts_10s/metrics/drift_work/vbench_imaging_quality_50/results_2026-03-10-21:23:51_eval_results.json
done
[rank0]:[W310 21:24:03.739033347 ProcessGroupNCCL.cpp:1250] Warning: WARNING: process group has NOT been destroyed before we destruct ProcessGroupNCCL. On normal program exit, the application should call destroy_process_group to ensure that any pending NCCL operations have finished in this process. In rare cases this process can exit before this point and block the progress of another member of the process group. This constraint has always been present,  but this warning has only been added since PyTorch 2.4 (function operator())
[W310 21:24:12.903030875 CUDAAllocatorConfig.h:28] Warning: expandable_segments not supported on this platform (function operator())
[rank0]:[W310 21:24:12.140632892 ProcessGroupNCCL.cpp:4115] [PG ID 0 PG GUID 0 Rank 0]  using GPU 0 to perform barrier as devices used by this process are currently unknown. This can potentially cause a hang if this rank to GPU mapping is incorrect.Specify device_ids in barrier() to force use of a particular device,or call init_process_group() with a device_id.
/home/suraj/miniforge3/envs/qvg_sf_eval/lib/python3.10/site-packages/clip/clip.py:6: UserWarning: pkg_resources is deprecated as an API. See https://setuptools.pypa.io/en/latest/pkg_resources.html. The pkg_resources package is slated for removal as early as 2025-11-30. Refrain from using this package or pin to Setuptools<81.
  from pkg_resources import packaging
/home/suraj/miniforge3/envs/qvg_sf_eval/lib/python3.10/site-packages/timm/models/layers/__init__.py:48: FutureWarning: Importing from timm.models.layers is deprecated, please import via timm.layers
  warnings.warn(f"Importing from {__name__} is deprecated, please import via timm.layers", FutureWarning)
/home/suraj/miniforge3/envs/qvg_sf_eval/lib/python3.10/site-packages/pyiqa/archs/arch_util.py:118: FutureWarning: You are using `torch.load` with `weights_only=False` (the current default value), which uses the default pickle module implicitly. It is possible to construct malicious pickle data which will execute arbitrary code during unpickling (See https://github.com/pytorch/pytorch/blob/main/SECURITY.md#untrusted-models for more details). In a future release, the default value for `weights_only` will be flipped to `True`. This limits the functions that could be executed during unpickling. Arbitrary objects will no longer be allowed to be loaded via this mode unless they are explicitly allowlisted by the user via `torch.serialization.add_safe_globals`. We recommend you start setting `weights_only=True` for any use case where you don't have full control of the loaded file. Please open an issue on GitHub for any issues related to this experimental feature.
  state_dict = torch.load(model_path, map_location=torch.device("cpu"))
args: Namespace(output_path='/data/vaishak/combined-kv-quant/results/benchmarks/storyeval/storyeval_flowcache_soft_prune_int4_5f5a998802bd_10prompts_10s/metrics/drift_work/vbench_imaging_quality_100', full_json_dir='/data/vaishak/combined-kv-quant/third_party/VBench/vbench/VBench_full_info.json', videos_path='/data/vaishak/combined-kv-quant/results/benchmarks/storyeval/storyeval_flowcache_soft_prune_int4_5f5a998802bd_10prompts_10s/metrics/drift_work/clips_100', dimension=['imaging_quality'], load_ckpt_from_local=None, read_frame=None, mode='custom_input', prompt='None', prompt_file='/data/vaishak/combined-kv-quant/results/benchmarks/storyeval/storyeval_flowcache_soft_prune_int4_5f5a998802bd_10prompts_10s/metrics/drift_work/prompt_map_100.json', category=None, imaging_quality_preprocessing_mode='longer')
start evaluation
Evaluation meta data saved to /data/vaishak/combined-kv-quant/results/benchmarks/storyeval/storyeval_flowcache_soft_prune_int4_5f5a998802bd_10prompts_10s/metrics/drift_work/vbench_imaging_quality_100/results_2026-03-10-21:24:12_full_info.json
cur_full_info_path: /data/vaishak/combined-kv-quant/results/benchmarks/storyeval/storyeval_flowcache_soft_prune_int4_5f5a998802bd_10prompts_10s/metrics/drift_work/vbench_imaging_quality_100/results_2026-03-10-21:24:12_full_info.json
Loading pretrained model MUSIQ from /home/vaishak/.cache/vbench/pyiqa_model/musiq_spaq_ckpt-358bb6af.pth
  0%|          | 0/10 [00:00<?, ?it/s] 10%|█         | 1/10 [00:02<00:18,  2.10s/it] 20%|██        | 2/10 [00:03<00:15,  1.91s/it] 30%|███       | 3/10 [00:05<00:13,  1.86s/it] 40%|████      | 4/10 [00:07<00:10,  1.83s/it] 50%|█████     | 5/10 [00:09<00:09,  1.81s/it] 60%|██████    | 6/10 [00:11<00:07,  1.79s/it] 70%|███████   | 7/10 [00:12<00:05,  1.78s/it] 80%|████████  | 8/10 [00:14<00:03,  1.79s/it] 90%|█████████ | 9/10 [00:16<00:01,  1.80s/it]100%|██████████| 10/10 [00:18<00:00,  1.79s/it]100%|██████████| 10/10 [00:18<00:00,  1.82s/it]
Evaluation results saved to /data/vaishak/combined-kv-quant/results/benchmarks/storyeval/storyeval_flowcache_soft_prune_int4_5f5a998802bd_10prompts_10s/metrics/drift_work/vbench_imaging_quality_100/results_2026-03-10-21:24:12_eval_results.json
done
[rank0]:[W310 21:24:32.219270438 ProcessGroupNCCL.cpp:1250] Warning: WARNING: process group has NOT been destroyed before we destruct ProcessGroupNCCL. On normal program exit, the application should call destroy_process_group to ensure that any pending NCCL operations have finished in this process. In rare cases this process can exit before this point and block the progress of another member of the process group. This constraint has always been present,  but this warning has only been added since PyTorch 2.4 (function operator())
[W310 21:24:43.825354791 CUDAAllocatorConfig.h:28] Warning: expandable_segments not supported on this platform (function operator())
[rank0]:[W310 21:24:43.077895466 ProcessGroupNCCL.cpp:4115] [PG ID 0 PG GUID 0 Rank 0]  using GPU 0 to perform barrier as devices used by this process are currently unknown. This can potentially cause a hang if this rank to GPU mapping is incorrect.Specify device_ids in barrier() to force use of a particular device,or call init_process_group() with a device_id.
/home/suraj/miniforge3/envs/qvg_sf_eval/lib/python3.10/site-packages/clip/clip.py:6: UserWarning: pkg_resources is deprecated as an API. See https://setuptools.pypa.io/en/latest/pkg_resources.html. The pkg_resources package is slated for removal as early as 2025-11-30. Refrain from using this package or pin to Setuptools<81.
  from pkg_resources import packaging
/home/suraj/miniforge3/envs/qvg_sf_eval/lib/python3.10/site-packages/timm/models/layers/__init__.py:48: FutureWarning: Importing from timm.models.layers is deprecated, please import via timm.layers
  warnings.warn(f"Importing from {__name__} is deprecated, please import via timm.layers", FutureWarning)
/home/suraj/miniforge3/envs/qvg_sf_eval/lib/python3.10/site-packages/pyiqa/archs/arch_util.py:118: FutureWarning: You are using `torch.load` with `weights_only=False` (the current default value), which uses the default pickle module implicitly. It is possible to construct malicious pickle data which will execute arbitrary code during unpickling (See https://github.com/pytorch/pytorch/blob/main/SECURITY.md#untrusted-models for more details). In a future release, the default value for `weights_only` will be flipped to `True`. This limits the functions that could be executed during unpickling. Arbitrary objects will no longer be allowed to be loaded via this mode unless they are explicitly allowlisted by the user via `torch.serialization.add_safe_globals`. We recommend you start setting `weights_only=True` for any use case where you don't have full control of the loaded file. Please open an issue on GitHub for any issues related to this experimental feature.
  state_dict = torch.load(model_path, map_location=torch.device("cpu"))
args: Namespace(output_path='/data/vaishak/combined-kv-quant/results/benchmarks/storyeval/storyeval_flowcache_soft_prune_int4_5f5a998802bd_10prompts_10s/metrics/drift_work/vbench_imaging_quality_150', full_json_dir='/data/vaishak/combined-kv-quant/third_party/VBench/vbench/VBench_full_info.json', videos_path='/data/vaishak/combined-kv-quant/results/benchmarks/storyeval/storyeval_flowcache_soft_prune_int4_5f5a998802bd_10prompts_10s/metrics/drift_work/clips_150', dimension=['imaging_quality'], load_ckpt_from_local=None, read_frame=None, mode='custom_input', prompt='None', prompt_file='/data/vaishak/combined-kv-quant/results/benchmarks/storyeval/storyeval_flowcache_soft_prune_int4_5f5a998802bd_10prompts_10s/metrics/drift_work/prompt_map_150.json', category=None, imaging_quality_preprocessing_mode='longer')
start evaluation
Evaluation meta data saved to /data/vaishak/combined-kv-quant/results/benchmarks/storyeval/storyeval_flowcache_soft_prune_int4_5f5a998802bd_10prompts_10s/metrics/drift_work/vbench_imaging_quality_150/results_2026-03-10-21:24:43_full_info.json
cur_full_info_path: /data/vaishak/combined-kv-quant/results/benchmarks/storyeval/storyeval_flowcache_soft_prune_int4_5f5a998802bd_10prompts_10s/metrics/drift_work/vbench_imaging_quality_150/results_2026-03-10-21:24:43_full_info.json
Loading pretrained model MUSIQ from /home/vaishak/.cache/vbench/pyiqa_model/musiq_spaq_ckpt-358bb6af.pth
  0%|          | 0/10 [00:00<?, ?it/s] 10%|█         | 1/10 [00:02<00:26,  2.97s/it] 20%|██        | 2/10 [00:05<00:22,  2.78s/it] 30%|███       | 3/10 [00:08<00:19,  2.77s/it] 40%|████      | 4/10 [00:11<00:16,  2.74s/it] 50%|█████     | 5/10 [00:13<00:13,  2.72s/it] 60%|██████    | 6/10 [00:16<00:10,  2.69s/it] 70%|███████   | 7/10 [00:19<00:08,  2.69s/it] 80%|████████  | 8/10 [00:21<00:05,  2.69s/it] 90%|█████████ | 9/10 [00:24<00:02,  2.68s/it]100%|██████████| 10/10 [00:27<00:00,  2.66s/it]100%|██████████| 10/10 [00:27<00:00,  2.71s/it]
Evaluation results saved to /data/vaishak/combined-kv-quant/results/benchmarks/storyeval/storyeval_flowcache_soft_prune_int4_5f5a998802bd_10prompts_10s/metrics/drift_work/vbench_imaging_quality_150/results_2026-03-10-21:24:43_eval_results.json
done
[rank0]:[W310 21:25:12.052441495 ProcessGroupNCCL.cpp:1250] Warning: WARNING: process group has NOT been destroyed before we destruct ProcessGroupNCCL. On normal program exit, the application should call destroy_process_group to ensure that any pending NCCL operations have finished in this process. In rare cases this process can exit before this point and block the progress of another member of the process group. This constraint has always been present,  but this warning has only been added since PyTorch 2.4 (function operator())
Wrote /data/vaishak/combined-kv-quant/results/benchmarks/storyeval/storyeval_flowcache_soft_prune_int4_5f5a998802bd_10prompts_10s/metrics/drift_imaging_quality.json
Wrote /data/vaishak/combined-kv-quant/results/benchmarks/storyeval/storyeval_flowcache_soft_prune_int4_5f5a998802bd_10prompts_10s/plots/drift_imaging_quality.png
Wrote /data/vaishak/combined-kv-quant/results/benchmarks/storyeval/storyeval_flowcache_soft_prune_int4_5f5a998802bd_10prompts_10s/summary/summary.json
Wrote /data/vaishak/combined-kv-quant/results/benchmarks/storyeval/storyeval_flowcache_soft_prune_int4_5f5a998802bd_10prompts_10s/summary/summary.csv
$ /home/suraj/miniforge3/envs/qvg_sf_infer/bin/python /data/vaishak/combined-kv-quant/scripts/01_generate.py --results-root /data/vaishak/combined-kv-quant/results/benchmarks/storyeval/storyeval_flowcache_soft_prune_int4_5f5a998802bd_10prompts_10s/profile_pass --method FLOWCACHE_PROFILE --prompt-path /data/vaishak/combined-kv-quant/data/prompts/storyeval/all_prompts.txt --max-prompts 10 --num-output-frames 42 --seed 0 --fps 16 --flowcache-recent-ratio 0.25 --device cuda:0 --use-ema --flowcache-recent-ratio 0.25 --flowcache-recent-bits 4 --flowcache-recent-method RTN --flowcache-old-method RTN --flowcache-min-layer-budget-scale 0.7 --flowcache-max-layer-budget-scale 1.3 --flowcache-important-old-ratio 0.1 --flowcache-importance-alpha 0.7 --flowcache-importance-beta 0.3 --flowcache-prune-retained-old-ratio 0.45 --flowcache-prune-refresh-gap-chunks 1 --low-memory
$ /home/suraj/miniforge3/envs/qvg_sf_infer/bin/python /data/vaishak/combined-kv-quant/scripts/01_generate.py --results-root /data/vaishak/combined-kv-quant/results/benchmarks/storyeval/storyeval_flowcache_soft_prune_int4_5f5a998802bd_10prompts_10s --method FLOWCACHE_SOFT_PRUNE_INT4 --prompt-path /data/vaishak/combined-kv-quant/data/prompts/storyeval/all_prompts.txt --max-prompts 10 --num-output-frames 42 --seed 0 --fps 16 --device cuda:0 --use-ema --flowcache-recent-ratio 0.25 --flowcache-recent-bits 4 --flowcache-recent-method RTN --flowcache-old-method RTN --flowcache-min-layer-budget-scale 0.7 --flowcache-max-layer-budget-scale 1.3 --flowcache-important-old-ratio 0.1 --flowcache-importance-alpha 0.7 --flowcache-importance-beta 0.3 --flowcache-prune-retained-old-ratio 0.45 --flowcache-prune-refresh-gap-chunks 1 --low-memory --flowcache-layer-budget-path /data/vaishak/combined-kv-quant/results/benchmarks/storyeval/storyeval_flowcache_soft_prune_int4_5f5a998802bd_10prompts_10s/metrics/flowcache_profile_layer_budget.json
$ /home/suraj/miniforge3/envs/qvg_sf_eval/bin/python /data/vaishak/combined-kv-quant/scripts/eval_storyeval_vbench.py --run_dir /data/vaishak/combined-kv-quant/results/benchmarks/storyeval/storyeval_flowcache_soft_prune_int4_5f5a998802bd_10prompts_10s --python_bin /home/suraj/miniforge3/envs/qvg_sf_eval/bin/python
$ /home/suraj/miniforge3/envs/qvg_sf_eval/bin/python /data/vaishak/combined-kv-quant/scripts/eval_storyeval_drift.py --run_dir /data/vaishak/combined-kv-quant/results/benchmarks/storyeval/storyeval_flowcache_soft_prune_int4_5f5a998802bd_10prompts_10s --python_bin /home/suraj/miniforge3/envs/qvg_sf_eval/bin/python
$ /home/vaishak/miniforge3/bin/python3 /data/vaishak/combined-kv-quant/scripts/summarize_storyeval.py --run_dir /data/vaishak/combined-kv-quant/results/benchmarks/storyeval/storyeval_flowcache_soft_prune_int4_5f5a998802bd_10prompts_10s
StoryEval backfill completed for FLOWCACHE_SOFT_PRUNE_INT4 under /data/vaishak/combined-kv-quant/results/benchmarks/storyeval/storyeval_flowcache_soft_prune_int4_5f5a998802bd_10prompts_10s
{
  "benchmark": "storyeval",
  "method": "FLOWCACHE_SOFT_PRUNE_INT4",
  "config_id": "5f5a998802bd",
  "run_id": "storyeval_flowcache_soft_prune_int4_5f5a998802bd_10prompts_10s",
  "created_utc": "2026-03-10T21:22:16.567290+00:00",
  "prompt_file": "/data/vaishak/combined-kv-quant/data/prompts/storyeval/all_prompts.txt",
  "num_prompts_selected": 10,
  "start_idx": 0,
  "end_idx": null,
  "max_prompts": 10,
  "seed": 0,
  "seeds_per_prompt": 1,
  "fps": 16,
  "duration_sec_requested": 10.0,
  "target_latent_frames": 42,
  "target_frames": 165,
  "effective_duration_sec": 10.3125,
  "resolution": [
    480,
    832
  ],
  "source_moviegen_run_root": "results/runs/backfill_flowcache_soft_prune_int4_5f5a998802bd_10s"
}
[W310 21:25:16.728136763 CUDAAllocatorConfig.h:28] Warning: expandable_segments not supported on this platform (function operator())
[rank0]:[W310 21:25:16.967231364 ProcessGroupNCCL.cpp:4115] [PG ID 0 PG GUID 0 Rank 0]  using GPU 0 to perform barrier as devices used by this process are currently unknown. This can potentially cause a hang if this rank to GPU mapping is incorrect.Specify device_ids in barrier() to force use of a particular device,or call init_process_group() with a device_id.
/home/suraj/miniforge3/envs/qvg_sf_eval/lib/python3.10/site-packages/clip/clip.py:6: UserWarning: pkg_resources is deprecated as an API. See https://setuptools.pypa.io/en/latest/pkg_resources.html. The pkg_resources package is slated for removal as early as 2025-11-30. Refrain from using this package or pin to Setuptools<81.
  from pkg_resources import packaging
args: Namespace(output_path='/data/vaishak/combined-kv-quant/results/benchmarks/storyeval/storyeval_prq_int2_c800cfa2a981_10prompts_10s/metrics/vbench_raw', full_json_dir='/data/vaishak/combined-kv-quant/third_party/VBench/vbench/VBench_full_info.json', videos_path='/data/vaishak/combined-kv-quant/results/benchmarks/storyeval/storyeval_prq_int2_c800cfa2a981_10prompts_10s/videos', dimension=['background_consistency', 'imaging_quality', 'subject_consistency', 'aesthetic_quality'], load_ckpt_from_local=None, read_frame=None, mode='custom_input', prompt='None', prompt_file='/data/vaishak/combined-kv-quant/results/benchmarks/storyeval/storyeval_prq_int2_c800cfa2a981_10prompts_10s/metrics/vbench_prompt_map.json', category=None, imaging_quality_preprocessing_mode='longer')
start evaluation
Evaluation meta data saved to /data/vaishak/combined-kv-quant/results/benchmarks/storyeval/storyeval_prq_int2_c800cfa2a981_10prompts_10s/metrics/vbench_raw/results_2026-03-10-21:25:16_full_info.json
cur_full_info_path: /data/vaishak/combined-kv-quant/results/benchmarks/storyeval/storyeval_prq_int2_c800cfa2a981_10prompts_10s/metrics/vbench_raw/results_2026-03-10-21:25:16_full_info.json
  0%|          | 0/10 [00:00<?, ?it/s] 10%|█         | 1/10 [00:00<00:06,  1.37it/s] 20%|██        | 2/10 [00:01<00:05,  1.50it/s] 30%|███       | 3/10 [00:01<00:04,  1.57it/s] 40%|████      | 4/10 [00:02<00:03,  1.57it/s] 50%|█████     | 5/10 [00:03<00:03,  1.57it/s] 60%|██████    | 6/10 [00:03<00:02,  1.56it/s] 70%|███████   | 7/10 [00:04<00:01,  1.59it/s] 80%|████████  | 8/10 [00:05<00:01,  1.59it/s] 90%|█████████ | 9/10 [00:05<00:00,  1.58it/s]100%|██████████| 10/10 [00:06<00:00,  1.59it/s]100%|██████████| 10/10 [00:06<00:00,  1.57it/s]
/home/suraj/miniforge3/envs/qvg_sf_eval/lib/python3.10/site-packages/timm/models/layers/__init__.py:48: FutureWarning: Importing from timm.models.layers is deprecated, please import via timm.layers
  warnings.warn(f"Importing from {__name__} is deprecated, please import via timm.layers", FutureWarning)
/home/suraj/miniforge3/envs/qvg_sf_eval/lib/python3.10/site-packages/pyiqa/archs/arch_util.py:118: FutureWarning: You are using `torch.load` with `weights_only=False` (the current default value), which uses the default pickle module implicitly. It is possible to construct malicious pickle data which will execute arbitrary code during unpickling (See https://github.com/pytorch/pytorch/blob/main/SECURITY.md#untrusted-models for more details). In a future release, the default value for `weights_only` will be flipped to `True`. This limits the functions that could be executed during unpickling. Arbitrary objects will no longer be allowed to be loaded via this mode unless they are explicitly allowlisted by the user via `torch.serialization.add_safe_globals`. We recommend you start setting `weights_only=True` for any use case where you don't have full control of the loaded file. Please open an issue on GitHub for any issues related to this experimental feature.
  state_dict = torch.load(model_path, map_location=torch.device("cpu"))
cur_full_info_path: /data/vaishak/combined-kv-quant/results/benchmarks/storyeval/storyeval_prq_int2_c800cfa2a981_10prompts_10s/metrics/vbench_raw/results_2026-03-10-21:25:16_full_info.json
Loading pretrained model MUSIQ from /home/vaishak/.cache/vbench/pyiqa_model/musiq_spaq_ckpt-358bb6af.pth
  0%|          | 0/10 [00:00<?, ?it/s] 10%|█         | 1/10 [00:03<00:27,  3.01s/it] 20%|██        | 2/10 [00:05<00:23,  2.99s/it] 30%|███       | 3/10 [00:08<00:20,  2.96s/it] 40%|████      | 4/10 [00:11<00:17,  2.95s/it] 50%|█████     | 5/10 [00:14<00:14,  2.95s/it] 60%|██████    | 6/10 [00:17<00:11,  2.94s/it] 70%|███████   | 7/10 [00:20<00:08,  2.92s/it] 80%|████████  | 8/10 [00:23<00:05,  2.92s/it] 90%|█████████ | 9/10 [00:26<00:02,  2.92s/it]100%|██████████| 10/10 [00:29<00:00,  2.90s/it]100%|██████████| 10/10 [00:29<00:00,  2.93s/it]
Using cache found in /home/vaishak/.cache/torch/hub/facebookresearch_dino_main
2026-03-10 21:25:58,165 - vbench.subject_consistency - INFO - Initialize DINO success
cur_full_info_path: /data/vaishak/combined-kv-quant/results/benchmarks/storyeval/storyeval_prq_int2_c800cfa2a981_10prompts_10s/metrics/vbench_raw/results_2026-03-10-21:25:16_full_info.json
  0%|          | 0/10 [00:00<?, ?it/s] 10%|█         | 1/10 [00:02<00:19,  2.14s/it] 20%|██        | 2/10 [00:04<00:17,  2.17s/it] 30%|███       | 3/10 [00:06<00:15,  2.17s/it] 40%|████      | 4/10 [00:08<00:13,  2.18s/it] 50%|█████     | 5/10 [00:10<00:10,  2.18s/it] 60%|██████    | 6/10 [00:13<00:08,  2.19s/it] 70%|███████   | 7/10 [00:15<00:06,  2.19s/it] 80%|████████  | 8/10 [00:17<00:04,  2.19s/it] 90%|█████████ | 9/10 [00:19<00:02,  2.19s/it]100%|██████████| 10/10 [00:21<00:00,  2.19s/it]100%|██████████| 10/10 [00:21<00:00,  2.18s/it]
/data/vaishak/kv-quant-longhorizon/third_party/VBench/vbench/aesthetic_quality.py:41: FutureWarning: You are using `torch.load` with `weights_only=False` (the current default value), which uses the default pickle module implicitly. It is possible to construct malicious pickle data which will execute arbitrary code during unpickling (See https://github.com/pytorch/pytorch/blob/main/SECURITY.md#untrusted-models for more details). In a future release, the default value for `weights_only` will be flipped to `True`. This limits the functions that could be executed during unpickling. Arbitrary objects will no longer be allowed to be loaded via this mode unless they are explicitly allowlisted by the user via `torch.serialization.add_safe_globals`. We recommend you start setting `weights_only=True` for any use case where you don't have full control of the loaded file. Please open an issue on GitHub for any issues related to this experimental feature.
  s = torch.load(path_to_model)
cur_full_info_path: /data/vaishak/combined-kv-quant/results/benchmarks/storyeval/storyeval_prq_int2_c800cfa2a981_10prompts_10s/metrics/vbench_raw/results_2026-03-10-21:25:16_full_info.json
  0%|          | 0/10 [00:00<?, ?it/s] 10%|█         | 1/10 [00:00<00:08,  1.07it/s] 20%|██        | 2/10 [00:01<00:08,  1.00s/it] 30%|███       | 3/10 [00:03<00:07,  1.01s/it] 40%|████      | 4/10 [00:04<00:06,  1.03s/it] 50%|█████     | 5/10 [00:05<00:05,  1.04s/it] 60%|██████    | 6/10 [00:06<00:04,  1.05s/it] 70%|███████   | 7/10 [00:07<00:03,  1.05s/it] 80%|████████  | 8/10 [00:08<00:02,  1.05s/it] 90%|█████████ | 9/10 [00:09<00:01,  1.05s/it]100%|██████████| 10/10 [00:10<00:00,  1.05s/it]100%|██████████| 10/10 [00:10<00:00,  1.04s/it]
Evaluation results saved to /data/vaishak/combined-kv-quant/results/benchmarks/storyeval/storyeval_prq_int2_c800cfa2a981_10prompts_10s/metrics/vbench_raw/results_2026-03-10-21:25:16_eval_results.json
done
[rank0]:[W310 21:26:38.523546938 ProcessGroupNCCL.cpp:1250] Warning: WARNING: process group has NOT been destroyed before we destruct ProcessGroupNCCL. On normal program exit, the application should call destroy_process_group to ensure that any pending NCCL operations have finished in this process. In rare cases this process can exit before this point and block the progress of another member of the process group. This constraint has always been present,  but this warning has only been added since PyTorch 2.4 (function operator())
Wrote /data/vaishak/combined-kv-quant/results/benchmarks/storyeval/storyeval_prq_int2_c800cfa2a981_10prompts_10s/metrics/vbench.json
[W310 21:26:48.070520525 CUDAAllocatorConfig.h:28] Warning: expandable_segments not supported on this platform (function operator())
[rank0]:[W310 21:26:49.316143205 ProcessGroupNCCL.cpp:4115] [PG ID 0 PG GUID 0 Rank 0]  using GPU 0 to perform barrier as devices used by this process are currently unknown. This can potentially cause a hang if this rank to GPU mapping is incorrect.Specify device_ids in barrier() to force use of a particular device,or call init_process_group() with a device_id.
/home/suraj/miniforge3/envs/qvg_sf_eval/lib/python3.10/site-packages/clip/clip.py:6: UserWarning: pkg_resources is deprecated as an API. See https://setuptools.pypa.io/en/latest/pkg_resources.html. The pkg_resources package is slated for removal as early as 2025-11-30. Refrain from using this package or pin to Setuptools<81.
  from pkg_resources import packaging
/home/suraj/miniforge3/envs/qvg_sf_eval/lib/python3.10/site-packages/timm/models/layers/__init__.py:48: FutureWarning: Importing from timm.models.layers is deprecated, please import via timm.layers
  warnings.warn(f"Importing from {__name__} is deprecated, please import via timm.layers", FutureWarning)
/home/suraj/miniforge3/envs/qvg_sf_eval/lib/python3.10/site-packages/pyiqa/archs/arch_util.py:118: FutureWarning: You are using `torch.load` with `weights_only=False` (the current default value), which uses the default pickle module implicitly. It is possible to construct malicious pickle data which will execute arbitrary code during unpickling (See https://github.com/pytorch/pytorch/blob/main/SECURITY.md#untrusted-models for more details). In a future release, the default value for `weights_only` will be flipped to `True`. This limits the functions that could be executed during unpickling. Arbitrary objects will no longer be allowed to be loaded via this mode unless they are explicitly allowlisted by the user via `torch.serialization.add_safe_globals`. We recommend you start setting `weights_only=True` for any use case where you don't have full control of the loaded file. Please open an issue on GitHub for any issues related to this experimental feature.
  state_dict = torch.load(model_path, map_location=torch.device("cpu"))
args: Namespace(output_path='/data/vaishak/combined-kv-quant/results/benchmarks/storyeval/storyeval_prq_int2_c800cfa2a981_10prompts_10s/metrics/drift_work/vbench_imaging_quality_50', full_json_dir='/data/vaishak/combined-kv-quant/third_party/VBench/vbench/VBench_full_info.json', videos_path='/data/vaishak/combined-kv-quant/results/benchmarks/storyeval/storyeval_prq_int2_c800cfa2a981_10prompts_10s/metrics/drift_work/clips_50', dimension=['imaging_quality'], load_ckpt_from_local=None, read_frame=None, mode='custom_input', prompt='None', prompt_file='/data/vaishak/combined-kv-quant/results/benchmarks/storyeval/storyeval_prq_int2_c800cfa2a981_10prompts_10s/metrics/drift_work/prompt_map_50.json', category=None, imaging_quality_preprocessing_mode='longer')
start evaluation
Evaluation meta data saved to /data/vaishak/combined-kv-quant/results/benchmarks/storyeval/storyeval_prq_int2_c800cfa2a981_10prompts_10s/metrics/drift_work/vbench_imaging_quality_50/results_2026-03-10-21:26:48_full_info.json
cur_full_info_path: /data/vaishak/combined-kv-quant/results/benchmarks/storyeval/storyeval_prq_int2_c800cfa2a981_10prompts_10s/metrics/drift_work/vbench_imaging_quality_50/results_2026-03-10-21:26:48_full_info.json
Loading pretrained model MUSIQ from /home/vaishak/.cache/vbench/pyiqa_model/musiq_spaq_ckpt-358bb6af.pth
  0%|          | 0/10 [00:00<?, ?it/s] 10%|█         | 1/10 [00:01<00:10,  1.18s/it] 20%|██        | 2/10 [00:02<00:08,  1.02s/it] 30%|███       | 3/10 [00:03<00:06,  1.02it/s] 40%|████      | 4/10 [00:03<00:05,  1.05it/s] 50%|█████     | 5/10 [00:04<00:04,  1.04it/s] 60%|██████    | 6/10 [00:05<00:03,  1.06it/s] 70%|███████   | 7/10 [00:06<00:02,  1.07it/s] 80%|████████  | 8/10 [00:07<00:01,  1.06it/s] 90%|█████████ | 9/10 [00:08<00:00,  1.06it/s]100%|██████████| 10/10 [00:09<00:00,  1.07it/s]100%|██████████| 10/10 [00:09<00:00,  1.05it/s]
Evaluation results saved to /data/vaishak/combined-kv-quant/results/benchmarks/storyeval/storyeval_prq_int2_c800cfa2a981_10prompts_10s/metrics/drift_work/vbench_imaging_quality_50/results_2026-03-10-21:26:48_eval_results.json
done
[rank0]:[W310 21:27:00.723626900 ProcessGroupNCCL.cpp:1250] Warning: WARNING: process group has NOT been destroyed before we destruct ProcessGroupNCCL. On normal program exit, the application should call destroy_process_group to ensure that any pending NCCL operations have finished in this process. In rare cases this process can exit before this point and block the progress of another member of the process group. This constraint has always been present,  but this warning has only been added since PyTorch 2.4 (function operator())
[W310 21:27:09.704758703 CUDAAllocatorConfig.h:28] Warning: expandable_segments not supported on this platform (function operator())
[rank0]:[W310 21:27:09.950570309 ProcessGroupNCCL.cpp:4115] [PG ID 0 PG GUID 0 Rank 0]  using GPU 0 to perform barrier as devices used by this process are currently unknown. This can potentially cause a hang if this rank to GPU mapping is incorrect.Specify device_ids in barrier() to force use of a particular device,or call init_process_group() with a device_id.
/home/suraj/miniforge3/envs/qvg_sf_eval/lib/python3.10/site-packages/clip/clip.py:6: UserWarning: pkg_resources is deprecated as an API. See https://setuptools.pypa.io/en/latest/pkg_resources.html. The pkg_resources package is slated for removal as early as 2025-11-30. Refrain from using this package or pin to Setuptools<81.
  from pkg_resources import packaging
/home/suraj/miniforge3/envs/qvg_sf_eval/lib/python3.10/site-packages/timm/models/layers/__init__.py:48: FutureWarning: Importing from timm.models.layers is deprecated, please import via timm.layers
  warnings.warn(f"Importing from {__name__} is deprecated, please import via timm.layers", FutureWarning)
/home/suraj/miniforge3/envs/qvg_sf_eval/lib/python3.10/site-packages/pyiqa/archs/arch_util.py:118: FutureWarning: You are using `torch.load` with `weights_only=False` (the current default value), which uses the default pickle module implicitly. It is possible to construct malicious pickle data which will execute arbitrary code during unpickling (See https://github.com/pytorch/pytorch/blob/main/SECURITY.md#untrusted-models for more details). In a future release, the default value for `weights_only` will be flipped to `True`. This limits the functions that could be executed during unpickling. Arbitrary objects will no longer be allowed to be loaded via this mode unless they are explicitly allowlisted by the user via `torch.serialization.add_safe_globals`. We recommend you start setting `weights_only=True` for any use case where you don't have full control of the loaded file. Please open an issue on GitHub for any issues related to this experimental feature.
  state_dict = torch.load(model_path, map_location=torch.device("cpu"))
args: Namespace(output_path='/data/vaishak/combined-kv-quant/results/benchmarks/storyeval/storyeval_prq_int2_c800cfa2a981_10prompts_10s/metrics/drift_work/vbench_imaging_quality_100', full_json_dir='/data/vaishak/combined-kv-quant/third_party/VBench/vbench/VBench_full_info.json', videos_path='/data/vaishak/combined-kv-quant/results/benchmarks/storyeval/storyeval_prq_int2_c800cfa2a981_10prompts_10s/metrics/drift_work/clips_100', dimension=['imaging_quality'], load_ckpt_from_local=None, read_frame=None, mode='custom_input', prompt='None', prompt_file='/data/vaishak/combined-kv-quant/results/benchmarks/storyeval/storyeval_prq_int2_c800cfa2a981_10prompts_10s/metrics/drift_work/prompt_map_100.json', category=None, imaging_quality_preprocessing_mode='longer')
start evaluation
Evaluation meta data saved to /data/vaishak/combined-kv-quant/results/benchmarks/storyeval/storyeval_prq_int2_c800cfa2a981_10prompts_10s/metrics/drift_work/vbench_imaging_quality_100/results_2026-03-10-21:27:09_full_info.json
cur_full_info_path: /data/vaishak/combined-kv-quant/results/benchmarks/storyeval/storyeval_prq_int2_c800cfa2a981_10prompts_10s/metrics/drift_work/vbench_imaging_quality_100/results_2026-03-10-21:27:09_full_info.json
Loading pretrained model MUSIQ from /home/vaishak/.cache/vbench/pyiqa_model/musiq_spaq_ckpt-358bb6af.pth
  0%|          | 0/10 [00:00<?, ?it/s] 10%|█         | 1/10 [00:02<00:18,  2.03s/it] 20%|██        | 2/10 [00:03<00:14,  1.86s/it] 30%|███       | 3/10 [00:05<00:12,  1.81s/it] 40%|████      | 4/10 [00:07<00:10,  1.82s/it] 50%|█████     | 5/10 [00:09<00:09,  1.80s/it] 60%|██████    | 6/10 [00:10<00:07,  1.78s/it] 70%|███████   | 7/10 [00:12<00:05,  1.80s/it] 80%|████████  | 8/10 [00:14<00:03,  1.79s/it] 90%|█████████ | 9/10 [00:16<00:01,  1.79s/it]100%|██████████| 10/10 [00:18<00:00,  1.79s/it]100%|██████████| 10/10 [00:18<00:00,  1.80s/it]
Evaluation results saved to /data/vaishak/combined-kv-quant/results/benchmarks/storyeval/storyeval_prq_int2_c800cfa2a981_10prompts_10s/metrics/drift_work/vbench_imaging_quality_100/results_2026-03-10-21:27:09_eval_results.json
done
[rank0]:[W310 21:27:29.901422386 ProcessGroupNCCL.cpp:1250] Warning: WARNING: process group has NOT been destroyed before we destruct ProcessGroupNCCL. On normal program exit, the application should call destroy_process_group to ensure that any pending NCCL operations have finished in this process. In rare cases this process can exit before this point and block the progress of another member of the process group. This constraint has always been present,  but this warning has only been added since PyTorch 2.4 (function operator())
[W310 21:27:39.148489180 CUDAAllocatorConfig.h:28] Warning: expandable_segments not supported on this platform (function operator())
[rank0]:[W310 21:27:40.389452111 ProcessGroupNCCL.cpp:4115] [PG ID 0 PG GUID 0 Rank 0]  using GPU 0 to perform barrier as devices used by this process are currently unknown. This can potentially cause a hang if this rank to GPU mapping is incorrect.Specify device_ids in barrier() to force use of a particular device,or call init_process_group() with a device_id.
/home/suraj/miniforge3/envs/qvg_sf_eval/lib/python3.10/site-packages/clip/clip.py:6: UserWarning: pkg_resources is deprecated as an API. See https://setuptools.pypa.io/en/latest/pkg_resources.html. The pkg_resources package is slated for removal as early as 2025-11-30. Refrain from using this package or pin to Setuptools<81.
  from pkg_resources import packaging
/home/suraj/miniforge3/envs/qvg_sf_eval/lib/python3.10/site-packages/timm/models/layers/__init__.py:48: FutureWarning: Importing from timm.models.layers is deprecated, please import via timm.layers
  warnings.warn(f"Importing from {__name__} is deprecated, please import via timm.layers", FutureWarning)
/home/suraj/miniforge3/envs/qvg_sf_eval/lib/python3.10/site-packages/pyiqa/archs/arch_util.py:118: FutureWarning: You are using `torch.load` with `weights_only=False` (the current default value), which uses the default pickle module implicitly. It is possible to construct malicious pickle data which will execute arbitrary code during unpickling (See https://github.com/pytorch/pytorch/blob/main/SECURITY.md#untrusted-models for more details). In a future release, the default value for `weights_only` will be flipped to `True`. This limits the functions that could be executed during unpickling. Arbitrary objects will no longer be allowed to be loaded via this mode unless they are explicitly allowlisted by the user via `torch.serialization.add_safe_globals`. We recommend you start setting `weights_only=True` for any use case where you don't have full control of the loaded file. Please open an issue on GitHub for any issues related to this experimental feature.
  state_dict = torch.load(model_path, map_location=torch.device("cpu"))
args: Namespace(output_path='/data/vaishak/combined-kv-quant/results/benchmarks/storyeval/storyeval_prq_int2_c800cfa2a981_10prompts_10s/metrics/drift_work/vbench_imaging_quality_150', full_json_dir='/data/vaishak/combined-kv-quant/third_party/VBench/vbench/VBench_full_info.json', videos_path='/data/vaishak/combined-kv-quant/results/benchmarks/storyeval/storyeval_prq_int2_c800cfa2a981_10prompts_10s/metrics/drift_work/clips_150', dimension=['imaging_quality'], load_ckpt_from_local=None, read_frame=None, mode='custom_input', prompt='None', prompt_file='/data/vaishak/combined-kv-quant/results/benchmarks/storyeval/storyeval_prq_int2_c800cfa2a981_10prompts_10s/metrics/drift_work/prompt_map_150.json', category=None, imaging_quality_preprocessing_mode='longer')
start evaluation
Evaluation meta data saved to /data/vaishak/combined-kv-quant/results/benchmarks/storyeval/storyeval_prq_int2_c800cfa2a981_10prompts_10s/metrics/drift_work/vbench_imaging_quality_150/results_2026-03-10-21:27:39_full_info.json
cur_full_info_path: /data/vaishak/combined-kv-quant/results/benchmarks/storyeval/storyeval_prq_int2_c800cfa2a981_10prompts_10s/metrics/drift_work/vbench_imaging_quality_150/results_2026-03-10-21:27:39_full_info.json
Loading pretrained model MUSIQ from /home/vaishak/.cache/vbench/pyiqa_model/musiq_spaq_ckpt-358bb6af.pth
  0%|          | 0/10 [00:00<?, ?it/s] 10%|█         | 1/10 [00:02<00:25,  2.87s/it] 20%|██        | 2/10 [00:05<00:21,  2.70s/it] 30%|███       | 3/10 [00:08<00:18,  2.67s/it] 40%|████      | 4/10 [00:10<00:15,  2.65s/it] 50%|█████     | 5/10 [00:13<00:13,  2.66s/it] 60%|██████    | 6/10 [00:15<00:10,  2.63s/it] 70%|███████   | 7/10 [00:18<00:07,  2.65s/it] 80%|████████  | 8/10 [00:21<00:05,  2.65s/it] 90%|█████████ | 9/10 [00:24<00:02,  2.67s/it]100%|██████████| 10/10 [00:26<00:00,  2.65s/it]100%|██████████| 10/10 [00:26<00:00,  2.66s/it]
Evaluation results saved to /data/vaishak/combined-kv-quant/results/benchmarks/storyeval/storyeval_prq_int2_c800cfa2a981_10prompts_10s/metrics/drift_work/vbench_imaging_quality_150/results_2026-03-10-21:27:39_eval_results.json
done
[rank0]:[W310 21:28:08.218244201 ProcessGroupNCCL.cpp:1250] Warning: WARNING: process group has NOT been destroyed before we destruct ProcessGroupNCCL. On normal program exit, the application should call destroy_process_group to ensure that any pending NCCL operations have finished in this process. In rare cases this process can exit before this point and block the progress of another member of the process group. This constraint has always been present,  but this warning has only been added since PyTorch 2.4 (function operator())
Wrote /data/vaishak/combined-kv-quant/results/benchmarks/storyeval/storyeval_prq_int2_c800cfa2a981_10prompts_10s/metrics/drift_imaging_quality.json
Wrote /data/vaishak/combined-kv-quant/results/benchmarks/storyeval/storyeval_prq_int2_c800cfa2a981_10prompts_10s/plots/drift_imaging_quality.png
Wrote /data/vaishak/combined-kv-quant/results/benchmarks/storyeval/storyeval_prq_int2_c800cfa2a981_10prompts_10s/summary/summary.json
Wrote /data/vaishak/combined-kv-quant/results/benchmarks/storyeval/storyeval_prq_int2_c800cfa2a981_10prompts_10s/summary/summary.csv
Skipping generation for PRQ_INT2: found 10 existing StoryEval videos.
$ /home/suraj/miniforge3/envs/qvg_sf_eval/bin/python /data/vaishak/combined-kv-quant/scripts/eval_storyeval_vbench.py --run_dir /data/vaishak/combined-kv-quant/results/benchmarks/storyeval/storyeval_prq_int2_c800cfa2a981_10prompts_10s --python_bin /home/suraj/miniforge3/envs/qvg_sf_eval/bin/python
$ /home/suraj/miniforge3/envs/qvg_sf_eval/bin/python /data/vaishak/combined-kv-quant/scripts/eval_storyeval_drift.py --run_dir /data/vaishak/combined-kv-quant/results/benchmarks/storyeval/storyeval_prq_int2_c800cfa2a981_10prompts_10s --python_bin /home/suraj/miniforge3/envs/qvg_sf_eval/bin/python
$ /home/vaishak/miniforge3/bin/python3 /data/vaishak/combined-kv-quant/scripts/summarize_storyeval.py --run_dir /data/vaishak/combined-kv-quant/results/benchmarks/storyeval/storyeval_prq_int2_c800cfa2a981_10prompts_10s
StoryEval backfill completed for PRQ_INT2 under /data/vaishak/combined-kv-quant/results/benchmarks/storyeval/storyeval_prq_int2_c800cfa2a981_10prompts_10s
{
  "benchmark": "storyeval",
  "method": "PRQ_INT2",
  "config_id": "c800cfa2a981",
  "run_id": "storyeval_prq_int2_c800cfa2a981_10prompts_10s",
  "created_utc": "2026-03-10T21:25:14.252855+00:00",
  "prompt_file": "/data/vaishak/combined-kv-quant/data/prompts/storyeval/all_prompts.txt",
  "num_prompts_selected": 10,
  "start_idx": 0,
  "end_idx": null,
  "max_prompts": 10,
  "seed": 0,
  "seeds_per_prompt": 1,
  "fps": 16,
  "duration_sec_requested": 10.0,
  "target_latent_frames": 42,
  "target_frames": 165,
  "effective_duration_sec": 10.3125,
  "resolution": [
    480,
    832
  ],
  "source_moviegen_run_root": "results/runs/backfill_prq_int2_c800cfa2a981_10s"
}
[1/8] storyeval_flowcache_native_7743d4e12ea8_10prompts_10s :: FLOWCACHE_NATIVE
$ python3 scripts/27_run_storyeval_backfill.py --run-root results/benchmarks/storyeval/storyeval_flowcache_native_7743d4e12ea8_10prompts_10s --run-name storyeval_flowcache_native_7743d4e12ea8_10prompts_10s --method FLOWCACHE_NATIVE --config-id 7743d4e12ea8 --source-moviegen-run-root results/runs/backfill_flowcache_native_7743d4e12ea8_10s --profile-flowcache --flowcache-profile-recent-ratio 0.25 --flowcache-profile-min-scale 0.7 --flowcache-profile-max-scale 1.3 --resume -- --device cuda:0 --use-ema --flowcache-native-rel-l1-thresh 1.5 --flowcache-native-warmup-steps 0
[2/8] storyeval_flowcache_native_soft_prune_int4_56d7f051182b_10prompts_10s :: FLOWCACHE_NATIVE_SOFT_PRUNE_INT4
$ python3 scripts/27_run_storyeval_backfill.py --run-root results/benchmarks/storyeval/storyeval_flowcache_native_soft_prune_int4_56d7f051182b_10prompts_10s --run-name storyeval_flowcache_native_soft_prune_int4_56d7f051182b_10prompts_10s --method FLOWCACHE_NATIVE_SOFT_PRUNE_INT4 --config-id 56d7f051182b --source-moviegen-run-root results/runs/backfill_flowcache_native_soft_prune_int4_56d7f051182b_10s --profile-flowcache --flowcache-profile-recent-ratio 0.25 --flowcache-profile-min-scale 0.7 --flowcache-profile-max-scale 1.3 --resume -- --device cuda:0 --use-ema --flowcache-recent-ratio 0.25 --flowcache-recent-bits 4 --flowcache-recent-method RTN --flowcache-old-method RTN --flowcache-min-layer-budget-scale 0.7 --flowcache-max-layer-budget-scale 1.3 --flowcache-important-old-ratio 0.1 --flowcache-importance-alpha 0.7 --flowcache-importance-beta 0.3 --flowcache-prune-retained-old-ratio 0.45 --flowcache-prune-refresh-gap-chunks 1 --flowcache-native-rel-l1-thresh 1.5 --flowcache-native-warmup-steps 0
[3/8] storyeval_flowcache_prune_int2_990b60e0bbd4_10prompts_10s :: FLOWCACHE_PRUNE_INT2
$ python3 scripts/27_run_storyeval_backfill.py --run-root results/benchmarks/storyeval/storyeval_flowcache_prune_int2_990b60e0bbd4_10prompts_10s --run-name storyeval_flowcache_prune_int2_990b60e0bbd4_10prompts_10s --method FLOWCACHE_PRUNE_INT2 --config-id 990b60e0bbd4 --source-moviegen-run-root results/runs/backfill_flowcache_prune_int2_990b60e0bbd4_10s --profile-flowcache --flowcache-profile-recent-ratio 0.25 --flowcache-profile-min-scale 0.7 --flowcache-profile-max-scale 1.3 --resume -- --device cuda:0 --use-ema --flowcache-recent-ratio 0.25 --flowcache-recent-bits 4 --flowcache-recent-method RTN --flowcache-old-method RTN --flowcache-min-layer-budget-scale 0.7 --flowcache-max-layer-budget-scale 1.3 --flowcache-important-old-ratio 0.1 --flowcache-importance-alpha 0.7 --flowcache-importance-beta 0.3 --flowcache-prune-retained-old-ratio 0.3 --flowcache-prune-refresh-gap-chunks 1
[4/8] storyeval_flowcache_prune_int2_f163dc4eb7a9_10prompts_10s :: FLOWCACHE_PRUNE_INT2
$ python3 scripts/27_run_storyeval_backfill.py --run-root results/benchmarks/storyeval/storyeval_flowcache_prune_int2_f163dc4eb7a9_10prompts_10s --run-name storyeval_flowcache_prune_int2_f163dc4eb7a9_10prompts_10s --method FLOWCACHE_PRUNE_INT2 --config-id f163dc4eb7a9 --source-moviegen-run-root results/runs/backfill_flowcache_prune_int2_f163dc4eb7a9_10s --profile-flowcache --flowcache-profile-recent-ratio 0.25 --flowcache-profile-min-scale 0.7 --flowcache-profile-max-scale 1.3 --resume -- --device cuda:0 --use-ema --flowcache-recent-ratio 0.25 --flowcache-recent-bits 4 --flowcache-recent-method RTN --flowcache-old-method RTN --flowcache-min-layer-budget-scale 0.7 --flowcache-max-layer-budget-scale 1.3 --flowcache-important-old-ratio 0.1 --flowcache-importance-alpha 0.7 --flowcache-importance-beta 0.3 --flowcache-prune-retained-old-ratio 0.45 --flowcache-prune-refresh-gap-chunks 1
[5/8] storyeval_flowcache_prune_int4_27bbc04277fe_10prompts_10s :: FLOWCACHE_PRUNE_INT4
$ python3 scripts/27_run_storyeval_backfill.py --run-root results/benchmarks/storyeval/storyeval_flowcache_prune_int4_27bbc04277fe_10prompts_10s --run-name storyeval_flowcache_prune_int4_27bbc04277fe_10prompts_10s --method FLOWCACHE_PRUNE_INT4 --config-id 27bbc04277fe --source-moviegen-run-root results/runs/backfill_flowcache_prune_int4_27bbc04277fe_10s --profile-flowcache --flowcache-profile-recent-ratio 0.25 --flowcache-profile-min-scale 0.7 --flowcache-profile-max-scale 1.3 --resume -- --device cuda:0 --use-ema --flowcache-recent-ratio 0.25 --flowcache-recent-bits 4 --flowcache-recent-method RTN --flowcache-old-method RTN --flowcache-min-layer-budget-scale 0.7 --flowcache-max-layer-budget-scale 1.3 --flowcache-important-old-ratio 0.1 --flowcache-importance-alpha 0.7 --flowcache-importance-beta 0.3 --flowcache-prune-retained-old-ratio 0.45 --flowcache-prune-refresh-gap-chunks 1
[6/8] storyeval_flowcache_soft_prune_int2_24b7f6c1cfbb_10prompts_10s :: FLOWCACHE_SOFT_PRUNE_INT2
$ python3 scripts/27_run_storyeval_backfill.py --run-root results/benchmarks/storyeval/storyeval_flowcache_soft_prune_int2_24b7f6c1cfbb_10prompts_10s --run-name storyeval_flowcache_soft_prune_int2_24b7f6c1cfbb_10prompts_10s --method FLOWCACHE_SOFT_PRUNE_INT2 --config-id 24b7f6c1cfbb --source-moviegen-run-root results/runs/backfill_flowcache_soft_prune_int2_24b7f6c1cfbb_10s --profile-flowcache --flowcache-profile-recent-ratio 0.25 --flowcache-profile-min-scale 0.7 --flowcache-profile-max-scale 1.3 --resume -- --device cuda:0 --use-ema --flowcache-recent-ratio 0.25 --flowcache-recent-bits 4 --flowcache-recent-method RTN --flowcache-old-method RTN --flowcache-min-layer-budget-scale 0.7 --flowcache-max-layer-budget-scale 1.3 --flowcache-important-old-ratio 0.1 --flowcache-importance-alpha 0.7 --flowcache-importance-beta 0.3 --flowcache-prune-retained-old-ratio 0.45 --flowcache-prune-refresh-gap-chunks 1
[7/8] storyeval_flowcache_soft_prune_int4_5f5a998802bd_10prompts_10s :: FLOWCACHE_SOFT_PRUNE_INT4
$ python3 scripts/27_run_storyeval_backfill.py --run-root results/benchmarks/storyeval/storyeval_flowcache_soft_prune_int4_5f5a998802bd_10prompts_10s --run-name storyeval_flowcache_soft_prune_int4_5f5a998802bd_10prompts_10s --method FLOWCACHE_SOFT_PRUNE_INT4 --config-id 5f5a998802bd --source-moviegen-run-root results/runs/backfill_flowcache_soft_prune_int4_5f5a998802bd_10s --profile-flowcache --flowcache-profile-recent-ratio 0.25 --flowcache-profile-min-scale 0.7 --flowcache-profile-max-scale 1.3 --resume -- --device cuda:0 --use-ema --flowcache-recent-ratio 0.25 --flowcache-recent-bits 4 --flowcache-recent-method RTN --flowcache-old-method RTN --flowcache-min-layer-budget-scale 0.7 --flowcache-max-layer-budget-scale 1.3 --flowcache-important-old-ratio 0.1 --flowcache-importance-alpha 0.7 --flowcache-importance-beta 0.3 --flowcache-prune-retained-old-ratio 0.45 --flowcache-prune-refresh-gap-chunks 1
[8/8] storyeval_prq_int2_c800cfa2a981_10prompts_10s :: PRQ_INT2
$ python3 scripts/27_run_storyeval_backfill.py --run-root results/benchmarks/storyeval/storyeval_prq_int2_c800cfa2a981_10prompts_10s --run-name storyeval_prq_int2_c800cfa2a981_10prompts_10s --method PRQ_INT2 --config-id c800cfa2a981 --source-moviegen-run-root results/runs/backfill_prq_int2_c800cfa2a981_10s --resume -- --device cuda:0 --use-ema --prq-residual-bits 4
StoryEval manifest completed: 8 run(s) processed.
