source_repo,results_root,benchmark,run_label,run_root,run_name,method,method_family,bits,cadence,recent_blocks,config_id,config_payload,experiment_type,quant_meta,prompt_count,video_count,generation_records,has_vram_trace,has_efficiency,has_fidelity,has_vbench,has_drift,has_summary_csv,decoded_frames,approx_duration_sec,is_ten_second,dashboard_overview_ready,dashboard_video_ready,dashboard_prompt_ready,dashboard_ready,long10_dashboard_ready,missing_requirements,psnr,ssim,lpips,background_consistency,imaging_quality,subject_consistency,aesthetic_quality,compression_ratio,total_runtime_s,peak_vram_bytes
combined,/data/vaishak/combined-kv-quant/results,moviegen,runs/backfill_age_tier_int2_9bbee19b8cfd_10s,/data/vaishak/combined-kv-quant/results/runs/backfill_age_tier_int2_9bbee19b8cfd_10s,backfill_age_tier_int2_9bbee19b8cfd_10s,AGE_TIER_INT2,AGE_TIER,2,,,9bbee19b8cfd,"{""benchmark"":""moviegen"",""bits"":2,""cache_policy"":{""cadence"":null,""recent_blocks"":null},""method"":""AGE_TIER_INT2"",""method_family"":""AGE_TIER"",""quant_meta"":{""age_tier_config_recent_ratio"":0.3,""age_tier_old_bits"":2.0,""age_tier_recent_bits"":4.0}}",combined_backfill,"{""age_tier_config_recent_ratio"": 0.3, ""age_tier_old_bits"": 2.0, ""age_tier_recent_bits"": 4.0}",10,10,10,True,True,True,True,False,True,165,10.3125,True,True,True,True,True,True,,15.181814155670157,0.45659412055661885,0.47035289847912887,0.8635956554878049,0.5780507068865226,0.7943759368687141,0.5102153599262238,4.414506364707783,1052.5084190447815,15437736960
combined,/data/vaishak/combined-kv-quant/results,moviegen,runs/backfill_age_tier_int2_e8623fd4255c_10s,/data/vaishak/combined-kv-quant/results/runs/backfill_age_tier_int2_e8623fd4255c_10s,backfill_age_tier_int2_e8623fd4255c_10s,AGE_TIER_INT2,AGE_TIER,2,,,e8623fd4255c,"{""benchmark"":""moviegen"",""bits"":2,""cache_policy"":{""cadence"":null,""recent_blocks"":null},""method"":""AGE_TIER_INT2"",""method_family"":""AGE_TIER"",""quant_meta"":{""age_tier_config_recent_ratio"":0.25,""age_tier_old_bits"":2.0,""age_tier_recent_bits"":4.0}}",combined_backfill,"{""age_tier_config_recent_ratio"": 0.25, ""age_tier_old_bits"": 2.0, ""age_tier_recent_bits"": 4.0}",10,10,10,True,True,True,True,False,True,165,10.3125,True,True,True,True,True,True,,15.11759755836103,0.4545111275945466,0.4723210892394524,0.8623932629096799,0.573553040082527,0.7922369511570873,0.50875144302845,4.539918681010538,1030.7772899977863,15437721600
vaishak,/data/vaishak/kv-quant-longhorizon/results,moviegen,runs/flowcache_adaptive_smoke_1772841690,/data/vaishak/kv-quant-longhorizon/results/runs/flowcache_adaptive_smoke_1772841690,flowcache_adaptive_smoke,AGE_TIER_INT2,AGE_TIER,2,,,e8623fd4255c,"{""benchmark"":""moviegen"",""bits"":2,""cache_policy"":{""cadence"":null,""recent_blocks"":null},""method"":""AGE_TIER_INT2"",""method_family"":""AGE_TIER"",""quant_meta"":{""age_tier_config_recent_ratio"":0.25,""age_tier_old_bits"":2.0,""age_tier_recent_bits"":4.0}}",flowcache_adaptive_experiment,"{""age_tier_config_recent_ratio"": 0.25, ""age_tier_old_bits"": 2.0, ""age_tier_recent_bits"": 4.0}",1,1,1,True,True,True,True,False,True,81,5.0625,False,True,True,True,True,False,,13.122394684994598,0.3141245298791386,0.5103217125927777,0.8990264892578125,0.5437167758706175,0.8404995478689671,0.6167604327201843,4.539918681010538,34.86509438697249,14034216960
vaishak,/data/vaishak/kv-quant-longhorizon/results,moviegen,runs/flowcache_hybrid_smoke_1772837498,/data/vaishak/kv-quant-longhorizon/results/runs/flowcache_hybrid_smoke_1772837498,flowcache_hybrid_smoke,AGE_TIER_INT2,AGE_TIER,2,,,e8623fd4255c,"{""benchmark"":""moviegen"",""bits"":2,""cache_policy"":{""cadence"":null,""recent_blocks"":null},""method"":""AGE_TIER_INT2"",""method_family"":""AGE_TIER"",""quant_meta"":{""age_tier_config_recent_ratio"":0.25,""age_tier_old_bits"":2.0,""age_tier_recent_bits"":4.0}}",flowcache_hybrid_experiment,"{""age_tier_config_recent_ratio"": 0.25, ""age_tier_old_bits"": 2.0, ""age_tier_recent_bits"": 4.0}",1,1,1,True,True,True,True,False,True,81,5.0625,False,True,True,True,True,False,,13.122394684994598,0.3141245298791386,0.5103217125927777,0.8990264892578125,0.5437167758706175,0.8404995478689671,0.6167604327201843,4.539918681010538,34.822910132817924,14034216960
vaishak,/data/vaishak/kv-quant-longhorizon/results,moviegen,runs/flowcache_prune_smoke_1772843810,/data/vaishak/kv-quant-longhorizon/results/runs/flowcache_prune_smoke_1772843810,flowcache_prune_smoke,AGE_TIER_INT2,AGE_TIER,2,,,e8623fd4255c,"{""benchmark"":""moviegen"",""bits"":2,""cache_policy"":{""cadence"":null,""recent_blocks"":null},""method"":""AGE_TIER_INT2"",""method_family"":""AGE_TIER"",""quant_meta"":{""age_tier_config_recent_ratio"":0.25,""age_tier_old_bits"":2.0,""age_tier_recent_bits"":4.0}}",flowcache_prune_experiment,"{""age_tier_config_recent_ratio"": 0.25, ""age_tier_old_bits"": 2.0, ""age_tier_recent_bits"": 4.0}",1,1,1,True,True,True,True,False,True,81,5.0625,False,True,True,True,True,False,,13.122394684994598,0.3141245298791386,0.5103217125927777,0.8990264892578125,0.5437167758706175,0.8404995478689671,0.6167604327201843,4.539918681010538,34.854562152177095,14034216960
vaishak,/data/vaishak/kv-quant-longhorizon/results,moviegen,runs/flowcache_soft_prune_smoke_1772845366,/data/vaishak/kv-quant-longhorizon/results/runs/flowcache_soft_prune_smoke_1772845366,flowcache_soft_prune_smoke,AGE_TIER_INT2,AGE_TIER,2,,,e8623fd4255c,"{""benchmark"":""moviegen"",""bits"":2,""cache_policy"":{""cadence"":null,""recent_blocks"":null},""method"":""AGE_TIER_INT2"",""method_family"":""AGE_TIER"",""quant_meta"":{""age_tier_config_recent_ratio"":0.25,""age_tier_old_bits"":2.0,""age_tier_recent_bits"":4.0}}",flowcache_soft_prune_experiment,"{""age_tier_config_recent_ratio"": 0.25, ""age_tier_old_bits"": 2.0, ""age_tier_recent_bits"": 4.0}",1,1,1,True,True,True,True,False,True,81,5.0625,False,True,True,True,True,False,,13.122394684994598,0.3141245298791386,0.5103217125927777,0.8990264892578125,0.5437167758706175,0.8404995478689671,0.6167604327201843,4.539918681010538,35.396964996121824,14034216960
vaishak,/data/vaishak/kv-quant-longhorizon/results,moviegen,runs/nonspatial_bundle_smoke_1772772966,/data/vaishak/kv-quant-longhorizon/results/runs/nonspatial_bundle_smoke_1772772966,nonspatial_bundle_smoke,AGE_TIER_INT2,AGE_TIER,2,,,9bbee19b8cfd,"{""benchmark"":""moviegen"",""bits"":2,""cache_policy"":{""cadence"":null,""recent_blocks"":null},""method"":""AGE_TIER_INT2"",""method_family"":""AGE_TIER"",""quant_meta"":{""age_tier_config_recent_ratio"":0.3,""age_tier_old_bits"":2.0,""age_tier_recent_bits"":4.0}}",nonspatial_bundle,"{""age_tier_config_recent_ratio"": 0.3, ""age_tier_old_bits"": 2.0, ""age_tier_recent_bits"": 4.0}",1,1,1,True,True,True,True,False,True,81,5.0625,False,True,True,True,True,False,,13.123132251326327,0.31453100619367585,0.5099548224566711,0.8997344970703125,0.5442786661783854,0.8412603080272675,0.614909827709198,4.412128175707348,34.752199264243245,14037365760
vaishak,/data/vaishak/kv-quant-longhorizon/results,moviegen,runs/tptq_ablation_smoke_1772779198,/data/vaishak/kv-quant-longhorizon/results/runs/tptq_ablation_smoke_1772779198,tptq_ablation_smoke,AGE_TIER_INT2,AGE_TIER,2,,,9bbee19b8cfd,"{""benchmark"":""moviegen"",""bits"":2,""cache_policy"":{""cadence"":null,""recent_blocks"":null},""method"":""AGE_TIER_INT2"",""method_family"":""AGE_TIER"",""quant_meta"":{""age_tier_config_recent_ratio"":0.3,""age_tier_old_bits"":2.0,""age_tier_recent_bits"":4.0}}",tptq_ablation,"{""age_tier_config_recent_ratio"": 0.3, ""age_tier_old_bits"": 2.0, ""age_tier_recent_bits"": 4.0}",1,1,1,True,True,False,False,False,False,81,5.0625,False,False,True,True,False,False,fidelity;vbench,,,,,,,,4.412128175707348,34.61002886109054,14037365760
vaishak,/data/vaishak/kv-quant-longhorizon/results,moviegen,runs/tptq_ablation_smoke_fix_1772779890,/data/vaishak/kv-quant-longhorizon/results/runs/tptq_ablation_smoke_fix_1772779890,tptq_ablation_smoke_fix,AGE_TIER_INT2,AGE_TIER,2,,,9bbee19b8cfd,"{""benchmark"":""moviegen"",""bits"":2,""cache_policy"":{""cadence"":null,""recent_blocks"":null},""method"":""AGE_TIER_INT2"",""method_family"":""AGE_TIER"",""quant_meta"":{""age_tier_config_recent_ratio"":0.3,""age_tier_old_bits"":2.0,""age_tier_recent_bits"":4.0}}",tptq_ablation,"{""age_tier_config_recent_ratio"": 0.3, ""age_tier_old_bits"": 2.0, ""age_tier_recent_bits"": 4.0}",1,1,1,True,True,True,True,False,True,81,5.0625,False,True,True,True,True,False,,13.123132251326327,0.31453100619367585,0.5099548224566711,0.8997344970703125,0.5442786661783854,0.8412603080272675,0.614909827709198,4.412128175707348,34.45624160533771,14037365760
vaishak,/data/vaishak/kv-quant-longhorizon/results,moviegen,runs/tptq_lite_ablation_r15_1772782617,/data/vaishak/kv-quant-longhorizon/results/runs/tptq_lite_ablation_r15_1772782617,tptq_lite_ablation_r15,AGE_TIER_INT2,AGE_TIER,2,,,9bbee19b8cfd,"{""benchmark"":""moviegen"",""bits"":2,""cache_policy"":{""cadence"":null,""recent_blocks"":null},""method"":""AGE_TIER_INT2"",""method_family"":""AGE_TIER"",""quant_meta"":{""age_tier_config_recent_ratio"":0.3,""age_tier_old_bits"":2.0,""age_tier_recent_bits"":4.0}}",tptq_ablation,"{""age_tier_config_recent_ratio"": 0.3, ""age_tier_old_bits"": 2.0, ""age_tier_recent_bits"": 4.0}",1,1,1,True,True,True,True,False,True,81,5.0625,False,True,True,True,True,False,,13.123132251326327,0.31453100619367585,0.5099548224566711,0.8997344970703125,0.5442786661783854,0.8412603080272675,0.614909827709198,4.412128175707348,34.6835730727762,14037365760
vaishak,/data/vaishak/kv-quant-longhorizon/results,moviegen,runs/tptq_lite_ablation_r20_1772781924,/data/vaishak/kv-quant-longhorizon/results/runs/tptq_lite_ablation_r20_1772781924,tptq_lite_ablation_r20,AGE_TIER_INT2,AGE_TIER,2,,,9bbee19b8cfd,"{""benchmark"":""moviegen"",""bits"":2,""cache_policy"":{""cadence"":null,""recent_blocks"":null},""method"":""AGE_TIER_INT2"",""method_family"":""AGE_TIER"",""quant_meta"":{""age_tier_config_recent_ratio"":0.3,""age_tier_old_bits"":2.0,""age_tier_recent_bits"":4.0}}",tptq_ablation,"{""age_tier_config_recent_ratio"": 0.3, ""age_tier_old_bits"": 2.0, ""age_tier_recent_bits"": 4.0}",1,1,1,True,True,True,True,False,True,81,5.0625,False,True,True,True,True,False,,13.123132251326327,0.31453100619367585,0.5099548224566711,0.8997344970703125,0.5442786661783854,0.8412603080272675,0.614909827709198,4.412128175707348,34.57271393761039,14037365760
vaishak,/data/vaishak/kv-quant-longhorizon/results,moviegen,runs/tptq_lite_ablation_r25_1772781228,/data/vaishak/kv-quant-longhorizon/results/runs/tptq_lite_ablation_r25_1772781228,tptq_lite_ablation_r25,AGE_TIER_INT2,AGE_TIER,2,,,9bbee19b8cfd,"{""benchmark"":""moviegen"",""bits"":2,""cache_policy"":{""cadence"":null,""recent_blocks"":null},""method"":""AGE_TIER_INT2"",""method_family"":""AGE_TIER"",""quant_meta"":{""age_tier_config_recent_ratio"":0.3,""age_tier_old_bits"":2.0,""age_tier_recent_bits"":4.0}}",tptq_ablation,"{""age_tier_config_recent_ratio"": 0.3, ""age_tier_old_bits"": 2.0, ""age_tier_recent_bits"": 4.0}",1,1,1,True,True,True,True,False,True,81,5.0625,False,True,True,True,True,False,,13.123132251326327,0.31453100619367585,0.5099548224566711,0.8997344970703125,0.5442786661783854,0.8412603080272675,0.614909827709198,4.412128175707348,34.54932384798303,14037365760
combined,/data/vaishak/combined-kv-quant/results,moviegen,runs/backfill_age_tier_int4_74dcf380574b_10s,/data/vaishak/combined-kv-quant/results/runs/backfill_age_tier_int4_74dcf380574b_10s,backfill_age_tier_int4_74dcf380574b_10s,AGE_TIER_INT4,AGE_TIER,4,,,74dcf380574b,"{""benchmark"":""moviegen"",""bits"":4,""cache_policy"":{""cadence"":null,""recent_blocks"":null},""method"":""AGE_TIER_INT4"",""method_family"":""AGE_TIER"",""quant_meta"":{""age_tier_config_recent_ratio"":0.3,""age_tier_old_bits"":4.0,""age_tier_recent_bits"":4.0}}",combined_backfill,"{""age_tier_config_recent_ratio"": 0.3, ""age_tier_old_bits"": 4.0, ""age_tier_recent_bits"": 4.0}",10,10,10,True,True,True,True,False,True,165,10.3125,True,True,True,True,True,True,,21.317575605923494,0.6879624177967927,0.18043286498981723,0.9453547780106707,0.7350712772716176,0.9404108505060033,0.646659004688263,3.1842960066066124,1038.5739578837529,15437736960
vaishak,/data/vaishak/kv-quant-longhorizon/results,moviegen,runs/nonspatial_bundle_smoke_1772772966,/data/vaishak/kv-quant-longhorizon/results/runs/nonspatial_bundle_smoke_1772772966,nonspatial_bundle_smoke,AGE_TIER_INT4,AGE_TIER,4,,,74dcf380574b,"{""benchmark"":""moviegen"",""bits"":4,""cache_policy"":{""cadence"":null,""recent_blocks"":null},""method"":""AGE_TIER_INT4"",""method_family"":""AGE_TIER"",""quant_meta"":{""age_tier_config_recent_ratio"":0.3,""age_tier_old_bits"":4.0,""age_tier_recent_bits"":4.0}}",nonspatial_bundle,"{""age_tier_config_recent_ratio"": 0.3, ""age_tier_old_bits"": 4.0, ""age_tier_recent_bits"": 4.0}",1,1,1,True,True,True,True,False,True,81,5.0625,False,True,True,True,True,False,,21.3231538936519,0.7019411885727985,0.1288394227474468,0.945574951171875,0.6365469360351562,0.9515392780303955,0.6546502709388733,3.182749178844063,34.90043920883909,14037365760
combined,/data/vaishak/combined-kv-quant/results,moviegen,runs/backfill_age_tier_int2_9bbee19b8cfd_10s,/data/vaishak/combined-kv-quant/results/runs/backfill_age_tier_int2_9bbee19b8cfd_10s,backfill_age_tier_int2_9bbee19b8cfd_10s,BF16,BF16,,,,9bbee19b8cfd,"{""benchmark"":""moviegen"",""bits"":null,""cache_policy"":{""cadence"":null,""recent_blocks"":null},""method"":""BF16"",""method_family"":""BF16"",""quant_meta"":{}}",combined_backfill,{},10,10,10,True,True,False,True,False,True,165,10.3125,True,True,True,True,True,True,,,,,0.9553621617759146,0.7390351243452593,0.9543555233354976,0.6649111092090607,1.0,591.4943986032158,20701900800
combined,/data/vaishak/combined-kv-quant/results,moviegen,runs/backfill_age_tier_int2_e8623fd4255c_10s,/data/vaishak/combined-kv-quant/results/runs/backfill_age_tier_int2_e8623fd4255c_10s,backfill_age_tier_int2_e8623fd4255c_10s,BF16,BF16,,,,e8623fd4255c,"{""benchmark"":""moviegen"",""bits"":null,""cache_policy"":{""cadence"":null,""recent_blocks"":null},""method"":""BF16"",""method_family"":""BF16"",""quant_meta"":{}}",combined_backfill,{},10,10,10,True,True,False,True,False,True,165,10.3125,True,True,True,True,True,True,,,,,0.9553621617759146,0.7390351243452593,0.9543555233354976,0.6649111092090607,1.0,591.4943986032158,20701900800
combined,/data/vaishak/combined-kv-quant/results,moviegen,runs/backfill_age_tier_int4_74dcf380574b_10s,/data/vaishak/combined-kv-quant/results/runs/backfill_age_tier_int4_74dcf380574b_10s,backfill_age_tier_int4_74dcf380574b_10s,BF16,BF16,,,,74dcf380574b,"{""benchmark"":""moviegen"",""bits"":null,""cache_policy"":{""cadence"":null,""recent_blocks"":null},""method"":""BF16"",""method_family"":""BF16"",""quant_meta"":{}}",combined_backfill,{},10,10,10,True,True,False,True,False,True,165,10.3125,True,True,True,True,True,True,,,,,0.9553621617759146,0.7390351243452593,0.9543555233354976,0.6649111092090607,1.0,591.4943986032158,20701900800
combined,/data/vaishak/combined-kv-quant/results,moviegen,runs/backfill_flowcache_adaptive_int2_1a41612d204d_10s,/data/vaishak/combined-kv-quant/results/runs/backfill_flowcache_adaptive_int2_1a41612d204d_10s,backfill_flowcache_adaptive_int2_1a41612d204d_10s,BF16,BF16,,,,1a41612d204d,"{""benchmark"":""moviegen"",""bits"":null,""cache_policy"":{""cadence"":null,""recent_blocks"":null},""method"":""BF16"",""method_family"":""BF16"",""quant_meta"":{}}",combined_backfill,{},10,10,10,True,True,False,True,False,True,165,10.3125,True,True,True,True,True,True,,,,,0.9553621617759146,0.7390351243452593,0.9543555233354976,0.6649111092090607,1.0,591.4943986032158,20701900800
combined,/data/vaishak/combined-kv-quant/results,moviegen,runs/backfill_flowcache_adaptive_int2_a154b903b16c_10s,/data/vaishak/combined-kv-quant/results/runs/backfill_flowcache_adaptive_int2_a154b903b16c_10s,backfill_flowcache_adaptive_int2_a154b903b16c_10s,BF16,BF16,,,,a154b903b16c,"{""benchmark"":""moviegen"",""bits"":null,""cache_policy"":{""cadence"":null,""recent_blocks"":null},""method"":""BF16"",""method_family"":""BF16"",""quant_meta"":{}}",combined_backfill,{},10,10,10,True,True,False,True,False,True,165,10.3125,True,True,True,True,True,True,,,,,0.9553621617759146,0.7390351243452593,0.9543555233354976,0.6649111092090607,1.0,591.4943986032158,20701900800
combined,/data/vaishak/combined-kv-quant/results,moviegen,runs/backfill_flowcache_hybrid_int2_973ebc836fd7_10s,/data/vaishak/combined-kv-quant/results/runs/backfill_flowcache_hybrid_int2_973ebc836fd7_10s,backfill_flowcache_hybrid_int2_973ebc836fd7_10s,BF16,BF16,,,,973ebc836fd7,"{""benchmark"":""moviegen"",""bits"":null,""cache_policy"":{""cadence"":null,""recent_blocks"":null},""method"":""BF16"",""method_family"":""BF16"",""quant_meta"":{}}",combined_backfill,{},10,10,10,True,True,False,True,False,True,165,10.3125,True,True,True,True,True,True,,,,,0.9553621617759146,0.7390351243452593,0.9543555233354976,0.6649111092090607,1.0,591.4943986032158,20701900800
combined,/data/vaishak/combined-kv-quant/results,moviegen,runs/backfill_flowcache_hybrid_int2_973ebc836fd7_10s,/data/vaishak/combined-kv-quant/results/runs/backfill_flowcache_hybrid_int2_973ebc836fd7_10s,backfill_flowcache_hybrid_int2_973ebc836fd7_10s,BF16,BF16,,,,9cf4621557e3,"{""benchmark"":""moviegen"",""bits"":null,""cache_policy"":{""cadence"":null,""recent_blocks"":null},""method"":""BF16"",""method_family"":""BF16"",""quant_meta"":{}}",combined_backfill,{},10,10,10,True,True,False,True,False,True,165,10.3125,True,True,True,True,True,True,,,,,0.9553621617759146,0.7390351243452593,0.9543555233354976,0.6649111092090607,1.0,591.4943986032158,20701900800
combined,/data/vaishak/combined-kv-quant/results,moviegen,runs/backfill_flowcache_hybrid_int2_bfbf5df8b757_10s,/data/vaishak/combined-kv-quant/results/runs/backfill_flowcache_hybrid_int2_bfbf5df8b757_10s,backfill_flowcache_hybrid_int2_bfbf5df8b757_10s,BF16,BF16,,,,bfbf5df8b757,"{""benchmark"":""moviegen"",""bits"":null,""cache_policy"":{""cadence"":null,""recent_blocks"":null},""method"":""BF16"",""method_family"":""BF16"",""quant_meta"":{}}",combined_backfill,{},10,10,10,True,True,False,True,False,True,165,10.3125,True,True,True,True,True,True,,,,,0.9553621617759146,0.7390351243452593,0.9543555233354976,0.6649111092090607,1.0,591.4943986032158,20701900800
combined,/data/vaishak/combined-kv-quant/results,moviegen,runs/backfill_flowcache_native_6f32ad98b6b8_10s,/data/vaishak/combined-kv-quant/results/runs/backfill_flowcache_native_6f32ad98b6b8_10s,backfill_flowcache_native_6f32ad98b6b8_10s,BF16,BF16,,,,6f32ad98b6b8,"{""benchmark"":""moviegen"",""bits"":null,""cache_policy"":{""cadence"":null,""recent_blocks"":null},""method"":""BF16"",""method_family"":""BF16"",""quant_meta"":{}}",combined_backfill,{},10,10,10,True,True,False,True,False,True,165,10.3125,True,True,True,True,True,True,,,,,0.9553621617759146,0.7390351243452593,0.9543555233354976,0.6649111092090607,1.0,591.4943986032158,20701900800
combined,/data/vaishak/combined-kv-quant/results,moviegen,runs/backfill_flowcache_native_7743d4e12ea8_10s,/data/vaishak/combined-kv-quant/results/runs/backfill_flowcache_native_7743d4e12ea8_10s,backfill_flowcache_native_7743d4e12ea8_10s,BF16,BF16,,,,7743d4e12ea8,"{""benchmark"":""moviegen"",""bits"":null,""cache_policy"":{""cadence"":null,""recent_blocks"":null},""method"":""BF16"",""method_family"":""BF16"",""quant_meta"":{}}",combined_backfill,{},10,10,10,True,True,False,True,False,True,165,10.3125,True,True,True,True,True,True,,,,,0.9553621617759146,0.7390351243452593,0.9543555233354976,0.6649111092090607,1.0,591.4943986032158,20701900800
combined,/data/vaishak/combined-kv-quant/results,moviegen,runs/backfill_flowcache_native_ac822d436745_10s,/data/vaishak/combined-kv-quant/results/runs/backfill_flowcache_native_ac822d436745_10s,backfill_flowcache_native_ac822d436745_10s,BF16,BF16,,,,ac822d436745,"{""benchmark"":""moviegen"",""bits"":null,""cache_policy"":{""cadence"":null,""recent_blocks"":null},""method"":""BF16"",""method_family"":""BF16"",""quant_meta"":{}}",combined_backfill,{},10,10,10,True,True,False,True,False,True,165,10.3125,True,True,True,True,True,True,,,,,0.9553621617759146,0.7390351243452593,0.9543555233354976,0.6649111092090607,1.0,591.4943986032158,20701900800
combined,/data/vaishak/combined-kv-quant/results,moviegen,runs/backfill_flowcache_native_soft_prune_int4_068de819e000_10s,/data/vaishak/combined-kv-quant/results/runs/backfill_flowcache_native_soft_prune_int4_068de819e000_10s,backfill_flowcache_native_soft_prune_int4_068de819e000_10s,BF16,BF16,,,,068de819e000,"{""benchmark"":""moviegen"",""bits"":null,""cache_policy"":{""cadence"":null,""recent_blocks"":null},""method"":""BF16"",""method_family"":""BF16"",""quant_meta"":{}}",combined_backfill,{},10,10,10,True,True,False,True,False,True,165,10.3125,True,True,True,True,True,True,,,,,0.9553621617759146,0.7390351243452593,0.9543555233354976,0.6649111092090607,1.0,591.4943986032158,20701900800
combined,/data/vaishak/combined-kv-quant/results,moviegen,runs/backfill_flowcache_native_soft_prune_int4_56d7f051182b_10s,/data/vaishak/combined-kv-quant/results/runs/backfill_flowcache_native_soft_prune_int4_56d7f051182b_10s,backfill_flowcache_native_soft_prune_int4_56d7f051182b_10s,BF16,BF16,,,,56d7f051182b,"{""benchmark"":""moviegen"",""bits"":null,""cache_policy"":{""cadence"":null,""recent_blocks"":null},""method"":""BF16"",""method_family"":""BF16"",""quant_meta"":{}}",combined_backfill,{},10,10,10,True,True,False,True,False,True,165,10.3125,True,True,True,True,True,True,,,,,0.9553621617759146,0.7390351243452593,0.9543555233354976,0.6649111092090607,1.0,591.4943986032158,20701900800
combined,/data/vaishak/combined-kv-quant/results,moviegen,runs/backfill_flowcache_prune_int2_990b60e0bbd4_10s,/data/vaishak/combined-kv-quant/results/runs/backfill_flowcache_prune_int2_990b60e0bbd4_10s,backfill_flowcache_prune_int2_990b60e0bbd4_10s,BF16,BF16,,,,990b60e0bbd4,"{""benchmark"":""moviegen"",""bits"":null,""cache_policy"":{""cadence"":null,""recent_blocks"":null},""method"":""BF16"",""method_family"":""BF16"",""quant_meta"":{}}",combined_backfill,{},10,10,10,True,True,False,True,False,True,165,10.3125,True,True,True,True,True,True,,,,,0.9553621617759146,0.7390351243452593,0.9543555233354976,0.6649111092090607,1.0,591.4943986032158,20701900800
combined,/data/vaishak/combined-kv-quant/results,moviegen,runs/backfill_flowcache_prune_int2_f163dc4eb7a9_10s,/data/vaishak/combined-kv-quant/results/runs/backfill_flowcache_prune_int2_f163dc4eb7a9_10s,backfill_flowcache_prune_int2_f163dc4eb7a9_10s,BF16,BF16,,,,f163dc4eb7a9,"{""benchmark"":""moviegen"",""bits"":null,""cache_policy"":{""cadence"":null,""recent_blocks"":null},""method"":""BF16"",""method_family"":""BF16"",""quant_meta"":{}}",combined_backfill,{},10,10,10,True,True,False,True,False,True,165,10.3125,True,True,True,True,True,True,,,,,0.9553621617759146,0.7390351243452593,0.9543555233354976,0.6649111092090607,1.0,591.4943986032158,20701900800
combined,/data/vaishak/combined-kv-quant/results,moviegen,runs/backfill_flowcache_prune_int4_27bbc04277fe_10s,/data/vaishak/combined-kv-quant/results/runs/backfill_flowcache_prune_int4_27bbc04277fe_10s,backfill_flowcache_prune_int4_27bbc04277fe_10s,BF16,BF16,,,,27bbc04277fe,"{""benchmark"":""moviegen"",""bits"":null,""cache_policy"":{""cadence"":null,""recent_blocks"":null},""method"":""BF16"",""method_family"":""BF16"",""quant_meta"":{}}",combined_backfill,{},10,10,10,True,True,False,True,False,True,165,10.3125,True,True,True,True,True,True,,,,,0.9553621617759146,0.7390351243452593,0.9543555233354976,0.6649111092090607,1.0,591.4943986032158,20701900800
combined,/data/vaishak/combined-kv-quant/results,moviegen,runs/backfill_flowcache_soft_prune_int2_24b7f6c1cfbb_10s,/data/vaishak/combined-kv-quant/results/runs/backfill_flowcache_soft_prune_int2_24b7f6c1cfbb_10s,backfill_flowcache_soft_prune_int2_24b7f6c1cfbb_10s,BF16,BF16,,,,24b7f6c1cfbb,"{""benchmark"":""moviegen"",""bits"":null,""cache_policy"":{""cadence"":null,""recent_blocks"":null},""method"":""BF16"",""method_family"":""BF16"",""quant_meta"":{}}",combined_backfill,{},10,10,10,True,True,False,True,False,True,165,10.3125,True,True,True,True,True,True,,,,,0.9553621617759146,0.7390351243452593,0.9543555233354976,0.6649111092090607,1.0,591.4943986032158,20701900800
combined,/data/vaishak/combined-kv-quant/results,moviegen,runs/backfill_flowcache_soft_prune_int4_5f5a998802bd_10s,/data/vaishak/combined-kv-quant/results/runs/backfill_flowcache_soft_prune_int4_5f5a998802bd_10s,backfill_flowcache_soft_prune_int4_5f5a998802bd_10s,BF16,BF16,,,,5f5a998802bd,"{""benchmark"":""moviegen"",""bits"":null,""cache_policy"":{""cadence"":null,""recent_blocks"":null},""method"":""BF16"",""method_family"":""BF16"",""quant_meta"":{}}",combined_backfill,{},10,10,10,True,True,False,True,False,True,165,10.3125,True,True,True,True,True,True,,,,,0.9553621617759146,0.7390351243452593,0.9543555233354976,0.6649111092090607,1.0,591.4943986032158,20701900800
combined,/data/vaishak/combined-kv-quant/results,moviegen,runs/backfill_prq_int2_c800cfa2a981_10s,/data/vaishak/combined-kv-quant/results/runs/backfill_prq_int2_c800cfa2a981_10s,backfill_prq_int2_c800cfa2a981_10s,BF16,BF16,,,,c800cfa2a981,"{""benchmark"":""moviegen"",""bits"":null,""cache_policy"":{""cadence"":null,""recent_blocks"":null},""method"":""BF16"",""method_family"":""BF16"",""quant_meta"":{}}",combined_backfill,{},10,10,10,True,True,False,True,False,True,165,10.3125,True,True,True,True,True,True,,,,,0.9553621617759146,0.7390351243452593,0.9543555233354976,0.6649111092090607,1.0,591.4943986032158,20701900800
combined,/data/vaishak/combined-kv-quant/results,moviegen,runs/backfill_prq_int4_23a612bd2862_10s,/data/vaishak/combined-kv-quant/results/runs/backfill_prq_int4_23a612bd2862_10s,backfill_prq_int4_23a612bd2862_10s,BF16,BF16,,,,23a612bd2862,"{""benchmark"":""moviegen"",""bits"":null,""cache_policy"":{""cadence"":null,""recent_blocks"":null},""method"":""BF16"",""method_family"":""BF16"",""quant_meta"":{}}",combined_backfill,{},10,10,10,True,True,False,True,False,True,165,10.3125,True,True,True,True,True,True,,,,,0.9553621617759146,0.7390351243452593,0.9543555233354976,0.6649111092090607,1.0,591.4943986032158,20701900800
combined,/data/vaishak/combined-kv-quant/results,moviegen,runs/backfill_qaq_int2_dcc080e7d18f_10s,/data/vaishak/combined-kv-quant/results/runs/backfill_qaq_int2_dcc080e7d18f_10s,backfill_qaq_int2_dcc080e7d18f_10s,BF16,BF16,,,,dcc080e7d18f,"{""benchmark"":""moviegen"",""bits"":null,""cache_policy"":{""cadence"":null,""recent_blocks"":null},""method"":""BF16"",""method_family"":""BF16"",""quant_meta"":{}}",combined_backfill,{},10,10,10,True,True,False,True,False,True,165,10.3125,True,True,True,True,True,True,,,,,0.9553621617759146,0.7390351243452593,0.9543555233354976,0.6649111092090607,1.0,591.4943986032158,20701900800
combined,/data/vaishak/combined-kv-quant/results,moviegen,runs/backfill_qaq_int4_aa6e42af3d16_10s,/data/vaishak/combined-kv-quant/results/runs/backfill_qaq_int4_aa6e42af3d16_10s,backfill_qaq_int4_aa6e42af3d16_10s,BF16,BF16,,,,aa6e42af3d16,"{""benchmark"":""moviegen"",""bits"":null,""cache_policy"":{""cadence"":null,""recent_blocks"":null},""method"":""BF16"",""method_family"":""BF16"",""quant_meta"":{}}",combined_backfill,{},10,10,10,True,True,False,True,False,True,165,10.3125,True,True,True,True,True,True,,,,,0.9553621617759146,0.7390351243452593,0.9543555233354976,0.6649111092090607,1.0,591.4943986032158,20701900800
combined,/data/vaishak/combined-kv-quant/results,moviegen,runs/backfill_spatial_mixed_fg_kivi_int4_bg_kivi_int2_3d327a450ca5_10s,/data/vaishak/combined-kv-quant/results/runs/backfill_spatial_mixed_fg_kivi_int4_bg_kivi_int2_3d327a450ca5_10s,backfill_spatial_mixed_fg_kivi_int4_bg_kivi_int2_3d327a450ca5_10s,BF16,BF16,,,,3d327a450ca5,"{""benchmark"":""moviegen"",""bits"":null,""cache_policy"":{""cadence"":null,""recent_blocks"":null},""method"":""BF16"",""method_family"":""BF16"",""quant_meta"":{}}",combined_backfill,{},10,10,10,True,True,False,True,False,True,165,10.3125,True,True,True,True,True,True,,,,,0.9553621617759146,0.7390351243452593,0.9543555233354976,0.6649111092090607,1.0,591.4943986032158,20701900800
combined,/data/vaishak/combined-kv-quant/results,moviegen,runs/backfill_spatial_mixed_fg_quarot_kv_int4_bg_rtn_int2_af0e1883d58d_10s,/data/vaishak/combined-kv-quant/results/runs/backfill_spatial_mixed_fg_quarot_kv_int4_bg_rtn_int2_af0e1883d58d_10s,backfill_spatial_mixed_fg_quarot_kv_int4_bg_rtn_int2_af0e1883d58d_10s,BF16,BF16,,,,af0e1883d58d,"{""benchmark"":""moviegen"",""bits"":null,""cache_policy"":{""cadence"":null,""recent_blocks"":null},""method"":""BF16"",""method_family"":""BF16"",""quant_meta"":{}}",combined_backfill,{},10,10,10,True,True,False,True,False,True,165,10.3125,True,True,True,True,True,True,,,,,0.9553621617759146,0.7390351243452593,0.9543555233354976,0.6649111092090607,1.0,591.4943986032158,20701900800
combined,/data/vaishak/combined-kv-quant/results,moviegen,runs/backfill_spatial_mixed_fg_rtn_int4_bg_rtn_int2_1f080d8dcc0e_10s,/data/vaishak/combined-kv-quant/results/runs/backfill_spatial_mixed_fg_rtn_int4_bg_rtn_int2_1f080d8dcc0e_10s,backfill_spatial_mixed_fg_rtn_int4_bg_rtn_int2_1f080d8dcc0e_10s,BF16,BF16,,,,1f080d8dcc0e,"{""benchmark"":""moviegen"",""bits"":null,""cache_policy"":{""cadence"":null,""recent_blocks"":null},""method"":""BF16"",""method_family"":""BF16"",""quant_meta"":{}}",combined_backfill,{},10,10,10,True,True,False,True,False,True,165,10.3125,True,True,True,True,True,True,,,,,0.9553621617759146,0.7390351243452593,0.9543555233354976,0.6649111092090607,1.0,591.4943986032158,20701900800
combined,/data/vaishak/combined-kv-quant/results,moviegen,runs/backfill_spatial_mixed_fg_rtn_int4_bg_rtn_int2_1f080d8dcc0e_10s,/data/vaishak/combined-kv-quant/results/runs/backfill_spatial_mixed_fg_rtn_int4_bg_rtn_int2_1f080d8dcc0e_10s,backfill_spatial_mixed_fg_rtn_int4_bg_rtn_int2_1f080d8dcc0e_10s,BF16,BF16,,,,c64825ec3ea8,"{""benchmark"":""moviegen"",""bits"":null,""cache_policy"":{""cadence"":null,""recent_blocks"":null},""method"":""BF16"",""method_family"":""BF16"",""quant_meta"":{}}",combined_backfill,{},10,10,10,True,True,False,True,False,True,165,10.3125,True,True,True,True,True,True,,,,,0.9553621617759146,0.7390351243452593,0.9543555233354976,0.6649111092090607,1.0,591.4943986032158,20701900800
combined,/data/vaishak/combined-kv-quant/results,moviegen,runs/backfill_spatial_mixed_fg_rtn_int4_bg_rtn_int2_bae80e29fbb6_10s,/data/vaishak/combined-kv-quant/results/runs/backfill_spatial_mixed_fg_rtn_int4_bg_rtn_int2_bae80e29fbb6_10s,backfill_spatial_mixed_fg_rtn_int4_bg_rtn_int2_bae80e29fbb6_10s,BF16,BF16,,,,bae80e29fbb6,"{""benchmark"":""moviegen"",""bits"":null,""cache_policy"":{""cadence"":null,""recent_blocks"":null},""method"":""BF16"",""method_family"":""BF16"",""quant_meta"":{}}",combined_backfill,{},10,10,10,True,True,False,True,False,True,165,10.3125,True,True,True,True,True,True,,,,,0.9553621617759146,0.7390351243452593,0.9543555233354976,0.6649111092090607,1.0,591.4943986032158,20701900800
combined,/data/vaishak/combined-kv-quant/results,moviegen,runs/backfill_spatial_mixed_fg_rtn_int4_bg_rtn_int4_04d60f52e048_10s,/data/vaishak/combined-kv-quant/results/runs/backfill_spatial_mixed_fg_rtn_int4_bg_rtn_int4_04d60f52e048_10s,backfill_spatial_mixed_fg_rtn_int4_bg_rtn_int4_04d60f52e048_10s,BF16,BF16,,,,04d60f52e048,"{""benchmark"":""moviegen"",""bits"":null,""cache_policy"":{""cadence"":null,""recent_blocks"":null},""method"":""BF16"",""method_family"":""BF16"",""quant_meta"":{}}",combined_backfill,{},10,10,10,True,True,False,True,False,True,165,10.3125,True,True,True,True,True,True,,,,,0.9553621617759146,0.7390351243452593,0.9543555233354976,0.6649111092090607,1.0,591.4943986032158,20701900800
combined,/data/vaishak/combined-kv-quant/results,moviegen,runs/backfill_spatial_mixed_fg_rtn_int4_bg_rtn_int4_580e67e08d8e_10s,/data/vaishak/combined-kv-quant/results/runs/backfill_spatial_mixed_fg_rtn_int4_bg_rtn_int4_580e67e08d8e_10s,backfill_spatial_mixed_fg_rtn_int4_bg_rtn_int4_580e67e08d8e_10s,BF16,BF16,,,,580e67e08d8e,"{""benchmark"":""moviegen"",""bits"":null,""cache_policy"":{""cadence"":null,""recent_blocks"":null},""method"":""BF16"",""method_family"":""BF16"",""quant_meta"":{}}",combined_backfill,{},10,10,10,True,True,False,True,False,True,165,10.3125,True,True,True,True,True,True,,,,,0.9553621617759146,0.7390351243452593,0.9543555233354976,0.6649111092090607,1.0,591.4943986032158,20701900800
combined,/data/vaishak/combined-kv-quant/results,moviegen,runs/backfill_tptq_int2_089f989f38f6_10s,/data/vaishak/combined-kv-quant/results/runs/backfill_tptq_int2_089f989f38f6_10s,backfill_tptq_int2_089f989f38f6_10s,BF16,BF16,,,,089f989f38f6,"{""benchmark"":""moviegen"",""bits"":null,""cache_policy"":{""cadence"":null,""recent_blocks"":null},""method"":""BF16"",""method_family"":""BF16"",""quant_meta"":{}}",combined_backfill,{},10,10,10,True,True,False,True,False,True,165,10.3125,True,True,True,True,True,True,,,,,0.9553621617759146,0.7390351243452593,0.9543555233354976,0.6649111092090607,1.0,591.4943986032158,20701900800
combined,/data/vaishak/combined-kv-quant/results,moviegen,runs/backfill_tptq_int2_2babecc6bab8_10s,/data/vaishak/combined-kv-quant/results/runs/backfill_tptq_int2_2babecc6bab8_10s,backfill_tptq_int2_2babecc6bab8_10s,BF16,BF16,,,,2babecc6bab8,"{""benchmark"":""moviegen"",""bits"":null,""cache_policy"":{""cadence"":null,""recent_blocks"":null},""method"":""BF16"",""method_family"":""BF16"",""quant_meta"":{}}",combined_backfill,{},10,10,10,True,True,False,True,False,True,165,10.3125,True,True,True,True,True,True,,,,,0.9553621617759146,0.7390351243452593,0.9543555233354976,0.6649111092090607,1.0,591.4943986032158,20701900800
combined,/data/vaishak/combined-kv-quant/results,moviegen,runs/backfill_tptq_int2_351b43b37ce8_10s,/data/vaishak/combined-kv-quant/results/runs/backfill_tptq_int2_351b43b37ce8_10s,backfill_tptq_int2_351b43b37ce8_10s,BF16,BF16,,,,351b43b37ce8,"{""benchmark"":""moviegen"",""bits"":null,""cache_policy"":{""cadence"":null,""recent_blocks"":null},""method"":""BF16"",""method_family"":""BF16"",""quant_meta"":{}}",combined_backfill,{},10,10,10,True,True,False,True,False,True,165,10.3125,True,True,True,True,True,True,,,,,0.9553621617759146,0.7390351243452593,0.9543555233354976,0.6649111092090607,1.0,591.4943986032158,20701900800
combined,/data/vaishak/combined-kv-quant/results,moviegen,runs/backfill_tptq_int2_44c4da374609_10s,/data/vaishak/combined-kv-quant/results/runs/backfill_tptq_int2_44c4da374609_10s,backfill_tptq_int2_44c4da374609_10s,BF16,BF16,,,,44c4da374609,"{""benchmark"":""moviegen"",""bits"":null,""cache_policy"":{""cadence"":null,""recent_blocks"":null},""method"":""BF16"",""method_family"":""BF16"",""quant_meta"":{}}",combined_backfill,{},10,10,10,True,True,False,True,False,True,165,10.3125,True,True,True,True,True,True,,,,,0.9553621617759146,0.7390351243452593,0.9543555233354976,0.6649111092090607,1.0,591.4943986032158,20701900800
combined,/data/vaishak/combined-kv-quant/results,moviegen,runs/backfill_tptq_int2_d94a86f7481e_10s,/data/vaishak/combined-kv-quant/results/runs/backfill_tptq_int2_d94a86f7481e_10s,backfill_tptq_int2_d94a86f7481e_10s,BF16,BF16,,,,d94a86f7481e,"{""benchmark"":""moviegen"",""bits"":null,""cache_policy"":{""cadence"":null,""recent_blocks"":null},""method"":""BF16"",""method_family"":""BF16"",""quant_meta"":{}}",combined_backfill,{},10,10,10,True,True,False,True,False,True,165,10.3125,True,True,True,True,True,True,,,,,0.9553621617759146,0.7390351243452593,0.9543555233354976,0.6649111092090607,1.0,591.4943986032158,20701900800
suraj,/data/suraj/kv-quant-longhorizon/results,moviegen,legacy_root,/data/suraj/kv-quant-longhorizon/results,results,BF16,BF16,,,,0db1312571c7,"{""benchmark"":""moviegen"",""bits"":null,""cache_policy"":{""cadence"":null,""recent_blocks"":null},""method"":""BF16"",""method_family"":""BF16"",""quant_meta"":{}}",,{},10,10,10,False,True,False,True,False,True,81,5.0625,False,True,True,False,True,False,vram_trace,,,,0.9661050415039063,0.7314438996020658,0.9715937757119536,0.6529487371444702,1.0,279.7086550653912,14038778880
suraj,/data/suraj/kv-quant-longhorizon/results,moviegen,runs/1772742389_baseline10_memfix_clean,/data/suraj/kv-quant-longhorizon/results/runs/1772742389_baseline10_memfix_clean,baseline10_memfix_clean,BF16,BF16,,,,0db1312571c7,"{""benchmark"":""moviegen"",""bits"":null,""cache_policy"":{""cadence"":null,""recent_blocks"":null},""method"":""BF16"",""method_family"":""BF16"",""quant_meta"":{}}",,{},10,10,10,False,True,False,True,False,True,81,5.0625,False,True,True,False,True,False,vram_trace,,,,0.9661050415039063,0.7314438996020658,0.9715937757119536,0.6529487371444702,1.0,274.17263127164915,14038778880
suraj,/data/suraj/kv-quant-longhorizon/results,moviegen,runs/1772751420_baseline10s_10prompts_v3,/data/suraj/kv-quant-longhorizon/results/runs/1772751420_baseline10s_10prompts_v3,baseline10s_10prompts_v3,BF16,BF16,,,,0db1312571c7,"{""benchmark"":""moviegen"",""bits"":null,""cache_policy"":{""cadence"":null,""recent_blocks"":null},""method"":""BF16"",""method_family"":""BF16"",""quant_meta"":{}}",,{},10,10,10,True,True,False,True,False,True,165,10.3125,True,True,True,True,True,True,,,,,0.9553621617759146,0.7390351243452593,0.9543555233354976,0.6649111092090607,1.0,591.4943986032158,20701900800
suraj,/data/suraj/kv-quant-longhorizon/results,moviegen,runs/1773037963_newideas10s_10prompts,/data/suraj/kv-quant-longhorizon/results/runs/1773037963_newideas10s_10prompts,1773037963_newideas10s_10prompts,BF16,BF16,,,,0db1312571c7,"{""benchmark"":""moviegen"",""bits"":null,""cache_policy"":{""cadence"":null,""recent_blocks"":null},""method"":""BF16"",""method_family"":""BF16"",""quant_meta"":{}}",,{},1,1,1,True,False,False,False,False,False,165,10.3125,True,False,True,True,False,False,efficiency;vbench,,,,,,,,,,
vaishak,/data/vaishak/kv-quant-longhorizon/results,moviegen,legacy_root,/data/vaishak/kv-quant-longhorizon/results,results,BF16,BF16,,,,0db1312571c7,"{""benchmark"":""moviegen"",""bits"":null,""cache_policy"":{""cadence"":null,""recent_blocks"":null},""method"":""BF16"",""method_family"":""BF16"",""quant_meta"":{}}",,{},10,10,10,False,True,False,True,False,True,81,5.0625,False,True,True,False,True,False,vram_trace,,,,0.9661050415039063,0.7314438996020658,0.9715937757119536,0.6529487371444702,1.0,279.7086550653912,14038778880
vaishak,/data/vaishak/kv-quant-longhorizon/results,moviegen,runs/1772742389_baseline10_memfix_clean,/data/vaishak/kv-quant-longhorizon/results/runs/1772742389_baseline10_memfix_clean,baseline10_memfix_clean,BF16,BF16,,,,0db1312571c7,"{""benchmark"":""moviegen"",""bits"":null,""cache_policy"":{""cadence"":null,""recent_blocks"":null},""method"":""BF16"",""method_family"":""BF16"",""quant_meta"":{}}",,{},10,10,10,False,True,False,True,False,True,81,5.0625,False,True,True,False,True,False,vram_trace,,,,0.9661050415039063,0.7314438996020658,0.9715937757119536,0.6529487371444702,1.0,274.17263127164915,14038778880
vaishak,/data/vaishak/kv-quant-longhorizon/results,moviegen,runs/1772751420_baseline10s_10prompts_v3,/data/vaishak/kv-quant-longhorizon/results/runs/1772751420_baseline10s_10prompts_v3,baseline10s_10prompts_v3,BF16,BF16,,,,0db1312571c7,"{""benchmark"":""moviegen"",""bits"":null,""cache_policy"":{""cadence"":null,""recent_blocks"":null},""method"":""BF16"",""method_family"":""BF16"",""quant_meta"":{}}",,{},10,10,10,True,True,False,True,False,False,165,10.3125,True,True,True,True,True,True,,,,,0.9553621617759146,0.7390351243452593,0.9543555233354976,0.6649111092090607,1.0,591.4943986032158,20701900800
vaishak,/data/vaishak/kv-quant-longhorizon/results,moviegen,runs/flowcache_adaptive_smoke_1772841690,/data/vaishak/kv-quant-longhorizon/results/runs/flowcache_adaptive_smoke_1772841690,flowcache_adaptive_smoke,BF16,BF16,,,,0db1312571c7,"{""benchmark"":""moviegen"",""bits"":null,""cache_policy"":{""cadence"":null,""recent_blocks"":null},""method"":""BF16"",""method_family"":""BF16"",""quant_meta"":{}}",flowcache_adaptive_experiment,{},1,1,1,True,True,False,True,False,True,81,5.0625,False,True,True,True,True,False,,,,,0.953179931640625,0.6272632970927674,0.9579221077263356,0.6448866128921509,1.0,23.8917249860242,13646407680
vaishak,/data/vaishak/kv-quant-longhorizon/results,moviegen,runs/flowcache_hybrid_smoke_1772837498,/data/vaishak/kv-quant-longhorizon/results/runs/flowcache_hybrid_smoke_1772837498,flowcache_hybrid_smoke,BF16,BF16,,,,0db1312571c7,"{""benchmark"":""moviegen"",""bits"":null,""cache_policy"":{""cadence"":null,""recent_blocks"":null},""method"":""BF16"",""method_family"":""BF16"",""quant_meta"":{}}",flowcache_hybrid_experiment,{},1,1,1,True,True,False,True,False,True,81,5.0625,False,True,True,True,True,False,,,,,0.953179931640625,0.6272632970927674,0.9579221077263356,0.6448866128921509,1.0,23.717974910978228,13646407680
vaishak,/data/vaishak/kv-quant-longhorizon/results,moviegen,runs/flowcache_native_smoke_1772867470,/data/vaishak/kv-quant-longhorizon/results/runs/flowcache_native_smoke_1772867470,flowcache_native_smoke,BF16,BF16,,,,0db1312571c7,"{""benchmark"":""moviegen"",""bits"":null,""cache_policy"":{""cadence"":null,""recent_blocks"":null},""method"":""BF16"",""method_family"":""BF16"",""quant_meta"":{}}",flowcache_native_experiment,{},1,1,1,True,True,False,True,False,False,81,5.0625,False,True,True,True,True,False,,,,,0.953179931640625,0.6272632970927674,0.9579221077263356,0.6448866128921509,1.0,23.919544015079737,13646407680
vaishak,/data/vaishak/kv-quant-longhorizon/results,moviegen,runs/flowcache_native_smoke_v2_1772868427,/data/vaishak/kv-quant-longhorizon/results/runs/flowcache_native_smoke_v2_1772868427,flowcache_native_smoke_v2,BF16,BF16,,,,0db1312571c7,"{""benchmark"":""moviegen"",""bits"":null,""cache_policy"":{""cadence"":null,""recent_blocks"":null},""method"":""BF16"",""method_family"":""BF16"",""quant_meta"":{}}",flowcache_native_experiment,{},1,1,1,True,True,False,True,False,True,81,5.0625,False,True,True,True,True,False,,,,,0.953179931640625,0.6272632970927674,0.9579221077263356,0.6448866128921509,1.0,23.851648227777332,13646407680
vaishak,/data/vaishak/kv-quant-longhorizon/results,moviegen,runs/flowcache_prune_smoke_1772843810,/data/vaishak/kv-quant-longhorizon/results/runs/flowcache_prune_smoke_1772843810,flowcache_prune_smoke,BF16,BF16,,,,0db1312571c7,"{""benchmark"":""moviegen"",""bits"":null,""cache_policy"":{""cadence"":null,""recent_blocks"":null},""method"":""BF16"",""method_family"":""BF16"",""quant_meta"":{}}",flowcache_prune_experiment,{},1,1,1,True,True,False,True,False,True,81,5.0625,False,True,True,True,True,False,,,,,0.953179931640625,0.6272632970927674,0.9579221077263356,0.6448866128921509,1.0,23.861891973763704,13646407680
vaishak,/data/vaishak/kv-quant-longhorizon/results,moviegen,runs/flowcache_soft_prune_int4_multiprompt_1772851813,/data/vaishak/kv-quant-longhorizon/results/runs/flowcache_soft_prune_int4_multiprompt_1772851813,flowcache_soft_prune_int4_multiprompt,BF16,BF16,,,,0db1312571c7,"{""benchmark"":""moviegen"",""bits"":null,""cache_policy"":{""cadence"":null,""recent_blocks"":null},""method"":""BF16"",""method_family"":""BF16"",""quant_meta"":{}}",flowcache_soft_prune_experiment,{},5,5,5,True,True,False,True,False,True,81,5.0625,False,True,True,True,True,False,,,,,0.9604766845703125,0.7212234861585829,0.9635790164023638,0.6734094858169556,1.0,130.66562015516683,14038778880
vaishak,/data/vaishak/kv-quant-longhorizon/results,moviegen,runs/flowcache_soft_prune_smoke_1772845366,/data/vaishak/kv-quant-longhorizon/results/runs/flowcache_soft_prune_smoke_1772845366,flowcache_soft_prune_smoke,BF16,BF16,,,,0db1312571c7,"{""benchmark"":""moviegen"",""bits"":null,""cache_policy"":{""cadence"":null,""recent_blocks"":null},""method"":""BF16"",""method_family"":""BF16"",""quant_meta"":{}}",flowcache_soft_prune_experiment,{},1,1,1,True,True,False,True,False,True,81,5.0625,False,True,True,True,True,False,,,,,0.953179931640625,0.6272632970927674,0.9579221077263356,0.6448866128921509,1.0,23.82508873101324,13646407680
vaishak,/data/vaishak/kv-quant-longhorizon/results,moviegen,runs/kivi_spatial_smoke_1772765534,/data/vaishak/kv-quant-longhorizon/results/runs/kivi_spatial_smoke_1772765534,kivi_spatial_smoke,BF16,BF16,,,,0db1312571c7,"{""benchmark"":""moviegen"",""bits"":null,""cache_policy"":{""cadence"":null,""recent_blocks"":null},""method"":""BF16"",""method_family"":""BF16"",""quant_meta"":{}}",kivi_spatial_single,{},1,1,1,True,True,False,True,False,True,81,5.0625,False,True,True,True,True,False,,,,,0.953179931640625,0.6272632970927674,0.9579221077263356,0.6448866128921509,1.0,23.72172954492271,13646407680
vaishak,/data/vaishak/kv-quant-longhorizon/results,moviegen,runs/nonspatial_bundle_smoke_1772772966,/data/vaishak/kv-quant-longhorizon/results/runs/nonspatial_bundle_smoke_1772772966,nonspatial_bundle_smoke,BF16,BF16,,,,0db1312571c7,"{""benchmark"":""moviegen"",""bits"":null,""cache_policy"":{""cadence"":null,""recent_blocks"":null},""method"":""BF16"",""method_family"":""BF16"",""quant_meta"":{}}",nonspatial_bundle,{},1,1,1,True,True,False,True,False,True,81,5.0625,False,True,True,True,True,False,,,,,0.953179931640625,0.6272632970927674,0.9579221077263356,0.6448866128921509,1.0,23.952701789326966,13646407680
vaishak,/data/vaishak/kv-quant-longhorizon/results,moviegen,runs/spatial_mixed_iter2_smoke_1772761400,/data/vaishak/kv-quant-longhorizon/results/runs/spatial_mixed_iter2_smoke_1772761400,spatial_mixed_iter2_smoke,BF16,BF16,,,,0db1312571c7,"{""benchmark"":""moviegen"",""bits"":null,""cache_policy"":{""cadence"":null,""recent_blocks"":null},""method"":""BF16"",""method_family"":""BF16"",""quant_meta"":{}}",spatial_mixed_iter2,{},1,1,1,True,True,False,True,False,True,81,5.0625,False,True,True,True,True,False,,,,,0.953179931640625,0.6272632970927674,0.9579221077263356,0.6448866128921509,1.0,23.87345425458625,13646407680
vaishak,/data/vaishak/kv-quant-longhorizon/results,moviegen,runs/spatial_mixed_iter3_decisive_1772762790,/data/vaishak/kv-quant-longhorizon/results/runs/spatial_mixed_iter3_decisive_1772762790,spatial_mixed_iter3_decisive,BF16,BF16,,,,0db1312571c7,"{""benchmark"":""moviegen"",""bits"":null,""cache_policy"":{""cadence"":null,""recent_blocks"":null},""method"":""BF16"",""method_family"":""BF16"",""quant_meta"":{}}",spatial_mixed_iter2,{},1,1,1,True,True,False,True,False,True,81,5.0625,False,True,True,True,True,False,,,,,0.953179931640625,0.6272632970927674,0.9579221077263356,0.6448866128921509,1.0,23.626149914227426,13646407680
vaishak,/data/vaishak/kv-quant-longhorizon/results,moviegen,runs/spatial_mixed_smoke_1772758158,/data/vaishak/kv-quant-longhorizon/results/runs/spatial_mixed_smoke_1772758158,spatial_mixed_smoke,BF16,BF16,,,,0db1312571c7,"{""benchmark"":""moviegen"",""bits"":null,""cache_policy"":{""cadence"":null,""recent_blocks"":null},""method"":""BF16"",""method_family"":""BF16"",""quant_meta"":{}}",spatial_mixed_balanced,{},1,1,1,True,True,False,False,False,False,81,5.0625,False,False,True,True,False,False,vbench,,,,,,,,1.0,24.033702002838254,13673125888
vaishak,/data/vaishak/kv-quant-longhorizon/results,moviegen,runs/spatial_mixed_smoke_1772758615,/data/vaishak/kv-quant-longhorizon/results/runs/spatial_mixed_smoke_1772758615,spatial_mixed_smoke,BF16,BF16,,,,0db1312571c7,"{""benchmark"":""moviegen"",""bits"":null,""cache_policy"":{""cadence"":null,""recent_blocks"":null},""method"":""BF16"",""method_family"":""BF16"",""quant_meta"":{}}",spatial_mixed_balanced,{},1,1,1,True,True,False,True,False,True,81,5.0625,False,True,True,True,True,False,,,,,0.953179931640625,0.6272632970927674,0.9579221077263356,0.6448866128921509,1.0,24.337086669635028,13673125888
vaishak,/data/vaishak/kv-quant-longhorizon/results,moviegen,runs/tptq_ablation_smoke_1772779198,/data/vaishak/kv-quant-longhorizon/results/runs/tptq_ablation_smoke_1772779198,tptq_ablation_smoke,BF16,BF16,,,,0db1312571c7,"{""benchmark"":""moviegen"",""bits"":null,""cache_policy"":{""cadence"":null,""recent_blocks"":null},""method"":""BF16"",""method_family"":""BF16"",""quant_meta"":{}}",tptq_ablation,{},1,1,1,True,True,False,False,False,False,81,5.0625,False,False,True,True,False,False,vbench,,,,,,,,1.0,23.473893629852682,13646407680
vaishak,/data/vaishak/kv-quant-longhorizon/results,moviegen,runs/tptq_ablation_smoke_fix_1772779890,/data/vaishak/kv-quant-longhorizon/results/runs/tptq_ablation_smoke_fix_1772779890,tptq_ablation_smoke_fix,BF16,BF16,,,,0db1312571c7,"{""benchmark"":""moviegen"",""bits"":null,""cache_policy"":{""cadence"":null,""recent_blocks"":null},""method"":""BF16"",""method_family"":""BF16"",""quant_meta"":{}}",tptq_ablation,{},1,1,1,True,True,False,True,False,True,81,5.0625,False,True,True,True,True,False,,,,,0.953179931640625,0.6272632970927674,0.9579221077263356,0.6448866128921509,1.0,23.828803050797433,13646407680
vaishak,/data/vaishak/kv-quant-longhorizon/results,moviegen,runs/tptq_lite_ablation_r15_1772782617,/data/vaishak/kv-quant-longhorizon/results/runs/tptq_lite_ablation_r15_1772782617,tptq_lite_ablation_r15,BF16,BF16,,,,0db1312571c7,"{""benchmark"":""moviegen"",""bits"":null,""cache_policy"":{""cadence"":null,""recent_blocks"":null},""method"":""BF16"",""method_family"":""BF16"",""quant_meta"":{}}",tptq_ablation,{},1,1,1,True,True,False,True,False,True,81,5.0625,False,True,True,True,True,False,,,,,0.953179931640625,0.6272632970927674,0.9579221077263356,0.6448866128921509,1.0,23.782267868053168,13646407680
vaishak,/data/vaishak/kv-quant-longhorizon/results,moviegen,runs/tptq_lite_ablation_r20_1772781924,/data/vaishak/kv-quant-longhorizon/results/runs/tptq_lite_ablation_r20_1772781924,tptq_lite_ablation_r20,BF16,BF16,,,,0db1312571c7,"{""benchmark"":""moviegen"",""bits"":null,""cache_policy"":{""cadence"":null,""recent_blocks"":null},""method"":""BF16"",""method_family"":""BF16"",""quant_meta"":{}}",tptq_ablation,{},1,1,1,True,True,False,True,False,True,81,5.0625,False,True,True,True,True,False,,,,,0.953179931640625,0.6272632970927674,0.9579221077263356,0.6448866128921509,1.0,23.794353888835758,13646407680
vaishak,/data/vaishak/kv-quant-longhorizon/results,moviegen,runs/tptq_lite_ablation_r25_1772781228,/data/vaishak/kv-quant-longhorizon/results/runs/tptq_lite_ablation_r25_1772781228,tptq_lite_ablation_r25,BF16,BF16,,,,0db1312571c7,"{""benchmark"":""moviegen"",""bits"":null,""cache_policy"":{""cadence"":null,""recent_blocks"":null},""method"":""BF16"",""method_family"":""BF16"",""quant_meta"":{}}",tptq_ablation,{},1,1,1,True,True,False,True,False,True,81,5.0625,False,True,True,True,True,False,,,,,0.953179931640625,0.6272632970927674,0.9579221077263356,0.6448866128921509,1.0,23.64177512889728,13646407680
suraj,/data/suraj/kv-quant-longhorizon/results,moviegen,runs/1773035807_newideas10s_10prompts,/data/suraj/kv-quant-longhorizon/results/runs/1773035807_newideas10s_10prompts,1773035807_newideas10s_10prompts,BF16,BF16,,per_step,0,91268059fdda,"{""benchmark"":""moviegen"",""bits"":null,""cache_policy"":{""cadence"":""per_step"",""recent_blocks"":0},""method"":""BF16"",""method_family"":""BF16"",""quant_meta"":{}}",,{},10,10,10,True,True,False,False,False,False,165,10.3125,True,False,True,True,False,False,vbench,,,,,,,,1.0,596.0240440233611,20701900800
suraj,/data/suraj/kv-quant-longhorizon/results,moviegen,runs/1773038789_newideas10s_10prompts,/data/suraj/kv-quant-longhorizon/results/runs/1773038789_newideas10s_10prompts,1773038789_newideas10s_10prompts,BF16,BF16,,per_step,0,91268059fdda,"{""benchmark"":""moviegen"",""bits"":null,""cache_policy"":{""cadence"":""per_step"",""recent_blocks"":0},""method"":""BF16"",""method_family"":""BF16"",""quant_meta"":{}}",,{},10,10,10,True,True,False,True,True,True,165,10.3125,True,True,True,True,True,True,,,,,0.9553621617759146,0.7390351243452593,0.9543555233354976,0.6649111092090607,1.0,585.7258332190104,20701900800
suraj,/data/suraj/kv-quant-longhorizon/results,moviegen,runs/1773110004_presentation_moviegen_fullmatrix,/data/suraj/kv-quant-longhorizon/results/runs/1773110004_presentation_moviegen_fullmatrix,presentation_moviegen_fullmatrix,BF16,BF16,,per_step,0,91268059fdda,"{""benchmark"":""moviegen"",""bits"":null,""cache_policy"":{""cadence"":""per_step"",""recent_blocks"":0},""method"":""BF16"",""method_family"":""BF16"",""quant_meta"":{}}",,{},10,10,10,True,True,False,True,True,True,165,10.3125,True,True,True,True,True,True,,,,,0.9553621617759146,0.7390351243452593,0.9543555233354976,0.6649111092090607,1.0,585.7258332190104,20701900800
combined,/data/vaishak/combined-kv-quant/results,moviegen,runs/backfill_flowcache_adaptive_int2_1a41612d204d_10s,/data/vaishak/combined-kv-quant/results/runs/backfill_flowcache_adaptive_int2_1a41612d204d_10s,backfill_flowcache_adaptive_int2_1a41612d204d_10s,FLOWCACHE_ADAPTIVE_INT2,FLOWCACHE_ADAPTIVE,2,,,1a41612d204d,"{""benchmark"":""moviegen"",""bits"":2,""cache_policy"":{""cadence"":null,""recent_blocks"":null},""method"":""FLOWCACHE_ADAPTIVE_INT2"",""method_family"":""FLOWCACHE_ADAPTIVE"",""quant_meta"":{""flowcache_adaptive_config_chunk_recent_ratio"":0.25,""flowcache_adaptive_config_important_old_ratio"":0.2,""flowcache_adaptive_importance_alpha"":0.7,""flowcache_adaptive_importance_beta"":0.3,""flowcache_adaptive_old_bits"":2.0,""flowcache_adaptive_recent_bits"":4.0}}",combined_backfill,"{""flowcache_adaptive_config_chunk_recent_ratio"": 0.25, ""flowcache_adaptive_config_important_old_ratio"": 0.2, ""flowcache_adaptive_importance_alpha"": 0.7, ""flowcache_adaptive_importance_beta"": 0.3, ""flowcache_adaptive_old_bits"": 2.0, ""flowcache_adaptive_recent_bits"": 4.0}",10,10,10,True,True,True,True,False,True,165,10.3125,True,True,True,True,True,True,,15.194284200506251,0.4479022570595089,0.46448284364136105,0.866728545398247,0.615544806948575,0.7868627275862708,0.5128850728273392,4.268150183254579,926.3352319640107,15435554816
combined,/data/vaishak/combined-kv-quant/results,moviegen,runs/backfill_flowcache_adaptive_int2_a154b903b16c_10s,/data/vaishak/combined-kv-quant/results/runs/backfill_flowcache_adaptive_int2_a154b903b16c_10s,backfill_flowcache_adaptive_int2_a154b903b16c_10s,FLOWCACHE_ADAPTIVE_INT2,FLOWCACHE_ADAPTIVE,2,,,a154b903b16c,"{""benchmark"":""moviegen"",""bits"":2,""cache_policy"":{""cadence"":null,""recent_blocks"":null},""method"":""FLOWCACHE_ADAPTIVE_INT2"",""method_family"":""FLOWCACHE_ADAPTIVE"",""quant_meta"":{""flowcache_adaptive_config_chunk_recent_ratio"":0.25,""flowcache_adaptive_config_important_old_ratio"":0.1,""flowcache_adaptive_importance_alpha"":0.7,""flowcache_adaptive_importance_beta"":0.3,""flowcache_adaptive_old_bits"":2.0,""flowcache_adaptive_recent_bits"":4.0}}",combined_backfill,"{""flowcache_adaptive_config_chunk_recent_ratio"": 0.25, ""flowcache_adaptive_config_important_old_ratio"": 0.1, ""flowcache_adaptive_importance_alpha"": 0.7, ""flowcache_adaptive_importance_beta"": 0.3, ""flowcache_adaptive_old_bits"": 2.0, ""flowcache_adaptive_recent_bits"": 4.0}",10,10,10,True,True,True,True,False,True,165,10.3125,True,True,True,True,True,True,,15.11893812352979,0.441276780800833,0.4726510051008539,0.8573317364948552,0.5999026938351718,0.7677821541704782,0.5014305889606476,4.431185005524609,915.5596232791431,15435668992
vaishak,/data/vaishak/kv-quant-longhorizon/results,moviegen,runs/flowcache_adaptive_smoke_1772841690,/data/vaishak/kv-quant-longhorizon/results/runs/flowcache_adaptive_smoke_1772841690,flowcache_adaptive_smoke,FLOWCACHE_ADAPTIVE_INT2,FLOWCACHE_ADAPTIVE,2,,,1a41612d204d,"{""benchmark"":""moviegen"",""bits"":2,""cache_policy"":{""cadence"":null,""recent_blocks"":null},""method"":""FLOWCACHE_ADAPTIVE_INT2"",""method_family"":""FLOWCACHE_ADAPTIVE"",""quant_meta"":{""flowcache_adaptive_config_chunk_recent_ratio"":0.25,""flowcache_adaptive_config_important_old_ratio"":0.2,""flowcache_adaptive_importance_alpha"":0.7,""flowcache_adaptive_importance_beta"":0.3,""flowcache_adaptive_old_bits"":2.0,""flowcache_adaptive_recent_bits"":4.0,""flowcache_old_method"":""RTN"",""flowcache_profile_max_scale"":1.3,""flowcache_profile_min_scale"":0.7,""flowcache_recent_bits"":4,""flowcache_recent_method"":""RTN""}}",flowcache_adaptive_experiment,"{""flowcache_adaptive_config_chunk_recent_ratio"": 0.25, ""flowcache_adaptive_config_important_old_ratio"": 0.2, ""flowcache_adaptive_importance_alpha"": 0.7, ""flowcache_adaptive_importance_beta"": 0.3, ""flowcache_adaptive_old_bits"": 2.0, ""flowcache_adaptive_recent_bits"": 4.0, ""flowcache_old_method"": ""RTN"", ""flowcache_profile_max_scale"": 1.3, ""flowcache_profile_min_scale"": 0.7, ""flowcache_recent_bits"": 4, ""flowcache_recent_method"": ""RTN""}",1,1,1,True,True,True,True,False,True,81,5.0625,False,True,True,True,True,False,,13.070587212236823,0.313391807480295,0.5088412914149187,0.89921875,0.5471136526413906,0.854002407938242,0.6092034578323364,4.175310576694063,39.00348869105801,14034094080
vaishak,/data/vaishak/kv-quant-longhorizon/results,moviegen,runs/flowcache_prune_smoke_1772843810,/data/vaishak/kv-quant-longhorizon/results/runs/flowcache_prune_smoke_1772843810,flowcache_prune_smoke,FLOWCACHE_ADAPTIVE_INT2,FLOWCACHE_ADAPTIVE,2,,,a154b903b16c,"{""benchmark"":""moviegen"",""bits"":2,""cache_policy"":{""cadence"":null,""recent_blocks"":null},""method"":""FLOWCACHE_ADAPTIVE_INT2"",""method_family"":""FLOWCACHE_ADAPTIVE"",""quant_meta"":{""flowcache_adaptive_config_chunk_recent_ratio"":0.25,""flowcache_adaptive_config_important_old_ratio"":0.1,""flowcache_adaptive_importance_alpha"":0.7,""flowcache_adaptive_importance_beta"":0.3,""flowcache_adaptive_old_bits"":2.0,""flowcache_adaptive_recent_bits"":4.0,""flowcache_old_method"":""RTN"",""flowcache_recent_bits"":4,""flowcache_recent_method"":""RTN""}}",flowcache_prune_experiment,"{""flowcache_adaptive_config_chunk_recent_ratio"": 0.25, ""flowcache_adaptive_config_important_old_ratio"": 0.1, ""flowcache_adaptive_importance_alpha"": 0.7, ""flowcache_adaptive_importance_beta"": 0.3, ""flowcache_adaptive_old_bits"": 2.0, ""flowcache_adaptive_recent_bits"": 4.0, ""flowcache_old_method"": ""RTN"", ""flowcache_recent_bits"": 4, ""flowcache_recent_method"": ""RTN""}",1,1,1,True,True,True,True,False,True,81,5.0625,False,True,True,True,True,False,,13.056538593370842,0.31284023039109193,0.5104033199115944,0.897418212890625,0.5431735761666003,0.8435378544032573,0.6095564365386963,4.304490824953499,38.95167844928801,14033249280
vaishak,/data/vaishak/kv-quant-longhorizon/results,moviegen,runs/flowcache_soft_prune_smoke_1772845366,/data/vaishak/kv-quant-longhorizon/results/runs/flowcache_soft_prune_smoke_1772845366,flowcache_soft_prune_smoke,FLOWCACHE_ADAPTIVE_INT2,FLOWCACHE_ADAPTIVE,2,,,a154b903b16c,"{""benchmark"":""moviegen"",""bits"":2,""cache_policy"":{""cadence"":null,""recent_blocks"":null},""method"":""FLOWCACHE_ADAPTIVE_INT2"",""method_family"":""FLOWCACHE_ADAPTIVE"",""quant_meta"":{""flowcache_adaptive_config_chunk_recent_ratio"":0.25,""flowcache_adaptive_config_important_old_ratio"":0.1,""flowcache_adaptive_importance_alpha"":0.7,""flowcache_adaptive_importance_beta"":0.3,""flowcache_adaptive_old_bits"":2.0,""flowcache_adaptive_recent_bits"":4.0,""flowcache_old_method"":""RTN"",""flowcache_recent_bits"":4,""flowcache_recent_method"":""RTN""}}",flowcache_soft_prune_experiment,"{""flowcache_adaptive_config_chunk_recent_ratio"": 0.25, ""flowcache_adaptive_config_important_old_ratio"": 0.1, ""flowcache_adaptive_importance_alpha"": 0.7, ""flowcache_adaptive_importance_beta"": 0.3, ""flowcache_adaptive_old_bits"": 2.0, ""flowcache_adaptive_recent_bits"": 4.0, ""flowcache_old_method"": ""RTN"", ""flowcache_recent_bits"": 4, ""flowcache_recent_method"": ""RTN""}",1,1,1,True,True,True,True,False,True,81,5.0625,False,True,True,True,True,False,,12.818850054885223,0.2987576058729332,0.5162080965683232,0.88814697265625,0.5236963050748095,0.7997357601299881,0.5890651941299438,4.528266678415832,32.72520495764911,14033562624
combined,/data/vaishak/combined-kv-quant/results,moviegen,runs/backfill_flowcache_hybrid_int2_973ebc836fd7_10s,/data/vaishak/combined-kv-quant/results/runs/backfill_flowcache_hybrid_int2_973ebc836fd7_10s,backfill_flowcache_hybrid_int2_973ebc836fd7_10s,FLOWCACHE_HYBRID_INT2,FLOWCACHE_HYBRID,2,,,973ebc836fd7,"{""benchmark"":""moviegen"",""bits"":2,""cache_policy"":{""cadence"":null,""recent_blocks"":null},""method"":""FLOWCACHE_HYBRID_INT2"",""method_family"":""FLOWCACHE_HYBRID"",""quant_meta"":{""flowcache_config_chunk_recent_ratio"":0.25,""flowcache_max_layer_budget_scale"":1.3,""flowcache_min_layer_budget_scale"":0.7,""flowcache_recent_bits"":4.0}}",combined_backfill,"{""flowcache_config_chunk_recent_ratio"": 0.25, ""flowcache_max_layer_budget_scale"": 1.3, ""flowcache_min_layer_budget_scale"": 0.7, ""flowcache_recent_bits"": 4.0}",10,10,10,True,True,True,True,False,True,165,10.3125,True,True,True,True,True,True,,15.624356083358226,0.4706763693496557,0.4538435159021085,0.8770199659394055,0.6162824032639012,0.8152883695029631,0.5240105628967285,4.606619870186145,825.9248653175309,15437124096
combined,/data/vaishak/combined-kv-quant/results,moviegen,runs/backfill_flowcache_hybrid_int2_973ebc836fd7_10s,/data/vaishak/combined-kv-quant/results/runs/backfill_flowcache_hybrid_int2_973ebc836fd7_10s,backfill_flowcache_hybrid_int2_973ebc836fd7_10s,FLOWCACHE_HYBRID_INT2,FLOWCACHE_HYBRID,2,,,9cf4621557e3,"{""benchmark"":""moviegen"",""bits"":2,""cache_policy"":{""cadence"":null,""recent_blocks"":null},""method"":""FLOWCACHE_HYBRID_INT2"",""method_family"":""FLOWCACHE_HYBRID"",""quant_meta"":{""flowcache_config_chunk_recent_ratio"":0.25,""flowcache_max_layer_budget_scale"":1.3,""flowcache_min_layer_budget_scale"":0.7,""flowcache_recent_bits"":4.0}}",combined_backfill,"{""flowcache_config_chunk_recent_ratio"": 0.25, ""flowcache_max_layer_budget_scale"": 1.3, ""flowcache_min_layer_budget_scale"": 0.7, ""flowcache_recent_bits"": 4.0}",10,10,10,True,True,True,True,False,True,165,10.3125,True,True,True,True,True,True,,15.624356083358226,0.4706763693496557,0.4538435159021085,0.8770199659394055,0.6162824032639012,0.8152883695029631,0.5240105628967285,4.606619870186145,825.9248653175309,15437124096
combined,/data/vaishak/combined-kv-quant/results,moviegen,runs/backfill_flowcache_hybrid_int2_bfbf5df8b757_10s,/data/vaishak/combined-kv-quant/results/runs/backfill_flowcache_hybrid_int2_bfbf5df8b757_10s,backfill_flowcache_hybrid_int2_bfbf5df8b757_10s,FLOWCACHE_HYBRID_INT2,FLOWCACHE_HYBRID,2,,,bfbf5df8b757,"{""benchmark"":""moviegen"",""bits"":2,""cache_policy"":{""cadence"":null,""recent_blocks"":null},""method"":""FLOWCACHE_HYBRID_INT2"",""method_family"":""FLOWCACHE_HYBRID"",""quant_meta"":{""flowcache_config_chunk_recent_ratio"":0.25,""flowcache_max_layer_budget_scale"":1.25,""flowcache_min_layer_budget_scale"":0.75,""flowcache_recent_bits"":4.0}}",combined_backfill,"{""flowcache_config_chunk_recent_ratio"": 0.25, ""flowcache_max_layer_budget_scale"": 1.25, ""flowcache_min_layer_budget_scale"": 0.75, ""flowcache_recent_bits"": 4.0}",10,10,10,True,True,True,True,False,True,165,10.3125,True,True,True,True,True,True,,15.636942353810458,0.47256025165785864,0.4432201982163965,0.8852885920826982,0.6415476112134528,0.830788081248359,0.5418873131275177,4.540390590444161,828.4196875719354,15436900352
vaishak,/data/vaishak/kv-quant-longhorizon/results,moviegen,runs/flowcache_adaptive_smoke_1772841690,/data/vaishak/kv-quant-longhorizon/results/runs/flowcache_adaptive_smoke_1772841690,flowcache_adaptive_smoke,FLOWCACHE_HYBRID_INT2,FLOWCACHE_HYBRID,2,,,973ebc836fd7,"{""benchmark"":""moviegen"",""bits"":2,""cache_policy"":{""cadence"":null,""recent_blocks"":null},""method"":""FLOWCACHE_HYBRID_INT2"",""method_family"":""FLOWCACHE_HYBRID"",""quant_meta"":{""flowcache_config_chunk_recent_ratio"":0.25,""flowcache_max_layer_budget_scale"":1.3,""flowcache_min_layer_budget_scale"":0.7,""flowcache_old_method"":""RTN"",""flowcache_profile_max_scale"":1.3,""flowcache_profile_min_scale"":0.7,""flowcache_recent_bits"":4,""flowcache_recent_method"":""RTN""}}",flowcache_adaptive_experiment,"{""flowcache_config_chunk_recent_ratio"": 0.25, ""flowcache_max_layer_budget_scale"": 1.3, ""flowcache_min_layer_budget_scale"": 0.7, ""flowcache_old_method"": ""RTN"", ""flowcache_profile_max_scale"": 1.3, ""flowcache_profile_min_scale"": 0.7, ""flowcache_recent_bits"": 4, ""flowcache_recent_method"": ""RTN""}",1,1,1,True,True,True,True,False,True,81,5.0625,False,True,True,True,True,False,,13.118776907566067,0.3144813197976409,0.5099920106039922,0.9011444091796875,0.5421700428150319,0.8426053665578366,0.6133744716644287,4.513440122876203,34.275021457113326,14034228224
vaishak,/data/vaishak/kv-quant-longhorizon/results,moviegen,runs/flowcache_hybrid_smoke_1772837498,/data/vaishak/kv-quant-longhorizon/results/runs/flowcache_hybrid_smoke_1772837498,flowcache_hybrid_smoke,FLOWCACHE_HYBRID_INT2,FLOWCACHE_HYBRID,2,,,bfbf5df8b757,"{""benchmark"":""moviegen"",""bits"":2,""cache_policy"":{""cadence"":null,""recent_blocks"":null},""method"":""FLOWCACHE_HYBRID_INT2"",""method_family"":""FLOWCACHE_HYBRID"",""quant_meta"":{""flowcache_config_chunk_recent_ratio"":0.25,""flowcache_max_layer_budget_scale"":1.25,""flowcache_min_layer_budget_scale"":0.75,""flowcache_old_method"":""RTN"",""flowcache_recent_bits"":4,""flowcache_recent_method"":""RTN""}}",flowcache_hybrid_experiment,"{""flowcache_config_chunk_recent_ratio"": 0.25, ""flowcache_max_layer_budget_scale"": 1.25, ""flowcache_min_layer_budget_scale"": 0.75, ""flowcache_old_method"": ""RTN"", ""flowcache_recent_bits"": 4, ""flowcache_recent_method"": ""RTN""}",1,1,1,True,True,True,True,False,True,81,5.0625,False,True,True,True,True,False,,13.11650930319763,0.3143359312526175,0.5109996366900978,0.899847412109375,0.5437766849847487,0.8422091513872146,0.6135932803153992,4.545966539887515,34.45304797915742,14034226688
vaishak,/data/vaishak/kv-quant-longhorizon/results,moviegen,runs/flowcache_prune_smoke_1772843810,/data/vaishak/kv-quant-longhorizon/results/runs/flowcache_prune_smoke_1772843810,flowcache_prune_smoke,FLOWCACHE_HYBRID_INT2,FLOWCACHE_HYBRID,2,,,9cf4621557e3,"{""benchmark"":""moviegen"",""bits"":2,""cache_policy"":{""cadence"":null,""recent_blocks"":null},""method"":""FLOWCACHE_HYBRID_INT2"",""method_family"":""FLOWCACHE_HYBRID"",""quant_meta"":{""flowcache_config_chunk_recent_ratio"":0.25,""flowcache_max_layer_budget_scale"":1.3,""flowcache_min_layer_budget_scale"":0.7,""flowcache_old_method"":""RTN"",""flowcache_recent_bits"":4,""flowcache_recent_method"":""RTN""}}",flowcache_prune_experiment,"{""flowcache_config_chunk_recent_ratio"": 0.25, ""flowcache_max_layer_budget_scale"": 1.3, ""flowcache_min_layer_budget_scale"": 0.7, ""flowcache_old_method"": ""RTN"", ""flowcache_recent_bits"": 4, ""flowcache_recent_method"": ""RTN""}",1,1,1,True,True,True,True,False,True,81,5.0625,False,True,True,True,True,False,,13.118776907566067,0.3144813197976409,0.5099920106039922,0.9011444091796875,0.5421700428150319,0.8426053665578366,0.6133744716644287,4.513440122876203,34.265270891133696,14034228224
combined,/data/vaishak/combined-kv-quant/results,moviegen,runs/backfill_flowcache_native_6f32ad98b6b8_10s,/data/vaishak/combined-kv-quant/results/runs/backfill_flowcache_native_6f32ad98b6b8_10s,backfill_flowcache_native_6f32ad98b6b8_10s,FLOWCACHE_NATIVE,FLOWCACHE_NATIVE,,,,6f32ad98b6b8,"{""benchmark"":""moviegen"",""bits"":null,""cache_policy"":{""cadence"":null,""recent_blocks"":null},""method"":""FLOWCACHE_NATIVE"",""method_family"":""FLOWCACHE_NATIVE"",""quant_meta"":{""flowcache_native_rel_l1_thresh"":0.1}}",combined_backfill,"{""flowcache_native_rel_l1_thresh"": 0.1}",10,10,10,True,True,True,True,False,True,165,10.3125,True,True,True,True,True,True,,inf,1.0,0.0,0.9553621617759146,0.7390351243452593,0.9543555233354976,0.6649111092090607,1.0,591.5395279964432,20756227072
combined,/data/vaishak/combined-kv-quant/results,moviegen,runs/backfill_flowcache_native_7743d4e12ea8_10s,/data/vaishak/combined-kv-quant/results/runs/backfill_flowcache_native_7743d4e12ea8_10s,backfill_flowcache_native_7743d4e12ea8_10s,FLOWCACHE_NATIVE,FLOWCACHE_NATIVE,,,,7743d4e12ea8,"{""benchmark"":""moviegen"",""bits"":null,""cache_policy"":{""cadence"":null,""recent_blocks"":null},""method"":""FLOWCACHE_NATIVE"",""method_family"":""FLOWCACHE_NATIVE"",""quant_meta"":{""flowcache_native_rel_l1_thresh"":1.5}}",combined_backfill,"{""flowcache_native_rel_l1_thresh"": 1.5}",10,10,10,True,True,True,True,False,True,165,10.3125,True,True,True,True,True,True,,13.254866816178843,0.41153372203565236,0.4506317637183449,0.9518812226086129,0.7377193778066925,0.9608992080681208,0.6608117580413818,1.0,482.8725273194723,20731253760
combined,/data/vaishak/combined-kv-quant/results,moviegen,runs/backfill_flowcache_native_ac822d436745_10s,/data/vaishak/combined-kv-quant/results/runs/backfill_flowcache_native_ac822d436745_10s,backfill_flowcache_native_ac822d436745_10s,FLOWCACHE_NATIVE,FLOWCACHE_NATIVE,,,,ac822d436745,"{""benchmark"":""moviegen"",""bits"":null,""cache_policy"":{""cadence"":null,""recent_blocks"":null},""method"":""FLOWCACHE_NATIVE"",""method_family"":""FLOWCACHE_NATIVE"",""quant_meta"":{""flowcache_native_rel_l1_thresh"":1.5}}",combined_backfill,"{""flowcache_native_rel_l1_thresh"": 1.5}",10,10,10,True,True,True,True,False,True,165,10.3125,True,True,True,True,True,True,,13.254866816178843,0.41153372203565236,0.4506317637183449,0.9518812226086129,0.7377193778066925,0.9608992080681208,0.6608117580413818,1.0,491.7252269354649,20756227072
vaishak,/data/vaishak/kv-quant-longhorizon/results,moviegen,runs/flowcache_native_calib_1772867470,/data/vaishak/kv-quant-longhorizon/results/runs/flowcache_native_calib_1772867470,flowcache_native_calib_1772867470,FLOWCACHE_NATIVE,FLOWCACHE_NATIVE,,,,ac822d436745,"{""benchmark"":""moviegen"",""bits"":null,""cache_policy"":{""cadence"":null,""recent_blocks"":null},""method"":""FLOWCACHE_NATIVE"",""method_family"":""FLOWCACHE_NATIVE"",""quant_meta"":{""flowcache_native_rel_l1_thresh"":1.5}}",,"{""flowcache_native_rel_l1_thresh"": 1.5}",1,1,1,True,True,False,False,False,False,81,5.0625,False,False,True,True,False,False,fidelity;vbench,,,,,,,,1.0,20.64079451095313,13675760640
vaishak,/data/vaishak/kv-quant-longhorizon/results,moviegen,runs/flowcache_native_smoke_1772867470,/data/vaishak/kv-quant-longhorizon/results/runs/flowcache_native_smoke_1772867470,flowcache_native_smoke,FLOWCACHE_NATIVE,FLOWCACHE_NATIVE,,,,6f32ad98b6b8,"{""benchmark"":""moviegen"",""bits"":null,""cache_policy"":{""cadence"":null,""recent_blocks"":null},""method"":""FLOWCACHE_NATIVE"",""method_family"":""FLOWCACHE_NATIVE"",""quant_meta"":{""flowcache_native_rel_l1_thresh"":0.1,""flowcache_native_warmup_steps"":0}}",flowcache_native_experiment,"{""flowcache_native_rel_l1_thresh"": 0.1, ""flowcache_native_warmup_steps"": 0}",1,1,1,True,True,False,True,False,False,81,5.0625,False,False,True,True,False,False,fidelity,,,,0.953179931640625,0.6272632970927674,0.9579221077263356,0.6448866128921509,1.0,23.82900313101709,13675760640
vaishak,/data/vaishak/kv-quant-longhorizon/results,moviegen,runs/flowcache_native_smoke_v2_1772868427,/data/vaishak/kv-quant-longhorizon/results/runs/flowcache_native_smoke_v2_1772868427,flowcache_native_smoke_v2,FLOWCACHE_NATIVE,FLOWCACHE_NATIVE,,,,7743d4e12ea8,"{""benchmark"":""moviegen"",""bits"":null,""cache_policy"":{""cadence"":null,""recent_blocks"":null},""method"":""FLOWCACHE_NATIVE"",""method_family"":""FLOWCACHE_NATIVE"",""quant_meta"":{""flowcache_native_rel_l1_thresh"":1.5,""flowcache_native_warmup_steps"":0}}",flowcache_native_experiment,"{""flowcache_native_rel_l1_thresh"": 1.5, ""flowcache_native_warmup_steps"": 0}",1,1,1,True,True,True,True,False,True,81,5.0625,False,True,True,True,True,False,,10.155366203473065,0.24202593411716228,0.5257588853070765,0.9271942138671875,0.5801502788214036,0.9574616380035877,0.6232848167419434,1.0,20.869792809244245,13675760640
combined,/data/vaishak/combined-kv-quant/results,moviegen,runs/backfill_flowcache_native_soft_prune_int4_068de819e000_10s,/data/vaishak/combined-kv-quant/results/runs/backfill_flowcache_native_soft_prune_int4_068de819e000_10s,backfill_flowcache_native_soft_prune_int4_068de819e000_10s,FLOWCACHE_NATIVE_SOFT_PRUNE_INT4,FLOWCACHE_NATIVE_SOFT_PRUNE,4,,,068de819e000,"{""benchmark"":""moviegen"",""bits"":4,""cache_policy"":{""cadence"":null,""recent_blocks"":null},""method"":""FLOWCACHE_NATIVE_SOFT_PRUNE_INT4"",""method_family"":""FLOWCACHE_NATIVE_SOFT_PRUNE"",""quant_meta"":{""flowcache_native_rel_l1_thresh"":0.1,""flowcache_soft_prune_config_chunk_recent_ratio"":0.25,""flowcache_soft_prune_config_important_old_ratio"":0.1,""flowcache_soft_prune_config_retained_old_ratio"":0.45,""flowcache_soft_prune_old_bits"":4.0,""flowcache_soft_prune_recent_bits"":4.0,""flowcache_soft_prune_refresh_gap_chunks"":1.0}}",combined_backfill,"{""flowcache_native_rel_l1_thresh"": 0.1, ""flowcache_soft_prune_config_chunk_recent_ratio"": 0.25, ""flowcache_soft_prune_config_important_old_ratio"": 0.1, ""flowcache_soft_prune_config_retained_old_ratio"": 0.45, ""flowcache_soft_prune_old_bits"": 4.0, ""flowcache_soft_prune_recent_bits"": 4.0, ""flowcache_soft_prune_refresh_gap_chunks"": 1.0}",10,10,10,True,True,True,True,False,True,165,10.3125,True,True,True,True,True,True,,17.673425812234832,0.5441752781228474,0.29745334073499013,0.9475742247046494,0.7390279605749882,0.9461035509298488,0.6552892684936523,5.4899017762036495,761.6267044092529,12678505472
combined,/data/vaishak/combined-kv-quant/results,moviegen,runs/backfill_flowcache_native_soft_prune_int4_56d7f051182b_10s,/data/vaishak/combined-kv-quant/results/runs/backfill_flowcache_native_soft_prune_int4_56d7f051182b_10s,backfill_flowcache_native_soft_prune_int4_56d7f051182b_10s,FLOWCACHE_NATIVE_SOFT_PRUNE_INT4,FLOWCACHE_NATIVE_SOFT_PRUNE,4,,,56d7f051182b,"{""benchmark"":""moviegen"",""bits"":4,""cache_policy"":{""cadence"":null,""recent_blocks"":null},""method"":""FLOWCACHE_NATIVE_SOFT_PRUNE_INT4"",""method_family"":""FLOWCACHE_NATIVE_SOFT_PRUNE"",""quant_meta"":{""flowcache_native_rel_l1_thresh"":1.5,""flowcache_soft_prune_config_chunk_recent_ratio"":0.25,""flowcache_soft_prune_config_important_old_ratio"":0.1,""flowcache_soft_prune_config_retained_old_ratio"":0.45,""flowcache_soft_prune_old_bits"":4.0,""flowcache_soft_prune_recent_bits"":4.0,""flowcache_soft_prune_refresh_gap_chunks"":1.0}}",combined_backfill,"{""flowcache_native_rel_l1_thresh"": 1.5, ""flowcache_soft_prune_config_chunk_recent_ratio"": 0.25, ""flowcache_soft_prune_config_important_old_ratio"": 0.1, ""flowcache_soft_prune_config_retained_old_ratio"": 0.45, ""flowcache_soft_prune_old_bits"": 4.0, ""flowcache_soft_prune_recent_bits"": 4.0, ""flowcache_soft_prune_refresh_gap_chunks"": 1.0}",10,10,10,True,True,True,True,False,True,165,10.3125,True,True,True,True,True,True,,13.257130719038088,0.4108099621142231,0.4754691463708878,0.9477702815358232,0.7258811440901323,0.9451818703333053,0.6470037281513215,5.4899017762036495,636.1371441935189,12604353536
vaishak,/data/vaishak/kv-quant-longhorizon/results,moviegen,runs/flowcache_native_smoke_1772867470,/data/vaishak/kv-quant-longhorizon/results/runs/flowcache_native_smoke_1772867470,flowcache_native_smoke,FLOWCACHE_NATIVE_SOFT_PRUNE_INT4,FLOWCACHE_NATIVE_SOFT_PRUNE,4,,,068de819e000,"{""benchmark"":""moviegen"",""bits"":4,""cache_policy"":{""cadence"":null,""recent_blocks"":null},""method"":""FLOWCACHE_NATIVE_SOFT_PRUNE_INT4"",""method_family"":""FLOWCACHE_NATIVE_SOFT_PRUNE"",""quant_meta"":{""flowcache_importance_alpha"":0.7,""flowcache_importance_beta"":0.3,""flowcache_native_rel_l1_thresh"":0.1,""flowcache_native_warmup_steps"":0,""flowcache_old_method"":""RTN"",""flowcache_recent_bits"":4,""flowcache_recent_method"":""RTN"",""flowcache_soft_prune_config_chunk_recent_ratio"":0.25,""flowcache_soft_prune_config_important_old_ratio"":0.1,""flowcache_soft_prune_config_retained_old_ratio"":0.45,""flowcache_soft_prune_old_bits"":4.0,""flowcache_soft_prune_recent_bits"":4.0,""flowcache_soft_prune_refresh_gap_chunks"":1.0}}",flowcache_native_experiment,"{""flowcache_importance_alpha"": 0.7, ""flowcache_importance_beta"": 0.3, ""flowcache_native_rel_l1_thresh"": 0.1, ""flowcache_native_warmup_steps"": 0, ""flowcache_old_method"": ""RTN"", ""flowcache_recent_bits"": 4, ""flowcache_recent_method"": ""RTN"", ""flowcache_soft_prune_config_chunk_recent_ratio"": 0.25, ""flowcache_soft_prune_config_important_old_ratio"": 0.1, ""flowcache_soft_prune_config_retained_old_ratio"": 0.45, ""flowcache_soft_prune_old_bits"": 4.0, ""flowcache_soft_prune_recent_bits"": 4.0, ""flowcache_soft_prune_refresh_gap_chunks"": 1.0}",1,1,1,True,True,False,True,False,False,81,5.0625,False,False,True,True,False,False,fidelity,,,,0.9409027099609375,0.6356322399186499,0.9295605648308992,0.6651140451431274,5.9606167847986224,28.792214821092784,11067371520
vaishak,/data/vaishak/kv-quant-longhorizon/results,moviegen,runs/flowcache_native_smoke_v2_1772868427,/data/vaishak/kv-quant-longhorizon/results/runs/flowcache_native_smoke_v2_1772868427,flowcache_native_smoke_v2,FLOWCACHE_NATIVE_SOFT_PRUNE_INT4,FLOWCACHE_NATIVE_SOFT_PRUNE,4,,,56d7f051182b,"{""benchmark"":""moviegen"",""bits"":4,""cache_policy"":{""cadence"":null,""recent_blocks"":null},""method"":""FLOWCACHE_NATIVE_SOFT_PRUNE_INT4"",""method_family"":""FLOWCACHE_NATIVE_SOFT_PRUNE"",""quant_meta"":{""flowcache_importance_alpha"":0.7,""flowcache_importance_beta"":0.3,""flowcache_native_rel_l1_thresh"":1.5,""flowcache_native_warmup_steps"":0,""flowcache_old_method"":""RTN"",""flowcache_recent_bits"":4,""flowcache_recent_method"":""RTN"",""flowcache_soft_prune_config_chunk_recent_ratio"":0.25,""flowcache_soft_prune_config_important_old_ratio"":0.1,""flowcache_soft_prune_config_retained_old_ratio"":0.45,""flowcache_soft_prune_old_bits"":4.0,""flowcache_soft_prune_recent_bits"":4.0,""flowcache_soft_prune_refresh_gap_chunks"":1.0}}",flowcache_native_experiment,"{""flowcache_importance_alpha"": 0.7, ""flowcache_importance_beta"": 0.3, ""flowcache_native_rel_l1_thresh"": 1.5, ""flowcache_native_warmup_steps"": 0, ""flowcache_old_method"": ""RTN"", ""flowcache_recent_bits"": 4, ""flowcache_recent_method"": ""RTN"", ""flowcache_soft_prune_config_chunk_recent_ratio"": 0.25, ""flowcache_soft_prune_config_important_old_ratio"": 0.1, ""flowcache_soft_prune_config_retained_old_ratio"": 0.45, ""flowcache_soft_prune_old_bits"": 4.0, ""flowcache_soft_prune_recent_bits"": 4.0, ""flowcache_soft_prune_refresh_gap_chunks"": 1.0}",1,1,1,True,True,True,True,False,True,81,5.0625,False,True,True,True,True,False,,10.031366155341617,0.22854444933293605,0.5424069379582818,0.9284332275390625,0.5972513095243478,0.9423802632838487,0.6282405853271484,5.9606167847986224,24.618778507225215,11067371520
combined,/data/vaishak/combined-kv-quant/results,moviegen,runs/backfill_flowcache_prune_int2_990b60e0bbd4_10s,/data/vaishak/combined-kv-quant/results/runs/backfill_flowcache_prune_int2_990b60e0bbd4_10s,backfill_flowcache_prune_int2_990b60e0bbd4_10s,FLOWCACHE_PRUNE_INT2,FLOWCACHE_PRUNE,2,,,990b60e0bbd4,"{""benchmark"":""moviegen"",""bits"":2,""cache_policy"":{""cadence"":null,""recent_blocks"":null},""method"":""FLOWCACHE_PRUNE_INT2"",""method_family"":""FLOWCACHE_PRUNE"",""quant_meta"":{""flowcache_prune_config_chunk_recent_ratio"":0.25,""flowcache_prune_config_important_old_ratio"":0.1,""flowcache_prune_config_retained_old_ratio"":0.3,""flowcache_prune_old_bits"":2.0,""flowcache_prune_recent_bits"":4.0,""flowcache_prune_refresh_gap_chunks"":1.0}}",combined_backfill,"{""flowcache_prune_config_chunk_recent_ratio"": 0.25, ""flowcache_prune_config_important_old_ratio"": 0.1, ""flowcache_prune_config_retained_old_ratio"": 0.3, ""flowcache_prune_old_bits"": 2.0, ""flowcache_prune_recent_bits"": 4.0, ""flowcache_prune_refresh_gap_chunks"": 1.0}",10,10,10,True,True,True,True,False,True,165,10.3125,True,True,True,True,True,True,,15.259703132417702,0.4665929622890667,0.48250288779155887,0.8969708698551829,0.6370552464456268,0.8324129128783214,0.5383639603853225,7.77737386027257,698.6769711636007,11934087168
combined,/data/vaishak/combined-kv-quant/results,moviegen,runs/backfill_flowcache_prune_int2_f163dc4eb7a9_10s,/data/vaishak/combined-kv-quant/results/runs/backfill_flowcache_prune_int2_f163dc4eb7a9_10s,backfill_flowcache_prune_int2_f163dc4eb7a9_10s,FLOWCACHE_PRUNE_INT2,FLOWCACHE_PRUNE,2,,,f163dc4eb7a9,"{""benchmark"":""moviegen"",""bits"":2,""cache_policy"":{""cadence"":null,""recent_blocks"":null},""method"":""FLOWCACHE_PRUNE_INT2"",""method_family"":""FLOWCACHE_PRUNE"",""quant_meta"":{""flowcache_prune_config_chunk_recent_ratio"":0.25,""flowcache_prune_config_important_old_ratio"":0.1,""flowcache_prune_config_retained_old_ratio"":0.45,""flowcache_prune_old_bits"":2.0,""flowcache_prune_recent_bits"":4.0,""flowcache_prune_refresh_gap_chunks"":1.0}}",combined_backfill,"{""flowcache_prune_config_chunk_recent_ratio"": 0.25, ""flowcache_prune_config_important_old_ratio"": 0.1, ""flowcache_prune_config_retained_old_ratio"": 0.45, ""flowcache_prune_old_bits"": 2.0, ""flowcache_prune_recent_bits"": 4.0, ""flowcache_prune_refresh_gap_chunks"": 1.0}",10,10,10,True,True,True,True,False,True,165,10.3125,True,True,True,True,True,True,,15.319278736560355,0.45783463000532165,0.48077072565556705,0.8923476800685975,0.6211916660424436,0.8249634847590109,0.5190238386392594,6.837159401322447,726.0576951052062,12571744256
vaishak,/data/vaishak/kv-quant-longhorizon/results,moviegen,runs/flowcache_prune_smoke_1772843810,/data/vaishak/kv-quant-longhorizon/results/runs/flowcache_prune_smoke_1772843810,flowcache_prune_smoke,FLOWCACHE_PRUNE_INT2,FLOWCACHE_PRUNE,2,,,990b60e0bbd4,"{""benchmark"":""moviegen"",""bits"":2,""cache_policy"":{""cadence"":null,""recent_blocks"":null},""method"":""FLOWCACHE_PRUNE_INT2"",""method_family"":""FLOWCACHE_PRUNE"",""quant_meta"":{""flowcache_importance_alpha"":0.7,""flowcache_importance_beta"":0.3,""flowcache_old_method"":""RTN"",""flowcache_prune_config_chunk_recent_ratio"":0.25,""flowcache_prune_config_important_old_ratio"":0.1,""flowcache_prune_config_retained_old_ratio"":0.3,""flowcache_prune_old_bits"":2.0,""flowcache_prune_recent_bits"":4.0,""flowcache_prune_refresh_gap_chunks"":1.0,""flowcache_recent_bits"":4,""flowcache_recent_method"":""RTN""}}",flowcache_prune_experiment,"{""flowcache_importance_alpha"": 0.7, ""flowcache_importance_beta"": 0.3, ""flowcache_old_method"": ""RTN"", ""flowcache_prune_config_chunk_recent_ratio"": 0.25, ""flowcache_prune_config_important_old_ratio"": 0.1, ""flowcache_prune_config_retained_old_ratio"": 0.3, ""flowcache_prune_old_bits"": 2.0, ""flowcache_prune_recent_bits"": 4.0, ""flowcache_prune_refresh_gap_chunks"": 1.0, ""flowcache_recent_bits"": 4, ""flowcache_recent_method"": ""RTN""}",1,1,1,True,True,True,True,False,True,81,5.0625,False,True,True,True,True,False,,10.766447355694627,0.16895430931128483,0.6309660910111334,0.803936767578125,0.526939340285313,0.6084885734599084,0.41928061842918396,6.863768075455704,29.82083276985213,11086091776
vaishak,/data/vaishak/kv-quant-longhorizon/results,moviegen,runs/flowcache_soft_prune_smoke_1772845366,/data/vaishak/kv-quant-longhorizon/results/runs/flowcache_soft_prune_smoke_1772845366,flowcache_soft_prune_smoke,FLOWCACHE_PRUNE_INT2,FLOWCACHE_PRUNE,2,,,f163dc4eb7a9,"{""benchmark"":""moviegen"",""bits"":2,""cache_policy"":{""cadence"":null,""recent_blocks"":null},""method"":""FLOWCACHE_PRUNE_INT2"",""method_family"":""FLOWCACHE_PRUNE"",""quant_meta"":{""flowcache_importance_alpha"":0.7,""flowcache_importance_beta"":0.3,""flowcache_old_method"":""RTN"",""flowcache_prune_config_chunk_recent_ratio"":0.25,""flowcache_prune_config_important_old_ratio"":0.1,""flowcache_prune_config_retained_old_ratio"":0.45,""flowcache_prune_old_bits"":2.0,""flowcache_prune_recent_bits"":4.0,""flowcache_prune_refresh_gap_chunks"":1.0,""flowcache_recent_bits"":4,""flowcache_recent_method"":""RTN""}}",flowcache_soft_prune_experiment,"{""flowcache_importance_alpha"": 0.7, ""flowcache_importance_beta"": 0.3, ""flowcache_old_method"": ""RTN"", ""flowcache_prune_config_chunk_recent_ratio"": 0.25, ""flowcache_prune_config_important_old_ratio"": 0.1, ""flowcache_prune_config_retained_old_ratio"": 0.45, ""flowcache_prune_old_bits"": 2.0, ""flowcache_prune_recent_bits"": 4.0, ""flowcache_prune_refresh_gap_chunks"": 1.0, ""flowcache_recent_bits"": 4, ""flowcache_recent_method"": ""RTN""}",1,1,1,True,True,True,True,False,True,81,5.0625,False,True,True,True,True,False,,13.332419955332087,0.3009712177504004,0.5377115758687809,0.9047607421875,0.45263940151826837,0.8566948350518941,0.5688440203666687,7.533718911336223,27.83994115004316,11036212224
combined,/data/vaishak/combined-kv-quant/results,moviegen,runs/backfill_flowcache_prune_int4_27bbc04277fe_10s,/data/vaishak/combined-kv-quant/results/runs/backfill_flowcache_prune_int4_27bbc04277fe_10s,backfill_flowcache_prune_int4_27bbc04277fe_10s,FLOWCACHE_PRUNE_INT4,FLOWCACHE_PRUNE,4,,,27bbc04277fe,"{""benchmark"":""moviegen"",""bits"":4,""cache_policy"":{""cadence"":null,""recent_blocks"":null},""method"":""FLOWCACHE_PRUNE_INT4"",""method_family"":""FLOWCACHE_PRUNE"",""quant_meta"":{""flowcache_prune_config_chunk_recent_ratio"":0.25,""flowcache_prune_config_important_old_ratio"":0.1,""flowcache_prune_config_retained_old_ratio"":0.45,""flowcache_prune_old_bits"":4.0,""flowcache_prune_recent_bits"":4.0,""flowcache_prune_refresh_gap_chunks"":1.0}}",combined_backfill,"{""flowcache_prune_config_chunk_recent_ratio"": 0.25, ""flowcache_prune_config_important_old_ratio"": 0.1, ""flowcache_prune_config_retained_old_ratio"": 0.45, ""flowcache_prune_old_bits"": 4.0, ""flowcache_prune_recent_bits"": 4.0, ""flowcache_prune_refresh_gap_chunks"": 1.0}",10,10,10,True,True,True,True,False,True,165,10.3125,True,True,True,True,True,True,,15.30039834083438,0.45688496476167184,0.41186651332825985,0.9343040652391387,0.7269371415109346,0.9162930477592276,0.6443885028362274,5.498061668232775,722.210502914153,12571744256
vaishak,/data/vaishak/kv-quant-longhorizon/results,moviegen,runs/flowcache_soft_prune_int4_multiprompt_1772851813,/data/vaishak/kv-quant-longhorizon/results/runs/flowcache_soft_prune_int4_multiprompt_1772851813,flowcache_soft_prune_int4_multiprompt,FLOWCACHE_PRUNE_INT4,FLOWCACHE_PRUNE,4,,,27bbc04277fe,"{""benchmark"":""moviegen"",""bits"":4,""cache_policy"":{""cadence"":null,""recent_blocks"":null},""method"":""FLOWCACHE_PRUNE_INT4"",""method_family"":""FLOWCACHE_PRUNE"",""quant_meta"":{""flowcache_importance_alpha"":0.7,""flowcache_importance_beta"":0.3,""flowcache_old_method"":""RTN"",""flowcache_prune_config_chunk_recent_ratio"":0.25,""flowcache_prune_config_important_old_ratio"":0.1,""flowcache_prune_config_retained_old_ratio"":0.45,""flowcache_prune_old_bits"":4.0,""flowcache_prune_recent_bits"":4.0,""flowcache_prune_refresh_gap_chunks"":1.0,""flowcache_recent_bits"":4,""flowcache_recent_method"":""RTN""}}",flowcache_soft_prune_experiment,"{""flowcache_importance_alpha"": 0.7, ""flowcache_importance_beta"": 0.3, ""flowcache_old_method"": ""RTN"", ""flowcache_prune_config_chunk_recent_ratio"": 0.25, ""flowcache_prune_config_important_old_ratio"": 0.1, ""flowcache_prune_config_retained_old_ratio"": 0.45, ""flowcache_prune_old_bits"": 4.0, ""flowcache_prune_recent_bits"": 4.0, ""flowcache_prune_refresh_gap_chunks"": 1.0, ""flowcache_recent_bits"": 4, ""flowcache_recent_method"": ""RTN""}",5,5,5,True,True,True,True,False,True,81,5.0625,False,True,True,True,True,False,,17.425523542334993,0.5032311745641507,0.3469301551885121,0.9350390625,0.6944858864678278,0.9142784510552883,0.6326996445655823,5.971473273282396,147.64522543316707,11428479488
vaishak,/data/vaishak/kv-quant-longhorizon/results,moviegen,runs/flowcache_soft_prune_smoke_1772845366,/data/vaishak/kv-quant-longhorizon/results/runs/flowcache_soft_prune_smoke_1772845366,flowcache_soft_prune_smoke,FLOWCACHE_PRUNE_INT4,FLOWCACHE_PRUNE,4,,,27bbc04277fe,"{""benchmark"":""moviegen"",""bits"":4,""cache_policy"":{""cadence"":null,""recent_blocks"":null},""method"":""FLOWCACHE_PRUNE_INT4"",""method_family"":""FLOWCACHE_PRUNE"",""quant_meta"":{""flowcache_importance_alpha"":0.7,""flowcache_importance_beta"":0.3,""flowcache_old_method"":""RTN"",""flowcache_prune_config_chunk_recent_ratio"":0.25,""flowcache_prune_config_important_old_ratio"":0.1,""flowcache_prune_config_retained_old_ratio"":0.45,""flowcache_prune_old_bits"":4.0,""flowcache_prune_recent_bits"":4.0,""flowcache_prune_refresh_gap_chunks"":1.0,""flowcache_recent_bits"":4,""flowcache_recent_method"":""RTN""}}",flowcache_soft_prune_experiment,"{""flowcache_importance_alpha"": 0.7, ""flowcache_importance_beta"": 0.3, ""flowcache_old_method"": ""RTN"", ""flowcache_prune_config_chunk_recent_ratio"": 0.25, ""flowcache_prune_config_important_old_ratio"": 0.1, ""flowcache_prune_config_retained_old_ratio"": 0.45, ""flowcache_prune_old_bits"": 4.0, ""flowcache_prune_recent_bits"": 4.0, ""flowcache_prune_refresh_gap_chunks"": 1.0, ""flowcache_recent_bits"": 4, ""flowcache_recent_method"": ""RTN""}",1,1,1,True,True,True,True,False,True,81,5.0625,False,True,True,True,True,False,,13.373786203914207,0.32606580823510933,0.47085103105155773,0.9404510498046875,0.5634148096155237,0.8963438771665097,0.6387668251991272,5.971291866028708,27.947330934926867,11036212224
combined,/data/vaishak/combined-kv-quant/results,moviegen,runs/backfill_flowcache_soft_prune_int2_24b7f6c1cfbb_10s,/data/vaishak/combined-kv-quant/results/runs/backfill_flowcache_soft_prune_int2_24b7f6c1cfbb_10s,backfill_flowcache_soft_prune_int2_24b7f6c1cfbb_10s,FLOWCACHE_SOFT_PRUNE_INT2,FLOWCACHE_SOFT_PRUNE,2,,,24b7f6c1cfbb,"{""benchmark"":""moviegen"",""bits"":2,""cache_policy"":{""cadence"":null,""recent_blocks"":null},""method"":""FLOWCACHE_SOFT_PRUNE_INT2"",""method_family"":""FLOWCACHE_SOFT_PRUNE"",""quant_meta"":{""flowcache_soft_prune_config_chunk_recent_ratio"":0.25,""flowcache_soft_prune_config_important_old_ratio"":0.1,""flowcache_soft_prune_config_retained_old_ratio"":0.45,""flowcache_soft_prune_old_bits"":2.0,""flowcache_soft_prune_recent_bits"":4.0,""flowcache_soft_prune_refresh_gap_chunks"":1.0}}",combined_backfill,"{""flowcache_soft_prune_config_chunk_recent_ratio"": 0.25, ""flowcache_soft_prune_config_important_old_ratio"": 0.1, ""flowcache_soft_prune_config_retained_old_ratio"": 0.45, ""flowcache_soft_prune_old_bits"": 2.0, ""flowcache_soft_prune_recent_bits"": 4.0, ""flowcache_soft_prune_refresh_gap_chunks"": 1.0}",10,10,10,True,True,True,True,False,True,165,10.3125,True,True,True,True,True,True,,15.837993563094821,0.4822011933943792,0.43980203017775865,0.9066181461985519,0.6622621002428459,0.8522941766261327,0.5606839478015899,6.824545203105587,761.1785025922582,12575000576
vaishak,/data/vaishak/kv-quant-longhorizon/results,moviegen,runs/flowcache_soft_prune_int4_multiprompt_1772851813,/data/vaishak/kv-quant-longhorizon/results/runs/flowcache_soft_prune_int4_multiprompt_1772851813,flowcache_soft_prune_int4_multiprompt,FLOWCACHE_SOFT_PRUNE_INT2,FLOWCACHE_SOFT_PRUNE,2,,,24b7f6c1cfbb,"{""benchmark"":""moviegen"",""bits"":2,""cache_policy"":{""cadence"":null,""recent_blocks"":null},""method"":""FLOWCACHE_SOFT_PRUNE_INT2"",""method_family"":""FLOWCACHE_SOFT_PRUNE"",""quant_meta"":{""flowcache_importance_alpha"":0.7,""flowcache_importance_beta"":0.3,""flowcache_old_method"":""RTN"",""flowcache_recent_bits"":4,""flowcache_recent_method"":""RTN"",""flowcache_soft_prune_config_chunk_recent_ratio"":0.25,""flowcache_soft_prune_config_important_old_ratio"":0.1,""flowcache_soft_prune_config_retained_old_ratio"":0.45,""flowcache_soft_prune_old_bits"":2.0,""flowcache_soft_prune_recent_bits"":4.0,""flowcache_soft_prune_refresh_gap_chunks"":1.0}}",flowcache_soft_prune_experiment,"{""flowcache_importance_alpha"": 0.7, ""flowcache_importance_beta"": 0.3, ""flowcache_old_method"": ""RTN"", ""flowcache_recent_bits"": 4, ""flowcache_recent_method"": ""RTN"", ""flowcache_soft_prune_config_chunk_recent_ratio"": 0.25, ""flowcache_soft_prune_config_important_old_ratio"": 0.1, ""flowcache_soft_prune_config_retained_old_ratio"": 0.45, ""flowcache_soft_prune_old_bits"": 2.0, ""flowcache_soft_prune_recent_bits"": 4.0, ""flowcache_soft_prune_refresh_gap_chunks"": 1.0}",5,5,5,True,True,True,True,False,True,81,5.0625,False,True,True,True,True,False,,17.564204129350305,0.5193556337644429,0.3343977445541065,0.9507537841796875,0.6867733571558822,0.9271156613528728,0.6234148025512696,7.5169069816940075,152.38488609809428,11430285824
vaishak,/data/vaishak/kv-quant-longhorizon/results,moviegen,runs/flowcache_soft_prune_smoke_1772845366,/data/vaishak/kv-quant-longhorizon/results/runs/flowcache_soft_prune_smoke_1772845366,flowcache_soft_prune_smoke,FLOWCACHE_SOFT_PRUNE_INT2,FLOWCACHE_SOFT_PRUNE,2,,,24b7f6c1cfbb,"{""benchmark"":""moviegen"",""bits"":2,""cache_policy"":{""cadence"":null,""recent_blocks"":null},""method"":""FLOWCACHE_SOFT_PRUNE_INT2"",""method_family"":""FLOWCACHE_SOFT_PRUNE"",""quant_meta"":{""flowcache_importance_alpha"":0.7,""flowcache_importance_beta"":0.3,""flowcache_old_method"":""RTN"",""flowcache_recent_bits"":4,""flowcache_recent_method"":""RTN"",""flowcache_soft_prune_config_chunk_recent_ratio"":0.25,""flowcache_soft_prune_config_important_old_ratio"":0.1,""flowcache_soft_prune_config_retained_old_ratio"":0.45,""flowcache_soft_prune_old_bits"":2.0,""flowcache_soft_prune_recent_bits"":4.0,""flowcache_soft_prune_refresh_gap_chunks"":1.0}}",flowcache_soft_prune_experiment,"{""flowcache_importance_alpha"": 0.7, ""flowcache_importance_beta"": 0.3, ""flowcache_old_method"": ""RTN"", ""flowcache_recent_bits"": 4, ""flowcache_recent_method"": ""RTN"", ""flowcache_soft_prune_config_chunk_recent_ratio"": 0.25, ""flowcache_soft_prune_config_important_old_ratio"": 0.1, ""flowcache_soft_prune_config_retained_old_ratio"": 0.45, ""flowcache_soft_prune_old_bits"": 2.0, ""flowcache_soft_prune_recent_bits"": 4.0, ""flowcache_soft_prune_refresh_gap_chunks"": 1.0}",1,1,1,True,True,True,True,False,True,81,5.0625,False,True,True,True,True,False,,12.826878565432693,0.29942751926372735,0.5105980734950231,0.923638916015625,0.5745009655422635,0.89451276473701,0.6083127856254578,7.516734507353049,28.912778933998197,11038018560
combined,/data/vaishak/combined-kv-quant/results,moviegen,runs/backfill_flowcache_soft_prune_int4_5f5a998802bd_10s,/data/vaishak/combined-kv-quant/results/runs/backfill_flowcache_soft_prune_int4_5f5a998802bd_10s,backfill_flowcache_soft_prune_int4_5f5a998802bd_10s,FLOWCACHE_SOFT_PRUNE_INT4,FLOWCACHE_SOFT_PRUNE,4,,,5f5a998802bd,"{""benchmark"":""moviegen"",""bits"":4,""cache_policy"":{""cadence"":null,""recent_blocks"":null},""method"":""FLOWCACHE_SOFT_PRUNE_INT4"",""method_family"":""FLOWCACHE_SOFT_PRUNE"",""quant_meta"":{""flowcache_soft_prune_config_chunk_recent_ratio"":0.25,""flowcache_soft_prune_config_important_old_ratio"":0.1,""flowcache_soft_prune_config_retained_old_ratio"":0.45,""flowcache_soft_prune_old_bits"":4.0,""flowcache_soft_prune_recent_bits"":4.0,""flowcache_soft_prune_refresh_gap_chunks"":1.0}}",combined_backfill,"{""flowcache_soft_prune_config_chunk_recent_ratio"": 0.25, ""flowcache_soft_prune_config_important_old_ratio"": 0.1, ""flowcache_soft_prune_config_retained_old_ratio"": 0.45, ""flowcache_soft_prune_old_bits"": 4.0, ""flowcache_soft_prune_recent_bits"": 4.0, ""flowcache_soft_prune_refresh_gap_chunks"": 1.0}",10,10,10,True,True,True,True,False,True,165,10.3125,True,True,True,True,True,True,,17.673425812234832,0.5441752781228474,0.29745334073499013,0.9475742247046494,0.7390279605749882,0.9461035509298488,0.6552892684936523,5.4899017762036495,749.9540415573865,12575000576
vaishak,/data/vaishak/kv-quant-longhorizon/results,moviegen,runs/flowcache_native_smoke_1772867470,/data/vaishak/kv-quant-longhorizon/results/runs/flowcache_native_smoke_1772867470,flowcache_native_smoke,FLOWCACHE_SOFT_PRUNE_INT4,FLOWCACHE_SOFT_PRUNE,4,,,5f5a998802bd,"{""benchmark"":""moviegen"",""bits"":4,""cache_policy"":{""cadence"":null,""recent_blocks"":null},""method"":""FLOWCACHE_SOFT_PRUNE_INT4"",""method_family"":""FLOWCACHE_SOFT_PRUNE"",""quant_meta"":{""flowcache_importance_alpha"":0.7,""flowcache_importance_beta"":0.3,""flowcache_old_method"":""RTN"",""flowcache_recent_bits"":4,""flowcache_recent_method"":""RTN"",""flowcache_soft_prune_config_chunk_recent_ratio"":0.25,""flowcache_soft_prune_config_important_old_ratio"":0.1,""flowcache_soft_prune_config_retained_old_ratio"":0.45,""flowcache_soft_prune_old_bits"":4.0,""flowcache_soft_prune_recent_bits"":4.0,""flowcache_soft_prune_refresh_gap_chunks"":1.0}}",flowcache_native_experiment,"{""flowcache_importance_alpha"": 0.7, ""flowcache_importance_beta"": 0.3, ""flowcache_old_method"": ""RTN"", ""flowcache_recent_bits"": 4, ""flowcache_recent_method"": ""RTN"", ""flowcache_soft_prune_config_chunk_recent_ratio"": 0.25, ""flowcache_soft_prune_config_important_old_ratio"": 0.1, ""flowcache_soft_prune_config_retained_old_ratio"": 0.45, ""flowcache_soft_prune_old_bits"": 4.0, ""flowcache_soft_prune_recent_bits"": 4.0, ""flowcache_soft_prune_refresh_gap_chunks"": 1.0}",1,1,1,True,True,False,True,False,False,81,5.0625,False,False,True,True,False,False,fidelity,,,,0.9409027099609375,0.6356322399186499,0.9295605648308992,0.6651140451431274,5.9606167847986224,28.7772708106786,11038018560
vaishak,/data/vaishak/kv-quant-longhorizon/results,moviegen,runs/flowcache_native_smoke_v2_1772868427,/data/vaishak/kv-quant-longhorizon/results/runs/flowcache_native_smoke_v2_1772868427,flowcache_native_smoke_v2,FLOWCACHE_SOFT_PRUNE_INT4,FLOWCACHE_SOFT_PRUNE,4,,,5f5a998802bd,"{""benchmark"":""moviegen"",""bits"":4,""cache_policy"":{""cadence"":null,""recent_blocks"":null},""method"":""FLOWCACHE_SOFT_PRUNE_INT4"",""method_family"":""FLOWCACHE_SOFT_PRUNE"",""quant_meta"":{""flowcache_importance_alpha"":0.7,""flowcache_importance_beta"":0.3,""flowcache_old_method"":""RTN"",""flowcache_recent_bits"":4,""flowcache_recent_method"":""RTN"",""flowcache_soft_prune_config_chunk_recent_ratio"":0.25,""flowcache_soft_prune_config_important_old_ratio"":0.1,""flowcache_soft_prune_config_retained_old_ratio"":0.45,""flowcache_soft_prune_old_bits"":4.0,""flowcache_soft_prune_recent_bits"":4.0,""flowcache_soft_prune_refresh_gap_chunks"":1.0}}",flowcache_native_experiment,"{""flowcache_importance_alpha"": 0.7, ""flowcache_importance_beta"": 0.3, ""flowcache_old_method"": ""RTN"", ""flowcache_recent_bits"": 4, ""flowcache_recent_method"": ""RTN"", ""flowcache_soft_prune_config_chunk_recent_ratio"": 0.25, ""flowcache_soft_prune_config_important_old_ratio"": 0.1, ""flowcache_soft_prune_config_retained_old_ratio"": 0.45, ""flowcache_soft_prune_old_bits"": 4.0, ""flowcache_soft_prune_recent_bits"": 4.0, ""flowcache_soft_prune_refresh_gap_chunks"": 1.0}",1,1,1,True,True,True,True,False,True,81,5.0625,False,True,True,True,True,False,,15.204047201538186,0.397242497211353,0.38057569690899534,0.9409027099609375,0.6356322399186499,0.9295605648308992,0.6651140451431274,5.9606167847986224,28.730545337777585,11038018560
vaishak,/data/vaishak/kv-quant-longhorizon/results,moviegen,runs/flowcache_soft_prune_int4_multiprompt_1772851813,/data/vaishak/kv-quant-longhorizon/results/runs/flowcache_soft_prune_int4_multiprompt_1772851813,flowcache_soft_prune_int4_multiprompt,FLOWCACHE_SOFT_PRUNE_INT4,FLOWCACHE_SOFT_PRUNE,4,,,5f5a998802bd,"{""benchmark"":""moviegen"",""bits"":4,""cache_policy"":{""cadence"":null,""recent_blocks"":null},""method"":""FLOWCACHE_SOFT_PRUNE_INT4"",""method_family"":""FLOWCACHE_SOFT_PRUNE"",""quant_meta"":{""flowcache_importance_alpha"":0.7,""flowcache_importance_beta"":0.3,""flowcache_old_method"":""RTN"",""flowcache_recent_bits"":4,""flowcache_recent_method"":""RTN"",""flowcache_soft_prune_config_chunk_recent_ratio"":0.25,""flowcache_soft_prune_config_important_old_ratio"":0.1,""flowcache_soft_prune_config_retained_old_ratio"":0.45,""flowcache_soft_prune_old_bits"":4.0,""flowcache_soft_prune_recent_bits"":4.0,""flowcache_soft_prune_refresh_gap_chunks"":1.0}}",flowcache_soft_prune_experiment,"{""flowcache_importance_alpha"": 0.7, ""flowcache_importance_beta"": 0.3, ""flowcache_old_method"": ""RTN"", ""flowcache_recent_bits"": 4, ""flowcache_recent_method"": ""RTN"", ""flowcache_soft_prune_config_chunk_recent_ratio"": 0.25, ""flowcache_soft_prune_config_important_old_ratio"": 0.1, ""flowcache_soft_prune_config_retained_old_ratio"": 0.45, ""flowcache_soft_prune_old_bits"": 4.0, ""flowcache_soft_prune_recent_bits"": 4.0, ""flowcache_soft_prune_refresh_gap_chunks"": 1.0}",5,5,5,True,True,True,True,False,True,81,5.0625,False,True,True,True,True,False,,19.122712817823164,0.5613559862227291,0.2652095498356186,0.9559613037109375,0.7189606014298804,0.94976548217237,0.669857132434845,5.960797544006455,150.85130679793656,11430285824
suraj,/data/suraj/kv-quant-longhorizon/results,moviegen,legacy_root,/data/suraj/kv-quant-longhorizon/results,results,KIVI_INT2,KIVI,2,,,07ef11189f21,"{""benchmark"":""moviegen"",""bits"":2,""cache_policy"":{""cadence"":null,""recent_blocks"":null},""method"":""KIVI_INT2"",""method_family"":""KIVI"",""quant_meta"":{}}",,{},10,10,10,False,True,True,True,False,True,81,5.0625,False,True,True,False,True,False,vram_trace,13.711081094896636,0.3202014642056962,0.5895789051724505,0.8471348571777344,0.6448243404906472,0.7139475532982033,0.49794585406780245,5.313581314878893,366.2875601868145,20459996160
suraj,/data/suraj/kv-quant-longhorizon/results,moviegen,runs/1772742389_baseline10_memfix_clean,/data/suraj/kv-quant-longhorizon/results/runs/1772742389_baseline10_memfix_clean,baseline10_memfix_clean,KIVI_INT2,KIVI,2,,,07ef11189f21,"{""benchmark"":""moviegen"",""bits"":2,""cache_policy"":{""cadence"":null,""recent_blocks"":null},""method"":""KIVI_INT2"",""method_family"":""KIVI"",""quant_meta"":{}}",,{},10,10,10,False,True,True,True,False,True,81,5.0625,False,True,True,False,True,False,vram_trace,13.711081094896636,0.3202014642056962,0.5895789051724505,0.8471348571777344,0.6448243404906472,0.7139475532982033,0.49794585406780245,5.313581314878893,361.7083448152989,14421672960
suraj,/data/suraj/kv-quant-longhorizon/results,moviegen,runs/1772751420_baseline10s_10prompts_v3,/data/suraj/kv-quant-longhorizon/results/runs/1772751420_baseline10s_10prompts_v3,baseline10s_10prompts_v3,KIVI_INT2,KIVI,2,,,07ef11189f21,"{""benchmark"":""moviegen"",""bits"":2,""cache_policy"":{""cadence"":null,""recent_blocks"":null},""method"":""KIVI_INT2"",""method_family"":""KIVI"",""quant_meta"":{}}",,{},10,10,10,True,True,True,True,False,True,165,10.3125,True,True,True,True,True,True,,11.423966466590008,0.24141361134470113,0.6714347249626493,0.8174360321789254,0.6211140776663115,0.6682321528586127,0.4612638741731644,5.314878892733564,954.7730955900624,21464555520
suraj,/data/suraj/kv-quant-longhorizon/results,moviegen,runs/1773110004_presentation_moviegen_fullmatrix,/data/suraj/kv-quant-longhorizon/results/runs/1773110004_presentation_moviegen_fullmatrix,presentation_moviegen_fullmatrix,KIVI_INT2,KIVI,2,,,07ef11189f21,"{""benchmark"":""moviegen"",""bits"":2,""cache_policy"":{""cadence"":null,""recent_blocks"":null},""method"":""KIVI_INT2"",""method_family"":""KIVI"",""quant_meta"":{}}",,{},10,10,10,True,True,True,True,False,True,165,10.3125,True,True,True,True,True,True,,11.423966466590008,0.24141361134470113,0.6714347249626493,0.8174360321789254,0.6211140776663115,0.6682321528586127,0.4612638741731644,5.314878892733564,954.7730955900624,21464555520
vaishak,/data/vaishak/kv-quant-longhorizon/results,moviegen,legacy_root,/data/vaishak/kv-quant-longhorizon/results,results,KIVI_INT2,KIVI,2,,,07ef11189f21,"{""benchmark"":""moviegen"",""bits"":2,""cache_policy"":{""cadence"":null,""recent_blocks"":null},""method"":""KIVI_INT2"",""method_family"":""KIVI"",""quant_meta"":{}}",,{},10,10,10,False,True,True,True,False,True,81,5.0625,False,True,True,False,True,False,vram_trace,13.711081094896636,0.3202014642056962,0.5895789051724505,0.8471348571777344,0.6448243404906472,0.7139475532982033,0.49794585406780245,5.313581314878893,366.2875601868145,20459996160
vaishak,/data/vaishak/kv-quant-longhorizon/results,moviegen,runs/1772742389_baseline10_memfix_clean,/data/vaishak/kv-quant-longhorizon/results/runs/1772742389_baseline10_memfix_clean,baseline10_memfix_clean,KIVI_INT2,KIVI,2,,,07ef11189f21,"{""benchmark"":""moviegen"",""bits"":2,""cache_policy"":{""cadence"":null,""recent_blocks"":null},""method"":""KIVI_INT2"",""method_family"":""KIVI"",""quant_meta"":{}}",,{},10,10,10,False,True,True,True,False,True,81,5.0625,False,True,True,False,True,False,vram_trace,13.711081094896636,0.3202014642056962,0.5895789051724505,0.8471348571777344,0.6448243404906472,0.7139475532982033,0.49794585406780245,5.313581314878893,361.7083448152989,14421672960
vaishak,/data/vaishak/kv-quant-longhorizon/results,moviegen,runs/1772751420_baseline10s_10prompts_v3,/data/vaishak/kv-quant-longhorizon/results/runs/1772751420_baseline10s_10prompts_v3,baseline10s_10prompts_v3,KIVI_INT2,KIVI,2,,,07ef11189f21,"{""benchmark"":""moviegen"",""bits"":2,""cache_policy"":{""cadence"":null,""recent_blocks"":null},""method"":""KIVI_INT2"",""method_family"":""KIVI"",""quant_meta"":{}}",,{},10,10,10,True,True,True,True,False,False,165,10.3125,True,True,True,True,True,True,,11.423966466590008,0.24141361134470113,0.6714347249626493,0.8174360321789254,0.6211140776663115,0.6682321528586127,0.4612638741731644,5.314878892733564,954.7730955900624,21464555520
suraj,/data/suraj/kv-quant-longhorizon/results,moviegen,legacy_root,/data/suraj/kv-quant-longhorizon/results,results,KIVI_INT4,KIVI,4,,,69f09414a336,"{""benchmark"":""moviegen"",""bits"":4,""cache_policy"":{""cadence"":null,""recent_blocks"":null},""method"":""KIVI_INT4"",""method_family"":""KIVI"",""quant_meta"":{}}",,{},10,10,10,False,True,True,True,False,True,81,5.0625,False,True,True,False,True,False,vram_trace,15.426766070606556,0.4548472715021779,0.469205145872727,0.928018798828125,0.7029167186595777,0.8967431105300784,0.6141747891902923,3.1925675675675675,371.118008508347,20459996160
suraj,/data/suraj/kv-quant-longhorizon/results,moviegen,runs/1772742389_baseline10_memfix_clean,/data/suraj/kv-quant-longhorizon/results/runs/1772742389_baseline10_memfix_clean,baseline10_memfix_clean,KIVI_INT4,KIVI,4,,,69f09414a336,"{""benchmark"":""moviegen"",""bits"":4,""cache_policy"":{""cadence"":null,""recent_blocks"":null},""method"":""KIVI_INT4"",""method_family"":""KIVI"",""quant_meta"":{}}",,{},10,10,10,False,True,True,True,False,True,81,5.0625,False,True,True,False,True,False,vram_trace,15.426766070606556,0.4548472715021779,0.469205145872727,0.928018798828125,0.7029167186595777,0.8967431105300784,0.6141747891902923,3.1925675675675675,367.0221190182492,14421672960
suraj,/data/suraj/kv-quant-longhorizon/results,moviegen,runs/1772751420_baseline10s_10prompts_v3,/data/suraj/kv-quant-longhorizon/results/runs/1772751420_baseline10s_10prompts_v3,baseline10s_10prompts_v3,KIVI_INT4,KIVI,4,,,69f09414a336,"{""benchmark"":""moviegen"",""bits"":4,""cache_policy"":{""cadence"":null,""recent_blocks"":null},""method"":""KIVI_INT4"",""method_family"":""KIVI"",""quant_meta"":{}}",,{},10,10,10,True,True,True,True,False,True,165,10.3125,True,True,True,True,True,True,,13.069844169550578,0.4047657250155353,0.5708676137807638,0.9146398032583841,0.6812060567913634,0.8712520774363017,0.6032911539077759,3.1933471933471935,926.8624277589843,21464555520
suraj,/data/suraj/kv-quant-longhorizon/results,moviegen,runs/1773110004_presentation_moviegen_fullmatrix,/data/suraj/kv-quant-longhorizon/results/runs/1773110004_presentation_moviegen_fullmatrix,presentation_moviegen_fullmatrix,KIVI_INT4,KIVI,4,,,69f09414a336,"{""benchmark"":""moviegen"",""bits"":4,""cache_policy"":{""cadence"":null,""recent_blocks"":null},""method"":""KIVI_INT4"",""method_family"":""KIVI"",""quant_meta"":{}}",,{},10,10,10,True,True,True,True,False,True,165,10.3125,True,True,True,True,True,True,,13.069844169550578,0.4047657250155353,0.5708676137807638,0.9146398032583841,0.6812060567913634,0.8712520774363017,0.6032911539077759,3.1933471933471935,926.8624277589843,21464555520
vaishak,/data/vaishak/kv-quant-longhorizon/results,moviegen,legacy_root,/data/vaishak/kv-quant-longhorizon/results,results,KIVI_INT4,KIVI,4,,,69f09414a336,"{""benchmark"":""moviegen"",""bits"":4,""cache_policy"":{""cadence"":null,""recent_blocks"":null},""method"":""KIVI_INT4"",""method_family"":""KIVI"",""quant_meta"":{}}",,{},10,10,10,False,True,True,True,False,True,81,5.0625,False,True,True,False,True,False,vram_trace,15.426766070606556,0.4548472715021779,0.469205145872727,0.928018798828125,0.7029167186595777,0.8967431105300784,0.6141747891902923,3.1925675675675675,371.118008508347,20459996160
vaishak,/data/vaishak/kv-quant-longhorizon/results,moviegen,runs/1772742389_baseline10_memfix_clean,/data/vaishak/kv-quant-longhorizon/results/runs/1772742389_baseline10_memfix_clean,baseline10_memfix_clean,KIVI_INT4,KIVI,4,,,69f09414a336,"{""benchmark"":""moviegen"",""bits"":4,""cache_policy"":{""cadence"":null,""recent_blocks"":null},""method"":""KIVI_INT4"",""method_family"":""KIVI"",""quant_meta"":{}}",,{},10,10,10,False,True,True,True,False,True,81,5.0625,False,True,True,False,True,False,vram_trace,15.426766070606556,0.4548472715021779,0.469205145872727,0.928018798828125,0.7029167186595777,0.8967431105300784,0.6141747891902923,3.1925675675675675,367.0221190182492,14421672960
vaishak,/data/vaishak/kv-quant-longhorizon/results,moviegen,runs/1772751420_baseline10s_10prompts_v3,/data/vaishak/kv-quant-longhorizon/results/runs/1772751420_baseline10s_10prompts_v3,baseline10s_10prompts_v3,KIVI_INT4,KIVI,4,,,69f09414a336,"{""benchmark"":""moviegen"",""bits"":4,""cache_policy"":{""cadence"":null,""recent_blocks"":null},""method"":""KIVI_INT4"",""method_family"":""KIVI"",""quant_meta"":{}}",,{},10,10,10,True,True,True,True,False,False,165,10.3125,True,True,True,True,True,True,,13.069844169550578,0.4047657250155353,0.5708676137807638,0.9146398032583841,0.6812060567913634,0.8712520774363017,0.6032911539077759,3.1933471933471935,926.8624277589843,21464555520
vaishak,/data/vaishak/kv-quant-longhorizon/results,moviegen,runs/spatial_mixed_smoke_1772758158,/data/vaishak/kv-quant-longhorizon/results/runs/spatial_mixed_smoke_1772758158,spatial_mixed_smoke,KIVI_INT4,KIVI,4,,,69f09414a336,"{""benchmark"":""moviegen"",""bits"":4,""cache_policy"":{""cadence"":null,""recent_blocks"":null},""method"":""KIVI_INT4"",""method_family"":""KIVI"",""quant_meta"":{}}",spatial_mixed_balanced,{},1,1,1,True,True,False,False,False,False,81,5.0625,False,False,True,True,False,False,fidelity;vbench,,,,,,,,3.1925675675675675,34.639146958943456,14033991680
vaishak,/data/vaishak/kv-quant-longhorizon/results,moviegen,runs/spatial_mixed_smoke_1772758615,/data/vaishak/kv-quant-longhorizon/results/runs/spatial_mixed_smoke_1772758615,spatial_mixed_smoke,KIVI_INT4,KIVI,4,,,69f09414a336,"{""benchmark"":""moviegen"",""bits"":4,""cache_policy"":{""cadence"":null,""recent_blocks"":null},""method"":""KIVI_INT4"",""method_family"":""KIVI"",""quant_meta"":{}}",spatial_mixed_balanced,{},1,1,1,True,True,True,True,False,True,81,5.0625,False,True,True,True,True,False,,12.032887845269258,0.2661315510677427,0.5349610432476541,0.9384002685546875,0.5567777266325774,0.9254861135035753,0.6573672294616699,3.1925675675675675,34.46357003971934,14054307840
suraj,/data/suraj/kv-quant-longhorizon/results,moviegen,runs/1773035807_newideas10s_10prompts,/data/suraj/kv-quant-longhorizon/results/runs/1773035807_newideas10s_10prompts,1773035807_newideas10s_10prompts,KIVI_INT4_REFRESH,KIVI,4,,,debbb03d1c5b,"{""benchmark"":""moviegen"",""bits"":4,""cache_policy"":{""cadence"":null,""recent_blocks"":null},""method"":""KIVI_INT4_REFRESH"",""method_family"":""KIVI"",""quant_meta"":{}}",,{},,0,0,True,False,False,False,False,False,,,True,False,False,False,False,False,efficiency;fidelity;vbench;generation_log;videos,,,,,,,,,,
suraj,/data/suraj/kv-quant-longhorizon/results,moviegen,runs/1773037963_newideas10s_10prompts,/data/suraj/kv-quant-longhorizon/results/runs/1773037963_newideas10s_10prompts,1773037963_newideas10s_10prompts,KIVI_INT4_REFRESH,KIVI,4,,,debbb03d1c5b,"{""benchmark"":""moviegen"",""bits"":4,""cache_policy"":{""cadence"":null,""recent_blocks"":null},""method"":""KIVI_INT4_REFRESH"",""method_family"":""KIVI"",""quant_meta"":{}}",,{},7,7,7,True,False,False,False,False,False,165,10.3125,True,False,True,True,False,False,efficiency;fidelity;vbench,,,,,,,,,,
suraj,/data/suraj/kv-quant-longhorizon/results,moviegen,runs/1773038789_newideas10s_10prompts,/data/suraj/kv-quant-longhorizon/results/runs/1773038789_newideas10s_10prompts,1773038789_newideas10s_10prompts,KIVI_INT4_REFRESH,KIVI,4,refresh_only,0,7f8b57339986,"{""benchmark"":""moviegen"",""bits"":4,""cache_policy"":{""cadence"":""refresh_only"",""recent_blocks"":0},""method"":""KIVI_INT4_REFRESH"",""method_family"":""KIVI"",""quant_meta"":{}}",,{},10,10,10,True,True,True,True,True,True,165,10.3125,True,True,True,True,True,True,,13.732882428595252,0.4203463247104639,0.5094846755246435,0.924493408203125,0.7137196755149147,0.886262257415347,0.6198575019836425,3.1933471933471935,680.5237082317472,24301124096
suraj,/data/suraj/kv-quant-longhorizon/results,moviegen,runs/1773110004_presentation_moviegen_fullmatrix,/data/suraj/kv-quant-longhorizon/results/runs/1773110004_presentation_moviegen_fullmatrix,presentation_moviegen_fullmatrix,KIVI_INT4_REFRESH,KIVI,4,refresh_only,0,7f8b57339986,"{""benchmark"":""moviegen"",""bits"":4,""cache_policy"":{""cadence"":""refresh_only"",""recent_blocks"":0},""method"":""KIVI_INT4_REFRESH"",""method_family"":""KIVI"",""quant_meta"":{}}",,{},10,10,10,True,True,True,True,True,True,165,10.3125,True,True,True,True,True,True,,13.732882428595252,0.4203463247104639,0.5094846755246435,0.924493408203125,0.7137196755149147,0.886262257415347,0.6198575019836425,3.1933471933471935,680.5237082317472,24301124096
suraj,/data/suraj/kv-quant-longhorizon/results,moviegen,runs/1773038789_newideas10s_10prompts,/data/suraj/kv-quant-longhorizon/results/runs/1773038789_newideas10s_10prompts,1773038789_newideas10s_10prompts,KIVI_K2_V4,KIVI,,,,71a98ce634cd,"{""benchmark"":""moviegen"",""bits"":null,""cache_policy"":{""cadence"":null,""recent_blocks"":null},""method"":""KIVI_K2_V4"",""method_family"":""KIVI"",""quant_meta"":{}}",,{},3,3,3,True,False,False,False,False,True,165,10.3125,True,False,True,True,False,False,efficiency;fidelity;vbench,,,,,,,,,,
suraj,/data/suraj/kv-quant-longhorizon/results,moviegen,runs/1773110004_presentation_moviegen_fullmatrix,/data/suraj/kv-quant-longhorizon/results/runs/1773110004_presentation_moviegen_fullmatrix,presentation_moviegen_fullmatrix,KIVI_K2_V4,KIVI,,,,71a98ce634cd,"{""benchmark"":""moviegen"",""bits"":null,""cache_policy"":{""cadence"":null,""recent_blocks"":null},""method"":""KIVI_K2_V4"",""method_family"":""KIVI"",""quant_meta"":{}}",,{},3,3,3,True,False,False,False,False,True,165,10.3125,True,False,True,True,False,False,efficiency;fidelity;vbench,,,,,,,,,,
combined,/data/vaishak/combined-kv-quant/results,moviegen,runs/_debug_prq_generate,/data/vaishak/combined-kv-quant/results/runs/_debug_prq_generate,_debug_prq_generate,PRQ_INT2,PRQ,2,,,c800cfa2a981,"{""benchmark"":""moviegen"",""bits"":2,""cache_policy"":{""cadence"":null,""recent_blocks"":null},""method"":""PRQ_INT2"",""method_family"":""PRQ"",""quant_meta"":{}}",,{},,0,0,True,False,False,False,False,False,,,False,False,False,False,False,False,efficiency;fidelity;vbench;generation_log;videos,,,,,,,,,,
combined,/data/vaishak/combined-kv-quant/results,moviegen,runs/_debug_prq_generate2,/data/vaishak/combined-kv-quant/results/runs/_debug_prq_generate2,_debug_prq_generate2,PRQ_INT2,PRQ,2,,,c800cfa2a981,"{""benchmark"":""moviegen"",""bits"":2,""cache_policy"":{""cadence"":null,""recent_blocks"":null},""method"":""PRQ_INT2"",""method_family"":""PRQ"",""quant_meta"":{}}",,{},,0,0,True,False,False,False,False,False,,,False,False,False,False,False,False,efficiency;fidelity;vbench;generation_log;videos,,,,,,,,,,
combined,/data/vaishak/combined-kv-quant/results,moviegen,runs/_debug_prq_generate3,/data/vaishak/combined-kv-quant/results/runs/_debug_prq_generate3,_debug_prq_generate3,PRQ_INT2,PRQ,2,,,c800cfa2a981,"{""benchmark"":""moviegen"",""bits"":2,""cache_policy"":{""cadence"":null,""recent_blocks"":null},""method"":""PRQ_INT2"",""method_family"":""PRQ"",""quant_meta"":{}}",,{},,0,0,True,False,False,False,False,False,,,False,False,False,False,False,False,efficiency;fidelity;vbench;generation_log;videos,,,,,,,,,,
combined,/data/vaishak/combined-kv-quant/results,moviegen,runs/_debug_prq_generate4,/data/vaishak/combined-kv-quant/results/runs/_debug_prq_generate4,_debug_prq_generate4,PRQ_INT2,PRQ,2,,,c800cfa2a981,"{""benchmark"":""moviegen"",""bits"":2,""cache_policy"":{""cadence"":null,""recent_blocks"":null},""method"":""PRQ_INT2"",""method_family"":""PRQ"",""quant_meta"":{}}",,{},,0,0,True,False,False,False,False,False,,,False,False,False,False,False,False,efficiency;fidelity;vbench;generation_log;videos,,,,,,,,,,
combined,/data/vaishak/combined-kv-quant/results,moviegen,runs/_debug_prq_generate5,/data/vaishak/combined-kv-quant/results/runs/_debug_prq_generate5,_debug_prq_generate5,PRQ_INT2,PRQ,2,,,c800cfa2a981,"{""benchmark"":""moviegen"",""bits"":2,""cache_policy"":{""cadence"":null,""recent_blocks"":null},""method"":""PRQ_INT2"",""method_family"":""PRQ"",""quant_meta"":{}}",,{},1,1,1,True,True,False,False,False,False,165,10.3125,True,False,True,True,False,False,fidelity;vbench,,,,,,,,2.0,153.20517472503707,21412362240
combined,/data/vaishak/combined-kv-quant/results,moviegen,runs/_debug_prq_generate_lowmem,/data/vaishak/combined-kv-quant/results/runs/_debug_prq_generate_lowmem,_debug_prq_generate_lowmem,PRQ_INT2,PRQ,2,,,c800cfa2a981,"{""benchmark"":""moviegen"",""bits"":2,""cache_policy"":{""cadence"":null,""recent_blocks"":null},""method"":""PRQ_INT2"",""method_family"":""PRQ"",""quant_meta"":{}}",,{},,0,0,True,False,False,False,False,False,,,False,False,False,False,False,False,efficiency;fidelity;vbench;generation_log;videos,,,,,,,,,,
combined,/data/vaishak/combined-kv-quant/results,moviegen,runs/backfill_prq_int2_c800cfa2a981_10s,/data/vaishak/combined-kv-quant/results/runs/backfill_prq_int2_c800cfa2a981_10s,backfill_prq_int2_c800cfa2a981_10s,PRQ_INT2,PRQ,2,,,c800cfa2a981,"{""benchmark"":""moviegen"",""bits"":2,""cache_policy"":{""cadence"":null,""recent_blocks"":null},""method"":""PRQ_INT2"",""method_family"":""PRQ"",""quant_meta"":{}}",combined_backfill,{},10,10,10,True,True,True,True,False,True,165,10.3125,True,True,True,True,True,True,,25.13325426823406,0.7996851891663559,0.09382666523582442,0.9542493866711128,0.7392421667387992,0.9551983818048384,0.6686408281326294,2.0,1566.342663175892,22211481600
vaishak,/data/vaishak/kv-quant-longhorizon/results,moviegen,runs/nonspatial_bundle_smoke_1772772966,/data/vaishak/kv-quant-longhorizon/results/runs/nonspatial_bundle_smoke_1772772966,nonspatial_bundle_smoke,PRQ_INT2,PRQ,2,,,c800cfa2a981,"{""benchmark"":""moviegen"",""bits"":2,""cache_policy"":{""cadence"":null,""recent_blocks"":null},""method"":""PRQ_INT2"",""method_family"":""PRQ"",""quant_meta"":{}}",nonspatial_bundle,{},1,1,1,True,True,True,True,False,True,81,5.0625,False,True,True,True,True,False,,24.32547023365789,0.8167093188276606,0.0706923181783224,0.9543121337890625,0.6314341354370118,0.9578406050801277,0.6479495167732239,1.99951171875,46.522496887948364,20442654720
combined,/data/vaishak/combined-kv-quant/results,moviegen,runs/backfill_prq_int4_23a612bd2862_10s,/data/vaishak/combined-kv-quant/results/runs/backfill_prq_int4_23a612bd2862_10s,backfill_prq_int4_23a612bd2862_10s,PRQ_INT4,PRQ,4,,,23a612bd2862,"{""benchmark"":""moviegen"",""bits"":4,""cache_policy"":{""cadence"":null,""recent_blocks"":null},""method"":""PRQ_INT4"",""method_family"":""PRQ"",""quant_meta"":{}}",combined_backfill,{},10,10,10,True,True,True,True,False,True,165,10.3125,True,True,True,True,True,True,,26.544649639821632,0.8238815013236034,0.08188168756716716,0.955413222894436,0.7388862560387812,0.9560520623151849,0.665183013677597,1.6,1599.7060577059165,22211481600
vaishak,/data/vaishak/kv-quant-longhorizon/results,moviegen,runs/nonspatial_bundle_smoke_1772772966,/data/vaishak/kv-quant-longhorizon/results/runs/nonspatial_bundle_smoke_1772772966,nonspatial_bundle_smoke,PRQ_INT4,PRQ,4,,,23a612bd2862,"{""benchmark"":""moviegen"",""bits"":4,""cache_policy"":{""cadence"":null,""recent_blocks"":null},""method"":""PRQ_INT4"",""method_family"":""PRQ"",""quant_meta"":{}}",nonspatial_bundle,{},1,1,1,True,True,True,True,False,True,81,5.0625,False,True,True,True,True,False,,22.8373370637409,0.7336303192502076,0.11155132832074607,0.9539581298828125,0.6166929890197,0.9567834101617336,0.6458451747894287,1.599609375,46.39131367998198,20442654720
combined,/data/vaishak/combined-kv-quant/results,moviegen,runs/backfill_qaq_int2_dcc080e7d18f_10s,/data/vaishak/combined-kv-quant/results/runs/backfill_qaq_int2_dcc080e7d18f_10s,backfill_qaq_int2_dcc080e7d18f_10s,QAQ_INT2,QAQ,2,,,dcc080e7d18f,"{""benchmark"":""moviegen"",""bits"":2,""cache_policy"":{""cadence"":null,""recent_blocks"":null},""method"":""QAQ_INT2"",""method_family"":""QAQ"",""quant_meta"":{}}",combined_backfill,{},10,10,10,True,True,True,True,False,True,165,10.3125,True,True,True,True,True,True,,13.336398316505315,0.36463203220442764,0.5299115618903923,0.8681222310880335,0.6199706425522313,0.7892443563624444,0.5383023738861084,5.1842141114253595,1097.8026887448505,15484902400
vaishak,/data/vaishak/kv-quant-longhorizon/results,moviegen,runs/nonspatial_bundle_smoke_1772772966,/data/vaishak/kv-quant-longhorizon/results/runs/nonspatial_bundle_smoke_1772772966,nonspatial_bundle_smoke,QAQ_INT2,QAQ,2,,,dcc080e7d18f,"{""benchmark"":""moviegen"",""bits"":2,""cache_policy"":{""cadence"":null,""recent_blocks"":null},""method"":""QAQ_INT2"",""method_family"":""QAQ"",""quant_meta"":{}}",nonspatial_bundle,{},1,1,1,True,True,True,True,False,True,81,5.0625,False,True,True,True,True,False,,11.65889126479817,0.250262542905384,0.5664678920508811,0.8635101318359375,0.5262450967011628,0.7339292672462762,0.5188976526260376,5.189486714922941,37.806783481966704,14056512000
vaishak,/data/vaishak/kv-quant-longhorizon/results,moviegen,runs/tptq_ablation_smoke_1772779198,/data/vaishak/kv-quant-longhorizon/results/runs/tptq_ablation_smoke_1772779198,tptq_ablation_smoke,QAQ_INT2,QAQ,2,,,dcc080e7d18f,"{""benchmark"":""moviegen"",""bits"":2,""cache_policy"":{""cadence"":null,""recent_blocks"":null},""method"":""QAQ_INT2"",""method_family"":""QAQ"",""quant_meta"":{}}",tptq_ablation,{},1,1,1,True,True,False,False,False,False,81,5.0625,False,False,True,True,False,False,fidelity;vbench,,,,,,,,5.189486714922941,37.390346757136285,14056512000
vaishak,/data/vaishak/kv-quant-longhorizon/results,moviegen,runs/tptq_ablation_smoke_fix_1772779890,/data/vaishak/kv-quant-longhorizon/results/runs/tptq_ablation_smoke_fix_1772779890,tptq_ablation_smoke_fix,QAQ_INT2,QAQ,2,,,dcc080e7d18f,"{""benchmark"":""moviegen"",""bits"":2,""cache_policy"":{""cadence"":null,""recent_blocks"":null},""method"":""QAQ_INT2"",""method_family"":""QAQ"",""quant_meta"":{}}",tptq_ablation,{},1,1,1,True,True,True,True,False,True,81,5.0625,False,True,True,True,True,False,,11.65889126479817,0.250262542905384,0.5664678920508811,0.8635101318359375,0.5262450967011628,0.7339292672462762,0.5188976526260376,5.189486714922941,38.11794549971819,14056512000
vaishak,/data/vaishak/kv-quant-longhorizon/results,moviegen,runs/tptq_lite_ablation_r15_1772782617,/data/vaishak/kv-quant-longhorizon/results/runs/tptq_lite_ablation_r15_1772782617,tptq_lite_ablation_r15,QAQ_INT2,QAQ,2,,,dcc080e7d18f,"{""benchmark"":""moviegen"",""bits"":2,""cache_policy"":{""cadence"":null,""recent_blocks"":null},""method"":""QAQ_INT2"",""method_family"":""QAQ"",""quant_meta"":{}}",tptq_ablation,{},1,1,1,True,True,True,True,False,True,81,5.0625,False,True,True,True,True,False,,11.65889126479817,0.250262542905384,0.5664678920508811,0.8635101318359375,0.5262450967011628,0.7339292672462762,0.5188976526260376,5.189486714922941,37.7201461060904,14056512000
vaishak,/data/vaishak/kv-quant-longhorizon/results,moviegen,runs/tptq_lite_ablation_r20_1772781924,/data/vaishak/kv-quant-longhorizon/results/runs/tptq_lite_ablation_r20_1772781924,tptq_lite_ablation_r20,QAQ_INT2,QAQ,2,,,dcc080e7d18f,"{""benchmark"":""moviegen"",""bits"":2,""cache_policy"":{""cadence"":null,""recent_blocks"":null},""method"":""QAQ_INT2"",""method_family"":""QAQ"",""quant_meta"":{}}",tptq_ablation,{},1,1,1,True,True,True,True,False,True,81,5.0625,False,True,True,True,True,False,,11.65889126479817,0.250262542905384,0.5664678920508811,0.8635101318359375,0.5262450967011628,0.7339292672462762,0.5188976526260376,5.189486714922941,37.79124265303835,14056512000
vaishak,/data/vaishak/kv-quant-longhorizon/results,moviegen,runs/tptq_lite_ablation_r25_1772781228,/data/vaishak/kv-quant-longhorizon/results/runs/tptq_lite_ablation_r25_1772781228,tptq_lite_ablation_r25,QAQ_INT2,QAQ,2,,,dcc080e7d18f,"{""benchmark"":""moviegen"",""bits"":2,""cache_policy"":{""cadence"":null,""recent_blocks"":null},""method"":""QAQ_INT2"",""method_family"":""QAQ"",""quant_meta"":{}}",tptq_ablation,{},1,1,1,True,True,True,True,False,True,81,5.0625,False,True,True,True,True,False,,11.65889126479817,0.250262542905384,0.5664678920508811,0.8635101318359375,0.5262450967011628,0.7339292672462762,0.5188976526260376,5.189486714922941,37.568256699014455,14056512000
combined,/data/vaishak/combined-kv-quant/results,moviegen,runs/backfill_qaq_int4_aa6e42af3d16_10s,/data/vaishak/combined-kv-quant/results/runs/backfill_qaq_int4_aa6e42af3d16_10s,backfill_qaq_int4_aa6e42af3d16_10s,QAQ_INT4,QAQ,4,,,aa6e42af3d16,"{""benchmark"":""moviegen"",""bits"":4,""cache_policy"":{""cadence"":null,""recent_blocks"":null},""method"":""QAQ_INT4"",""method_family"":""QAQ"",""quant_meta"":{}}",combined_backfill,{},10,10,10,True,True,True,True,False,True,165,10.3125,True,True,True,True,True,True,,11.967960672907715,0.2616700878983628,0.6469745024141262,0.8217271013957698,0.5889178654295025,0.6863354134523855,0.4982304126024246,3.144803772045112,1100.0652182004414,15485262848
vaishak,/data/vaishak/kv-quant-longhorizon/results,moviegen,runs/nonspatial_bundle_smoke_1772772966,/data/vaishak/kv-quant-longhorizon/results/runs/nonspatial_bundle_smoke_1772772966,nonspatial_bundle_smoke,QAQ_INT4,QAQ,4,,,aa6e42af3d16,"{""benchmark"":""moviegen"",""bits"":4,""cache_policy"":{""cadence"":null,""recent_blocks"":null},""method"":""QAQ_INT4"",""method_family"":""QAQ"",""quant_meta"":{}}",nonspatial_bundle,{},1,1,1,True,True,True,True,False,True,81,5.0625,False,True,True,True,True,False,,11.227132566168219,0.22549034575203444,0.6052807625670584,0.835333251953125,0.48552027619915245,0.6721096059307456,0.4630819261074066,3.148880750144023,38.12673692870885,14055575552
suraj,/data/suraj/kv-quant-longhorizon/results,moviegen,legacy_root,/data/suraj/kv-quant-longhorizon/results,results,QUAROT_KV_INT2,QUAROT_KV,2,,,25522089e304,"{""benchmark"":""moviegen"",""bits"":2,""cache_policy"":{""cadence"":null,""recent_blocks"":null},""method"":""QUAROT_KV_INT2"",""method_family"":""QUAROT_KV"",""quant_meta"":{}}",,{},10,10,10,False,True,True,True,False,True,81,5.0625,False,True,True,False,True,False,vram_trace,17.82251663895581,0.5408359893262726,0.3427715532363818,0.9268588256835938,0.6720658229309836,0.8712229288183153,0.5903846383094787,5.33203125,755.4640960991383,20456064000
suraj,/data/suraj/kv-quant-longhorizon/results,moviegen,runs/1772742389_baseline10_memfix_clean,/data/suraj/kv-quant-longhorizon/results/runs/1772742389_baseline10_memfix_clean,baseline10_memfix_clean,QUAROT_KV_INT2,QUAROT_KV,2,,,25522089e304,"{""benchmark"":""moviegen"",""bits"":2,""cache_policy"":{""cadence"":null,""recent_blocks"":null},""method"":""QUAROT_KV_INT2"",""method_family"":""QUAROT_KV"",""quant_meta"":{}}",,{},10,10,10,False,True,True,True,False,True,81,5.0625,False,True,True,False,True,False,vram_trace,17.82251663895581,0.5408359893262726,0.3427715532363818,0.9268588256835938,0.6720658229309836,0.8712229288183153,0.5903846383094787,5.33203125,733.0643778997473,14417740800
suraj,/data/suraj/kv-quant-longhorizon/results,moviegen,runs/1772751420_baseline10s_10prompts_v3,/data/suraj/kv-quant-longhorizon/results/runs/1772751420_baseline10s_10prompts_v3,baseline10s_10prompts_v3,QUAROT_KV_INT2,QUAROT_KV,2,,,25522089e304,"{""benchmark"":""moviegen"",""bits"":2,""cache_policy"":{""cadence"":null,""recent_blocks"":null},""method"":""QUAROT_KV_INT2"",""method_family"":""QUAROT_KV"",""quant_meta"":{}}",,{},10,10,10,True,True,True,True,False,True,165,10.3125,True,True,True,True,True,True,,14.730957849036548,0.4402812439293854,0.46704885759038123,0.874416816525343,0.6007509638006038,0.7955866665284081,0.5228879988193512,5.333333333333333,2420.180916351266,21456691200
suraj,/data/suraj/kv-quant-longhorizon/results,moviegen,runs/1773110004_presentation_moviegen_fullmatrix,/data/suraj/kv-quant-longhorizon/results/runs/1773110004_presentation_moviegen_fullmatrix,presentation_moviegen_fullmatrix,QUAROT_KV_INT2,QUAROT_KV,2,,,25522089e304,"{""benchmark"":""moviegen"",""bits"":2,""cache_policy"":{""cadence"":null,""recent_blocks"":null},""method"":""QUAROT_KV_INT2"",""method_family"":""QUAROT_KV"",""quant_meta"":{}}",,{},10,10,10,True,True,True,True,False,True,165,10.3125,True,True,True,True,True,True,,14.730957849036548,0.4402812439293854,0.46704885759038123,0.874416816525343,0.6007509638006038,0.7955866665284081,0.5228879988193512,5.333333333333333,2420.180916351266,21456691200
vaishak,/data/vaishak/kv-quant-longhorizon/results,moviegen,legacy_root,/data/vaishak/kv-quant-longhorizon/results,results,QUAROT_KV_INT2,QUAROT_KV,2,,,25522089e304,"{""benchmark"":""moviegen"",""bits"":2,""cache_policy"":{""cadence"":null,""recent_blocks"":null},""method"":""QUAROT_KV_INT2"",""method_family"":""QUAROT_KV"",""quant_meta"":{}}",,{},10,10,10,False,True,True,True,False,True,81,5.0625,False,True,True,False,True,False,vram_trace,17.82251663895581,0.5408359893262726,0.3427715532363818,0.9268588256835938,0.6720658229309836,0.8712229288183153,0.5903846383094787,5.33203125,755.4640960991383,20456064000
vaishak,/data/vaishak/kv-quant-longhorizon/results,moviegen,runs/1772742389_baseline10_memfix_clean,/data/vaishak/kv-quant-longhorizon/results/runs/1772742389_baseline10_memfix_clean,baseline10_memfix_clean,QUAROT_KV_INT2,QUAROT_KV,2,,,25522089e304,"{""benchmark"":""moviegen"",""bits"":2,""cache_policy"":{""cadence"":null,""recent_blocks"":null},""method"":""QUAROT_KV_INT2"",""method_family"":""QUAROT_KV"",""quant_meta"":{}}",,{},10,10,10,False,True,True,True,False,True,81,5.0625,False,True,True,False,True,False,vram_trace,17.82251663895581,0.5408359893262726,0.3427715532363818,0.9268588256835938,0.6720658229309836,0.8712229288183153,0.5903846383094787,5.33203125,733.0643778997473,14417740800
vaishak,/data/vaishak/kv-quant-longhorizon/results,moviegen,runs/1772751420_baseline10s_10prompts_v3,/data/vaishak/kv-quant-longhorizon/results/runs/1772751420_baseline10s_10prompts_v3,baseline10s_10prompts_v3,QUAROT_KV_INT2,QUAROT_KV,2,,,25522089e304,"{""benchmark"":""moviegen"",""bits"":2,""cache_policy"":{""cadence"":null,""recent_blocks"":null},""method"":""QUAROT_KV_INT2"",""method_family"":""QUAROT_KV"",""quant_meta"":{}}",,{},10,10,10,True,True,False,True,False,False,165,10.3125,True,False,True,True,False,False,fidelity,,,,0.874416816525343,0.6007509638006038,0.7955866665284081,0.5228879988193512,5.333333333333333,2420.180916351266,21456691200
suraj,/data/suraj/kv-quant-longhorizon/results,moviegen,legacy_root,/data/suraj/kv-quant-longhorizon/results,results,QUAROT_KV_INT4,QUAROT_KV,4,,,1a32fb70e666,"{""benchmark"":""moviegen"",""bits"":4,""cache_policy"":{""cadence"":null,""recent_blocks"":null},""method"":""QUAROT_KV_INT4"",""method_family"":""QUAROT_KV"",""quant_meta"":{}}",,{},10,10,10,False,True,True,True,False,True,81,5.0625,False,True,True,False,True,False,vram_trace,26.97046683667808,0.8243141860490789,0.0649562835045889,0.9659695434570312,0.7296134435865613,0.9719809051603079,0.6535678625106811,3.19921875,727.8271731613204,20456064000
suraj,/data/suraj/kv-quant-longhorizon/results,moviegen,runs/1772742389_baseline10_memfix_clean,/data/suraj/kv-quant-longhorizon/results/runs/1772742389_baseline10_memfix_clean,baseline10_memfix_clean,QUAROT_KV_INT4,QUAROT_KV,4,,,1a32fb70e666,"{""benchmark"":""moviegen"",""bits"":4,""cache_policy"":{""cadence"":null,""recent_blocks"":null},""method"":""QUAROT_KV_INT4"",""method_family"":""QUAROT_KV"",""quant_meta"":{}}",,{},10,10,10,False,True,True,True,False,True,81,5.0625,False,True,True,False,True,False,vram_trace,26.97046683667808,0.8243141860490789,0.0649562835045889,0.9659695434570312,0.7296134435865613,0.9719809051603079,0.6535678625106811,3.19921875,735.4412241699174,14417740800
suraj,/data/suraj/kv-quant-longhorizon/results,moviegen,runs/1772751420_baseline10s_10prompts_v3,/data/suraj/kv-quant-longhorizon/results/runs/1772751420_baseline10s_10prompts_v3,baseline10s_10prompts_v3,QUAROT_KV_INT4,QUAROT_KV,4,,,1a32fb70e666,"{""benchmark"":""moviegen"",""bits"":4,""cache_policy"":{""cadence"":null,""recent_blocks"":null},""method"":""QUAROT_KV_INT4"",""method_family"":""QUAROT_KV"",""quant_meta"":{}}",,{},10,10,10,True,True,True,True,False,True,165,10.3125,True,True,True,True,True,True,,22.641991291793474,0.7239981460306353,0.14831222969057942,0.9507386742568598,0.7375720150340688,0.9489172592759132,0.6579194366931915,3.2,2366.027616643347,21456691200
suraj,/data/suraj/kv-quant-longhorizon/results,moviegen,runs/1773110004_presentation_moviegen_fullmatrix,/data/suraj/kv-quant-longhorizon/results/runs/1773110004_presentation_moviegen_fullmatrix,presentation_moviegen_fullmatrix,QUAROT_KV_INT4,QUAROT_KV,4,,,1a32fb70e666,"{""benchmark"":""moviegen"",""bits"":4,""cache_policy"":{""cadence"":null,""recent_blocks"":null},""method"":""QUAROT_KV_INT4"",""method_family"":""QUAROT_KV"",""quant_meta"":{}}",,{},10,10,10,True,True,True,True,False,True,165,10.3125,True,True,True,True,True,True,,22.641991291793474,0.7239981460306353,0.14831222969057942,0.9507386742568598,0.7375720150340688,0.9489172592759132,0.6579194366931915,3.2,2366.027616643347,21456691200
vaishak,/data/vaishak/kv-quant-longhorizon/results,moviegen,legacy_root,/data/vaishak/kv-quant-longhorizon/results,results,QUAROT_KV_INT4,QUAROT_KV,4,,,1a32fb70e666,"{""benchmark"":""moviegen"",""bits"":4,""cache_policy"":{""cadence"":null,""recent_blocks"":null},""method"":""QUAROT_KV_INT4"",""method_family"":""QUAROT_KV"",""quant_meta"":{}}",,{},10,10,10,False,True,True,True,False,True,81,5.0625,False,True,True,False,True,False,vram_trace,26.97046683667808,0.8243141860490789,0.0649562835045889,0.9659695434570312,0.7296134435865613,0.9719809051603079,0.6535678625106811,3.19921875,727.8271731613204,20456064000
vaishak,/data/vaishak/kv-quant-longhorizon/results,moviegen,runs/1772742389_baseline10_memfix_clean,/data/vaishak/kv-quant-longhorizon/results/runs/1772742389_baseline10_memfix_clean,baseline10_memfix_clean,QUAROT_KV_INT4,QUAROT_KV,4,,,1a32fb70e666,"{""benchmark"":""moviegen"",""bits"":4,""cache_policy"":{""cadence"":null,""recent_blocks"":null},""method"":""QUAROT_KV_INT4"",""method_family"":""QUAROT_KV"",""quant_meta"":{}}",,{},10,10,10,False,True,True,True,False,True,81,5.0625,False,True,True,False,True,False,vram_trace,26.97046683667808,0.8243141860490789,0.0649562835045889,0.9659695434570312,0.7296134435865613,0.9719809051603079,0.6535678625106811,3.19921875,735.4412241699174,14417740800
vaishak,/data/vaishak/kv-quant-longhorizon/results,moviegen,runs/1772751420_baseline10s_10prompts_v3,/data/vaishak/kv-quant-longhorizon/results/runs/1772751420_baseline10s_10prompts_v3,baseline10s_10prompts_v3,QUAROT_KV_INT4,QUAROT_KV,4,,,1a32fb70e666,"{""benchmark"":""moviegen"",""bits"":4,""cache_policy"":{""cadence"":null,""recent_blocks"":null},""method"":""QUAROT_KV_INT4"",""method_family"":""QUAROT_KV"",""quant_meta"":{}}",,{},10,10,10,True,True,True,True,False,False,165,10.3125,True,True,True,True,True,True,,22.641991291793474,0.7239981460306353,0.14831222969057942,0.9507386742568598,0.7375720150340688,0.9489172592759132,0.6579194366931915,3.2,2366.027616643347,21456691200
suraj,/data/suraj/kv-quant-longhorizon/results,moviegen,runs/1773038789_newideas10s_10prompts,/data/suraj/kv-quant-longhorizon/results/runs/1773038789_newideas10s_10prompts,1773038789_newideas10s_10prompts,QUAROT_KV_INT4_RECENT2,QUAROT_KV,4,per_step,2,9d4cb6a1d81e,"{""benchmark"":""moviegen"",""bits"":4,""cache_policy"":{""cadence"":""per_step"",""recent_blocks"":2},""method"":""QUAROT_KV_INT4_RECENT2"",""method_family"":""QUAROT_KV"",""quant_meta"":{}}",,{},10,10,10,True,True,True,True,True,True,165,10.3125,True,True,True,True,True,True,,inf,0.7057822707828502,0.18341852279909676,0.9432861328125,0.7302481259201514,0.9309045010587064,0.6413368940353393,2.4347826086956523,1113.0477134510875,23284492800
suraj,/data/suraj/kv-quant-longhorizon/results,moviegen,runs/1773110004_presentation_moviegen_fullmatrix,/data/suraj/kv-quant-longhorizon/results/runs/1773110004_presentation_moviegen_fullmatrix,presentation_moviegen_fullmatrix,QUAROT_KV_INT4_RECENT2,QUAROT_KV,4,per_step,2,9d4cb6a1d81e,"{""benchmark"":""moviegen"",""bits"":4,""cache_policy"":{""cadence"":""per_step"",""recent_blocks"":2},""method"":""QUAROT_KV_INT4_RECENT2"",""method_family"":""QUAROT_KV"",""quant_meta"":{}}",,{},10,10,10,True,True,True,True,True,True,165,10.3125,True,True,True,True,True,True,,inf,0.7057822707828502,0.18341852279909676,0.9432861328125,0.7302481259201514,0.9309045010587064,0.6413368940353393,2.4347826086956523,1113.0477134510875,23284492800
suraj,/data/suraj/kv-quant-longhorizon/results,moviegen,runs/1773035807_newideas10s_10prompts,/data/suraj/kv-quant-longhorizon/results/runs/1773035807_newideas10s_10prompts,1773035807_newideas10s_10prompts,QUAROT_KV_INT4_REFRESH,QUAROT_KV,4,,,e56f613f7d68,"{""benchmark"":""moviegen"",""bits"":4,""cache_policy"":{""cadence"":null,""recent_blocks"":null},""method"":""QUAROT_KV_INT4_REFRESH"",""method_family"":""QUAROT_KV"",""quant_meta"":{}}",,{},,0,0,True,False,False,False,False,False,,,True,False,False,False,False,False,efficiency;fidelity;vbench;generation_log;videos,,,,,,,,,,
suraj,/data/suraj/kv-quant-longhorizon/results,moviegen,runs/1773037963_newideas10s_10prompts,/data/suraj/kv-quant-longhorizon/results/runs/1773037963_newideas10s_10prompts,1773037963_newideas10s_10prompts,QUAROT_KV_INT4_REFRESH,QUAROT_KV,4,,,e56f613f7d68,"{""benchmark"":""moviegen"",""bits"":4,""cache_policy"":{""cadence"":null,""recent_blocks"":null},""method"":""QUAROT_KV_INT4_REFRESH"",""method_family"":""QUAROT_KV"",""quant_meta"":{}}",,{},2,2,2,True,False,False,False,False,False,165,10.3125,True,False,True,True,False,False,efficiency;fidelity;vbench,,,,,,,,,,
suraj,/data/suraj/kv-quant-longhorizon/results,moviegen,runs/1773110004_presentation_moviegen_fullmatrix,/data/suraj/kv-quant-longhorizon/results/runs/1773110004_presentation_moviegen_fullmatrix,presentation_moviegen_fullmatrix,QUAROT_KV_INT4_REFRESH,QUAROT_KV,4,,,e56f613f7d68,"{""benchmark"":""moviegen"",""bits"":4,""cache_policy"":{""cadence"":null,""recent_blocks"":null},""method"":""QUAROT_KV_INT4_REFRESH"",""method_family"":""QUAROT_KV"",""quant_meta"":{}}",,{},2,2,2,True,False,False,False,False,True,165,10.3125,True,False,True,True,False,False,efficiency;fidelity;vbench,,,,,,,,,,
suraj,/data/suraj/kv-quant-longhorizon/results,moviegen,legacy_root,/data/suraj/kv-quant-longhorizon/results,results,RTN_INT2,RTN,2,,,cb9b6c981287,"{""benchmark"":""moviegen"",""bits"":2,""cache_policy"":{""cadence"":null,""recent_blocks"":null},""method"":""RTN_INT2"",""method_family"":""RTN"",""quant_meta"":{}}",,{},10,10,10,False,True,True,True,False,True,81,5.0625,False,True,True,False,True,False,vram_trace,18.136007332717913,0.5514285357733819,0.3381157040196459,0.922261962890625,0.6640649801419104,0.8743511854298412,0.5902979344129562,5.33203125,351.3223630380817,20456064000
suraj,/data/suraj/kv-quant-longhorizon/results,moviegen,runs/1772742389_baseline10_memfix_clean,/data/suraj/kv-quant-longhorizon/results/runs/1772742389_baseline10_memfix_clean,baseline10_memfix_clean,RTN_INT2,RTN,2,,,cb9b6c981287,"{""benchmark"":""moviegen"",""bits"":2,""cache_policy"":{""cadence"":null,""recent_blocks"":null},""method"":""RTN_INT2"",""method_family"":""RTN"",""quant_meta"":{}}",,{},10,10,10,False,True,True,True,False,True,81,5.0625,False,True,True,False,True,False,vram_trace,18.136007332717913,0.5514285357733819,0.3381157040196459,0.922261962890625,0.6640649801419104,0.8743511854298412,0.5902979344129562,5.33203125,376.42595829768106,14417740800
suraj,/data/suraj/kv-quant-longhorizon/results,moviegen,runs/1772751420_baseline10s_10prompts_v3,/data/suraj/kv-quant-longhorizon/results/runs/1772751420_baseline10s_10prompts_v3,baseline10s_10prompts_v3,RTN_INT2,RTN,2,,,cb9b6c981287,"{""benchmark"":""moviegen"",""bits"":2,""cache_policy"":{""cadence"":null,""recent_blocks"":null},""method"":""RTN_INT2"",""method_family"":""RTN"",""quant_meta"":{}}",,{},10,10,10,True,True,True,True,False,True,165,10.3125,True,True,True,True,True,True,,15.044382172704601,0.45148609955356944,0.4749773300278255,0.860675644293064,0.5668396699847597,0.7884887743650413,0.5068008303642273,5.333333333333333,871.160779605154,21456691200
suraj,/data/suraj/kv-quant-longhorizon/results,moviegen,runs/1773110004_presentation_moviegen_fullmatrix,/data/suraj/kv-quant-longhorizon/results/runs/1773110004_presentation_moviegen_fullmatrix,presentation_moviegen_fullmatrix,RTN_INT2,RTN,2,,,cb9b6c981287,"{""benchmark"":""moviegen"",""bits"":2,""cache_policy"":{""cadence"":null,""recent_blocks"":null},""method"":""RTN_INT2"",""method_family"":""RTN"",""quant_meta"":{}}",,{},10,10,10,True,True,True,True,False,True,165,10.3125,True,True,True,True,True,True,,15.044382172704601,0.45148609955356944,0.4749773300278255,0.860675644293064,0.5668396699847597,0.7884887743650413,0.5068008303642273,5.333333333333333,871.160779605154,21456691200
vaishak,/data/vaishak/kv-quant-longhorizon/results,moviegen,legacy_root,/data/vaishak/kv-quant-longhorizon/results,results,RTN_INT2,RTN,2,,,cb9b6c981287,"{""benchmark"":""moviegen"",""bits"":2,""cache_policy"":{""cadence"":null,""recent_blocks"":null},""method"":""RTN_INT2"",""method_family"":""RTN"",""quant_meta"":{}}",,{},10,10,10,False,True,True,True,False,True,81,5.0625,False,True,True,False,True,False,vram_trace,18.136007332717913,0.5514285357733819,0.3381157040196459,0.922261962890625,0.6640649801419104,0.8743511854298412,0.5902979344129562,5.33203125,351.3223630380817,20456064000
vaishak,/data/vaishak/kv-quant-longhorizon/results,moviegen,runs/1772742389_baseline10_memfix_clean,/data/vaishak/kv-quant-longhorizon/results/runs/1772742389_baseline10_memfix_clean,baseline10_memfix_clean,RTN_INT2,RTN,2,,,cb9b6c981287,"{""benchmark"":""moviegen"",""bits"":2,""cache_policy"":{""cadence"":null,""recent_blocks"":null},""method"":""RTN_INT2"",""method_family"":""RTN"",""quant_meta"":{}}",,{},10,10,10,False,True,True,True,False,True,81,5.0625,False,True,True,False,True,False,vram_trace,18.136007332717913,0.5514285357733819,0.3381157040196459,0.922261962890625,0.6640649801419104,0.8743511854298412,0.5902979344129562,5.33203125,376.42595829768106,14417740800
vaishak,/data/vaishak/kv-quant-longhorizon/results,moviegen,runs/1772751420_baseline10s_10prompts_v3,/data/vaishak/kv-quant-longhorizon/results/runs/1772751420_baseline10s_10prompts_v3,baseline10s_10prompts_v3,RTN_INT2,RTN,2,,,cb9b6c981287,"{""benchmark"":""moviegen"",""bits"":2,""cache_policy"":{""cadence"":null,""recent_blocks"":null},""method"":""RTN_INT2"",""method_family"":""RTN"",""quant_meta"":{}}",,{},10,10,10,True,True,True,True,False,False,165,10.3125,True,True,True,True,True,True,,15.044382172704601,0.45148609955356944,0.4749773300278255,0.860675644293064,0.5668396699847597,0.7884887743650413,0.5068008303642273,5.333333333333333,871.160779605154,21456691200
combined,/data/vaishak/combined-kv-quant/results,moviegen,runs/backfill_age_tier_int2_9bbee19b8cfd_10s,/data/vaishak/combined-kv-quant/results/runs/backfill_age_tier_int2_9bbee19b8cfd_10s,backfill_age_tier_int2_9bbee19b8cfd_10s,RTN_INT4,RTN,4,,,9bbee19b8cfd,"{""benchmark"":""moviegen"",""bits"":4,""cache_policy"":{""cadence"":null,""recent_blocks"":null},""method"":""RTN_INT4"",""method_family"":""RTN"",""quant_meta"":{}}",combined_backfill,{},10,10,10,True,True,True,True,False,True,165,10.3125,True,True,True,True,True,True,,21.32045230697806,0.6880432589672065,0.18028859936159503,0.9452598013528963,0.7352976711619984,0.940525766516604,0.6472699463367462,3.2,862.6356853013858,21456691200
combined,/data/vaishak/combined-kv-quant/results,moviegen,runs/backfill_age_tier_int2_e8623fd4255c_10s,/data/vaishak/combined-kv-quant/results/runs/backfill_age_tier_int2_e8623fd4255c_10s,backfill_age_tier_int2_e8623fd4255c_10s,RTN_INT4,RTN,4,,,e8623fd4255c,"{""benchmark"":""moviegen"",""bits"":4,""cache_policy"":{""cadence"":null,""recent_blocks"":null},""method"":""RTN_INT4"",""method_family"":""RTN"",""quant_meta"":{}}",combined_backfill,{},10,10,10,True,True,True,True,False,True,165,10.3125,True,True,True,True,True,True,,21.32045230697806,0.6880432589672065,0.18028859936159503,0.9452598013528963,0.7352976711619984,0.940525766516604,0.6472699463367462,3.2,862.6356853013858,21456691200
combined,/data/vaishak/combined-kv-quant/results,moviegen,runs/backfill_age_tier_int4_74dcf380574b_10s,/data/vaishak/combined-kv-quant/results/runs/backfill_age_tier_int4_74dcf380574b_10s,backfill_age_tier_int4_74dcf380574b_10s,RTN_INT4,RTN,4,,,74dcf380574b,"{""benchmark"":""moviegen"",""bits"":4,""cache_policy"":{""cadence"":null,""recent_blocks"":null},""method"":""RTN_INT4"",""method_family"":""RTN"",""quant_meta"":{}}",combined_backfill,{},10,10,10,True,True,True,True,False,True,165,10.3125,True,True,True,True,True,True,,21.32045230697806,0.6880432589672065,0.18028859936159503,0.9452598013528963,0.7352976711619984,0.940525766516604,0.6472699463367462,3.2,862.6356853013858,21456691200
combined,/data/vaishak/combined-kv-quant/results,moviegen,runs/backfill_flowcache_adaptive_int2_1a41612d204d_10s,/data/vaishak/combined-kv-quant/results/runs/backfill_flowcache_adaptive_int2_1a41612d204d_10s,backfill_flowcache_adaptive_int2_1a41612d204d_10s,RTN_INT4,RTN,4,,,1a41612d204d,"{""benchmark"":""moviegen"",""bits"":4,""cache_policy"":{""cadence"":null,""recent_blocks"":null},""method"":""RTN_INT4"",""method_family"":""RTN"",""quant_meta"":{}}",combined_backfill,{},10,10,10,True,True,True,True,False,True,165,10.3125,True,True,True,True,True,True,,21.32045230697806,0.6880432589672065,0.18028859936159503,0.9452598013528963,0.7352976711619984,0.940525766516604,0.6472699463367462,3.2,862.6356853013858,21456691200
combined,/data/vaishak/combined-kv-quant/results,moviegen,runs/backfill_flowcache_adaptive_int2_a154b903b16c_10s,/data/vaishak/combined-kv-quant/results/runs/backfill_flowcache_adaptive_int2_a154b903b16c_10s,backfill_flowcache_adaptive_int2_a154b903b16c_10s,RTN_INT4,RTN,4,,,a154b903b16c,"{""benchmark"":""moviegen"",""bits"":4,""cache_policy"":{""cadence"":null,""recent_blocks"":null},""method"":""RTN_INT4"",""method_family"":""RTN"",""quant_meta"":{}}",combined_backfill,{},10,10,10,True,True,True,True,False,True,165,10.3125,True,True,True,True,True,True,,21.32045230697806,0.6880432589672065,0.18028859936159503,0.9452598013528963,0.7352976711619984,0.940525766516604,0.6472699463367462,3.2,862.6356853013858,21456691200
combined,/data/vaishak/combined-kv-quant/results,moviegen,runs/backfill_flowcache_hybrid_int2_973ebc836fd7_10s,/data/vaishak/combined-kv-quant/results/runs/backfill_flowcache_hybrid_int2_973ebc836fd7_10s,backfill_flowcache_hybrid_int2_973ebc836fd7_10s,RTN_INT4,RTN,4,,,973ebc836fd7,"{""benchmark"":""moviegen"",""bits"":4,""cache_policy"":{""cadence"":null,""recent_blocks"":null},""method"":""RTN_INT4"",""method_family"":""RTN"",""quant_meta"":{}}",combined_backfill,{},10,10,10,True,True,True,True,False,True,165,10.3125,True,True,True,True,True,True,,21.32045230697806,0.6880432589672065,0.18028859936159503,0.9452598013528963,0.7352976711619984,0.940525766516604,0.6472699463367462,3.2,862.6356853013858,21456691200
combined,/data/vaishak/combined-kv-quant/results,moviegen,runs/backfill_flowcache_hybrid_int2_973ebc836fd7_10s,/data/vaishak/combined-kv-quant/results/runs/backfill_flowcache_hybrid_int2_973ebc836fd7_10s,backfill_flowcache_hybrid_int2_973ebc836fd7_10s,RTN_INT4,RTN,4,,,9cf4621557e3,"{""benchmark"":""moviegen"",""bits"":4,""cache_policy"":{""cadence"":null,""recent_blocks"":null},""method"":""RTN_INT4"",""method_family"":""RTN"",""quant_meta"":{}}",combined_backfill,{},10,10,10,True,True,True,True,False,True,165,10.3125,True,True,True,True,True,True,,21.32045230697806,0.6880432589672065,0.18028859936159503,0.9452598013528963,0.7352976711619984,0.940525766516604,0.6472699463367462,3.2,862.6356853013858,21456691200
combined,/data/vaishak/combined-kv-quant/results,moviegen,runs/backfill_flowcache_hybrid_int2_bfbf5df8b757_10s,/data/vaishak/combined-kv-quant/results/runs/backfill_flowcache_hybrid_int2_bfbf5df8b757_10s,backfill_flowcache_hybrid_int2_bfbf5df8b757_10s,RTN_INT4,RTN,4,,,bfbf5df8b757,"{""benchmark"":""moviegen"",""bits"":4,""cache_policy"":{""cadence"":null,""recent_blocks"":null},""method"":""RTN_INT4"",""method_family"":""RTN"",""quant_meta"":{}}",combined_backfill,{},10,10,10,True,True,True,True,False,True,165,10.3125,True,True,True,True,True,True,,21.32045230697806,0.6880432589672065,0.18028859936159503,0.9452598013528963,0.7352976711619984,0.940525766516604,0.6472699463367462,3.2,862.6356853013858,21456691200
combined,/data/vaishak/combined-kv-quant/results,moviegen,runs/backfill_flowcache_native_6f32ad98b6b8_10s,/data/vaishak/combined-kv-quant/results/runs/backfill_flowcache_native_6f32ad98b6b8_10s,backfill_flowcache_native_6f32ad98b6b8_10s,RTN_INT4,RTN,4,,,6f32ad98b6b8,"{""benchmark"":""moviegen"",""bits"":4,""cache_policy"":{""cadence"":null,""recent_blocks"":null},""method"":""RTN_INT4"",""method_family"":""RTN"",""quant_meta"":{}}",combined_backfill,{},10,10,10,True,True,True,True,False,True,165,10.3125,True,True,True,True,True,True,,21.32045230697806,0.6880432589672065,0.18028859936159503,0.9452598013528963,0.7352976711619984,0.940525766516604,0.6472699463367462,3.2,862.6356853013858,21456691200
combined,/data/vaishak/combined-kv-quant/results,moviegen,runs/backfill_flowcache_native_7743d4e12ea8_10s,/data/vaishak/combined-kv-quant/results/runs/backfill_flowcache_native_7743d4e12ea8_10s,backfill_flowcache_native_7743d4e12ea8_10s,RTN_INT4,RTN,4,,,7743d4e12ea8,"{""benchmark"":""moviegen"",""bits"":4,""cache_policy"":{""cadence"":null,""recent_blocks"":null},""method"":""RTN_INT4"",""method_family"":""RTN"",""quant_meta"":{}}",combined_backfill,{},10,10,10,True,True,True,True,False,True,165,10.3125,True,True,True,True,True,True,,21.32045230697806,0.6880432589672065,0.18028859936159503,0.9452598013528963,0.7352976711619984,0.940525766516604,0.6472699463367462,3.2,862.6356853013858,21456691200
combined,/data/vaishak/combined-kv-quant/results,moviegen,runs/backfill_flowcache_native_ac822d436745_10s,/data/vaishak/combined-kv-quant/results/runs/backfill_flowcache_native_ac822d436745_10s,backfill_flowcache_native_ac822d436745_10s,RTN_INT4,RTN,4,,,ac822d436745,"{""benchmark"":""moviegen"",""bits"":4,""cache_policy"":{""cadence"":null,""recent_blocks"":null},""method"":""RTN_INT4"",""method_family"":""RTN"",""quant_meta"":{}}",combined_backfill,{},10,10,10,True,True,True,True,False,True,165,10.3125,True,True,True,True,True,True,,21.32045230697806,0.6880432589672065,0.18028859936159503,0.9452598013528963,0.7352976711619984,0.940525766516604,0.6472699463367462,3.2,862.6356853013858,21456691200
combined,/data/vaishak/combined-kv-quant/results,moviegen,runs/backfill_flowcache_native_soft_prune_int4_068de819e000_10s,/data/vaishak/combined-kv-quant/results/runs/backfill_flowcache_native_soft_prune_int4_068de819e000_10s,backfill_flowcache_native_soft_prune_int4_068de819e000_10s,RTN_INT4,RTN,4,,,068de819e000,"{""benchmark"":""moviegen"",""bits"":4,""cache_policy"":{""cadence"":null,""recent_blocks"":null},""method"":""RTN_INT4"",""method_family"":""RTN"",""quant_meta"":{}}",combined_backfill,{},10,10,10,True,True,True,True,False,True,165,10.3125,True,True,True,True,True,True,,21.32045230697806,0.6880432589672065,0.18028859936159503,0.9452598013528963,0.7352976711619984,0.940525766516604,0.6472699463367462,3.2,862.6356853013858,21456691200
combined,/data/vaishak/combined-kv-quant/results,moviegen,runs/backfill_flowcache_native_soft_prune_int4_56d7f051182b_10s,/data/vaishak/combined-kv-quant/results/runs/backfill_flowcache_native_soft_prune_int4_56d7f051182b_10s,backfill_flowcache_native_soft_prune_int4_56d7f051182b_10s,RTN_INT4,RTN,4,,,56d7f051182b,"{""benchmark"":""moviegen"",""bits"":4,""cache_policy"":{""cadence"":null,""recent_blocks"":null},""method"":""RTN_INT4"",""method_family"":""RTN"",""quant_meta"":{}}",combined_backfill,{},10,10,10,True,True,True,True,False,True,165,10.3125,True,True,True,True,True,True,,21.32045230697806,0.6880432589672065,0.18028859936159503,0.9452598013528963,0.7352976711619984,0.940525766516604,0.6472699463367462,3.2,862.6356853013858,21456691200
combined,/data/vaishak/combined-kv-quant/results,moviegen,runs/backfill_flowcache_prune_int2_990b60e0bbd4_10s,/data/vaishak/combined-kv-quant/results/runs/backfill_flowcache_prune_int2_990b60e0bbd4_10s,backfill_flowcache_prune_int2_990b60e0bbd4_10s,RTN_INT4,RTN,4,,,990b60e0bbd4,"{""benchmark"":""moviegen"",""bits"":4,""cache_policy"":{""cadence"":null,""recent_blocks"":null},""method"":""RTN_INT4"",""method_family"":""RTN"",""quant_meta"":{}}",combined_backfill,{},10,10,10,True,True,True,True,False,True,165,10.3125,True,True,True,True,True,True,,21.32045230697806,0.6880432589672065,0.18028859936159503,0.9452598013528963,0.7352976711619984,0.940525766516604,0.6472699463367462,3.2,862.6356853013858,21456691200
combined,/data/vaishak/combined-kv-quant/results,moviegen,runs/backfill_flowcache_prune_int2_f163dc4eb7a9_10s,/data/vaishak/combined-kv-quant/results/runs/backfill_flowcache_prune_int2_f163dc4eb7a9_10s,backfill_flowcache_prune_int2_f163dc4eb7a9_10s,RTN_INT4,RTN,4,,,f163dc4eb7a9,"{""benchmark"":""moviegen"",""bits"":4,""cache_policy"":{""cadence"":null,""recent_blocks"":null},""method"":""RTN_INT4"",""method_family"":""RTN"",""quant_meta"":{}}",combined_backfill,{},10,10,10,True,True,True,True,False,True,165,10.3125,True,True,True,True,True,True,,21.32045230697806,0.6880432589672065,0.18028859936159503,0.9452598013528963,0.7352976711619984,0.940525766516604,0.6472699463367462,3.2,862.6356853013858,21456691200
combined,/data/vaishak/combined-kv-quant/results,moviegen,runs/backfill_flowcache_prune_int4_27bbc04277fe_10s,/data/vaishak/combined-kv-quant/results/runs/backfill_flowcache_prune_int4_27bbc04277fe_10s,backfill_flowcache_prune_int4_27bbc04277fe_10s,RTN_INT4,RTN,4,,,27bbc04277fe,"{""benchmark"":""moviegen"",""bits"":4,""cache_policy"":{""cadence"":null,""recent_blocks"":null},""method"":""RTN_INT4"",""method_family"":""RTN"",""quant_meta"":{}}",combined_backfill,{},10,10,10,True,True,True,True,False,True,165,10.3125,True,True,True,True,True,True,,21.32045230697806,0.6880432589672065,0.18028859936159503,0.9452598013528963,0.7352976711619984,0.940525766516604,0.6472699463367462,3.2,862.6356853013858,21456691200
combined,/data/vaishak/combined-kv-quant/results,moviegen,runs/backfill_flowcache_soft_prune_int2_24b7f6c1cfbb_10s,/data/vaishak/combined-kv-quant/results/runs/backfill_flowcache_soft_prune_int2_24b7f6c1cfbb_10s,backfill_flowcache_soft_prune_int2_24b7f6c1cfbb_10s,RTN_INT4,RTN,4,,,24b7f6c1cfbb,"{""benchmark"":""moviegen"",""bits"":4,""cache_policy"":{""cadence"":null,""recent_blocks"":null},""method"":""RTN_INT4"",""method_family"":""RTN"",""quant_meta"":{}}",combined_backfill,{},10,10,10,True,True,True,True,False,True,165,10.3125,True,True,True,True,True,True,,21.32045230697806,0.6880432589672065,0.18028859936159503,0.9452598013528963,0.7352976711619984,0.940525766516604,0.6472699463367462,3.2,862.6356853013858,21456691200
combined,/data/vaishak/combined-kv-quant/results,moviegen,runs/backfill_flowcache_soft_prune_int4_5f5a998802bd_10s,/data/vaishak/combined-kv-quant/results/runs/backfill_flowcache_soft_prune_int4_5f5a998802bd_10s,backfill_flowcache_soft_prune_int4_5f5a998802bd_10s,RTN_INT4,RTN,4,,,5f5a998802bd,"{""benchmark"":""moviegen"",""bits"":4,""cache_policy"":{""cadence"":null,""recent_blocks"":null},""method"":""RTN_INT4"",""method_family"":""RTN"",""quant_meta"":{}}",combined_backfill,{},10,10,10,True,True,True,True,False,True,165,10.3125,True,True,True,True,True,True,,21.32045230697806,0.6880432589672065,0.18028859936159503,0.9452598013528963,0.7352976711619984,0.940525766516604,0.6472699463367462,3.2,862.6356853013858,21456691200
combined,/data/vaishak/combined-kv-quant/results,moviegen,runs/backfill_prq_int2_c800cfa2a981_10s,/data/vaishak/combined-kv-quant/results/runs/backfill_prq_int2_c800cfa2a981_10s,backfill_prq_int2_c800cfa2a981_10s,RTN_INT4,RTN,4,,,c800cfa2a981,"{""benchmark"":""moviegen"",""bits"":4,""cache_policy"":{""cadence"":null,""recent_blocks"":null},""method"":""RTN_INT4"",""method_family"":""RTN"",""quant_meta"":{}}",combined_backfill,{},10,10,10,True,True,True,True,False,True,165,10.3125,True,True,True,True,True,True,,21.32045230697806,0.6880432589672065,0.18028859936159503,0.9452598013528963,0.7352976711619984,0.940525766516604,0.6472699463367462,3.2,862.6356853013858,21456691200
combined,/data/vaishak/combined-kv-quant/results,moviegen,runs/backfill_prq_int4_23a612bd2862_10s,/data/vaishak/combined-kv-quant/results/runs/backfill_prq_int4_23a612bd2862_10s,backfill_prq_int4_23a612bd2862_10s,RTN_INT4,RTN,4,,,23a612bd2862,"{""benchmark"":""moviegen"",""bits"":4,""cache_policy"":{""cadence"":null,""recent_blocks"":null},""method"":""RTN_INT4"",""method_family"":""RTN"",""quant_meta"":{}}",combined_backfill,{},10,10,10,True,True,True,True,False,True,165,10.3125,True,True,True,True,True,True,,21.32045230697806,0.6880432589672065,0.18028859936159503,0.9452598013528963,0.7352976711619984,0.940525766516604,0.6472699463367462,3.2,862.6356853013858,21456691200
combined,/data/vaishak/combined-kv-quant/results,moviegen,runs/backfill_qaq_int2_dcc080e7d18f_10s,/data/vaishak/combined-kv-quant/results/runs/backfill_qaq_int2_dcc080e7d18f_10s,backfill_qaq_int2_dcc080e7d18f_10s,RTN_INT4,RTN,4,,,dcc080e7d18f,"{""benchmark"":""moviegen"",""bits"":4,""cache_policy"":{""cadence"":null,""recent_blocks"":null},""method"":""RTN_INT4"",""method_family"":""RTN"",""quant_meta"":{}}",combined_backfill,{},10,10,10,True,True,True,True,False,True,165,10.3125,True,True,True,True,True,True,,21.32045230697806,0.6880432589672065,0.18028859936159503,0.9452598013528963,0.7352976711619984,0.940525766516604,0.6472699463367462,3.2,862.6356853013858,21456691200
combined,/data/vaishak/combined-kv-quant/results,moviegen,runs/backfill_qaq_int4_aa6e42af3d16_10s,/data/vaishak/combined-kv-quant/results/runs/backfill_qaq_int4_aa6e42af3d16_10s,backfill_qaq_int4_aa6e42af3d16_10s,RTN_INT4,RTN,4,,,aa6e42af3d16,"{""benchmark"":""moviegen"",""bits"":4,""cache_policy"":{""cadence"":null,""recent_blocks"":null},""method"":""RTN_INT4"",""method_family"":""RTN"",""quant_meta"":{}}",combined_backfill,{},10,10,10,True,True,True,True,False,True,165,10.3125,True,True,True,True,True,True,,21.32045230697806,0.6880432589672065,0.18028859936159503,0.9452598013528963,0.7352976711619984,0.940525766516604,0.6472699463367462,3.2,862.6356853013858,21456691200
combined,/data/vaishak/combined-kv-quant/results,moviegen,runs/backfill_spatial_mixed_fg_kivi_int4_bg_kivi_int2_3d327a450ca5_10s,/data/vaishak/combined-kv-quant/results/runs/backfill_spatial_mixed_fg_kivi_int4_bg_kivi_int2_3d327a450ca5_10s,backfill_spatial_mixed_fg_kivi_int4_bg_kivi_int2_3d327a450ca5_10s,RTN_INT4,RTN,4,,,3d327a450ca5,"{""benchmark"":""moviegen"",""bits"":4,""cache_policy"":{""cadence"":null,""recent_blocks"":null},""method"":""RTN_INT4"",""method_family"":""RTN"",""quant_meta"":{}}",combined_backfill,{},10,10,10,True,True,True,True,False,True,165,10.3125,True,True,True,True,True,True,,21.32045230697806,0.6880432589672065,0.18028859936159503,0.9452598013528963,0.7352976711619984,0.940525766516604,0.6472699463367462,3.2,862.6356853013858,21456691200
combined,/data/vaishak/combined-kv-quant/results,moviegen,runs/backfill_spatial_mixed_fg_quarot_kv_int4_bg_rtn_int2_af0e1883d58d_10s,/data/vaishak/combined-kv-quant/results/runs/backfill_spatial_mixed_fg_quarot_kv_int4_bg_rtn_int2_af0e1883d58d_10s,backfill_spatial_mixed_fg_quarot_kv_int4_bg_rtn_int2_af0e1883d58d_10s,RTN_INT4,RTN,4,,,af0e1883d58d,"{""benchmark"":""moviegen"",""bits"":4,""cache_policy"":{""cadence"":null,""recent_blocks"":null},""method"":""RTN_INT4"",""method_family"":""RTN"",""quant_meta"":{}}",combined_backfill,{},10,10,10,True,True,True,True,False,True,165,10.3125,True,True,True,True,True,True,,21.32045230697806,0.6880432589672065,0.18028859936159503,0.9452598013528963,0.7352976711619984,0.940525766516604,0.6472699463367462,3.2,862.6356853013858,21456691200
combined,/data/vaishak/combined-kv-quant/results,moviegen,runs/backfill_spatial_mixed_fg_rtn_int4_bg_rtn_int2_1f080d8dcc0e_10s,/data/vaishak/combined-kv-quant/results/runs/backfill_spatial_mixed_fg_rtn_int4_bg_rtn_int2_1f080d8dcc0e_10s,backfill_spatial_mixed_fg_rtn_int4_bg_rtn_int2_1f080d8dcc0e_10s,RTN_INT4,RTN,4,,,1f080d8dcc0e,"{""benchmark"":""moviegen"",""bits"":4,""cache_policy"":{""cadence"":null,""recent_blocks"":null},""method"":""RTN_INT4"",""method_family"":""RTN"",""quant_meta"":{}}",combined_backfill,{},10,10,10,True,True,True,True,False,True,165,10.3125,True,True,True,True,True,True,,21.32045230697806,0.6880432589672065,0.18028859936159503,0.9452598013528963,0.7352976711619984,0.940525766516604,0.6472699463367462,3.2,862.6356853013858,21456691200
combined,/data/vaishak/combined-kv-quant/results,moviegen,runs/backfill_spatial_mixed_fg_rtn_int4_bg_rtn_int2_1f080d8dcc0e_10s,/data/vaishak/combined-kv-quant/results/runs/backfill_spatial_mixed_fg_rtn_int4_bg_rtn_int2_1f080d8dcc0e_10s,backfill_spatial_mixed_fg_rtn_int4_bg_rtn_int2_1f080d8dcc0e_10s,RTN_INT4,RTN,4,,,c64825ec3ea8,"{""benchmark"":""moviegen"",""bits"":4,""cache_policy"":{""cadence"":null,""recent_blocks"":null},""method"":""RTN_INT4"",""method_family"":""RTN"",""quant_meta"":{}}",combined_backfill,{},10,10,10,True,True,True,True,False,True,165,10.3125,True,True,True,True,True,True,,21.32045230697806,0.6880432589672065,0.18028859936159503,0.9452598013528963,0.7352976711619984,0.940525766516604,0.6472699463367462,3.2,862.6356853013858,21456691200
combined,/data/vaishak/combined-kv-quant/results,moviegen,runs/backfill_spatial_mixed_fg_rtn_int4_bg_rtn_int2_bae80e29fbb6_10s,/data/vaishak/combined-kv-quant/results/runs/backfill_spatial_mixed_fg_rtn_int4_bg_rtn_int2_bae80e29fbb6_10s,backfill_spatial_mixed_fg_rtn_int4_bg_rtn_int2_bae80e29fbb6_10s,RTN_INT4,RTN,4,,,bae80e29fbb6,"{""benchmark"":""moviegen"",""bits"":4,""cache_policy"":{""cadence"":null,""recent_blocks"":null},""method"":""RTN_INT4"",""method_family"":""RTN"",""quant_meta"":{}}",combined_backfill,{},10,10,10,True,True,True,True,False,True,165,10.3125,True,True,True,True,True,True,,21.32045230697806,0.6880432589672065,0.18028859936159503,0.9452598013528963,0.7352976711619984,0.940525766516604,0.6472699463367462,3.2,862.6356853013858,21456691200
combined,/data/vaishak/combined-kv-quant/results,moviegen,runs/backfill_spatial_mixed_fg_rtn_int4_bg_rtn_int4_04d60f52e048_10s,/data/vaishak/combined-kv-quant/results/runs/backfill_spatial_mixed_fg_rtn_int4_bg_rtn_int4_04d60f52e048_10s,backfill_spatial_mixed_fg_rtn_int4_bg_rtn_int4_04d60f52e048_10s,RTN_INT4,RTN,4,,,04d60f52e048,"{""benchmark"":""moviegen"",""bits"":4,""cache_policy"":{""cadence"":null,""recent_blocks"":null},""method"":""RTN_INT4"",""method_family"":""RTN"",""quant_meta"":{}}",combined_backfill,{},10,10,10,True,True,True,True,False,True,165,10.3125,True,True,True,True,True,True,,21.32045230697806,0.6880432589672065,0.18028859936159503,0.9452598013528963,0.7352976711619984,0.940525766516604,0.6472699463367462,3.2,862.6356853013858,21456691200
combined,/data/vaishak/combined-kv-quant/results,moviegen,runs/backfill_spatial_mixed_fg_rtn_int4_bg_rtn_int4_580e67e08d8e_10s,/data/vaishak/combined-kv-quant/results/runs/backfill_spatial_mixed_fg_rtn_int4_bg_rtn_int4_580e67e08d8e_10s,backfill_spatial_mixed_fg_rtn_int4_bg_rtn_int4_580e67e08d8e_10s,RTN_INT4,RTN,4,,,580e67e08d8e,"{""benchmark"":""moviegen"",""bits"":4,""cache_policy"":{""cadence"":null,""recent_blocks"":null},""method"":""RTN_INT4"",""method_family"":""RTN"",""quant_meta"":{}}",combined_backfill,{},10,10,10,True,True,True,True,False,True,165,10.3125,True,True,True,True,True,True,,21.32045230697806,0.6880432589672065,0.18028859936159503,0.9452598013528963,0.7352976711619984,0.940525766516604,0.6472699463367462,3.2,862.6356853013858,21456691200
combined,/data/vaishak/combined-kv-quant/results,moviegen,runs/backfill_tptq_int2_089f989f38f6_10s,/data/vaishak/combined-kv-quant/results/runs/backfill_tptq_int2_089f989f38f6_10s,backfill_tptq_int2_089f989f38f6_10s,RTN_INT4,RTN,4,,,089f989f38f6,"{""benchmark"":""moviegen"",""bits"":4,""cache_policy"":{""cadence"":null,""recent_blocks"":null},""method"":""RTN_INT4"",""method_family"":""RTN"",""quant_meta"":{}}",combined_backfill,{},10,10,10,True,True,True,True,False,True,165,10.3125,True,True,True,True,True,True,,21.32045230697806,0.6880432589672065,0.18028859936159503,0.9452598013528963,0.7352976711619984,0.940525766516604,0.6472699463367462,3.2,862.6356853013858,21456691200
combined,/data/vaishak/combined-kv-quant/results,moviegen,runs/backfill_tptq_int2_2babecc6bab8_10s,/data/vaishak/combined-kv-quant/results/runs/backfill_tptq_int2_2babecc6bab8_10s,backfill_tptq_int2_2babecc6bab8_10s,RTN_INT4,RTN,4,,,2babecc6bab8,"{""benchmark"":""moviegen"",""bits"":4,""cache_policy"":{""cadence"":null,""recent_blocks"":null},""method"":""RTN_INT4"",""method_family"":""RTN"",""quant_meta"":{}}",combined_backfill,{},10,10,10,True,True,True,True,False,True,165,10.3125,True,True,True,True,True,True,,21.32045230697806,0.6880432589672065,0.18028859936159503,0.9452598013528963,0.7352976711619984,0.940525766516604,0.6472699463367462,3.2,862.6356853013858,21456691200
combined,/data/vaishak/combined-kv-quant/results,moviegen,runs/backfill_tptq_int2_351b43b37ce8_10s,/data/vaishak/combined-kv-quant/results/runs/backfill_tptq_int2_351b43b37ce8_10s,backfill_tptq_int2_351b43b37ce8_10s,RTN_INT4,RTN,4,,,351b43b37ce8,"{""benchmark"":""moviegen"",""bits"":4,""cache_policy"":{""cadence"":null,""recent_blocks"":null},""method"":""RTN_INT4"",""method_family"":""RTN"",""quant_meta"":{}}",combined_backfill,{},10,10,10,True,True,True,True,False,True,165,10.3125,True,True,True,True,True,True,,21.32045230697806,0.6880432589672065,0.18028859936159503,0.9452598013528963,0.7352976711619984,0.940525766516604,0.6472699463367462,3.2,862.6356853013858,21456691200
combined,/data/vaishak/combined-kv-quant/results,moviegen,runs/backfill_tptq_int2_44c4da374609_10s,/data/vaishak/combined-kv-quant/results/runs/backfill_tptq_int2_44c4da374609_10s,backfill_tptq_int2_44c4da374609_10s,RTN_INT4,RTN,4,,,44c4da374609,"{""benchmark"":""moviegen"",""bits"":4,""cache_policy"":{""cadence"":null,""recent_blocks"":null},""method"":""RTN_INT4"",""method_family"":""RTN"",""quant_meta"":{}}",combined_backfill,{},10,10,10,True,True,True,True,False,True,165,10.3125,True,True,True,True,True,True,,21.32045230697806,0.6880432589672065,0.18028859936159503,0.9452598013528963,0.7352976711619984,0.940525766516604,0.6472699463367462,3.2,862.6356853013858,21456691200
combined,/data/vaishak/combined-kv-quant/results,moviegen,runs/backfill_tptq_int2_d94a86f7481e_10s,/data/vaishak/combined-kv-quant/results/runs/backfill_tptq_int2_d94a86f7481e_10s,backfill_tptq_int2_d94a86f7481e_10s,RTN_INT4,RTN,4,,,d94a86f7481e,"{""benchmark"":""moviegen"",""bits"":4,""cache_policy"":{""cadence"":null,""recent_blocks"":null},""method"":""RTN_INT4"",""method_family"":""RTN"",""quant_meta"":{}}",combined_backfill,{},10,10,10,True,True,True,True,False,True,165,10.3125,True,True,True,True,True,True,,21.32045230697806,0.6880432589672065,0.18028859936159503,0.9452598013528963,0.7352976711619984,0.940525766516604,0.6472699463367462,3.2,862.6356853013858,21456691200
suraj,/data/suraj/kv-quant-longhorizon/results,moviegen,legacy_root,/data/suraj/kv-quant-longhorizon/results,results,RTN_INT4,RTN,4,,,38e1ba7158a6,"{""benchmark"":""moviegen"",""bits"":4,""cache_policy"":{""cadence"":null,""recent_blocks"":null},""method"":""RTN_INT4"",""method_family"":""RTN"",""quant_meta"":{}}",,{},10,10,10,False,True,True,True,False,True,81,5.0625,False,True,True,False,True,False,vram_trace,24.82881623773262,0.776129715547986,0.08772604835153569,0.9656634521484375,0.7305107387966578,0.9710905256867409,0.6585291266441345,3.19921875,343.5352928885259,20456064000
suraj,/data/suraj/kv-quant-longhorizon/results,moviegen,runs/1772742389_baseline10_memfix_clean,/data/suraj/kv-quant-longhorizon/results/runs/1772742389_baseline10_memfix_clean,baseline10_memfix_clean,RTN_INT4,RTN,4,,,38e1ba7158a6,"{""benchmark"":""moviegen"",""bits"":4,""cache_policy"":{""cadence"":null,""recent_blocks"":null},""method"":""RTN_INT4"",""method_family"":""RTN"",""quant_meta"":{}}",,{},10,10,10,False,True,True,True,False,True,81,5.0625,False,True,True,False,True,False,vram_trace,24.82881623773262,0.776129715547986,0.08772604835153569,0.9656634521484375,0.7305107387966578,0.9710905256867409,0.6585291266441345,3.19921875,341.43667464796454,14417740800
suraj,/data/suraj/kv-quant-longhorizon/results,moviegen,runs/1772751420_baseline10s_10prompts_v3,/data/suraj/kv-quant-longhorizon/results/runs/1772751420_baseline10s_10prompts_v3,baseline10s_10prompts_v3,RTN_INT4,RTN,4,,,38e1ba7158a6,"{""benchmark"":""moviegen"",""bits"":4,""cache_policy"":{""cadence"":null,""recent_blocks"":null},""method"":""RTN_INT4"",""method_family"":""RTN"",""quant_meta"":{}}",,{},10,10,10,True,True,True,True,False,True,165,10.3125,True,True,True,True,True,True,,21.32045230697806,0.6880432589672065,0.18028859936159503,0.9452598013528963,0.7352976711619984,0.940525766516604,0.6472699463367462,3.2,862.6356853013858,21456691200
suraj,/data/suraj/kv-quant-longhorizon/results,moviegen,runs/1773110004_presentation_moviegen_fullmatrix,/data/suraj/kv-quant-longhorizon/results/runs/1773110004_presentation_moviegen_fullmatrix,presentation_moviegen_fullmatrix,RTN_INT4,RTN,4,,,38e1ba7158a6,"{""benchmark"":""moviegen"",""bits"":4,""cache_policy"":{""cadence"":null,""recent_blocks"":null},""method"":""RTN_INT4"",""method_family"":""RTN"",""quant_meta"":{}}",,{},10,10,10,True,True,True,True,False,True,165,10.3125,True,True,True,True,True,True,,21.32045230697806,0.6880432589672065,0.18028859936159503,0.9452598013528963,0.7352976711619984,0.940525766516604,0.6472699463367462,3.2,862.6356853013858,21456691200
vaishak,/data/vaishak/kv-quant-longhorizon/results,moviegen,legacy_root,/data/vaishak/kv-quant-longhorizon/results,results,RTN_INT4,RTN,4,,,38e1ba7158a6,"{""benchmark"":""moviegen"",""bits"":4,""cache_policy"":{""cadence"":null,""recent_blocks"":null},""method"":""RTN_INT4"",""method_family"":""RTN"",""quant_meta"":{}}",,{},10,10,10,False,True,True,True,False,True,81,5.0625,False,True,True,False,True,False,vram_trace,24.82881623773262,0.776129715547986,0.08772604835153569,0.9656634521484375,0.7305107387966578,0.9710905256867409,0.6585291266441345,3.19921875,343.5352928885259,20456064000
vaishak,/data/vaishak/kv-quant-longhorizon/results,moviegen,runs/1772742389_baseline10_memfix_clean,/data/vaishak/kv-quant-longhorizon/results/runs/1772742389_baseline10_memfix_clean,baseline10_memfix_clean,RTN_INT4,RTN,4,,,38e1ba7158a6,"{""benchmark"":""moviegen"",""bits"":4,""cache_policy"":{""cadence"":null,""recent_blocks"":null},""method"":""RTN_INT4"",""method_family"":""RTN"",""quant_meta"":{}}",,{},10,10,10,False,True,True,True,False,True,81,5.0625,False,True,True,False,True,False,vram_trace,24.82881623773262,0.776129715547986,0.08772604835153569,0.9656634521484375,0.7305107387966578,0.9710905256867409,0.6585291266441345,3.19921875,341.43667464796454,14417740800
vaishak,/data/vaishak/kv-quant-longhorizon/results,moviegen,runs/1772751420_baseline10s_10prompts_v3,/data/vaishak/kv-quant-longhorizon/results/runs/1772751420_baseline10s_10prompts_v3,baseline10s_10prompts_v3,RTN_INT4,RTN,4,,,38e1ba7158a6,"{""benchmark"":""moviegen"",""bits"":4,""cache_policy"":{""cadence"":null,""recent_blocks"":null},""method"":""RTN_INT4"",""method_family"":""RTN"",""quant_meta"":{}}",,{},10,10,10,True,True,True,True,False,False,165,10.3125,True,True,True,True,True,True,,21.32045230697806,0.6880432589672065,0.18028859936159503,0.9452598013528963,0.7352976711619984,0.940525766516604,0.6472699463367462,3.2,862.6356853013858,21456691200
vaishak,/data/vaishak/kv-quant-longhorizon/results,moviegen,runs/flowcache_adaptive_smoke_1772841690,/data/vaishak/kv-quant-longhorizon/results/runs/flowcache_adaptive_smoke_1772841690,flowcache_adaptive_smoke,RTN_INT4,RTN,4,,,38e1ba7158a6,"{""benchmark"":""moviegen"",""bits"":4,""cache_policy"":{""cadence"":null,""recent_blocks"":null},""method"":""RTN_INT4"",""method_family"":""RTN"",""quant_meta"":{}}",flowcache_adaptive_experiment,{},1,1,1,True,True,True,True,False,True,81,5.0625,False,True,True,True,True,False,,21.318476246648377,0.7021296575630418,0.12891242997490882,0.9455291748046875,0.636429928438163,0.9515451863408089,0.6546457409858704,3.19921875,32.137954726815224,14025369600
vaishak,/data/vaishak/kv-quant-longhorizon/results,moviegen,runs/flowcache_hybrid_smoke_1772837498,/data/vaishak/kv-quant-longhorizon/results/runs/flowcache_hybrid_smoke_1772837498,flowcache_hybrid_smoke,RTN_INT4,RTN,4,,,38e1ba7158a6,"{""benchmark"":""moviegen"",""bits"":4,""cache_policy"":{""cadence"":null,""recent_blocks"":null},""method"":""RTN_INT4"",""method_family"":""RTN"",""quant_meta"":{}}",flowcache_hybrid_experiment,{},1,1,1,True,True,True,True,False,True,81,5.0625,False,True,True,True,True,False,,21.318476246648377,0.7021296575630418,0.12891242997490882,0.9455291748046875,0.636429928438163,0.9515451863408089,0.6546457409858704,3.19921875,31.90946993092075,14025369600
vaishak,/data/vaishak/kv-quant-longhorizon/results,moviegen,runs/flowcache_native_smoke_1772867470,/data/vaishak/kv-quant-longhorizon/results/runs/flowcache_native_smoke_1772867470,flowcache_native_smoke,RTN_INT4,RTN,4,,,38e1ba7158a6,"{""benchmark"":""moviegen"",""bits"":4,""cache_policy"":{""cadence"":null,""recent_blocks"":null},""method"":""RTN_INT4"",""method_family"":""RTN"",""quant_meta"":{}}",flowcache_native_experiment,{},1,1,1,True,True,False,True,False,False,81,5.0625,False,False,True,True,False,False,fidelity,,,,0.9455291748046875,0.636429928438163,0.9515451863408089,0.6546457409858704,3.19921875,31.968104714062065,14025369600
vaishak,/data/vaishak/kv-quant-longhorizon/results,moviegen,runs/flowcache_native_smoke_v2_1772868427,/data/vaishak/kv-quant-longhorizon/results/runs/flowcache_native_smoke_v2_1772868427,flowcache_native_smoke_v2,RTN_INT4,RTN,4,,,38e1ba7158a6,"{""benchmark"":""moviegen"",""bits"":4,""cache_policy"":{""cadence"":null,""recent_blocks"":null},""method"":""RTN_INT4"",""method_family"":""RTN"",""quant_meta"":{}}",flowcache_native_experiment,{},1,1,1,True,True,True,True,False,True,81,5.0625,False,True,True,True,True,False,,21.318476246648377,0.7021296575630418,0.12890759317411316,0.9455291748046875,0.636429928438163,0.9515451863408089,0.6546457409858704,3.19921875,31.917505505960435,14025369600
vaishak,/data/vaishak/kv-quant-longhorizon/results,moviegen,runs/flowcache_prune_smoke_1772843810,/data/vaishak/kv-quant-longhorizon/results/runs/flowcache_prune_smoke_1772843810,flowcache_prune_smoke,RTN_INT4,RTN,4,,,38e1ba7158a6,"{""benchmark"":""moviegen"",""bits"":4,""cache_policy"":{""cadence"":null,""recent_blocks"":null},""method"":""RTN_INT4"",""method_family"":""RTN"",""quant_meta"":{}}",flowcache_prune_experiment,{},1,1,1,True,True,True,True,False,True,81,5.0625,False,True,True,True,True,False,,21.318476246648377,0.7021296575630418,0.12891242997490882,0.9455291748046875,0.636429928438163,0.9515451863408089,0.6546457409858704,3.19921875,32.19519579131156,14025369600
vaishak,/data/vaishak/kv-quant-longhorizon/results,moviegen,runs/flowcache_soft_prune_int4_multiprompt_1772851813,/data/vaishak/kv-quant-longhorizon/results/runs/flowcache_soft_prune_int4_multiprompt_1772851813,flowcache_soft_prune_int4_multiprompt,RTN_INT4,RTN,4,,,38e1ba7158a6,"{""benchmark"":""moviegen"",""bits"":4,""cache_policy"":{""cadence"":null,""recent_blocks"":null},""method"":""RTN_INT4"",""method_family"":""RTN"",""quant_meta"":{}}",flowcache_soft_prune_experiment,{},5,5,5,True,True,True,True,False,True,81,5.0625,False,True,True,True,True,False,,25.415978578250876,0.7986231826664578,0.0837291731660105,0.960557861328125,0.7227291546103396,0.9655301754921675,0.6747051239013672,3.19921875,168.46606239117682,14417740800
vaishak,/data/vaishak/kv-quant-longhorizon/results,moviegen,runs/flowcache_soft_prune_smoke_1772845366,/data/vaishak/kv-quant-longhorizon/results/runs/flowcache_soft_prune_smoke_1772845366,flowcache_soft_prune_smoke,RTN_INT4,RTN,4,,,38e1ba7158a6,"{""benchmark"":""moviegen"",""bits"":4,""cache_policy"":{""cadence"":null,""recent_blocks"":null},""method"":""RTN_INT4"",""method_family"":""RTN"",""quant_meta"":{}}",flowcache_soft_prune_experiment,{},1,1,1,True,True,True,True,False,True,81,5.0625,False,True,True,True,True,False,,21.318476246648377,0.7021296575630418,0.12891242997490882,0.9455291748046875,0.636429928438163,0.9515451863408089,0.6546457409858704,3.19921875,31.892826633993536,14025369600
vaishak,/data/vaishak/kv-quant-longhorizon/results,moviegen,runs/nonspatial_bundle_smoke_1772772966,/data/vaishak/kv-quant-longhorizon/results/runs/nonspatial_bundle_smoke_1772772966,nonspatial_bundle_smoke,RTN_INT4,RTN,4,,,38e1ba7158a6,"{""benchmark"":""moviegen"",""bits"":4,""cache_policy"":{""cadence"":null,""recent_blocks"":null},""method"":""RTN_INT4"",""method_family"":""RTN"",""quant_meta"":{}}",nonspatial_bundle,{},1,1,1,True,True,True,True,False,True,81,5.0625,False,True,True,True,True,False,,21.318476246648377,0.7021296575630418,0.12891242997490882,0.9455291748046875,0.636429928438163,0.9515451863408089,0.6546457409858704,3.19921875,31.916363059077412,14025369600
vaishak,/data/vaishak/kv-quant-longhorizon/results,moviegen,runs/spatial_mixed_iter2_smoke_1772761400,/data/vaishak/kv-quant-longhorizon/results/runs/spatial_mixed_iter2_smoke_1772761400,spatial_mixed_iter2_smoke,RTN_INT4,RTN,4,,,38e1ba7158a6,"{""benchmark"":""moviegen"",""bits"":4,""cache_policy"":{""cadence"":null,""recent_blocks"":null},""method"":""RTN_INT4"",""method_family"":""RTN"",""quant_meta"":{}}",spatial_mixed_iter2,{},1,1,1,True,True,True,True,False,True,81,5.0625,False,True,True,True,True,False,,21.318476246648377,0.7021296575630418,0.12891242997490882,0.9455291748046875,0.636429928438163,0.9515451863408089,0.6546457409858704,3.19921875,31.795509427785873,14025369600
vaishak,/data/vaishak/kv-quant-longhorizon/results,moviegen,runs/spatial_mixed_iter3_decisive_1772762790,/data/vaishak/kv-quant-longhorizon/results/runs/spatial_mixed_iter3_decisive_1772762790,spatial_mixed_iter3_decisive,RTN_INT4,RTN,4,,,38e1ba7158a6,"{""benchmark"":""moviegen"",""bits"":4,""cache_policy"":{""cadence"":null,""recent_blocks"":null},""method"":""RTN_INT4"",""method_family"":""RTN"",""quant_meta"":{}}",spatial_mixed_iter2,{},1,1,1,True,True,True,True,False,True,81,5.0625,False,True,True,True,True,False,,21.318476246648377,0.7021296575630418,0.12891242997490882,0.9455291748046875,0.636429928438163,0.9515451863408089,0.6546457409858704,3.19921875,31.888231435790658,14025369600
vaishak,/data/vaishak/kv-quant-longhorizon/results,moviegen,runs/spatial_mixed_smoke_1772758158,/data/vaishak/kv-quant-longhorizon/results/runs/spatial_mixed_smoke_1772758158,spatial_mixed_smoke,RTN_INT4,RTN,4,,,38e1ba7158a6,"{""benchmark"":""moviegen"",""bits"":4,""cache_policy"":{""cadence"":null,""recent_blocks"":null},""method"":""RTN_INT4"",""method_family"":""RTN"",""quant_meta"":{}}",spatial_mixed_balanced,{},1,1,1,True,True,False,False,False,False,81,5.0625,False,False,True,True,False,False,fidelity;vbench,,,,,,,,3.19921875,41.6298723728396,13897267200
vaishak,/data/vaishak/kv-quant-longhorizon/results,moviegen,runs/spatial_mixed_smoke_1772758615,/data/vaishak/kv-quant-longhorizon/results/runs/spatial_mixed_smoke_1772758615,spatial_mixed_smoke,RTN_INT4,RTN,4,,,38e1ba7158a6,"{""benchmark"":""moviegen"",""bits"":4,""cache_policy"":{""cadence"":null,""recent_blocks"":null},""method"":""RTN_INT4"",""method_family"":""RTN"",""quant_meta"":{}}",spatial_mixed_balanced,{},1,1,1,True,True,True,True,False,True,81,5.0625,False,True,True,True,True,False,,21.318476246648377,0.7021296575630418,0.12891242997490882,0.9455291748046875,0.636429928438163,0.9515451863408089,0.6546457409858704,3.19921875,32.75873814569786,14049572864
vaishak,/data/vaishak/kv-quant-longhorizon/results,moviegen,runs/tptq_ablation_smoke_1772779198,/data/vaishak/kv-quant-longhorizon/results/runs/tptq_ablation_smoke_1772779198,tptq_ablation_smoke,RTN_INT4,RTN,4,,,38e1ba7158a6,"{""benchmark"":""moviegen"",""bits"":4,""cache_policy"":{""cadence"":null,""recent_blocks"":null},""method"":""RTN_INT4"",""method_family"":""RTN"",""quant_meta"":{}}",tptq_ablation,{},1,1,1,True,True,False,False,False,False,81,5.0625,False,False,True,True,False,False,fidelity;vbench,,,,,,,,3.19921875,31.758065563626587,14025369600
vaishak,/data/vaishak/kv-quant-longhorizon/results,moviegen,runs/tptq_ablation_smoke_fix_1772779890,/data/vaishak/kv-quant-longhorizon/results/runs/tptq_ablation_smoke_fix_1772779890,tptq_ablation_smoke_fix,RTN_INT4,RTN,4,,,38e1ba7158a6,"{""benchmark"":""moviegen"",""bits"":4,""cache_policy"":{""cadence"":null,""recent_blocks"":null},""method"":""RTN_INT4"",""method_family"":""RTN"",""quant_meta"":{}}",tptq_ablation,{},1,1,1,True,True,True,True,False,True,81,5.0625,False,True,True,True,True,False,,21.318476246648377,0.7021296575630418,0.12891242997490882,0.9455291748046875,0.636429928438163,0.9515451863408089,0.6546457409858704,3.19921875,31.86558616394177,14025369600
vaishak,/data/vaishak/kv-quant-longhorizon/results,moviegen,runs/tptq_lite_ablation_r15_1772782617,/data/vaishak/kv-quant-longhorizon/results/runs/tptq_lite_ablation_r15_1772782617,tptq_lite_ablation_r15,RTN_INT4,RTN,4,,,38e1ba7158a6,"{""benchmark"":""moviegen"",""bits"":4,""cache_policy"":{""cadence"":null,""recent_blocks"":null},""method"":""RTN_INT4"",""method_family"":""RTN"",""quant_meta"":{}}",tptq_ablation,{},1,1,1,True,True,True,True,False,True,81,5.0625,False,True,True,True,True,False,,21.318476246648377,0.7021296575630418,0.12891242997490882,0.9455291748046875,0.636429928438163,0.9515451863408089,0.6546457409858704,3.19921875,31.799186245072633,14025369600
vaishak,/data/vaishak/kv-quant-longhorizon/results,moviegen,runs/tptq_lite_ablation_r20_1772781924,/data/vaishak/kv-quant-longhorizon/results/runs/tptq_lite_ablation_r20_1772781924,tptq_lite_ablation_r20,RTN_INT4,RTN,4,,,38e1ba7158a6,"{""benchmark"":""moviegen"",""bits"":4,""cache_policy"":{""cadence"":null,""recent_blocks"":null},""method"":""RTN_INT4"",""method_family"":""RTN"",""quant_meta"":{}}",tptq_ablation,{},1,1,1,True,True,True,True,False,True,81,5.0625,False,True,True,True,True,False,,21.318476246648377,0.7021296575630418,0.12891242997490882,0.9455291748046875,0.636429928438163,0.9515451863408089,0.6546457409858704,3.19921875,31.81066065421328,14025369600
vaishak,/data/vaishak/kv-quant-longhorizon/results,moviegen,runs/tptq_lite_ablation_r25_1772781228,/data/vaishak/kv-quant-longhorizon/results/runs/tptq_lite_ablation_r25_1772781228,tptq_lite_ablation_r25,RTN_INT4,RTN,4,,,38e1ba7158a6,"{""benchmark"":""moviegen"",""bits"":4,""cache_policy"":{""cadence"":null,""recent_blocks"":null},""method"":""RTN_INT4"",""method_family"":""RTN"",""quant_meta"":{}}",tptq_ablation,{},1,1,1,True,True,True,True,False,True,81,5.0625,False,True,True,True,True,False,,21.318476246648377,0.7021296575630418,0.12891242997490882,0.9455291748046875,0.636429928438163,0.9515451863408089,0.6546457409858704,3.19921875,31.866105753928423,14025369600
suraj,/data/suraj/kv-quant-longhorizon/results,moviegen,runs/1773038789_newideas10s_10prompts,/data/suraj/kv-quant-longhorizon/results/runs/1773038789_newideas10s_10prompts,1773038789_newideas10s_10prompts,RTN_INT4_RECENT2,RTN,4,per_step,2,a529c4b9b5bc,"{""benchmark"":""moviegen"",""bits"":4,""cache_policy"":{""cadence"":""per_step"",""recent_blocks"":2},""method"":""RTN_INT4_RECENT2"",""method_family"":""RTN"",""quant_meta"":{}}",,{},10,10,10,True,True,True,True,True,True,165,10.3125,True,True,True,True,True,True,,23.691832257108995,0.7319636202635206,0.14821119446337408,0.9489960461128049,0.7355547964153868,0.9444047310730306,0.6474178016185761,2.4347826086956523,688.6369885755703,22950228480
suraj,/data/suraj/kv-quant-longhorizon/results,moviegen,runs/1773110004_presentation_moviegen_fullmatrix,/data/suraj/kv-quant-longhorizon/results/runs/1773110004_presentation_moviegen_fullmatrix,presentation_moviegen_fullmatrix,RTN_INT4_RECENT2,RTN,4,per_step,2,a529c4b9b5bc,"{""benchmark"":""moviegen"",""bits"":4,""cache_policy"":{""cadence"":""per_step"",""recent_blocks"":2},""method"":""RTN_INT4_RECENT2"",""method_family"":""RTN"",""quant_meta"":{}}",,{},10,10,10,True,True,True,True,True,True,165,10.3125,True,True,True,True,True,True,,23.691832257108995,0.7319636202635206,0.14821119446337408,0.9489960461128049,0.7355547964153868,0.9444047310730306,0.6474178016185761,2.4347826086956523,688.6369885755703,22950228480
suraj,/data/suraj/kv-quant-longhorizon/results,moviegen,runs/1773035807_newideas10s_10prompts,/data/suraj/kv-quant-longhorizon/results/runs/1773035807_newideas10s_10prompts,1773035807_newideas10s_10prompts,RTN_INT4_REFRESH,RTN,4,,,6d1d030c9066,"{""benchmark"":""moviegen"",""bits"":4,""cache_policy"":{""cadence"":null,""recent_blocks"":null},""method"":""RTN_INT4_REFRESH"",""method_family"":""RTN"",""quant_meta"":{}}",,{},,0,0,True,False,False,False,False,False,,,True,False,False,False,False,False,efficiency;fidelity;vbench;generation_log;videos,,,,,,,,,,
suraj,/data/suraj/kv-quant-longhorizon/results,moviegen,runs/1773037963_newideas10s_10prompts,/data/suraj/kv-quant-longhorizon/results/runs/1773037963_newideas10s_10prompts,1773037963_newideas10s_10prompts,RTN_INT4_REFRESH,RTN,4,,,6d1d030c9066,"{""benchmark"":""moviegen"",""bits"":4,""cache_policy"":{""cadence"":null,""recent_blocks"":null},""method"":""RTN_INT4_REFRESH"",""method_family"":""RTN"",""quant_meta"":{}}",,{},7,7,7,True,False,False,False,False,False,165,10.3125,True,False,True,True,False,False,efficiency;fidelity;vbench,,,,,,,,,,
suraj,/data/suraj/kv-quant-longhorizon/results,moviegen,runs/1773038789_newideas10s_10prompts,/data/suraj/kv-quant-longhorizon/results/runs/1773038789_newideas10s_10prompts,1773038789_newideas10s_10prompts,RTN_INT4_REFRESH,RTN,4,refresh_only,0,c3dbce195491,"{""benchmark"":""moviegen"",""bits"":4,""cache_policy"":{""cadence"":""refresh_only"",""recent_blocks"":0},""method"":""RTN_INT4_REFRESH"",""method_family"":""RTN"",""quant_meta"":{}}",,{},10,10,10,True,True,True,True,True,True,165,10.3125,True,True,True,True,True,True,,21.449570992474165,0.6934404228337129,0.17771532983251032,0.9468218547541921,0.7360971578424628,0.9406627426060234,0.648764455318451,3.2,650.4662615554407,24305333760
suraj,/data/suraj/kv-quant-longhorizon/results,moviegen,runs/1773110004_presentation_moviegen_fullmatrix,/data/suraj/kv-quant-longhorizon/results/runs/1773110004_presentation_moviegen_fullmatrix,presentation_moviegen_fullmatrix,RTN_INT4_REFRESH,RTN,4,refresh_only,0,c3dbce195491,"{""benchmark"":""moviegen"",""bits"":4,""cache_policy"":{""cadence"":""refresh_only"",""recent_blocks"":0},""method"":""RTN_INT4_REFRESH"",""method_family"":""RTN"",""quant_meta"":{}}",,{},10,10,10,True,True,True,True,True,True,165,10.3125,True,True,True,True,True,True,,21.449570992474165,0.6934404228337129,0.17771532983251032,0.9468218547541921,0.7360971578424628,0.9406627426060234,0.648764455318451,3.2,650.4662615554407,24305333760
suraj,/data/suraj/kv-quant-longhorizon/results,moviegen,runs/1773038789_newideas10s_10prompts,/data/suraj/kv-quant-longhorizon/results/runs/1773038789_newideas10s_10prompts,1773038789_newideas10s_10prompts,RTN_K2_V4,RTN,,,,a5f3a9f0caab,"{""benchmark"":""moviegen"",""bits"":null,""cache_policy"":{""cadence"":null,""recent_blocks"":null},""method"":""RTN_K2_V4"",""method_family"":""RTN"",""quant_meta"":{}}",,{},5,5,5,True,False,False,False,False,True,165,10.3125,True,False,True,True,False,False,efficiency;fidelity;vbench,,,,,,,,,,
suraj,/data/suraj/kv-quant-longhorizon/results,moviegen,runs/1773110004_presentation_moviegen_fullmatrix,/data/suraj/kv-quant-longhorizon/results/runs/1773110004_presentation_moviegen_fullmatrix,presentation_moviegen_fullmatrix,RTN_K2_V4,RTN,,,,a5f3a9f0caab,"{""benchmark"":""moviegen"",""bits"":null,""cache_policy"":{""cadence"":null,""recent_blocks"":null},""method"":""RTN_K2_V4"",""method_family"":""RTN"",""quant_meta"":{}}",,{},5,5,5,True,False,False,False,False,True,165,10.3125,True,False,True,True,False,False,efficiency;fidelity;vbench,,,,,,,,,,
combined,/data/vaishak/combined-kv-quant/results,moviegen,runs/backfill_spatial_mixed_fg_kivi_int4_bg_kivi_int2_3d327a450ca5_10s,/data/vaishak/combined-kv-quant/results/runs/backfill_spatial_mixed_fg_kivi_int4_bg_kivi_int2_3d327a450ca5_10s,backfill_spatial_mixed_fg_kivi_int4_bg_kivi_int2_3d327a450ca5_10s,SPATIAL_MIXED_FG_KIVI_INT4_BG_KIVI_INT2,SPATIAL_MIXED,4,,,3d327a450ca5,"{""benchmark"":""moviegen"",""bits"":4,""cache_policy"":{""cadence"":null,""recent_blocks"":null},""method"":""SPATIAL_MIXED_FG_KIVI_INT4_BG_KIVI_INT2"",""method_family"":""SPATIAL_MIXED"",""quant_meta"":{""spatial_mask_policy"":""topk"",""spatial_max_foreground_ratio"":0.9,""spatial_min_foreground_ratio"":0.6,""spatial_target_foreground_ratio"":0.8,""spatial_variance_threshold"":0.02}}",combined_backfill,"{""spatial_mask_policy"": ""topk"", ""spatial_max_foreground_ratio"": 0.9, ""spatial_min_foreground_ratio"": 0.6, ""spatial_target_foreground_ratio"": 0.8, ""spatial_variance_threshold"": 0.02}",10,10,10,True,True,True,True,False,True,165,10.3125,True,True,True,True,True,True,,13.722900465152122,0.42678686803423493,0.6417719486660578,0.8539593952458079,0.5288600404854977,0.7288841926856193,0.5074459552764893,3.452849275036529,1103.5898616528139,15443957760
vaishak,/data/vaishak/kv-quant-longhorizon/results,moviegen,runs/kivi_spatial_smoke_1772765534,/data/vaishak/kv-quant-longhorizon/results/runs/kivi_spatial_smoke_1772765534,kivi_spatial_smoke,SPATIAL_MIXED_FG_KIVI_INT4_BG_KIVI_INT2,SPATIAL_MIXED,4,,,3d327a450ca5,"{""benchmark"":""moviegen"",""bits"":4,""cache_policy"":{""cadence"":null,""recent_blocks"":null},""method"":""SPATIAL_MIXED_FG_KIVI_INT4_BG_KIVI_INT2"",""method_family"":""SPATIAL_MIXED"",""quant_meta"":{""spatial_mask_policy"":""topk"",""spatial_max_foreground_ratio"":0.9,""spatial_min_foreground_ratio"":0.6,""spatial_target_foreground_ratio"":0.8,""spatial_variance_threshold"":0.02}}",kivi_spatial_single,"{""spatial_mask_policy"": ""topk"", ""spatial_max_foreground_ratio"": 0.9, ""spatial_min_foreground_ratio"": 0.6, ""spatial_target_foreground_ratio"": 0.8, ""spatial_variance_threshold"": 0.02}",1,1,1,True,True,True,True,False,True,81,5.0625,False,True,True,True,True,False,,13.190232363340042,0.2879412914767931,0.5937035674988119,0.866546630859375,0.44152047781296716,0.7632646213285625,0.534039318561554,3.452301579667606,37.3156100269407,14038195200
combined,/data/vaishak/combined-kv-quant/results,moviegen,runs/backfill_spatial_mixed_fg_quarot_kv_int4_bg_rtn_int2_af0e1883d58d_10s,/data/vaishak/combined-kv-quant/results/runs/backfill_spatial_mixed_fg_quarot_kv_int4_bg_rtn_int2_af0e1883d58d_10s,backfill_spatial_mixed_fg_quarot_kv_int4_bg_rtn_int2_af0e1883d58d_10s,SPATIAL_MIXED_FG_QUAROT_KV_INT4_BG_RTN_INT2,SPATIAL_MIXED,4,,,af0e1883d58d,"{""benchmark"":""moviegen"",""bits"":4,""cache_policy"":{""cadence"":null,""recent_blocks"":null},""method"":""SPATIAL_MIXED_FG_QUAROT_KV_INT4_BG_RTN_INT2"",""method_family"":""SPATIAL_MIXED"",""quant_meta"":{""spatial_mask_policy"":""topk"",""spatial_max_foreground_ratio"":0.9,""spatial_min_foreground_ratio"":0.6,""spatial_target_foreground_ratio"":0.8,""spatial_variance_threshold"":0.02}}",combined_backfill,"{""spatial_mask_policy"": ""topk"", ""spatial_max_foreground_ratio"": 0.9, ""spatial_min_foreground_ratio"": 0.6, ""spatial_target_foreground_ratio"": 0.8, ""spatial_variance_threshold"": 0.02}",10,10,10,True,True,True,True,False,True,165,10.3125,True,True,True,True,True,True,,14.059675645819897,0.43267424818669326,0.5696421015539178,0.8112565947741996,0.39872384853941023,0.6645718563711498,0.3988208919763565,3.460628590740115,2248.2262726742774,15436062720
vaishak,/data/vaishak/kv-quant-longhorizon/results,moviegen,runs/spatial_mixed_iter3_decisive_1772762790,/data/vaishak/kv-quant-longhorizon/results/runs/spatial_mixed_iter3_decisive_1772762790,spatial_mixed_iter3_decisive,SPATIAL_MIXED_FG_QUAROT_KV_INT4_BG_RTN_INT2,SPATIAL_MIXED,4,,,af0e1883d58d,"{""benchmark"":""moviegen"",""bits"":4,""cache_policy"":{""cadence"":null,""recent_blocks"":null},""method"":""SPATIAL_MIXED_FG_QUAROT_KV_INT4_BG_RTN_INT2"",""method_family"":""SPATIAL_MIXED"",""quant_meta"":{""spatial_mask_policy"":""topk"",""spatial_max_foreground_ratio"":0.9,""spatial_min_foreground_ratio"":0.6,""spatial_target_foreground_ratio"":0.8,""spatial_variance_threshold"":0.02}}",spatial_mixed_iter2,"{""spatial_mask_policy"": ""topk"", ""spatial_max_foreground_ratio"": 0.9, ""spatial_min_foreground_ratio"": 0.6, ""spatial_target_foreground_ratio"": 0.8, ""spatial_variance_threshold"": 0.02}",1,1,1,True,True,True,True,False,True,81,5.0625,False,True,True,True,True,False,,12.974891779159256,0.29621177396159704,0.5887331938325071,0.8542083740234375,0.4171104014361346,0.6963529217988252,0.517792284488678,3.4600803282442274,65.96317568607628,14034232320
combined,/data/vaishak/combined-kv-quant/results,moviegen,runs/backfill_spatial_mixed_fg_rtn_int4_bg_rtn_int2_1f080d8dcc0e_10s,/data/vaishak/combined-kv-quant/results/runs/backfill_spatial_mixed_fg_rtn_int4_bg_rtn_int2_1f080d8dcc0e_10s,backfill_spatial_mixed_fg_rtn_int4_bg_rtn_int2_1f080d8dcc0e_10s,SPATIAL_MIXED_FG_RTN_INT4_BG_RTN_INT2,SPATIAL_MIXED,4,,,1f080d8dcc0e,"{""benchmark"":""moviegen"",""bits"":4,""cache_policy"":{""cadence"":null,""recent_blocks"":null},""method"":""SPATIAL_MIXED_FG_RTN_INT4_BG_RTN_INT2"",""method_family"":""SPATIAL_MIXED"",""quant_meta"":{""spatial_mask_policy"":""hybrid"",""spatial_max_foreground_ratio"":0.85,""spatial_min_foreground_ratio"":0.45,""spatial_target_foreground_ratio"":0.65,""spatial_variance_threshold"":0.02}}",combined_backfill,"{""spatial_mask_policy"": ""hybrid"", ""spatial_max_foreground_ratio"": 0.85, ""spatial_min_foreground_ratio"": 0.45, ""spatial_target_foreground_ratio"": 0.65, ""spatial_variance_threshold"": 0.02}",10,10,10,True,True,True,True,False,True,165,10.3125,True,True,True,True,True,True,,13.92686155493358,0.4211705092680452,0.5580131000688187,0.8088628257193217,0.4113205506642659,0.6712868405449227,0.4035295695066452,3.6834076158436915,1066.2729180403985,15437736960
combined,/data/vaishak/combined-kv-quant/results,moviegen,runs/backfill_spatial_mixed_fg_rtn_int4_bg_rtn_int2_1f080d8dcc0e_10s,/data/vaishak/combined-kv-quant/results/runs/backfill_spatial_mixed_fg_rtn_int4_bg_rtn_int2_1f080d8dcc0e_10s,backfill_spatial_mixed_fg_rtn_int4_bg_rtn_int2_1f080d8dcc0e_10s,SPATIAL_MIXED_FG_RTN_INT4_BG_RTN_INT2,SPATIAL_MIXED,4,,,c64825ec3ea8,"{""benchmark"":""moviegen"",""bits"":4,""cache_policy"":{""cadence"":null,""recent_blocks"":null},""method"":""SPATIAL_MIXED_FG_RTN_INT4_BG_RTN_INT2"",""method_family"":""SPATIAL_MIXED"",""quant_meta"":{""spatial_mask_policy"":""hybrid"",""spatial_max_foreground_ratio"":0.85,""spatial_min_foreground_ratio"":0.45,""spatial_target_foreground_ratio"":0.65,""spatial_variance_threshold"":0.02}}",combined_backfill,"{""spatial_mask_policy"": ""hybrid"", ""spatial_max_foreground_ratio"": 0.85, ""spatial_min_foreground_ratio"": 0.45, ""spatial_target_foreground_ratio"": 0.65, ""spatial_variance_threshold"": 0.02}",10,10,10,True,True,True,True,False,True,165,10.3125,True,True,True,True,True,True,,13.92686155493358,0.4211705092680452,0.5580131000688187,0.8088628257193217,0.4113205506642659,0.6712868405449227,0.4035295695066452,3.6834076158436915,1066.2729180403985,15437736960
combined,/data/vaishak/combined-kv-quant/results,moviegen,runs/backfill_spatial_mixed_fg_rtn_int4_bg_rtn_int2_bae80e29fbb6_10s,/data/vaishak/combined-kv-quant/results/runs/backfill_spatial_mixed_fg_rtn_int4_bg_rtn_int2_bae80e29fbb6_10s,backfill_spatial_mixed_fg_rtn_int4_bg_rtn_int2_bae80e29fbb6_10s,SPATIAL_MIXED_FG_RTN_INT4_BG_RTN_INT2,SPATIAL_MIXED,4,,,bae80e29fbb6,"{""benchmark"":""moviegen"",""bits"":4,""cache_policy"":{""cadence"":null,""recent_blocks"":null},""method"":""SPATIAL_MIXED_FG_RTN_INT4_BG_RTN_INT2"",""method_family"":""SPATIAL_MIXED"",""quant_meta"":{""spatial_mask_policy"":""topk"",""spatial_max_foreground_ratio"":0.9,""spatial_min_foreground_ratio"":0.6,""spatial_target_foreground_ratio"":0.8,""spatial_variance_threshold"":0.02}}",combined_backfill,"{""spatial_mask_policy"": ""topk"", ""spatial_max_foreground_ratio"": 0.9, ""spatial_min_foreground_ratio"": 0.6, ""spatial_target_foreground_ratio"": 0.8, ""spatial_variance_threshold"": 0.02}",10,10,10,True,True,True,True,False,True,165,10.3125,True,True,True,True,True,True,,13.966800163951893,0.43468379605169866,0.5805360584538148,0.8091083805735518,0.3922776148189198,0.6607189381375863,0.3893506348133087,3.460628590740115,1046.6519971648231,15469802496
vaishak,/data/vaishak/kv-quant-longhorizon/results,moviegen,runs/spatial_mixed_iter2_smoke_1772761400,/data/vaishak/kv-quant-longhorizon/results/runs/spatial_mixed_iter2_smoke_1772761400,spatial_mixed_iter2_smoke,SPATIAL_MIXED_FG_RTN_INT4_BG_RTN_INT2,SPATIAL_MIXED,4,,,c64825ec3ea8,"{""benchmark"":""moviegen"",""bits"":4,""cache_policy"":{""cadence"":null,""recent_blocks"":null},""method"":""SPATIAL_MIXED_FG_RTN_INT4_BG_RTN_INT2"",""method_family"":""SPATIAL_MIXED"",""quant_meta"":{""spatial_mask_policy"":""hybrid"",""spatial_max_foreground_ratio"":0.85,""spatial_min_foreground_ratio"":0.45,""spatial_target_foreground_ratio"":0.65,""spatial_variance_threshold"":0.02}}",spatial_mixed_iter2,"{""spatial_mask_policy"": ""hybrid"", ""spatial_max_foreground_ratio"": 0.85, ""spatial_min_foreground_ratio"": 0.45, ""spatial_target_foreground_ratio"": 0.65, ""spatial_variance_threshold"": 0.02}",1,1,1,True,True,True,True,False,True,81,5.0625,False,True,True,True,True,False,,12.926800934253842,0.2901854313069025,0.569178629896523,0.857928466796875,0.40977079085361806,0.7129455253481864,0.5371083617210388,3.6602445627291993,36.210935512091964,14034753024
vaishak,/data/vaishak/kv-quant-longhorizon/results,moviegen,runs/spatial_mixed_iter3_decisive_1772762790,/data/vaishak/kv-quant-longhorizon/results/runs/spatial_mixed_iter3_decisive_1772762790,spatial_mixed_iter3_decisive,SPATIAL_MIXED_FG_RTN_INT4_BG_RTN_INT2,SPATIAL_MIXED,4,,,bae80e29fbb6,"{""benchmark"":""moviegen"",""bits"":4,""cache_policy"":{""cadence"":null,""recent_blocks"":null},""method"":""SPATIAL_MIXED_FG_RTN_INT4_BG_RTN_INT2"",""method_family"":""SPATIAL_MIXED"",""quant_meta"":{""spatial_mask_policy"":""topk"",""spatial_max_foreground_ratio"":0.9,""spatial_min_foreground_ratio"":0.6,""spatial_target_foreground_ratio"":0.8,""spatial_variance_threshold"":0.02}}",spatial_mixed_iter2,"{""spatial_mask_policy"": ""topk"", ""spatial_max_foreground_ratio"": 0.9, ""spatial_min_foreground_ratio"": 0.6, ""spatial_target_foreground_ratio"": 0.8, ""spatial_variance_threshold"": 0.02}",1,1,1,True,True,True,True,False,True,81,5.0625,False,True,True,True,True,False,,13.047680285284953,0.3016016446272829,0.5919899172781978,0.8458221435546875,0.40756508415127973,0.7017315849661827,0.5183431506156921,3.4600803282442274,35.70314540434629,14034232320
vaishak,/data/vaishak/kv-quant-longhorizon/results,moviegen,runs/spatial_mixed_smoke_1772758158,/data/vaishak/kv-quant-longhorizon/results/runs/spatial_mixed_smoke_1772758158,spatial_mixed_smoke,SPATIAL_MIXED_FG_RTN_INT4_BG_RTN_INT2,SPATIAL_MIXED,4,,,1f080d8dcc0e,"{""benchmark"":""moviegen"",""bits"":4,""cache_policy"":{""cadence"":null,""recent_blocks"":null},""method"":""SPATIAL_MIXED_FG_RTN_INT4_BG_RTN_INT2"",""method_family"":""SPATIAL_MIXED"",""quant_meta"":{}}",spatial_mixed_balanced,{},,0,0,True,False,False,False,False,False,,,False,False,False,False,False,False,efficiency;fidelity;vbench;generation_log;videos,,,,,,,,,,
vaishak,/data/vaishak/kv-quant-longhorizon/results,moviegen,runs/spatial_mixed_smoke_1772758615,/data/vaishak/kv-quant-longhorizon/results/runs/spatial_mixed_smoke_1772758615,spatial_mixed_smoke,SPATIAL_MIXED_FG_RTN_INT4_BG_RTN_INT2,SPATIAL_MIXED,4,,,1f080d8dcc0e,"{""benchmark"":""moviegen"",""bits"":4,""cache_policy"":{""cadence"":null,""recent_blocks"":null},""method"":""SPATIAL_MIXED_FG_RTN_INT4_BG_RTN_INT2"",""method_family"":""SPATIAL_MIXED"",""quant_meta"":{}}",spatial_mixed_balanced,{},1,1,1,True,True,True,True,False,True,81,5.0625,False,True,True,True,True,False,,12.956833244072635,0.2909230226029981,0.575881863426831,0.852587890625,0.407271531422933,0.7036227370612324,0.5309601426124573,3.9297230381568777,38.21195324184373,14086813696
combined,/data/vaishak/combined-kv-quant/results,moviegen,runs/backfill_spatial_mixed_fg_rtn_int4_bg_rtn_int4_04d60f52e048_10s,/data/vaishak/combined-kv-quant/results/runs/backfill_spatial_mixed_fg_rtn_int4_bg_rtn_int4_04d60f52e048_10s,backfill_spatial_mixed_fg_rtn_int4_bg_rtn_int4_04d60f52e048_10s,SPATIAL_MIXED_FG_RTN_INT4_BG_RTN_INT4,SPATIAL_MIXED,4,,,04d60f52e048,"{""benchmark"":""moviegen"",""bits"":4,""cache_policy"":{""cadence"":null,""recent_blocks"":null},""method"":""SPATIAL_MIXED_FG_RTN_INT4_BG_RTN_INT4"",""method_family"":""SPATIAL_MIXED"",""quant_meta"":{""spatial_mask_policy"":""hybrid"",""spatial_max_foreground_ratio"":0.85,""spatial_min_foreground_ratio"":0.45,""spatial_target_foreground_ratio"":0.65,""spatial_variance_threshold"":0.02}}",combined_backfill,"{""spatial_mask_policy"": ""hybrid"", ""spatial_max_foreground_ratio"": 0.85, ""spatial_min_foreground_ratio"": 0.45, ""spatial_target_foreground_ratio"": 0.65, ""spatial_variance_threshold"": 0.02}",10,10,10,True,True,True,True,False,True,165,10.3125,True,True,True,True,True,True,,18.88662786205113,0.5772292484746484,0.30993145835832836,0.9192619509813262,0.6933526718139648,0.8834387223895003,0.5834337115287781,3.1842960066066124,1054.57801766973,15437736960
combined,/data/vaishak/combined-kv-quant/results,moviegen,runs/backfill_spatial_mixed_fg_rtn_int4_bg_rtn_int4_580e67e08d8e_10s,/data/vaishak/combined-kv-quant/results/runs/backfill_spatial_mixed_fg_rtn_int4_bg_rtn_int4_580e67e08d8e_10s,backfill_spatial_mixed_fg_rtn_int4_bg_rtn_int4_580e67e08d8e_10s,SPATIAL_MIXED_FG_RTN_INT4_BG_RTN_INT4,SPATIAL_MIXED,4,,,580e67e08d8e,"{""benchmark"":""moviegen"",""bits"":4,""cache_policy"":{""cadence"":null,""recent_blocks"":null},""method"":""SPATIAL_MIXED_FG_RTN_INT4_BG_RTN_INT4"",""method_family"":""SPATIAL_MIXED"",""quant_meta"":{""spatial_mask_policy"":""topk"",""spatial_max_foreground_ratio"":0.9,""spatial_min_foreground_ratio"":0.6,""spatial_target_foreground_ratio"":0.8,""spatial_variance_threshold"":0.02}}",combined_backfill,"{""spatial_mask_policy"": ""topk"", ""spatial_max_foreground_ratio"": 0.9, ""spatial_min_foreground_ratio"": 0.6, ""spatial_target_foreground_ratio"": 0.8, ""spatial_variance_threshold"": 0.02}",10,10,10,True,True,True,True,False,True,165,10.3125,True,True,True,True,True,True,,19.05325566789038,0.583199066129185,0.30541932406157934,0.9191836473418445,0.6934267116431034,0.8834995550535074,0.5882301092147827,3.1850699844479005,1022.923517045565,15436062720
vaishak,/data/vaishak/kv-quant-longhorizon/results,moviegen,runs/spatial_mixed_iter2_smoke_1772761400,/data/vaishak/kv-quant-longhorizon/results/runs/spatial_mixed_iter2_smoke_1772761400,spatial_mixed_iter2_smoke,SPATIAL_MIXED_FG_RTN_INT4_BG_RTN_INT4,SPATIAL_MIXED,4,,,04d60f52e048,"{""benchmark"":""moviegen"",""bits"":4,""cache_policy"":{""cadence"":null,""recent_blocks"":null},""method"":""SPATIAL_MIXED_FG_RTN_INT4_BG_RTN_INT4"",""method_family"":""SPATIAL_MIXED"",""quant_meta"":{""spatial_mask_policy"":""hybrid"",""spatial_max_foreground_ratio"":0.85,""spatial_min_foreground_ratio"":0.45,""spatial_target_foreground_ratio"":0.65,""spatial_variance_threshold"":0.02}}",spatial_mixed_iter2,"{""spatial_mask_policy"": ""hybrid"", ""spatial_max_foreground_ratio"": 0.85, ""spatial_min_foreground_ratio"": 0.45, ""spatial_target_foreground_ratio"": 0.65, ""spatial_variance_threshold"": 0.02}",1,1,1,True,True,True,True,False,True,81,5.0625,False,True,True,True,True,False,,18.13389294902688,0.5434575694743377,0.2873982766321228,0.924249267578125,0.5632088286788375,0.9058969497680665,0.6168451905250549,3.1842960066066124,36.38139931438491,14034232320
vaishak,/data/vaishak/kv-quant-longhorizon/results,moviegen,runs/spatial_mixed_iter3_decisive_1772762790,/data/vaishak/kv-quant-longhorizon/results/runs/spatial_mixed_iter3_decisive_1772762790,spatial_mixed_iter3_decisive,SPATIAL_MIXED_FG_RTN_INT4_BG_RTN_INT4,SPATIAL_MIXED,4,,,580e67e08d8e,"{""benchmark"":""moviegen"",""bits"":4,""cache_policy"":{""cadence"":null,""recent_blocks"":null},""method"":""SPATIAL_MIXED_FG_RTN_INT4_BG_RTN_INT4"",""method_family"":""SPATIAL_MIXED"",""quant_meta"":{""spatial_mask_policy"":""topk"",""spatial_max_foreground_ratio"":0.9,""spatial_min_foreground_ratio"":0.6,""spatial_target_foreground_ratio"":0.8,""spatial_variance_threshold"":0.02}}",spatial_mixed_iter2,"{""spatial_mask_policy"": ""topk"", ""spatial_max_foreground_ratio"": 0.9, ""spatial_min_foreground_ratio"": 0.6, ""spatial_target_foreground_ratio"": 0.8, ""spatial_variance_threshold"": 0.02}",1,1,1,True,True,True,True,False,True,81,5.0625,False,True,True,True,True,False,,18.795579942629107,0.5809829399046202,0.26537411627762114,0.92716064453125,0.5602623866516867,0.9135386634618043,0.6212024092674255,3.1842960066066124,35.75575655698776,14034232320
combined,/data/vaishak/combined-kv-quant/results,moviegen,runs/backfill_tptq_int2_089f989f38f6_10s,/data/vaishak/combined-kv-quant/results/runs/backfill_tptq_int2_089f989f38f6_10s,backfill_tptq_int2_089f989f38f6_10s,TPTQ_INT2,TPTQ,2,,,089f989f38f6,"{""benchmark"":""moviegen"",""bits"":2,""cache_policy"":{""cadence"":null,""recent_blocks"":null},""method"":""TPTQ_INT2"",""method_family"":""TPTQ"",""quant_meta"":{""tptq_config_recent_ratio"":0.15,""tptq_old_bits"":2.0,""tptq_outlier_max_ratio"":0.001,""tptq_outlier_threshold"":6.0,""tptq_recent_bits"":4.0,""tptq_residual_bits"":2.0}}",combined_backfill,"{""tptq_config_recent_ratio"": 0.15, ""tptq_old_bits"": 2.0, ""tptq_outlier_max_ratio"": 0.001, ""tptq_outlier_threshold"": 6.0, ""tptq_recent_bits"": 4.0, ""tptq_residual_bits"": 2.0}",10,10,10,True,True,True,True,False,True,165,10.3125,True,True,True,True,True,True,,19.90616684978385,0.6267608343876978,0.23966831435477642,0.9420317859184452,0.7237054169857141,0.9264179406187883,0.6290869057178498,2.7166268178909103,1672.2279411405325,21318755840
combined,/data/vaishak/combined-kv-quant/results,moviegen,runs/backfill_tptq_int2_2babecc6bab8_10s,/data/vaishak/combined-kv-quant/results/runs/backfill_tptq_int2_2babecc6bab8_10s,backfill_tptq_int2_2babecc6bab8_10s,TPTQ_INT2,TPTQ,2,,,2babecc6bab8,"{""benchmark"":""moviegen"",""bits"":2,""cache_policy"":{""cadence"":null,""recent_blocks"":null},""method"":""TPTQ_INT2"",""method_family"":""TPTQ"",""quant_meta"":{""tptq_config_recent_ratio"":0.2,""tptq_old_bits"":2.0,""tptq_outlier_max_ratio"":0.002,""tptq_outlier_threshold"":6.0,""tptq_recent_bits"":4.0,""tptq_residual_bits"":2.0}}",combined_backfill,"{""tptq_config_recent_ratio"": 0.2, ""tptq_old_bits"": 2.0, ""tptq_outlier_max_ratio"": 0.002, ""tptq_outlier_threshold"": 6.0, ""tptq_recent_bits"": 4.0, ""tptq_residual_bits"": 2.0}",10,10,10,True,True,True,True,False,True,165,10.3125,True,True,True,True,True,True,,20.236669949401698,0.6503437795210414,0.20170031866616092,0.9465145948456555,0.7313574913256095,0.9436347761532156,0.6477518200874328,2.73654747786717,1611.8376508788206,20888383488
combined,/data/vaishak/combined-kv-quant/results,moviegen,runs/backfill_tptq_int2_351b43b37ce8_10s,/data/vaishak/combined-kv-quant/results/runs/backfill_tptq_int2_351b43b37ce8_10s,backfill_tptq_int2_351b43b37ce8_10s,TPTQ_INT2,TPTQ,2,,,351b43b37ce8,"{""benchmark"":""moviegen"",""bits"":2,""cache_policy"":{""cadence"":null,""recent_blocks"":null},""method"":""TPTQ_INT2"",""method_family"":""TPTQ"",""quant_meta"":{""tptq_config_recent_ratio"":0.25,""tptq_old_bits"":2.0,""tptq_outlier_max_ratio"":0.003,""tptq_outlier_threshold"":6.0,""tptq_recent_bits"":4.0,""tptq_residual_bits"":2.0}}",combined_backfill,"{""tptq_config_recent_ratio"": 0.25, ""tptq_old_bits"": 2.0, ""tptq_outlier_max_ratio"": 0.003, ""tptq_outlier_threshold"": 6.0, ""tptq_recent_bits"": 4.0, ""tptq_residual_bits"": 2.0}",10,10,10,True,True,True,True,False,True,165,10.3125,True,True,True,True,True,True,,20.448498218792768,0.6622711551693353,0.18390340569577263,0.9514992318502287,0.7371330621430369,0.9491250888421768,0.6586676120758057,2.758230901807033,1587.9068468487822,20553806336
combined,/data/vaishak/combined-kv-quant/results,moviegen,runs/backfill_tptq_int2_44c4da374609_10s,/data/vaishak/combined-kv-quant/results/runs/backfill_tptq_int2_44c4da374609_10s,backfill_tptq_int2_44c4da374609_10s,TPTQ_INT2,TPTQ,2,,,44c4da374609,"{""benchmark"":""moviegen"",""bits"":2,""cache_policy"":{""cadence"":null,""recent_blocks"":null},""method"":""TPTQ_INT2"",""method_family"":""TPTQ"",""quant_meta"":{""tptq_config_recent_ratio"":0.3,""tptq_old_bits"":2.0,""tptq_outlier_max_ratio"":0.005,""tptq_outlier_threshold"":6.0,""tptq_recent_bits"":4.0,""tptq_residual_bits"":2.0}}",combined_backfill,"{""tptq_config_recent_ratio"": 0.3, ""tptq_old_bits"": 2.0, ""tptq_outlier_max_ratio"": 0.005, ""tptq_outlier_threshold"": 6.0, ""tptq_recent_bits"": 4.0, ""tptq_residual_bits"": 2.0}",10,10,10,True,True,True,True,False,True,165,10.3125,True,True,True,True,True,True,,20.61371304644481,0.6692476371130318,0.17432373586527045,0.951976943597561,0.739169234975179,0.9511281455435404,0.6621558725833893,2.782135801551909,1566.180640770588,20214006784
combined,/data/vaishak/combined-kv-quant/results,moviegen,runs/backfill_tptq_int2_d94a86f7481e_10s,/data/vaishak/combined-kv-quant/results/runs/backfill_tptq_int2_d94a86f7481e_10s,backfill_tptq_int2_d94a86f7481e_10s,TPTQ_INT2,TPTQ,2,,,d94a86f7481e,"{""benchmark"":""moviegen"",""bits"":2,""cache_policy"":{""cadence"":null,""recent_blocks"":null},""method"":""TPTQ_INT2"",""method_family"":""TPTQ"",""quant_meta"":{""tptq_config_recent_ratio"":0.3,""tptq_old_bits"":2.0,""tptq_outlier_max_ratio"":0.005,""tptq_outlier_threshold"":6.0,""tptq_recent_bits"":4.0,""tptq_residual_bits"":2.0}}",combined_backfill,"{""tptq_config_recent_ratio"": 0.3, ""tptq_old_bits"": 2.0, ""tptq_outlier_max_ratio"": 0.005, ""tptq_outlier_threshold"": 6.0, ""tptq_recent_bits"": 4.0, ""tptq_residual_bits"": 2.0}",10,10,10,True,True,True,True,False,True,165,10.3125,True,True,True,True,True,True,,20.61371304644481,0.6692476371130318,0.17432373586527045,0.951976943597561,0.739169234975179,0.9511281455435404,0.6621558725833893,2.782135801551909,1551.8986579519697,20309430784
vaishak,/data/vaishak/kv-quant-longhorizon/results,moviegen,runs/tptq_ablation_smoke_1772779198,/data/vaishak/kv-quant-longhorizon/results/runs/tptq_ablation_smoke_1772779198,tptq_ablation_smoke,TPTQ_INT2,TPTQ,2,,,d94a86f7481e,"{""benchmark"":""moviegen"",""bits"":2,""cache_policy"":{""cadence"":null,""recent_blocks"":null},""method"":""TPTQ_INT2"",""method_family"":""TPTQ"",""quant_meta"":{}}",tptq_ablation,{},,0,0,True,False,False,False,False,False,,,False,False,False,False,False,False,efficiency;fidelity;vbench;generation_log;videos,,,,,,,,,,
vaishak,/data/vaishak/kv-quant-longhorizon/results,moviegen,runs/tptq_ablation_smoke_fix_1772779890,/data/vaishak/kv-quant-longhorizon/results/runs/tptq_ablation_smoke_fix_1772779890,tptq_ablation_smoke_fix,TPTQ_INT2,TPTQ,2,,,44c4da374609,"{""benchmark"":""moviegen"",""bits"":2,""cache_policy"":{""cadence"":null,""recent_blocks"":null},""method"":""TPTQ_INT2"",""method_family"":""TPTQ"",""quant_meta"":{""tptq_config_recent_ratio"":0.3,""tptq_old_bits"":2.0,""tptq_outlier_max_ratio"":0.005,""tptq_outlier_threshold"":6.0,""tptq_recent_bits"":4.0,""tptq_residual_bits"":2.0}}",tptq_ablation,"{""tptq_config_recent_ratio"": 0.3, ""tptq_old_bits"": 2.0, ""tptq_outlier_max_ratio"": 0.005, ""tptq_outlier_threshold"": 6.0, ""tptq_recent_bits"": 4.0, ""tptq_residual_bits"": 2.0}",1,1,1,True,True,True,True,False,True,81,5.0625,False,True,True,True,True,False,,18.6290864875586,0.61913308932964,0.1721041239625602,0.95648193359375,0.6539664812441225,0.9520093273371458,0.6487559676170349,2.780633254230992,46.347200956661254,18540779008
vaishak,/data/vaishak/kv-quant-longhorizon/results,moviegen,runs/tptq_lite_ablation_r15_1772782617,/data/vaishak/kv-quant-longhorizon/results/runs/tptq_lite_ablation_r15_1772782617,tptq_lite_ablation_r15,TPTQ_INT2,TPTQ,2,,,089f989f38f6,"{""benchmark"":""moviegen"",""bits"":2,""cache_policy"":{""cadence"":null,""recent_blocks"":null},""method"":""TPTQ_INT2"",""method_family"":""TPTQ"",""quant_meta"":{""tptq_config_recent_ratio"":0.15,""tptq_old_bits"":2.0,""tptq_outlier_max_ratio"":0.001,""tptq_outlier_threshold"":6.0,""tptq_recent_bits"":4.0,""tptq_residual_bits"":2.0}}",tptq_ablation,"{""tptq_config_recent_ratio"": 0.15, ""tptq_old_bits"": 2.0, ""tptq_outlier_max_ratio"": 0.001, ""tptq_outlier_threshold"": 6.0, ""tptq_recent_bits"": 4.0, ""tptq_residual_bits"": 2.0}",1,1,1,True,True,True,True,False,True,81,5.0625,False,True,True,True,True,False,,17.98945700755916,0.5491374308814985,0.24094043056377107,0.94302978515625,0.6326113623159904,0.934188137203455,0.6408243179321289,2.715444608457574,49.04507200513035,19498298368
vaishak,/data/vaishak/kv-quant-longhorizon/results,moviegen,runs/tptq_lite_ablation_r20_1772781924,/data/vaishak/kv-quant-longhorizon/results/runs/tptq_lite_ablation_r20_1772781924,tptq_lite_ablation_r20,TPTQ_INT2,TPTQ,2,,,2babecc6bab8,"{""benchmark"":""moviegen"",""bits"":2,""cache_policy"":{""cadence"":null,""recent_blocks"":null},""method"":""TPTQ_INT2"",""method_family"":""TPTQ"",""quant_meta"":{""tptq_config_recent_ratio"":0.2,""tptq_old_bits"":2.0,""tptq_outlier_max_ratio"":0.002,""tptq_outlier_threshold"":6.0,""tptq_recent_bits"":4.0,""tptq_residual_bits"":2.0}}",tptq_ablation,"{""tptq_config_recent_ratio"": 0.2, ""tptq_old_bits"": 2.0, ""tptq_outlier_max_ratio"": 0.002, ""tptq_outlier_threshold"": 6.0, ""tptq_recent_bits"": 4.0, ""tptq_residual_bits"": 2.0}",1,1,1,True,True,True,True,False,True,81,5.0625,False,True,True,True,True,False,,18.388739350480826,0.586242133433566,0.20123416284547635,0.94801025390625,0.6456899233217592,0.9447580594569445,0.6466056704521179,2.7359934688960847,47.59608993213624,19175617024
vaishak,/data/vaishak/kv-quant-longhorizon/results,moviegen,runs/tptq_lite_ablation_r25_1772781228,/data/vaishak/kv-quant-longhorizon/results/runs/tptq_lite_ablation_r25_1772781228,tptq_lite_ablation_r25,TPTQ_INT2,TPTQ,2,,,351b43b37ce8,"{""benchmark"":""moviegen"",""bits"":2,""cache_policy"":{""cadence"":null,""recent_blocks"":null},""method"":""TPTQ_INT2"",""method_family"":""TPTQ"",""quant_meta"":{""tptq_config_recent_ratio"":0.25,""tptq_old_bits"":2.0,""tptq_outlier_max_ratio"":0.003,""tptq_outlier_threshold"":6.0,""tptq_recent_bits"":4.0,""tptq_residual_bits"":2.0}}",tptq_ablation,"{""tptq_config_recent_ratio"": 0.25, ""tptq_old_bits"": 2.0, ""tptq_outlier_max_ratio"": 0.003, ""tptq_outlier_threshold"": 6.0, ""tptq_recent_bits"": 4.0, ""tptq_residual_bits"": 2.0}",1,1,1,True,True,True,True,False,True,81,5.0625,False,True,True,True,True,False,,18.639756865008575,0.6094066962519231,0.1847199451258797,0.9507904052734375,0.6480225438247493,0.9481328085064888,0.6364809274673462,2.758145655358871,47.21833834424615,18857071104
suraj,/data/suraj/kv-quant-longhorizon/results,storyeval,storyeval/debug_storyeval_bf16_gpu,/data/suraj/kv-quant-longhorizon/results/benchmarks/storyeval/debug_storyeval_bf16_gpu,debug_storyeval_bf16_gpu,BF16,BF16,,,,676751ca069e,"{""benchmark"":""storyeval"",""bits"":null,""cache_policy"":{""cadence"":null,""recent_blocks"":null},""method"":""BF16"",""method_family"":""BF16"",""quant_meta"":{}}",storyeval,{},1,0,0,True,False,False,False,False,False,165,10.3125,True,False,False,False,False,False,summary;vbench;drift;per_prompt;videos,,,,,,,,,,
suraj,/data/suraj/kv-quant-longhorizon/results,storyeval,storyeval/storyeval_BF16_10prompts_10s_1772778462,/data/suraj/kv-quant-longhorizon/results/benchmarks/storyeval/storyeval_BF16_10prompts_10s_1772778462,storyeval_BF16_10prompts_10s_1772778462,BF16,BF16,,,,676751ca069e,"{""benchmark"":""storyeval"",""bits"":null,""cache_policy"":{""cadence"":null,""recent_blocks"":null},""method"":""BF16"",""method_family"":""BF16"",""quant_meta"":{}}",storyeval,{},0,0,0,False,False,False,False,False,False,,,False,False,False,False,False,False,summary;config;vbench;drift;per_prompt;videos;vram_trace,,,,,,,,,,
suraj,/data/suraj/kv-quant-longhorizon/results,storyeval,storyeval/storyeval_BF16_10prompts_10s_1772778517,/data/suraj/kv-quant-longhorizon/results/benchmarks/storyeval/storyeval_BF16_10prompts_10s_1772778517,storyeval_BF16_10prompts_10s_1772778517,BF16,BF16,,,,676751ca069e,"{""benchmark"":""storyeval"",""bits"":null,""cache_policy"":{""cadence"":null,""recent_blocks"":null},""method"":""BF16"",""method_family"":""BF16"",""quant_meta"":{}}",storyeval,{},0,0,0,False,False,False,False,False,False,,,False,False,False,False,False,False,summary;config;vbench;drift;per_prompt;videos;vram_trace,,,,,,,,,,
suraj,/data/suraj/kv-quant-longhorizon/results,storyeval,storyeval/storyeval_BF16_10prompts_10s_1772778648,/data/suraj/kv-quant-longhorizon/results/benchmarks/storyeval/storyeval_BF16_10prompts_10s_1772778648,storyeval_BF16_10prompts_10s_1772778648,BF16,BF16,,,,676751ca069e,"{""benchmark"":""storyeval"",""bits"":null,""cache_policy"":{""cadence"":null,""recent_blocks"":null},""method"":""BF16"",""method_family"":""BF16"",""quant_meta"":{}}",storyeval,{},10,10,10,True,False,False,True,True,False,165,10.3125,True,True,True,True,True,True,,,,,0.9322194169207317,0.693240403285171,0.9207182750923605,0.555934664607048,,58.92372056110762,
suraj,/data/suraj/kv-quant-longhorizon/results,storyeval,storyeval/storyeval_BF16_10prompts_10s_1773038789,/data/suraj/kv-quant-longhorizon/results/benchmarks/storyeval/storyeval_BF16_10prompts_10s_1773038789,storyeval_BF16_10prompts_10s_1773038789,BF16,BF16,,per_step,0,d56d6c39cf80,"{""benchmark"":""storyeval"",""bits"":null,""cache_policy"":{""cadence"":""per_step"",""recent_blocks"":0},""method"":""BF16"",""method_family"":""BF16"",""quant_meta"":{}}",storyeval,{},10,10,10,True,False,False,True,True,False,165,10.3125,True,True,True,True,True,True,,,,,0.9322194169207317,0.693240403285171,0.9207182750923605,0.555934664607048,,56.810733754979445,
suraj,/data/suraj/kv-quant-longhorizon/results,storyeval,storyeval/storyeval_BF16_presentation_fullmatrix_1773110004,/data/suraj/kv-quant-longhorizon/results/benchmarks/storyeval/storyeval_BF16_presentation_fullmatrix_1773110004,storyeval_BF16_presentation_fullmatrix_1773110004,BF16,BF16,,per_step,0,d56d6c39cf80,"{""benchmark"":""storyeval"",""bits"":null,""cache_policy"":{""cadence"":""per_step"",""recent_blocks"":0},""method"":""BF16"",""method_family"":""BF16"",""quant_meta"":{}}",storyeval,{},10,10,10,True,False,False,True,True,False,165,10.3125,True,True,True,True,True,True,,,,,0.9322194169207317,0.693240403285171,0.9207182750923605,0.555934664607048,,56.810733754979445,
suraj,/data/suraj/kv-quant-longhorizon/results,storyeval,storyeval/storyeval_KIVI_INT2_10prompts_10s_1772778462,/data/suraj/kv-quant-longhorizon/results/benchmarks/storyeval/storyeval_KIVI_INT2_10prompts_10s_1772778462,storyeval_KIVI_INT2_10prompts_10s_1772778462,KIVI_INT2,KIVI,2,,,5c6eb3274bbf,"{""benchmark"":""storyeval"",""bits"":2,""cache_policy"":{""cadence"":null,""recent_blocks"":null},""method"":""KIVI_INT2"",""method_family"":""KIVI"",""quant_meta"":{}}",storyeval,{},0,0,0,False,False,False,False,False,False,,,False,False,False,False,False,False,summary;config;vbench;drift;per_prompt;videos;vram_trace,,,,,,,,,,
suraj,/data/suraj/kv-quant-longhorizon/results,storyeval,storyeval/storyeval_KIVI_INT2_10prompts_10s_1772778648,/data/suraj/kv-quant-longhorizon/results/benchmarks/storyeval/storyeval_KIVI_INT2_10prompts_10s_1772778648,storyeval_KIVI_INT2_10prompts_10s_1772778648,KIVI_INT2,KIVI,2,,,5c6eb3274bbf,"{""benchmark"":""storyeval"",""bits"":2,""cache_policy"":{""cadence"":null,""recent_blocks"":null},""method"":""KIVI_INT2"",""method_family"":""KIVI"",""quant_meta"":{}}",storyeval,{},10,10,10,True,False,False,True,True,False,165,10.3125,True,True,True,True,True,True,,,,,0.7984421892863948,0.5312050458850281,0.6048829710139416,0.37972521781921387,,94.71125385430642,
suraj,/data/suraj/kv-quant-longhorizon/results,storyeval,storyeval/storyeval_KIVI_INT2_presentation_fullmatrix_1773110004,/data/suraj/kv-quant-longhorizon/results/benchmarks/storyeval/storyeval_KIVI_INT2_presentation_fullmatrix_1773110004,storyeval_KIVI_INT2_presentation_fullmatrix_1773110004,KIVI_INT2,KIVI,2,,,5c6eb3274bbf,"{""benchmark"":""storyeval"",""bits"":2,""cache_policy"":{""cadence"":null,""recent_blocks"":null},""method"":""KIVI_INT2"",""method_family"":""KIVI"",""quant_meta"":{}}",storyeval,{},10,10,10,True,False,False,True,True,False,165,10.3125,True,True,True,True,True,True,,,,,0.7984421892863948,0.5312050458850281,0.6048829710139416,0.37972521781921387,,94.71125385430642,
suraj,/data/suraj/kv-quant-longhorizon/results,storyeval,storyeval/storyeval_KIVI_INT4_10prompts_10s_1772778462,/data/suraj/kv-quant-longhorizon/results/benchmarks/storyeval/storyeval_KIVI_INT4_10prompts_10s_1772778462,storyeval_KIVI_INT4_10prompts_10s_1772778462,KIVI_INT4,KIVI,4,,,6bf0672ff51a,"{""benchmark"":""storyeval"",""bits"":4,""cache_policy"":{""cadence"":null,""recent_blocks"":null},""method"":""KIVI_INT4"",""method_family"":""KIVI"",""quant_meta"":{}}",storyeval,{},0,0,0,False,False,False,False,False,False,,,False,False,False,False,False,False,summary;config;vbench;drift;per_prompt;videos;vram_trace,,,,,,,,,,
suraj,/data/suraj/kv-quant-longhorizon/results,storyeval,storyeval/storyeval_KIVI_INT4_10prompts_10s_1772778517,/data/suraj/kv-quant-longhorizon/results/benchmarks/storyeval/storyeval_KIVI_INT4_10prompts_10s_1772778517,storyeval_KIVI_INT4_10prompts_10s_1772778517,KIVI_INT4,KIVI,4,,,6bf0672ff51a,"{""benchmark"":""storyeval"",""bits"":4,""cache_policy"":{""cadence"":null,""recent_blocks"":null},""method"":""KIVI_INT4"",""method_family"":""KIVI"",""quant_meta"":{}}",storyeval,{},0,0,0,False,False,False,False,False,False,,,False,False,False,False,False,False,summary;config;vbench;drift;per_prompt;videos;vram_trace,,,,,,,,,,
suraj,/data/suraj/kv-quant-longhorizon/results,storyeval,storyeval/storyeval_KIVI_INT4_10prompts_10s_1772778648,/data/suraj/kv-quant-longhorizon/results/benchmarks/storyeval/storyeval_KIVI_INT4_10prompts_10s_1772778648,storyeval_KIVI_INT4_10prompts_10s_1772778648,KIVI_INT4,KIVI,4,,,6bf0672ff51a,"{""benchmark"":""storyeval"",""bits"":4,""cache_policy"":{""cadence"":null,""recent_blocks"":null},""method"":""KIVI_INT4"",""method_family"":""KIVI"",""quant_meta"":{}}",storyeval,{},10,10,10,True,False,False,True,True,False,165,10.3125,True,True,True,True,True,True,,,,,0.8912935582602897,0.6347968805024118,0.8354450915644809,0.5121451616287231,,92.99852731423452,
suraj,/data/suraj/kv-quant-longhorizon/results,storyeval,storyeval/storyeval_KIVI_INT4_presentation_fullmatrix_1773110004,/data/suraj/kv-quant-longhorizon/results/benchmarks/storyeval/storyeval_KIVI_INT4_presentation_fullmatrix_1773110004,storyeval_KIVI_INT4_presentation_fullmatrix_1773110004,KIVI_INT4,KIVI,4,,,6bf0672ff51a,"{""benchmark"":""storyeval"",""bits"":4,""cache_policy"":{""cadence"":null,""recent_blocks"":null},""method"":""KIVI_INT4"",""method_family"":""KIVI"",""quant_meta"":{}}",storyeval,{},10,10,10,True,False,False,True,True,False,165,10.3125,True,True,True,True,True,True,,,,,0.8912935582602897,0.6347968805024118,0.8354450915644809,0.5121451616287231,,92.99852731423452,
suraj,/data/suraj/kv-quant-longhorizon/results,storyeval,storyeval/storyeval_KIVI_INT4_REFRESH_10prompts_10s_1773038789,/data/suraj/kv-quant-longhorizon/results/benchmarks/storyeval/storyeval_KIVI_INT4_REFRESH_10prompts_10s_1773038789,storyeval_KIVI_INT4_REFRESH_10prompts_10s_1773038789,KIVI_INT4_REFRESH,KIVI,4,refresh_only,0,196ce26957d9,"{""benchmark"":""storyeval"",""bits"":4,""cache_policy"":{""cadence"":""refresh_only"",""recent_blocks"":0},""method"":""KIVI_INT4_REFRESH"",""method_family"":""KIVI"",""quant_meta"":{}}",storyeval,{},10,10,10,True,False,False,True,True,False,165,10.3125,True,True,True,True,True,True,,,,,0.8807786150676448,0.6447685503757363,0.8294758887575349,0.4995093882083893,,66.73350720307789,
suraj,/data/suraj/kv-quant-longhorizon/results,storyeval,storyeval/storyeval_KIVI_INT4_REFRESH_presentation_fullmatrix_1773110004,/data/suraj/kv-quant-longhorizon/results/benchmarks/storyeval/storyeval_KIVI_INT4_REFRESH_presentation_fullmatrix_1773110004,storyeval_KIVI_INT4_REFRESH_presentation_fullmatrix_1773110004,KIVI_INT4_REFRESH,KIVI,4,refresh_only,0,196ce26957d9,"{""benchmark"":""storyeval"",""bits"":4,""cache_policy"":{""cadence"":""refresh_only"",""recent_blocks"":0},""method"":""KIVI_INT4_REFRESH"",""method_family"":""KIVI"",""quant_meta"":{}}",storyeval,{},10,10,10,True,False,False,True,True,False,165,10.3125,True,True,True,True,True,True,,,,,0.8807786150676448,0.6447685503757363,0.8294758887575349,0.4995093882083893,,66.73350720307789,
suraj,/data/suraj/kv-quant-longhorizon/results,storyeval,storyeval/storyeval_KIVI_K2_V4_presentation_fullmatrix_1773110004,/data/suraj/kv-quant-longhorizon/results/benchmarks/storyeval/storyeval_KIVI_K2_V4_presentation_fullmatrix_1773110004,storyeval_KIVI_K2_V4_presentation_fullmatrix_1773110004,KIVI_K2_V4,KIVI,,,,74a6796ebe0e,"{""benchmark"":""storyeval"",""bits"":null,""cache_policy"":{""cadence"":null,""recent_blocks"":null},""method"":""KIVI_K2_V4"",""method_family"":""KIVI"",""quant_meta"":{}}",storyeval,{},0,0,0,False,False,False,False,False,False,,,False,False,False,False,False,False,vbench;drift;per_prompt;videos;vram_trace,,,,,,,,,,
suraj,/data/suraj/kv-quant-longhorizon/results,storyeval,storyeval/debug_storyeval_method,/data/suraj/kv-quant-longhorizon/results/benchmarks/storyeval/debug_storyeval_method,debug_storyeval_method,METHOD,METHOD,,,,ed1b4a5bb2b5,"{""benchmark"":""storyeval"",""bits"":null,""cache_policy"":{""cadence"":null,""recent_blocks"":null},""method"":""METHOD"",""method_family"":""METHOD"",""quant_meta"":{}}",storyeval,{},0,0,0,False,False,False,False,False,False,,,False,False,False,False,False,False,summary;config;vbench;drift;per_prompt;videos;vram_trace,,,,,,,,,,
suraj,/data/suraj/kv-quant-longhorizon/results,storyeval,storyeval/storyeval_QUAROT_KV_INT2_10prompts_10s_1772778462,/data/suraj/kv-quant-longhorizon/results/benchmarks/storyeval/storyeval_QUAROT_KV_INT2_10prompts_10s_1772778462,storyeval_QUAROT_KV_INT2_10prompts_10s_1772778462,QUAROT_KV_INT2,QUAROT_KV,2,,,bc025aaf2025,"{""benchmark"":""storyeval"",""bits"":2,""cache_policy"":{""cadence"":null,""recent_blocks"":null},""method"":""QUAROT_KV_INT2"",""method_family"":""QUAROT_KV"",""quant_meta"":{}}",storyeval,{},0,0,0,False,False,False,False,False,False,,,False,False,False,False,False,False,summary;config;vbench;drift;per_prompt;videos;vram_trace,,,,,,,,,,
suraj,/data/suraj/kv-quant-longhorizon/results,storyeval,storyeval/storyeval_QUAROT_KV_INT2_10prompts_10s_1772778648,/data/suraj/kv-quant-longhorizon/results/benchmarks/storyeval/storyeval_QUAROT_KV_INT2_10prompts_10s_1772778648,storyeval_QUAROT_KV_INT2_10prompts_10s_1772778648,QUAROT_KV_INT2,QUAROT_KV,2,,,bc025aaf2025,"{""benchmark"":""storyeval"",""bits"":2,""cache_policy"":{""cadence"":null,""recent_blocks"":null},""method"":""QUAROT_KV_INT2"",""method_family"":""QUAROT_KV"",""quant_meta"":{}}",storyeval,{},10,10,10,True,False,False,True,True,False,165,10.3125,True,True,True,True,True,True,,,,,0.8606751232612424,0.47747829743587616,0.7535407900560375,0.4585696578025818,,239.04731090646237,
suraj,/data/suraj/kv-quant-longhorizon/results,storyeval,storyeval/storyeval_QUAROT_KV_INT2_presentation_fullmatrix_1773110004,/data/suraj/kv-quant-longhorizon/results/benchmarks/storyeval/storyeval_QUAROT_KV_INT2_presentation_fullmatrix_1773110004,storyeval_QUAROT_KV_INT2_presentation_fullmatrix_1773110004,QUAROT_KV_INT2,QUAROT_KV,2,,,bc025aaf2025,"{""benchmark"":""storyeval"",""bits"":2,""cache_policy"":{""cadence"":null,""recent_blocks"":null},""method"":""QUAROT_KV_INT2"",""method_family"":""QUAROT_KV"",""quant_meta"":{}}",storyeval,{},10,10,10,True,False,False,True,True,False,165,10.3125,True,True,True,True,True,True,,,,,0.8606751232612424,0.47747829743587616,0.7535407900560375,0.4585696578025818,,239.04731090646237,
suraj,/data/suraj/kv-quant-longhorizon/results,storyeval,storyeval/storyeval_QUAROT_KV_INT4_10prompts_10s_1772778462,/data/suraj/kv-quant-longhorizon/results/benchmarks/storyeval/storyeval_QUAROT_KV_INT4_10prompts_10s_1772778462,storyeval_QUAROT_KV_INT4_10prompts_10s_1772778462,QUAROT_KV_INT4,QUAROT_KV,4,,,d75358dcd39b,"{""benchmark"":""storyeval"",""bits"":4,""cache_policy"":{""cadence"":null,""recent_blocks"":null},""method"":""QUAROT_KV_INT4"",""method_family"":""QUAROT_KV"",""quant_meta"":{}}",storyeval,{},0,0,0,False,False,False,False,False,False,,,False,False,False,False,False,False,summary;config;vbench;drift;per_prompt;videos;vram_trace,,,,,,,,,,
suraj,/data/suraj/kv-quant-longhorizon/results,storyeval,storyeval/storyeval_QUAROT_KV_INT4_10prompts_10s_1772778648,/data/suraj/kv-quant-longhorizon/results/benchmarks/storyeval/storyeval_QUAROT_KV_INT4_10prompts_10s_1772778648,storyeval_QUAROT_KV_INT4_10prompts_10s_1772778648,QUAROT_KV_INT4,QUAROT_KV,4,,,d75358dcd39b,"{""benchmark"":""storyeval"",""bits"":4,""cache_policy"":{""cadence"":null,""recent_blocks"":null},""method"":""QUAROT_KV_INT4"",""method_family"":""QUAROT_KV"",""quant_meta"":{}}",storyeval,{},10,10,10,True,False,False,True,True,False,165,10.3125,True,True,True,True,True,True,,,,,0.9261751500571647,0.6870295847343677,0.9202980349885255,0.5451271712779999,,239.5796709816903,
suraj,/data/suraj/kv-quant-longhorizon/results,storyeval,storyeval/storyeval_QUAROT_KV_INT4_presentation_fullmatrix_1773110004,/data/suraj/kv-quant-longhorizon/results/benchmarks/storyeval/storyeval_QUAROT_KV_INT4_presentation_fullmatrix_1773110004,storyeval_QUAROT_KV_INT4_presentation_fullmatrix_1773110004,QUAROT_KV_INT4,QUAROT_KV,4,,,d75358dcd39b,"{""benchmark"":""storyeval"",""bits"":4,""cache_policy"":{""cadence"":null,""recent_blocks"":null},""method"":""QUAROT_KV_INT4"",""method_family"":""QUAROT_KV"",""quant_meta"":{}}",storyeval,{},10,10,10,True,False,False,True,True,False,165,10.3125,True,True,True,True,True,True,,,,,0.9261751500571647,0.6870295847343677,0.9202980349885255,0.5451271712779999,,239.5796709816903,
suraj,/data/suraj/kv-quant-longhorizon/results,storyeval,storyeval/storyeval_QUAROT_KV_INT4_RECENT2_10prompts_10s_1773038789,/data/suraj/kv-quant-longhorizon/results/benchmarks/storyeval/storyeval_QUAROT_KV_INT4_RECENT2_10prompts_10s_1773038789,storyeval_QUAROT_KV_INT4_RECENT2_10prompts_10s_1773038789,QUAROT_KV_INT4_RECENT2,QUAROT_KV,4,per_step,2,e10f5f85e90d,"{""benchmark"":""storyeval"",""bits"":4,""cache_policy"":{""cadence"":""per_step"",""recent_blocks"":2},""method"":""QUAROT_KV_INT4_RECENT2"",""method_family"":""QUAROT_KV"",""quant_meta"":{}}",storyeval,{},10,10,10,True,False,False,True,True,False,165,10.3125,True,True,True,True,True,True,,,,,0.9188024009146342,0.6664768714904785,0.9048706008439383,0.5382754176855087,,112.92554970490747,
suraj,/data/suraj/kv-quant-longhorizon/results,storyeval,storyeval/storyeval_QUAROT_KV_INT4_RECENT2_presentation_fullmatrix_1773110004,/data/suraj/kv-quant-longhorizon/results/benchmarks/storyeval/storyeval_QUAROT_KV_INT4_RECENT2_presentation_fullmatrix_1773110004,storyeval_QUAROT_KV_INT4_RECENT2_presentation_fullmatrix_1773110004,QUAROT_KV_INT4_RECENT2,QUAROT_KV,4,per_step,2,e10f5f85e90d,"{""benchmark"":""storyeval"",""bits"":4,""cache_policy"":{""cadence"":""per_step"",""recent_blocks"":2},""method"":""QUAROT_KV_INT4_RECENT2"",""method_family"":""QUAROT_KV"",""quant_meta"":{}}",storyeval,{},10,10,10,True,False,False,True,True,False,165,10.3125,True,True,True,True,True,True,,,,,0.9188024009146342,0.6664768714904785,0.9048706008439383,0.5382754176855087,,112.92554970490747,
suraj,/data/suraj/kv-quant-longhorizon/results,storyeval,storyeval/storyeval_QUAROT_KV_INT4_REFRESH_presentation_fullmatrix_1773110004,/data/suraj/kv-quant-longhorizon/results/benchmarks/storyeval/storyeval_QUAROT_KV_INT4_REFRESH_presentation_fullmatrix_1773110004,storyeval_QUAROT_KV_INT4_REFRESH_presentation_fullmatrix_1773110004,QUAROT_KV_INT4_REFRESH,QUAROT_KV,4,,,54a7c94fdb00,"{""benchmark"":""storyeval"",""bits"":4,""cache_policy"":{""cadence"":null,""recent_blocks"":null},""method"":""QUAROT_KV_INT4_REFRESH"",""method_family"":""QUAROT_KV"",""quant_meta"":{}}",storyeval,{},0,0,0,False,False,False,False,False,False,,,False,False,False,False,False,False,vbench;drift;per_prompt;videos;vram_trace,,,,,,,,,,
suraj,/data/suraj/kv-quant-longhorizon/results,storyeval,storyeval/storyeval_RTN_INT2_10prompts_10s_1772778462,/data/suraj/kv-quant-longhorizon/results/benchmarks/storyeval/storyeval_RTN_INT2_10prompts_10s_1772778462,storyeval_RTN_INT2_10prompts_10s_1772778462,RTN_INT2,RTN,2,,,8920bfe5de44,"{""benchmark"":""storyeval"",""bits"":2,""cache_policy"":{""cadence"":null,""recent_blocks"":null},""method"":""RTN_INT2"",""method_family"":""RTN"",""quant_meta"":{}}",storyeval,{},0,0,0,False,False,False,False,False,False,,,False,False,False,False,False,False,summary;config;vbench;drift;per_prompt;videos;vram_trace,,,,,,,,,,
suraj,/data/suraj/kv-quant-longhorizon/results,storyeval,storyeval/storyeval_RTN_INT2_10prompts_10s_1772778517,/data/suraj/kv-quant-longhorizon/results/benchmarks/storyeval/storyeval_RTN_INT2_10prompts_10s_1772778517,storyeval_RTN_INT2_10prompts_10s_1772778517,RTN_INT2,RTN,2,,,8920bfe5de44,"{""benchmark"":""storyeval"",""bits"":2,""cache_policy"":{""cadence"":null,""recent_blocks"":null},""method"":""RTN_INT2"",""method_family"":""RTN"",""quant_meta"":{}}",storyeval,{},0,0,0,False,False,False,False,False,False,,,False,False,False,False,False,False,summary;config;vbench;drift;per_prompt;videos;vram_trace,,,,,,,,,,
suraj,/data/suraj/kv-quant-longhorizon/results,storyeval,storyeval/storyeval_RTN_INT2_10prompts_10s_1772778648,/data/suraj/kv-quant-longhorizon/results/benchmarks/storyeval/storyeval_RTN_INT2_10prompts_10s_1772778648,storyeval_RTN_INT2_10prompts_10s_1772778648,RTN_INT2,RTN,2,,,8920bfe5de44,"{""benchmark"":""storyeval"",""bits"":2,""cache_policy"":{""cadence"":null,""recent_blocks"":null},""method"":""RTN_INT2"",""method_family"":""RTN"",""quant_meta"":{}}",storyeval,{},10,10,10,True,False,False,True,True,False,165,10.3125,True,True,True,True,True,True,,,,,0.8591248302924924,0.4644300289732037,0.7528448978325397,0.45250983238220216,,86.1275063067209,
suraj,/data/suraj/kv-quant-longhorizon/results,storyeval,storyeval/storyeval_RTN_INT2_presentation_fullmatrix_1773110004,/data/suraj/kv-quant-longhorizon/results/benchmarks/storyeval/storyeval_RTN_INT2_presentation_fullmatrix_1773110004,storyeval_RTN_INT2_presentation_fullmatrix_1773110004,RTN_INT2,RTN,2,,,8920bfe5de44,"{""benchmark"":""storyeval"",""bits"":2,""cache_policy"":{""cadence"":null,""recent_blocks"":null},""method"":""RTN_INT2"",""method_family"":""RTN"",""quant_meta"":{}}",storyeval,{},10,10,10,True,False,False,True,True,False,165,10.3125,True,True,True,True,True,True,,,,,0.8591248302924924,0.4644300289732037,0.7528448978325397,0.45250983238220216,,86.1275063067209,
suraj,/data/suraj/kv-quant-longhorizon/results,storyeval,storyeval/storyeval_RTN_INT4_10prompts_10s_1772778462,/data/suraj/kv-quant-longhorizon/results/benchmarks/storyeval/storyeval_RTN_INT4_10prompts_10s_1772778462,storyeval_RTN_INT4_10prompts_10s_1772778462,RTN_INT4,RTN,4,,,0340d3dd302f,"{""benchmark"":""storyeval"",""bits"":4,""cache_policy"":{""cadence"":null,""recent_blocks"":null},""method"":""RTN_INT4"",""method_family"":""RTN"",""quant_meta"":{}}",storyeval,{},0,0,0,False,False,False,False,False,False,,,False,False,False,False,False,False,summary;config;vbench;drift;per_prompt;videos;vram_trace,,,,,,,,,,
suraj,/data/suraj/kv-quant-longhorizon/results,storyeval,storyeval/storyeval_RTN_INT4_10prompts_10s_1772778517,/data/suraj/kv-quant-longhorizon/results/benchmarks/storyeval/storyeval_RTN_INT4_10prompts_10s_1772778517,storyeval_RTN_INT4_10prompts_10s_1772778517,RTN_INT4,RTN,4,,,0340d3dd302f,"{""benchmark"":""storyeval"",""bits"":4,""cache_policy"":{""cadence"":null,""recent_blocks"":null},""method"":""RTN_INT4"",""method_family"":""RTN"",""quant_meta"":{}}",storyeval,{},0,0,0,False,False,False,False,False,False,,,False,False,False,False,False,False,summary;config;vbench;drift;per_prompt;videos;vram_trace,,,,,,,,,,
suraj,/data/suraj/kv-quant-longhorizon/results,storyeval,storyeval/storyeval_RTN_INT4_10prompts_10s_1772778648,/data/suraj/kv-quant-longhorizon/results/benchmarks/storyeval/storyeval_RTN_INT4_10prompts_10s_1772778648,storyeval_RTN_INT4_10prompts_10s_1772778648,RTN_INT4,RTN,4,,,0340d3dd302f,"{""benchmark"":""storyeval"",""bits"":4,""cache_policy"":{""cadence"":null,""recent_blocks"":null},""method"":""RTN_INT4"",""method_family"":""RTN"",""quant_meta"":{}}",storyeval,{},10,10,10,True,False,False,True,True,False,165,10.3125,True,True,True,True,True,True,,,,,0.9234528332221799,0.6738419809052438,0.9118162759102699,0.539268872141838,,88.7892658839468,
suraj,/data/suraj/kv-quant-longhorizon/results,storyeval,storyeval/storyeval_RTN_INT4_presentation_fullmatrix_1773110004,/data/suraj/kv-quant-longhorizon/results/benchmarks/storyeval/storyeval_RTN_INT4_presentation_fullmatrix_1773110004,storyeval_RTN_INT4_presentation_fullmatrix_1773110004,RTN_INT4,RTN,4,,,0340d3dd302f,"{""benchmark"":""storyeval"",""bits"":4,""cache_policy"":{""cadence"":null,""recent_blocks"":null},""method"":""RTN_INT4"",""method_family"":""RTN"",""quant_meta"":{}}",storyeval,{},10,10,10,True,False,False,True,True,False,165,10.3125,True,True,True,True,True,True,,,,,0.9234528332221799,0.6738419809052438,0.9118162759102699,0.539268872141838,,88.7892658839468,
suraj,/data/suraj/kv-quant-longhorizon/results,storyeval,storyeval/storyeval_RTN_INT4_RECENT2_10prompts_10s_1773038789,/data/suraj/kv-quant-longhorizon/results/benchmarks/storyeval/storyeval_RTN_INT4_RECENT2_10prompts_10s_1773038789,storyeval_RTN_INT4_RECENT2_10prompts_10s_1773038789,RTN_INT4_RECENT2,RTN,4,per_step,2,fb86957810b5,"{""benchmark"":""storyeval"",""bits"":4,""cache_policy"":{""cadence"":""per_step"",""recent_blocks"":2},""method"":""RTN_INT4_RECENT2"",""method_family"":""RTN"",""quant_meta"":{}}",storyeval,{},10,10,10,True,False,False,True,True,False,165,10.3125,True,True,True,True,True,True,,,,,0.9235187809641768,0.680258633076061,0.9142040183449663,0.5451614201068878,,68.64204284488224,
suraj,/data/suraj/kv-quant-longhorizon/results,storyeval,storyeval/storyeval_RTN_INT4_RECENT2_presentation_fullmatrix_1773110004,/data/suraj/kv-quant-longhorizon/results/benchmarks/storyeval/storyeval_RTN_INT4_RECENT2_presentation_fullmatrix_1773110004,storyeval_RTN_INT4_RECENT2_presentation_fullmatrix_1773110004,RTN_INT4_RECENT2,RTN,4,per_step,2,fb86957810b5,"{""benchmark"":""storyeval"",""bits"":4,""cache_policy"":{""cadence"":""per_step"",""recent_blocks"":2},""method"":""RTN_INT4_RECENT2"",""method_family"":""RTN"",""quant_meta"":{}}",storyeval,{},10,10,10,True,False,False,True,True,False,165,10.3125,True,True,True,True,True,True,,,,,0.9235187809641768,0.680258633076061,0.9142040183449663,0.5451614201068878,,68.64204284488224,
suraj,/data/suraj/kv-quant-longhorizon/results,storyeval,storyeval/storyeval_RTN_INT4_REFRESH_10prompts_10s_1773038789,/data/suraj/kv-quant-longhorizon/results/benchmarks/storyeval/storyeval_RTN_INT4_REFRESH_10prompts_10s_1773038789,storyeval_RTN_INT4_REFRESH_10prompts_10s_1773038789,RTN_INT4_REFRESH,RTN,4,refresh_only,0,57ae6bf0555f,"{""benchmark"":""storyeval"",""bits"":4,""cache_policy"":{""cadence"":""refresh_only"",""recent_blocks"":0},""method"":""RTN_INT4_REFRESH"",""method_family"":""RTN"",""quant_meta"":{}}",storyeval,{},10,10,10,True,False,False,True,True,False,165,10.3125,True,True,True,True,True,True,,,,,0.9234733767625762,0.6779030483361446,0.9135942715878894,0.5407512336969376,,64.60680545200594,
suraj,/data/suraj/kv-quant-longhorizon/results,storyeval,storyeval/storyeval_RTN_INT4_REFRESH_presentation_fullmatrix_1773110004,/data/suraj/kv-quant-longhorizon/results/benchmarks/storyeval/storyeval_RTN_INT4_REFRESH_presentation_fullmatrix_1773110004,storyeval_RTN_INT4_REFRESH_presentation_fullmatrix_1773110004,RTN_INT4_REFRESH,RTN,4,refresh_only,0,57ae6bf0555f,"{""benchmark"":""storyeval"",""bits"":4,""cache_policy"":{""cadence"":""refresh_only"",""recent_blocks"":0},""method"":""RTN_INT4_REFRESH"",""method_family"":""RTN"",""quant_meta"":{}}",storyeval,{},10,10,10,True,False,False,True,True,False,165,10.3125,True,True,True,True,True,True,,,,,0.9234733767625762,0.6779030483361446,0.9135942715878894,0.5407512336969376,,64.60680545200594,
suraj,/data/suraj/kv-quant-longhorizon/results,storyeval,storyeval/storyeval_RTN_K2_V4_presentation_fullmatrix_1773110004,/data/suraj/kv-quant-longhorizon/results/benchmarks/storyeval/storyeval_RTN_K2_V4_presentation_fullmatrix_1773110004,storyeval_RTN_K2_V4_presentation_fullmatrix_1773110004,RTN_K2_V4,RTN,,,,ac8ee23d0b41,"{""benchmark"":""storyeval"",""bits"":null,""cache_policy"":{""cadence"":null,""recent_blocks"":null},""method"":""RTN_K2_V4"",""method_family"":""RTN"",""quant_meta"":{}}",storyeval,{},0,0,0,False,False,False,False,False,False,,,False,False,False,False,False,False,vbench;drift;per_prompt;videos;vram_trace,,,,,,,,,,
