ffmpeg version 6.1.1-3ubuntu5 Copyright (c) 2000-2023 the FFmpeg developers
  built with gcc 13 (Ubuntu 13.2.0-23ubuntu3)
  configuration: --prefix=/usr --extra-version=3ubuntu5 --toolchain=hardened --libdir=/usr/lib/x86_64-linux-gnu --incdir=/usr/include/x86_64-linux-gnu --arch=amd64 --enable-gpl --disable-stripping --disable-omx --enable-gnutls --enable-libaom --enable-libass --enable-libbs2b --enable-libcaca --enable-libcdio --enable-libcodec2 --enable-libdav1d --enable-libflite --enable-libfontconfig --enable-libfreetype --enable-libfribidi --enable-libglslang --enable-libgme --enable-libgsm --enable-libharfbuzz --enable-libmp3lame --enable-libmysofa --enable-libopenjpeg --enable-libopenmpt --enable-libopus --enable-librubberband --enable-libshine --enable-libsnappy --enable-libsoxr --enable-libspeex --enable-libtheora --enable-libtwolame --enable-libvidstab --enable-libvorbis --enable-libvpx --enable-libwebp --enable-libx265 --enable-libxml2 --enable-libxvid --enable-libzimg --enable-openal --enable-opencl --enable-opengl --disable-sndio --enable-libvpl --disable-libmfx --enable-libdc1394 --enable-libdrm --enable-libiec61883 --enable-chromaprint --enable-frei0r --enable-ladspa --enable-libbluray --enable-libjack --enable-libpulse --enable-librabbitmq --enable-librist --enable-libsrt --enable-libssh --enable-libsvtav1 --enable-libx264 --enable-libzmq --enable-libzvbi --enable-lv2 --enable-sdl2 --enable-libplacebo --enable-librav1e --enable-pocketsphinx --enable-librsvg --enable-libjxl --enable-shared
  libavutil      58. 29.100 / 58. 29.100
  libavcodec     60. 31.102 / 60. 31.102
  libavformat    60. 16.100 / 60. 16.100
  libavdevice    60.  3.100 / 60.  3.100
  libavfilter     9. 12.100 /  9. 12.100
  libswscale      7.  5.100 /  7.  5.100
  libswresample   4. 12.100 /  4. 12.100
  libpostproc    57.  3.100 / 57.  3.100
Input #0, mov,mp4,m4a,3gp,3g2,mj2, from '/data/suraj/kv-quant-longhorizon/results/runs/1773110004_presentation_moviegen_fullmatrix/videos/KIVI_INT2/prompt_0000_seed_0.mp4':
  Metadata:
    major_brand     : isom
    minor_version   : 512
    compatible_brands: isomiso2avc1mp41
    encoder         : Lavf61.1.100
  Duration: 00:00:10.31, start: 0.000000, bitrate: 1107 kb/s
  Stream #0:0[0x1](und): Video: h264 (High) (avc1 / 0x31637661), yuv420p(progressive), 832x480, 1105 kb/s, 16 fps, 16 tbr, 16384 tbn (default)
    Metadata:
      handler_name    : VideoHandler
      vendor_id       : [0][0][0][0]
Stream mapping:
  Stream #0:0 -> #0:0 (h264 (native) -> h264 (libx264))
Press [q] to stop, [?] for help
[libx264 @ 0x62efd5c60040] using cpu capabilities: MMX2 SSE2Fast SSSE3 SSE4.2 AVX FMA3 BMI2 AVX2
[libx264 @ 0x62efd5c60040] profile High, level 3.0, 4:2:0, 8-bit
[libx264 @ 0x62efd5c60040] 264 - core 164 r3108 31e19f9 - H.264/MPEG-4 AVC codec - Copyleft 2003-2023 - http://www.videolan.org/x264.html - options: cabac=1 ref=3 deblock=1:0:0 analyse=0x3:0x113 me=hex subme=7 psy=1 psy_rd=1.00:0.00 mixed_ref=1 me_range=16 chroma_me=1 trellis=1 8x8dct=1 cqm=0 deadzone=21,11 fast_pskip=1 chroma_qp_offset=-2 threads=15 lookahead_threads=2 sliced_threads=0 nr=0 decimate=1 interlaced=0 bluray_compat=0 constrained_intra=0 bframes=3 b_pyramid=2 b_adapt=1 b_bias=0 direct=1 weightb=1 open_gop=0 weightp=2 keyint=250 keyint_min=16 scenecut=40 intra_refresh=0 rc_lookahead=40 rc=crf mbtree=1 crf=23.0 qcomp=0.60 qpmin=0 qpmax=69 qpstep=4 ip_ratio=1.40 aq=1:1.00
Output #0, mp4, to '/data/vaishak/combined-kv-quant/results/combined/backfills/drift/moviegen/af58a401e639e869_KIVI_INT2/KIVI_INT2_frames_165/prompt_0000_seed_0.mp4':
  Metadata:
    major_brand     : isom
    minor_version   : 512
    compatible_brands: isomiso2avc1mp41
    encoder         : Lavf60.16.100
  Stream #0:0(und): Video: h264 (avc1 / 0x31637661), yuv420p(progressive), 832x480, q=2-31, 16 fps, 16384 tbn (default)
    Metadata:
      handler_name    : VideoHandler
      vendor_id       : [0][0][0][0]
      encoder         : Lavc60.31.102 libx264
    Side data:
      cpb: bitrate max/min/avg: 0/0/0 buffer size: 0 vbv_delay: N/A
frame=    0 fps=0.0 q=0.0 size=       0kB time=N/A bitrate=N/A speed=N/A    [out#0/mp4 @ 0x62efd5bd5d40] video:2035kB audio:0kB subtitle:0kB other streams:0kB global headers:0kB muxing overhead: 0.115127%
frame=  165 fps=0.0 q=-1.0 Lsize=    2037kB time=00:00:10.12 bitrate=1648.3kbits/s speed=  14x    
[libx264 @ 0x62efd5c60040] frame I:13    Avg QP:23.36  size: 58958
[libx264 @ 0x62efd5c60040] frame P:110   Avg QP:26.56  size: 11137
[libx264 @ 0x62efd5c60040] frame B:42    Avg QP:29.89  size:  2180
[libx264 @ 0x62efd5c60040] consecutive B-frames: 53.9% 35.2%  3.6%  7.3%
[libx264 @ 0x62efd5c60040] mb I  I16..4:  0.4% 65.3% 34.3%
[libx264 @ 0x62efd5c60040] mb P  I16..4:  0.1%  2.6%  0.8%  P16..4: 42.9% 18.4%  8.6%  0.0%  0.0%    skip:26.5%
[libx264 @ 0x62efd5c60040] mb B  I16..4:  0.0%  0.1%  0.0%  B16..8: 46.2%  3.7%  0.9%  direct: 2.7%  skip:46.3%  L0:41.0% L1:49.7% BI: 9.3%
[libx264 @ 0x62efd5c60040] 8x8 transform intra:67.2% inter:72.0%
[libx264 @ 0x62efd5c60040] coded y,uvDC,uvAC intra: 93.6% 98.9% 91.1% inter: 29.0% 36.7% 6.3%
[libx264 @ 0x62efd5c60040] i16 v,h,dc,p: 27% 35%  5% 33%
[libx264 @ 0x62efd5c60040] i8 v,h,dc,ddl,ddr,vr,hd,vl,hu: 16% 25% 10%  5%  7%  8%  9%  8% 12%
[libx264 @ 0x62efd5c60040] i4 v,h,dc,ddl,ddr,vr,hd,vl,hu: 18% 29%  9%  5%  7%  7% 10%  7%  9%
[libx264 @ 0x62efd5c60040] i8c dc,h,v,p: 40% 28% 17% 16%
[libx264 @ 0x62efd5c60040] Weighted P-Frames: Y:57.3% UV:33.6%
[libx264 @ 0x62efd5c60040] ref P L0: 55.6% 30.5% 12.1%  1.6%  0.3%
[libx264 @ 0x62efd5c60040] ref B L0: 95.5%  4.4%  0.0%
[libx264 @ 0x62efd5c60040] ref B L1: 99.7%  0.3%
[libx264 @ 0x62efd5c60040] kb/s:1615.98
ffmpeg version 6.1.1-3ubuntu5 Copyright (c) 2000-2023 the FFmpeg developers
  built with gcc 13 (Ubuntu 13.2.0-23ubuntu3)
  configuration: --prefix=/usr --extra-version=3ubuntu5 --toolchain=hardened --libdir=/usr/lib/x86_64-linux-gnu --incdir=/usr/include/x86_64-linux-gnu --arch=amd64 --enable-gpl --disable-stripping --disable-omx --enable-gnutls --enable-libaom --enable-libass --enable-libbs2b --enable-libcaca --enable-libcdio --enable-libcodec2 --enable-libdav1d --enable-libflite --enable-libfontconfig --enable-libfreetype --enable-libfribidi --enable-libglslang --enable-libgme --enable-libgsm --enable-libharfbuzz --enable-libmp3lame --enable-libmysofa --enable-libopenjpeg --enable-libopenmpt --enable-libopus --enable-librubberband --enable-libshine --enable-libsnappy --enable-libsoxr --enable-libspeex --enable-libtheora --enable-libtwolame --enable-libvidstab --enable-libvorbis --enable-libvpx --enable-libwebp --enable-libx265 --enable-libxml2 --enable-libxvid --enable-libzimg --enable-openal --enable-opencl --enable-opengl --disable-sndio --enable-libvpl --disable-libmfx --enable-libdc1394 --enable-libdrm --enable-libiec61883 --enable-chromaprint --enable-frei0r --enable-ladspa --enable-libbluray --enable-libjack --enable-libpulse --enable-librabbitmq --enable-librist --enable-libsrt --enable-libssh --enable-libsvtav1 --enable-libx264 --enable-libzmq --enable-libzvbi --enable-lv2 --enable-sdl2 --enable-libplacebo --enable-librav1e --enable-pocketsphinx --enable-librsvg --enable-libjxl --enable-shared
  libavutil      58. 29.100 / 58. 29.100
  libavcodec     60. 31.102 / 60. 31.102
  libavformat    60. 16.100 / 60. 16.100
  libavdevice    60.  3.100 / 60.  3.100
  libavfilter     9. 12.100 /  9. 12.100
  libswscale      7.  5.100 /  7.  5.100
  libswresample   4. 12.100 /  4. 12.100
  libpostproc    57.  3.100 / 57.  3.100
Input #0, mov,mp4,m4a,3gp,3g2,mj2, from '/data/suraj/kv-quant-longhorizon/results/runs/1773110004_presentation_moviegen_fullmatrix/videos/KIVI_INT2/prompt_0001_seed_1.mp4':
  Metadata:
    major_brand     : isom
    minor_version   : 512
    compatible_brands: isomiso2avc1mp41
    encoder         : Lavf61.1.100
  Duration: 00:00:10.31, start: 0.000000, bitrate: 1171 kb/s
  Stream #0:0[0x1](und): Video: h264 (High) (avc1 / 0x31637661), yuv420p(progressive), 832x480, 1169 kb/s, 16 fps, 16 tbr, 16384 tbn (default)
    Metadata:
      handler_name    : VideoHandler
      vendor_id       : [0][0][0][0]
Stream mapping:
  Stream #0:0 -> #0:0 (h264 (native) -> h264 (libx264))
Press [q] to stop, [?] for help
[libx264 @ 0x57a1e87d6fc0] using cpu capabilities: MMX2 SSE2Fast SSSE3 SSE4.2 AVX FMA3 BMI2 AVX2
[libx264 @ 0x57a1e87d6fc0] profile High, level 3.0, 4:2:0, 8-bit
[libx264 @ 0x57a1e87d6fc0] 264 - core 164 r3108 31e19f9 - H.264/MPEG-4 AVC codec - Copyleft 2003-2023 - http://www.videolan.org/x264.html - options: cabac=1 ref=3 deblock=1:0:0 analyse=0x3:0x113 me=hex subme=7 psy=1 psy_rd=1.00:0.00 mixed_ref=1 me_range=16 chroma_me=1 trellis=1 8x8dct=1 cqm=0 deadzone=21,11 fast_pskip=1 chroma_qp_offset=-2 threads=15 lookahead_threads=2 sliced_threads=0 nr=0 decimate=1 interlaced=0 bluray_compat=0 constrained_intra=0 bframes=3 b_pyramid=2 b_adapt=1 b_bias=0 direct=1 weightb=1 open_gop=0 weightp=2 keyint=250 keyint_min=16 scenecut=40 intra_refresh=0 rc_lookahead=40 rc=crf mbtree=1 crf=23.0 qcomp=0.60 qpmin=0 qpmax=69 qpstep=4 ip_ratio=1.40 aq=1:1.00
Output #0, mp4, to '/data/vaishak/combined-kv-quant/results/combined/backfills/drift/moviegen/af58a401e639e869_KIVI_INT2/KIVI_INT2_frames_165/prompt_0001_seed_1.mp4':
  Metadata:
    major_brand     : isom
    minor_version   : 512
    compatible_brands: isomiso2avc1mp41
    encoder         : Lavf60.16.100
  Stream #0:0(und): Video: h264 (avc1 / 0x31637661), yuv420p(progressive), 832x480, q=2-31, 16 fps, 16384 tbn (default)
    Metadata:
      handler_name    : VideoHandler
      vendor_id       : [0][0][0][0]
      encoder         : Lavc60.31.102 libx264
    Side data:
      cpb: bitrate max/min/avg: 0/0/0 buffer size: 0 vbv_delay: N/A
frame=    0 fps=0.0 q=0.0 size=       0kB time=N/A bitrate=N/A speed=N/A    [out#0/mp4 @ 0x57a1e874cd00] video:2009kB audio:0kB subtitle:0kB other streams:0kB global headers:0kB muxing overhead: 0.113916%
frame=  165 fps=0.0 q=-1.0 Lsize=    2011kB time=00:00:10.12 bitrate=1627.0kbits/s speed=16.1x    
[libx264 @ 0x57a1e87d6fc0] frame I:14    Avg QP:23.38  size: 56625
[libx264 @ 0x57a1e87d6fc0] frame P:111   Avg QP:26.44  size: 10727
[libx264 @ 0x57a1e87d6fc0] frame B:40    Avg QP:28.97  size:  1816
[libx264 @ 0x57a1e87d6fc0] consecutive B-frames: 56.4% 31.5%  7.3%  4.8%
[libx264 @ 0x57a1e87d6fc0] mb I  I16..4:  0.6% 57.5% 41.9%
[libx264 @ 0x57a1e87d6fc0] mb P  I16..4:  0.2%  2.5%  0.9%  P16..4: 36.5% 18.3% 10.2%  0.0%  0.0%    skip:31.4%
[libx264 @ 0x57a1e87d6fc0] mb B  I16..4:  0.1%  0.4%  0.0%  B16..8: 44.8%  3.5%  0.7%  direct: 1.5%  skip:49.0%  L0:47.6% L1:47.6% BI: 4.9%
[libx264 @ 0x57a1e87d6fc0] 8x8 transform intra:60.3% inter:64.1%
[libx264 @ 0x57a1e87d6fc0] coded y,uvDC,uvAC intra: 92.8% 92.8% 62.2% inter: 29.0% 24.6% 1.4%
[libx264 @ 0x57a1e87d6fc0] i16 v,h,dc,p:  3% 56%  6% 36%
[libx264 @ 0x57a1e87d6fc0] i8 v,h,dc,ddl,ddr,vr,hd,vl,hu: 11% 32% 11%  5%  6%  6% 10%  6% 12%
[libx264 @ 0x57a1e87d6fc0] i4 v,h,dc,ddl,ddr,vr,hd,vl,hu: 16% 32% 10%  5%  6%  6%  9%  6% 10%
[libx264 @ 0x57a1e87d6fc0] i8c dc,h,v,p: 41% 33% 14% 12%
[libx264 @ 0x57a1e87d6fc0] Weighted P-Frames: Y:38.7% UV:22.5%
[libx264 @ 0x57a1e87d6fc0] ref P L0: 61.1% 28.7%  9.0%  1.0%  0.2%
[libx264 @ 0x57a1e87d6fc0] ref B L0: 96.2%  3.7%  0.1%
[libx264 @ 0x57a1e87d6fc0] ref B L1: 99.8%  0.2%
[libx264 @ 0x57a1e87d6fc0] kb/s:1595.02
ffmpeg version 6.1.1-3ubuntu5 Copyright (c) 2000-2023 the FFmpeg developers
  built with gcc 13 (Ubuntu 13.2.0-23ubuntu3)
  configuration: --prefix=/usr --extra-version=3ubuntu5 --toolchain=hardened --libdir=/usr/lib/x86_64-linux-gnu --incdir=/usr/include/x86_64-linux-gnu --arch=amd64 --enable-gpl --disable-stripping --disable-omx --enable-gnutls --enable-libaom --enable-libass --enable-libbs2b --enable-libcaca --enable-libcdio --enable-libcodec2 --enable-libdav1d --enable-libflite --enable-libfontconfig --enable-libfreetype --enable-libfribidi --enable-libglslang --enable-libgme --enable-libgsm --enable-libharfbuzz --enable-libmp3lame --enable-libmysofa --enable-libopenjpeg --enable-libopenmpt --enable-libopus --enable-librubberband --enable-libshine --enable-libsnappy --enable-libsoxr --enable-libspeex --enable-libtheora --enable-libtwolame --enable-libvidstab --enable-libvorbis --enable-libvpx --enable-libwebp --enable-libx265 --enable-libxml2 --enable-libxvid --enable-libzimg --enable-openal --enable-opencl --enable-opengl --disable-sndio --enable-libvpl --disable-libmfx --enable-libdc1394 --enable-libdrm --enable-libiec61883 --enable-chromaprint --enable-frei0r --enable-ladspa --enable-libbluray --enable-libjack --enable-libpulse --enable-librabbitmq --enable-librist --enable-libsrt --enable-libssh --enable-libsvtav1 --enable-libx264 --enable-libzmq --enable-libzvbi --enable-lv2 --enable-sdl2 --enable-libplacebo --enable-librav1e --enable-pocketsphinx --enable-librsvg --enable-libjxl --enable-shared
  libavutil      58. 29.100 / 58. 29.100
  libavcodec     60. 31.102 / 60. 31.102
  libavformat    60. 16.100 / 60. 16.100
  libavdevice    60.  3.100 / 60.  3.100
  libavfilter     9. 12.100 /  9. 12.100
  libswscale      7.  5.100 /  7.  5.100
  libswresample   4. 12.100 /  4. 12.100
  libpostproc    57.  3.100 / 57.  3.100
Input #0, mov,mp4,m4a,3gp,3g2,mj2, from '/data/suraj/kv-quant-longhorizon/results/runs/1773110004_presentation_moviegen_fullmatrix/videos/KIVI_INT2/prompt_0002_seed_2.mp4':
  Metadata:
    major_brand     : isom
    minor_version   : 512
    compatible_brands: isomiso2avc1mp41
    encoder         : Lavf61.1.100
  Duration: 00:00:10.31, start: 0.000000, bitrate: 1092 kb/s
  Stream #0:0[0x1](und): Video: h264 (High) (avc1 / 0x31637661), yuv420p(progressive), 832x480, 1090 kb/s, 16 fps, 16 tbr, 16384 tbn (default)
    Metadata:
      handler_name    : VideoHandler
      vendor_id       : [0][0][0][0]
Stream mapping:
  Stream #0:0 -> #0:0 (h264 (native) -> h264 (libx264))
Press [q] to stop, [?] for help
[libx264 @ 0x5dbdd8da9940] using cpu capabilities: MMX2 SSE2Fast SSSE3 SSE4.2 AVX FMA3 BMI2 AVX2
[libx264 @ 0x5dbdd8da9940] profile High, level 3.0, 4:2:0, 8-bit
[libx264 @ 0x5dbdd8da9940] 264 - core 164 r3108 31e19f9 - H.264/MPEG-4 AVC codec - Copyleft 2003-2023 - http://www.videolan.org/x264.html - options: cabac=1 ref=3 deblock=1:0:0 analyse=0x3:0x113 me=hex subme=7 psy=1 psy_rd=1.00:0.00 mixed_ref=1 me_range=16 chroma_me=1 trellis=1 8x8dct=1 cqm=0 deadzone=21,11 fast_pskip=1 chroma_qp_offset=-2 threads=15 lookahead_threads=2 sliced_threads=0 nr=0 decimate=1 interlaced=0 bluray_compat=0 constrained_intra=0 bframes=3 b_pyramid=2 b_adapt=1 b_bias=0 direct=1 weightb=1 open_gop=0 weightp=2 keyint=250 keyint_min=16 scenecut=40 intra_refresh=0 rc_lookahead=40 rc=crf mbtree=1 crf=23.0 qcomp=0.60 qpmin=0 qpmax=69 qpstep=4 ip_ratio=1.40 aq=1:1.00
Output #0, mp4, to '/data/vaishak/combined-kv-quant/results/combined/backfills/drift/moviegen/af58a401e639e869_KIVI_INT2/KIVI_INT2_frames_165/prompt_0002_seed_2.mp4':
  Metadata:
    major_brand     : isom
    minor_version   : 512
    compatible_brands: isomiso2avc1mp41
    encoder         : Lavf60.16.100
  Stream #0:0(und): Video: h264 (avc1 / 0x31637661), yuv420p(progressive), 832x480, q=2-31, 16 fps, 16384 tbn (default)
    Metadata:
      handler_name    : VideoHandler
      vendor_id       : [0][0][0][0]
      encoder         : Lavc60.31.102 libx264
    Side data:
      cpb: bitrate max/min/avg: 0/0/0 buffer size: 0 vbv_delay: N/A
frame=    0 fps=0.0 q=0.0 size=       0kB time=N/A bitrate=N/A speed=N/A    [out#0/mp4 @ 0x5dbdd8cc6cc0] video:1694kB audio:0kB subtitle:0kB other streams:0kB global headers:0kB muxing overhead: 0.148454%
frame=  165 fps=0.0 q=-1.0 Lsize=    1696kB time=00:00:10.12 bitrate=1372.5kbits/s speed=14.9x    
[libx264 @ 0x5dbdd8da9940] frame I:14    Avg QP:22.05  size: 35836
[libx264 @ 0x5dbdd8da9940] frame P:86    Avg QP:24.98  size: 11816
[libx264 @ 0x5dbdd8da9940] frame B:65    Avg QP:27.19  size:  3323
[libx264 @ 0x5dbdd8da9940] consecutive B-frames: 33.9% 36.4% 12.7% 17.0%
[libx264 @ 0x5dbdd8da9940] mb I  I16..4: 22.9% 54.3% 22.8%
[libx264 @ 0x5dbdd8da9940] mb P  I16..4:  6.8%  7.8%  2.8%  P16..4: 38.3% 14.6%  7.4%  0.0%  0.0%    skip:22.3%
[libx264 @ 0x5dbdd8da9940] mb B  I16..4:  0.8%  0.7%  0.1%  B16..8: 37.0%  5.7%  1.2%  direct: 4.4%  skip:50.1%  L0:43.7% L1:43.9% BI:12.4%
[libx264 @ 0x5dbdd8da9940] 8x8 transform intra:49.0% inter:69.9%
[libx264 @ 0x5dbdd8da9940] coded y,uvDC,uvAC intra: 65.5% 82.0% 41.5% inter: 25.7% 29.0% 2.9%
[libx264 @ 0x5dbdd8da9940] i16 v,h,dc,p:  1% 82%  3% 14%
[libx264 @ 0x5dbdd8da9940] i8 v,h,dc,ddl,ddr,vr,hd,vl,hu: 13% 40% 13%  4%  5%  5%  7%  5%  9%
[libx264 @ 0x5dbdd8da9940] i4 v,h,dc,ddl,ddr,vr,hd,vl,hu: 15% 44%  8%  4%  5%  5%  7%  4%  7%
[libx264 @ 0x5dbdd8da9940] i8c dc,h,v,p: 31% 50% 10%  9%
[libx264 @ 0x5dbdd8da9940] Weighted P-Frames: Y:44.2% UV:32.6%
[libx264 @ 0x5dbdd8da9940] ref P L0: 62.7% 24.4% 10.9%  1.6%  0.4%
[libx264 @ 0x5dbdd8da9940] ref B L0: 95.4%  4.3%  0.3%
[libx264 @ 0x5dbdd8da9940] ref B L1: 99.3%  0.7%
[libx264 @ 0x5dbdd8da9940] kb/s:1345.05
ffmpeg version 6.1.1-3ubuntu5 Copyright (c) 2000-2023 the FFmpeg developers
  built with gcc 13 (Ubuntu 13.2.0-23ubuntu3)
  configuration: --prefix=/usr --extra-version=3ubuntu5 --toolchain=hardened --libdir=/usr/lib/x86_64-linux-gnu --incdir=/usr/include/x86_64-linux-gnu --arch=amd64 --enable-gpl --disable-stripping --disable-omx --enable-gnutls --enable-libaom --enable-libass --enable-libbs2b --enable-libcaca --enable-libcdio --enable-libcodec2 --enable-libdav1d --enable-libflite --enable-libfontconfig --enable-libfreetype --enable-libfribidi --enable-libglslang --enable-libgme --enable-libgsm --enable-libharfbuzz --enable-libmp3lame --enable-libmysofa --enable-libopenjpeg --enable-libopenmpt --enable-libopus --enable-librubberband --enable-libshine --enable-libsnappy --enable-libsoxr --enable-libspeex --enable-libtheora --enable-libtwolame --enable-libvidstab --enable-libvorbis --enable-libvpx --enable-libwebp --enable-libx265 --enable-libxml2 --enable-libxvid --enable-libzimg --enable-openal --enable-opencl --enable-opengl --disable-sndio --enable-libvpl --disable-libmfx --enable-libdc1394 --enable-libdrm --enable-libiec61883 --enable-chromaprint --enable-frei0r --enable-ladspa --enable-libbluray --enable-libjack --enable-libpulse --enable-librabbitmq --enable-librist --enable-libsrt --enable-libssh --enable-libsvtav1 --enable-libx264 --enable-libzmq --enable-libzvbi --enable-lv2 --enable-sdl2 --enable-libplacebo --enable-librav1e --enable-pocketsphinx --enable-librsvg --enable-libjxl --enable-shared
  libavutil      58. 29.100 / 58. 29.100
  libavcodec     60. 31.102 / 60. 31.102
  libavformat    60. 16.100 / 60. 16.100
  libavdevice    60.  3.100 / 60.  3.100
  libavfilter     9. 12.100 /  9. 12.100
  libswscale      7.  5.100 /  7.  5.100
  libswresample   4. 12.100 /  4. 12.100
  libpostproc    57.  3.100 / 57.  3.100
Input #0, mov,mp4,m4a,3gp,3g2,mj2, from '/data/suraj/kv-quant-longhorizon/results/runs/1773110004_presentation_moviegen_fullmatrix/videos/KIVI_INT2/prompt_0003_seed_3.mp4':
  Metadata:
    major_brand     : isom
    minor_version   : 512
    compatible_brands: isomiso2avc1mp41
    encoder         : Lavf61.1.100
  Duration: 00:00:10.31, start: 0.000000, bitrate: 1098 kb/s
  Stream #0:0[0x1](und): Video: h264 (High) (avc1 / 0x31637661), yuv420p(progressive), 832x480, 1096 kb/s, 16 fps, 16 tbr, 16384 tbn (default)
    Metadata:
      handler_name    : VideoHandler
      vendor_id       : [0][0][0][0]
Stream mapping:
  Stream #0:0 -> #0:0 (h264 (native) -> h264 (libx264))
Press [q] to stop, [?] for help
[libx264 @ 0x5ac7aaf26a40] using cpu capabilities: MMX2 SSE2Fast SSSE3 SSE4.2 AVX FMA3 BMI2 AVX2
[libx264 @ 0x5ac7aaf26a40] profile High, level 3.0, 4:2:0, 8-bit
[libx264 @ 0x5ac7aaf26a40] 264 - core 164 r3108 31e19f9 - H.264/MPEG-4 AVC codec - Copyleft 2003-2023 - http://www.videolan.org/x264.html - options: cabac=1 ref=3 deblock=1:0:0 analyse=0x3:0x113 me=hex subme=7 psy=1 psy_rd=1.00:0.00 mixed_ref=1 me_range=16 chroma_me=1 trellis=1 8x8dct=1 cqm=0 deadzone=21,11 fast_pskip=1 chroma_qp_offset=-2 threads=15 lookahead_threads=2 sliced_threads=0 nr=0 decimate=1 interlaced=0 bluray_compat=0 constrained_intra=0 bframes=3 b_pyramid=2 b_adapt=1 b_bias=0 direct=1 weightb=1 open_gop=0 weightp=2 keyint=250 keyint_min=16 scenecut=40 intra_refresh=0 rc_lookahead=40 rc=crf mbtree=1 crf=23.0 qcomp=0.60 qpmin=0 qpmax=69 qpstep=4 ip_ratio=1.40 aq=1:1.00
Output #0, mp4, to '/data/vaishak/combined-kv-quant/results/combined/backfills/drift/moviegen/af58a401e639e869_KIVI_INT2/KIVI_INT2_frames_165/prompt_0003_seed_3.mp4':
  Metadata:
    major_brand     : isom
    minor_version   : 512
    compatible_brands: isomiso2avc1mp41
    encoder         : Lavf60.16.100
  Stream #0:0(und): Video: h264 (avc1 / 0x31637661), yuv420p(progressive), 832x480, q=2-31, 16 fps, 16384 tbn (default)
    Metadata:
      handler_name    : VideoHandler
      vendor_id       : [0][0][0][0]
      encoder         : Lavc60.31.102 libx264
    Side data:
      cpb: bitrate max/min/avg: 0/0/0 buffer size: 0 vbv_delay: N/A
frame=    0 fps=0.0 q=0.0 size=       0kB time=N/A bitrate=N/A speed=N/A    [out#0/mp4 @ 0x5ac7aae9cd40] video:2002kB audio:0kB subtitle:0kB other streams:0kB global headers:0kB muxing overhead: 0.115845%
frame=  165 fps=0.0 q=-1.0 Lsize=    2004kB time=00:00:10.12 bitrate=1621.8kbits/s speed=14.5x    
[libx264 @ 0x5ac7aaf26a40] frame I:13    Avg QP:23.15  size: 56231
[libx264 @ 0x5ac7aaf26a40] frame P:110   Avg QP:26.36  size: 11136
[libx264 @ 0x5ac7aaf26a40] frame B:42    Avg QP:29.48  size:  2226
[libx264 @ 0x5ac7aaf26a40] consecutive B-frames: 54.5% 32.7%  5.5%  7.3%
[libx264 @ 0x5ac7aaf26a40] mb I  I16..4:  2.2% 56.4% 41.5%
[libx264 @ 0x5ac7aaf26a40] mb P  I16..4:  0.4%  2.5%  1.1%  P16..4: 39.8% 18.2%  9.1%  0.0%  0.0%    skip:29.0%
[libx264 @ 0x5ac7aaf26a40] mb B  I16..4:  0.0%  0.1%  0.0%  B16..8: 46.3%  3.6%  1.0%  direct: 1.9%  skip:47.0%  L0:42.3% L1:50.0% BI: 7.7%
[libx264 @ 0x5ac7aaf26a40] 8x8 transform intra:58.0% inter:66.8%
[libx264 @ 0x5ac7aaf26a40] coded y,uvDC,uvAC intra: 90.2% 97.5% 80.6% inter: 29.0% 31.9% 3.5%
[libx264 @ 0x5ac7aaf26a40] i16 v,h,dc,p:  2% 58%  4% 36%
[libx264 @ 0x5ac7aaf26a40] i8 v,h,dc,ddl,ddr,vr,hd,vl,hu:  9% 34% 11%  5%  6%  6% 11%  5% 12%
[libx264 @ 0x5ac7aaf26a40] i4 v,h,dc,ddl,ddr,vr,hd,vl,hu: 13% 36% 10%  5%  6%  6% 10%  5%  9%
[libx264 @ 0x5ac7aaf26a40] i8c dc,h,v,p: 38% 36% 12% 14%
[libx264 @ 0x5ac7aaf26a40] Weighted P-Frames: Y:50.0% UV:30.0%
[libx264 @ 0x5ac7aaf26a40] ref P L0: 55.7% 31.1% 11.4%  1.3%  0.4%
[libx264 @ 0x5ac7aaf26a40] ref B L0: 96.3%  3.5%  0.2%
[libx264 @ 0x5ac7aaf26a40] ref B L1: 99.8%  0.2%
[libx264 @ 0x5ac7aaf26a40] kb/s:1589.89
ffmpeg version 6.1.1-3ubuntu5 Copyright (c) 2000-2023 the FFmpeg developers
  built with gcc 13 (Ubuntu 13.2.0-23ubuntu3)
  configuration: --prefix=/usr --extra-version=3ubuntu5 --toolchain=hardened --libdir=/usr/lib/x86_64-linux-gnu --incdir=/usr/include/x86_64-linux-gnu --arch=amd64 --enable-gpl --disable-stripping --disable-omx --enable-gnutls --enable-libaom --enable-libass --enable-libbs2b --enable-libcaca --enable-libcdio --enable-libcodec2 --enable-libdav1d --enable-libflite --enable-libfontconfig --enable-libfreetype --enable-libfribidi --enable-libglslang --enable-libgme --enable-libgsm --enable-libharfbuzz --enable-libmp3lame --enable-libmysofa --enable-libopenjpeg --enable-libopenmpt --enable-libopus --enable-librubberband --enable-libshine --enable-libsnappy --enable-libsoxr --enable-libspeex --enable-libtheora --enable-libtwolame --enable-libvidstab --enable-libvorbis --enable-libvpx --enable-libwebp --enable-libx265 --enable-libxml2 --enable-libxvid --enable-libzimg --enable-openal --enable-opencl --enable-opengl --disable-sndio --enable-libvpl --disable-libmfx --enable-libdc1394 --enable-libdrm --enable-libiec61883 --enable-chromaprint --enable-frei0r --enable-ladspa --enable-libbluray --enable-libjack --enable-libpulse --enable-librabbitmq --enable-librist --enable-libsrt --enable-libssh --enable-libsvtav1 --enable-libx264 --enable-libzmq --enable-libzvbi --enable-lv2 --enable-sdl2 --enable-libplacebo --enable-librav1e --enable-pocketsphinx --enable-librsvg --enable-libjxl --enable-shared
  libavutil      58. 29.100 / 58. 29.100
  libavcodec     60. 31.102 / 60. 31.102
  libavformat    60. 16.100 / 60. 16.100
  libavdevice    60.  3.100 / 60.  3.100
  libavfilter     9. 12.100 /  9. 12.100
  libswscale      7.  5.100 /  7.  5.100
  libswresample   4. 12.100 /  4. 12.100
  libpostproc    57.  3.100 / 57.  3.100
Input #0, mov,mp4,m4a,3gp,3g2,mj2, from '/data/suraj/kv-quant-longhorizon/results/runs/1773110004_presentation_moviegen_fullmatrix/videos/KIVI_INT2/prompt_0004_seed_4.mp4':
  Metadata:
    major_brand     : isom
    minor_version   : 512
    compatible_brands: isomiso2avc1mp41
    encoder         : Lavf61.1.100
  Duration: 00:00:10.31, start: 0.000000, bitrate: 1096 kb/s
  Stream #0:0[0x1](und): Video: h264 (High) (avc1 / 0x31637661), yuv420p(progressive), 832x480, 1094 kb/s, 16 fps, 16 tbr, 16384 tbn (default)
    Metadata:
      handler_name    : VideoHandler
      vendor_id       : [0][0][0][0]
Stream mapping:
  Stream #0:0 -> #0:0 (h264 (native) -> h264 (libx264))
Press [q] to stop, [?] for help
[libx264 @ 0x58255e128580] using cpu capabilities: MMX2 SSE2Fast SSSE3 SSE4.2 AVX FMA3 BMI2 AVX2
[libx264 @ 0x58255e128580] profile High, level 3.0, 4:2:0, 8-bit
[libx264 @ 0x58255e128580] 264 - core 164 r3108 31e19f9 - H.264/MPEG-4 AVC codec - Copyleft 2003-2023 - http://www.videolan.org/x264.html - options: cabac=1 ref=3 deblock=1:0:0 analyse=0x3:0x113 me=hex subme=7 psy=1 psy_rd=1.00:0.00 mixed_ref=1 me_range=16 chroma_me=1 trellis=1 8x8dct=1 cqm=0 deadzone=21,11 fast_pskip=1 chroma_qp_offset=-2 threads=15 lookahead_threads=2 sliced_threads=0 nr=0 decimate=1 interlaced=0 bluray_compat=0 constrained_intra=0 bframes=3 b_pyramid=2 b_adapt=1 b_bias=0 direct=1 weightb=1 open_gop=0 weightp=2 keyint=250 keyint_min=16 scenecut=40 intra_refresh=0 rc_lookahead=40 rc=crf mbtree=1 crf=23.0 qcomp=0.60 qpmin=0 qpmax=69 qpstep=4 ip_ratio=1.40 aq=1:1.00
Output #0, mp4, to '/data/vaishak/combined-kv-quant/results/combined/backfills/drift/moviegen/af58a401e639e869_KIVI_INT2/KIVI_INT2_frames_165/prompt_0004_seed_4.mp4':
  Metadata:
    major_brand     : isom
    minor_version   : 512
    compatible_brands: isomiso2avc1mp41
    encoder         : Lavf60.16.100
  Stream #0:0(und): Video: h264 (avc1 / 0x31637661), yuv420p(progressive), 832x480, q=2-31, 16 fps, 16384 tbn (default)
    Metadata:
      handler_name    : VideoHandler
      vendor_id       : [0][0][0][0]
      encoder         : Lavc60.31.102 libx264
    Side data:
      cpb: bitrate max/min/avg: 0/0/0 buffer size: 0 vbv_delay: N/A
frame=    0 fps=0.0 q=0.0 size=       0kB time=N/A bitrate=N/A speed=N/A    [out#0/mp4 @ 0x58255e0a9dc0] video:1631kB audio:0kB subtitle:0kB other streams:0kB global headers:0kB muxing overhead: 0.148444%
frame=  165 fps=0.0 q=-1.0 Lsize=    1633kB time=00:00:10.12 bitrate=1321.5kbits/s speed=14.4x    
[libx264 @ 0x58255e128580] frame I:14    Avg QP:21.54  size: 37428
[libx264 @ 0x58255e128580] frame P:96    Avg QP:24.76  size: 10586
[libx264 @ 0x58255e128580] frame B:55    Avg QP:27.87  size:  2347
[libx264 @ 0x58255e128580] consecutive B-frames: 42.4% 36.4%  9.1% 12.1%
[libx264 @ 0x58255e128580] mb I  I16..4:  4.0% 76.0% 20.0%
[libx264 @ 0x58255e128580] mb P  I16..4:  0.8%  4.8%  0.8%  P16..4: 45.0% 19.0%  6.9%  0.0%  0.0%    skip:22.7%
[libx264 @ 0x58255e128580] mb B  I16..4:  0.2%  0.6%  0.1%  B16..8: 35.8%  4.7%  0.9%  direct: 3.0%  skip:54.8%  L0:40.4% L1:53.2% BI: 6.4%
[libx264 @ 0x58255e128580] 8x8 transform intra:75.1% inter:71.7%
[libx264 @ 0x58255e128580] coded y,uvDC,uvAC intra: 84.2% 96.4% 72.9% inter: 28.1% 37.5% 3.6%
[libx264 @ 0x58255e128580] i16 v,h,dc,p:  7% 60%  2% 31%
[libx264 @ 0x58255e128580] i8 v,h,dc,ddl,ddr,vr,hd,vl,hu: 14% 34%  9%  5%  6%  6%  9%  7% 10%
[libx264 @ 0x58255e128580] i4 v,h,dc,ddl,ddr,vr,hd,vl,hu: 15% 33%  8%  5%  7%  7%  9%  6%  8%
[libx264 @ 0x58255e128580] i8c dc,h,v,p: 35% 34% 15% 16%
[libx264 @ 0x58255e128580] Weighted P-Frames: Y:51.0% UV:29.2%
[libx264 @ 0x58255e128580] ref P L0: 52.5% 32.1% 13.7%  1.3%  0.3%
[libx264 @ 0x58255e128580] ref B L0: 94.3%  5.0%  0.8%
[libx264 @ 0x58255e128580] ref B L1: 98.7%  1.3%
[libx264 @ 0x58255e128580] kb/s:1294.97
ffmpeg version 6.1.1-3ubuntu5 Copyright (c) 2000-2023 the FFmpeg developers
  built with gcc 13 (Ubuntu 13.2.0-23ubuntu3)
  configuration: --prefix=/usr --extra-version=3ubuntu5 --toolchain=hardened --libdir=/usr/lib/x86_64-linux-gnu --incdir=/usr/include/x86_64-linux-gnu --arch=amd64 --enable-gpl --disable-stripping --disable-omx --enable-gnutls --enable-libaom --enable-libass --enable-libbs2b --enable-libcaca --enable-libcdio --enable-libcodec2 --enable-libdav1d --enable-libflite --enable-libfontconfig --enable-libfreetype --enable-libfribidi --enable-libglslang --enable-libgme --enable-libgsm --enable-libharfbuzz --enable-libmp3lame --enable-libmysofa --enable-libopenjpeg --enable-libopenmpt --enable-libopus --enable-librubberband --enable-libshine --enable-libsnappy --enable-libsoxr --enable-libspeex --enable-libtheora --enable-libtwolame --enable-libvidstab --enable-libvorbis --enable-libvpx --enable-libwebp --enable-libx265 --enable-libxml2 --enable-libxvid --enable-libzimg --enable-openal --enable-opencl --enable-opengl --disable-sndio --enable-libvpl --disable-libmfx --enable-libdc1394 --enable-libdrm --enable-libiec61883 --enable-chromaprint --enable-frei0r --enable-ladspa --enable-libbluray --enable-libjack --enable-libpulse --enable-librabbitmq --enable-librist --enable-libsrt --enable-libssh --enable-libsvtav1 --enable-libx264 --enable-libzmq --enable-libzvbi --enable-lv2 --enable-sdl2 --enable-libplacebo --enable-librav1e --enable-pocketsphinx --enable-librsvg --enable-libjxl --enable-shared
  libavutil      58. 29.100 / 58. 29.100
  libavcodec     60. 31.102 / 60. 31.102
  libavformat    60. 16.100 / 60. 16.100
  libavdevice    60.  3.100 / 60.  3.100
  libavfilter     9. 12.100 /  9. 12.100
  libswscale      7.  5.100 /  7.  5.100
  libswresample   4. 12.100 /  4. 12.100
  libpostproc    57.  3.100 / 57.  3.100
Input #0, mov,mp4,m4a,3gp,3g2,mj2, from '/data/suraj/kv-quant-longhorizon/results/runs/1773110004_presentation_moviegen_fullmatrix/videos/KIVI_INT2/prompt_0005_seed_5.mp4':
  Metadata:
    major_brand     : isom
    minor_version   : 512
    compatible_brands: isomiso2avc1mp41
    encoder         : Lavf61.1.100
  Duration: 00:00:10.31, start: 0.000000, bitrate: 1122 kb/s
  Stream #0:0[0x1](und): Video: h264 (High) (avc1 / 0x31637661), yuv420p(progressive), 832x480, 1120 kb/s, 16 fps, 16 tbr, 16384 tbn (default)
    Metadata:
      handler_name    : VideoHandler
      vendor_id       : [0][0][0][0]
Stream mapping:
  Stream #0:0 -> #0:0 (h264 (native) -> h264 (libx264))
Press [q] to stop, [?] for help
[libx264 @ 0x6361b8aa4880] using cpu capabilities: MMX2 SSE2Fast SSSE3 SSE4.2 AVX FMA3 BMI2 AVX2
[libx264 @ 0x6361b8aa4880] profile High, level 3.0, 4:2:0, 8-bit
[libx264 @ 0x6361b8aa4880] 264 - core 164 r3108 31e19f9 - H.264/MPEG-4 AVC codec - Copyleft 2003-2023 - http://www.videolan.org/x264.html - options: cabac=1 ref=3 deblock=1:0:0 analyse=0x3:0x113 me=hex subme=7 psy=1 psy_rd=1.00:0.00 mixed_ref=1 me_range=16 chroma_me=1 trellis=1 8x8dct=1 cqm=0 deadzone=21,11 fast_pskip=1 chroma_qp_offset=-2 threads=15 lookahead_threads=2 sliced_threads=0 nr=0 decimate=1 interlaced=0 bluray_compat=0 constrained_intra=0 bframes=3 b_pyramid=2 b_adapt=1 b_bias=0 direct=1 weightb=1 open_gop=0 weightp=2 keyint=250 keyint_min=16 scenecut=40 intra_refresh=0 rc_lookahead=40 rc=crf mbtree=1 crf=23.0 qcomp=0.60 qpmin=0 qpmax=69 qpstep=4 ip_ratio=1.40 aq=1:1.00
Output #0, mp4, to '/data/vaishak/combined-kv-quant/results/combined/backfills/drift/moviegen/af58a401e639e869_KIVI_INT2/KIVI_INT2_frames_165/prompt_0005_seed_5.mp4':
  Metadata:
    major_brand     : isom
    minor_version   : 512
    compatible_brands: isomiso2avc1mp41
    encoder         : Lavf60.16.100
  Stream #0:0(und): Video: h264 (avc1 / 0x31637661), yuv420p(progressive), 832x480, q=2-31, 16 fps, 16384 tbn (default)
    Metadata:
      handler_name    : VideoHandler
      vendor_id       : [0][0][0][0]
      encoder         : Lavc60.31.102 libx264
    Side data:
      cpb: bitrate max/min/avg: 0/0/0 buffer size: 0 vbv_delay: N/A
frame=    0 fps=0.0 q=0.0 size=       0kB time=N/A bitrate=N/A speed=N/A    [out#0/mp4 @ 0x6361b8a10d40] video:2393kB audio:0kB subtitle:0kB other streams:0kB global headers:0kB muxing overhead: 0.095302%
frame=  165 fps=0.0 q=-1.0 Lsize=    2395kB time=00:00:10.12 bitrate=1937.7kbits/s speed=  15x    
[libx264 @ 0x6361b8aa4880] frame I:14    Avg QP:23.77  size: 78919
[libx264 @ 0x6361b8aa4880] frame P:106   Avg QP:27.44  size: 11482
[libx264 @ 0x6361b8aa4880] frame B:45    Avg QP:30.31  size:  2832
[libx264 @ 0x6361b8aa4880] consecutive B-frames: 53.9% 23.0% 18.2%  4.8%
[libx264 @ 0x6361b8aa4880] mb I  I16..4:  0.5% 48.6% 50.9%
[libx264 @ 0x6361b8aa4880] mb P  I16..4:  0.1%  1.0%  0.2%  P16..4: 34.4% 17.1% 11.1%  0.0%  0.0%    skip:36.0%
[libx264 @ 0x6361b8aa4880] mb B  I16..4:  0.0%  0.1%  0.0%  B16..8: 41.9%  5.7%  3.5%  direct: 1.9%  skip:46.8%  L0:35.1% L1:58.4% BI: 6.5%
[libx264 @ 0x6361b8aa4880] 8x8 transform intra:51.1% inter:64.4%
[libx264 @ 0x6361b8aa4880] coded y,uvDC,uvAC intra: 96.1% 99.5% 95.5% inter: 27.8% 33.7% 4.6%
[libx264 @ 0x6361b8aa4880] i16 v,h,dc,p:  2% 53%  8% 36%
[libx264 @ 0x6361b8aa4880] i8 v,h,dc,ddl,ddr,vr,hd,vl,hu: 12% 24% 13%  6%  7%  8%  9%  8% 13%
[libx264 @ 0x6361b8aa4880] i4 v,h,dc,ddl,ddr,vr,hd,vl,hu: 17% 25% 11%  6%  7%  8%  9%  8% 10%
[libx264 @ 0x6361b8aa4880] i8c dc,h,v,p: 42% 27% 14% 16%
[libx264 @ 0x6361b8aa4880] Weighted P-Frames: Y:38.7% UV:29.2%
[libx264 @ 0x6361b8aa4880] ref P L0: 65.0% 24.7%  9.2%  0.9%  0.2%
[libx264 @ 0x6361b8aa4880] ref B L0: 96.0%  3.7%  0.2%
[libx264 @ 0x6361b8aa4880] ref B L1: 99.7%  0.3%
[libx264 @ 0x6361b8aa4880] kb/s:1900.16
ffmpeg version 6.1.1-3ubuntu5 Copyright (c) 2000-2023 the FFmpeg developers
  built with gcc 13 (Ubuntu 13.2.0-23ubuntu3)
  configuration: --prefix=/usr --extra-version=3ubuntu5 --toolchain=hardened --libdir=/usr/lib/x86_64-linux-gnu --incdir=/usr/include/x86_64-linux-gnu --arch=amd64 --enable-gpl --disable-stripping --disable-omx --enable-gnutls --enable-libaom --enable-libass --enable-libbs2b --enable-libcaca --enable-libcdio --enable-libcodec2 --enable-libdav1d --enable-libflite --enable-libfontconfig --enable-libfreetype --enable-libfribidi --enable-libglslang --enable-libgme --enable-libgsm --enable-libharfbuzz --enable-libmp3lame --enable-libmysofa --enable-libopenjpeg --enable-libopenmpt --enable-libopus --enable-librubberband --enable-libshine --enable-libsnappy --enable-libsoxr --enable-libspeex --enable-libtheora --enable-libtwolame --enable-libvidstab --enable-libvorbis --enable-libvpx --enable-libwebp --enable-libx265 --enable-libxml2 --enable-libxvid --enable-libzimg --enable-openal --enable-opencl --enable-opengl --disable-sndio --enable-libvpl --disable-libmfx --enable-libdc1394 --enable-libdrm --enable-libiec61883 --enable-chromaprint --enable-frei0r --enable-ladspa --enable-libbluray --enable-libjack --enable-libpulse --enable-librabbitmq --enable-librist --enable-libsrt --enable-libssh --enable-libsvtav1 --enable-libx264 --enable-libzmq --enable-libzvbi --enable-lv2 --enable-sdl2 --enable-libplacebo --enable-librav1e --enable-pocketsphinx --enable-librsvg --enable-libjxl --enable-shared
  libavutil      58. 29.100 / 58. 29.100
  libavcodec     60. 31.102 / 60. 31.102
  libavformat    60. 16.100 / 60. 16.100
  libavdevice    60.  3.100 / 60.  3.100
  libavfilter     9. 12.100 /  9. 12.100
  libswscale      7.  5.100 /  7.  5.100
  libswresample   4. 12.100 /  4. 12.100
  libpostproc    57.  3.100 / 57.  3.100
Input #0, mov,mp4,m4a,3gp,3g2,mj2, from '/data/suraj/kv-quant-longhorizon/results/runs/1773110004_presentation_moviegen_fullmatrix/videos/KIVI_INT2/prompt_0006_seed_6.mp4':
  Metadata:
    major_brand     : isom
    minor_version   : 512
    compatible_brands: isomiso2avc1mp41
    encoder         : Lavf61.1.100
  Duration: 00:00:10.31, start: 0.000000, bitrate: 1104 kb/s
  Stream #0:0[0x1](und): Video: h264 (High) (avc1 / 0x31637661), yuv420p(progressive), 832x480, 1102 kb/s, 16 fps, 16 tbr, 16384 tbn (default)
    Metadata:
      handler_name    : VideoHandler
      vendor_id       : [0][0][0][0]
Stream mapping:
  Stream #0:0 -> #0:0 (h264 (native) -> h264 (libx264))
Press [q] to stop, [?] for help
[libx264 @ 0x6447803f7240] using cpu capabilities: MMX2 SSE2Fast SSSE3 SSE4.2 AVX FMA3 BMI2 AVX2
[libx264 @ 0x6447803f7240] profile High, level 3.0, 4:2:0, 8-bit
[libx264 @ 0x6447803f7240] 264 - core 164 r3108 31e19f9 - H.264/MPEG-4 AVC codec - Copyleft 2003-2023 - http://www.videolan.org/x264.html - options: cabac=1 ref=3 deblock=1:0:0 analyse=0x3:0x113 me=hex subme=7 psy=1 psy_rd=1.00:0.00 mixed_ref=1 me_range=16 chroma_me=1 trellis=1 8x8dct=1 cqm=0 deadzone=21,11 fast_pskip=1 chroma_qp_offset=-2 threads=15 lookahead_threads=2 sliced_threads=0 nr=0 decimate=1 interlaced=0 bluray_compat=0 constrained_intra=0 bframes=3 b_pyramid=2 b_adapt=1 b_bias=0 direct=1 weightb=1 open_gop=0 weightp=2 keyint=250 keyint_min=16 scenecut=40 intra_refresh=0 rc_lookahead=40 rc=crf mbtree=1 crf=23.0 qcomp=0.60 qpmin=0 qpmax=69 qpstep=4 ip_ratio=1.40 aq=1:1.00
Output #0, mp4, to '/data/vaishak/combined-kv-quant/results/combined/backfills/drift/moviegen/af58a401e639e869_KIVI_INT2/KIVI_INT2_frames_165/prompt_0006_seed_6.mp4':
  Metadata:
    major_brand     : isom
    minor_version   : 512
    compatible_brands: isomiso2avc1mp41
    encoder         : Lavf60.16.100
  Stream #0:0(und): Video: h264 (avc1 / 0x31637661), yuv420p(progressive), 832x480, q=2-31, 16 fps, 16384 tbn (default)
    Metadata:
      handler_name    : VideoHandler
      vendor_id       : [0][0][0][0]
      encoder         : Lavc60.31.102 libx264
    Side data:
      cpb: bitrate max/min/avg: 0/0/0 buffer size: 0 vbv_delay: N/A
frame=    0 fps=0.0 q=0.0 size=       0kB time=N/A bitrate=N/A speed=N/A    [out#0/mp4 @ 0x644780377dc0] video:1710kB audio:0kB subtitle:0kB other streams:0kB global headers:0kB muxing overhead: 0.143858%
frame=  165 fps=0.0 q=-1.0 Lsize=    1712kB time=00:00:10.12 bitrate=1385.5kbits/s speed=13.6x    
[libx264 @ 0x6447803f7240] frame I:13    Avg QP:21.00  size: 41236
[libx264 @ 0x6447803f7240] frame P:93    Avg QP:24.21  size: 11617
[libx264 @ 0x6447803f7240] frame B:59    Avg QP:27.09  size:  2269
[libx264 @ 0x6447803f7240] consecutive B-frames: 39.4% 33.9% 14.5% 12.1%
[libx264 @ 0x6447803f7240] mb I  I16..4:  5.2% 75.9% 18.9%
[libx264 @ 0x6447803f7240] mb P  I16..4:  1.0%  7.1%  0.8%  P16..4: 47.2% 17.5%  8.1%  0.0%  0.0%    skip:18.3%
[libx264 @ 0x6447803f7240] mb B  I16..4:  0.2%  0.5%  0.0%  B16..8: 35.7%  3.9%  0.8%  direct: 4.0%  skip:54.9%  L0:47.6% L1:44.0% BI: 8.3%
[libx264 @ 0x6447803f7240] 8x8 transform intra:77.0% inter:72.4%
[libx264 @ 0x6447803f7240] coded y,uvDC,uvAC intra: 78.7% 93.0% 54.4% inter: 29.1% 35.9% 2.4%
[libx264 @ 0x6447803f7240] i16 v,h,dc,p:  6% 17%  4% 73%
[libx264 @ 0x6447803f7240] i8 v,h,dc,ddl,ddr,vr,hd,vl,hu: 16% 22% 12%  5% 10%  9% 10%  7%  9%
[libx264 @ 0x6447803f7240] i4 v,h,dc,ddl,ddr,vr,hd,vl,hu: 14% 18%  9%  5% 15% 11% 15%  6%  7%
[libx264 @ 0x6447803f7240] i8c dc,h,v,p: 44% 27% 16% 13%
[libx264 @ 0x6447803f7240] Weighted P-Frames: Y:54.8% UV:35.5%
[libx264 @ 0x6447803f7240] ref P L0: 56.2% 28.7% 13.3%  1.5%  0.3%
[libx264 @ 0x6447803f7240] ref B L0: 94.7%  5.1%  0.2%
[libx264 @ 0x6447803f7240] ref B L1: 99.5%  0.5%
[libx264 @ 0x6447803f7240] kb/s:1357.84
ffmpeg version 6.1.1-3ubuntu5 Copyright (c) 2000-2023 the FFmpeg developers
  built with gcc 13 (Ubuntu 13.2.0-23ubuntu3)
  configuration: --prefix=/usr --extra-version=3ubuntu5 --toolchain=hardened --libdir=/usr/lib/x86_64-linux-gnu --incdir=/usr/include/x86_64-linux-gnu --arch=amd64 --enable-gpl --disable-stripping --disable-omx --enable-gnutls --enable-libaom --enable-libass --enable-libbs2b --enable-libcaca --enable-libcdio --enable-libcodec2 --enable-libdav1d --enable-libflite --enable-libfontconfig --enable-libfreetype --enable-libfribidi --enable-libglslang --enable-libgme --enable-libgsm --enable-libharfbuzz --enable-libmp3lame --enable-libmysofa --enable-libopenjpeg --enable-libopenmpt --enable-libopus --enable-librubberband --enable-libshine --enable-libsnappy --enable-libsoxr --enable-libspeex --enable-libtheora --enable-libtwolame --enable-libvidstab --enable-libvorbis --enable-libvpx --enable-libwebp --enable-libx265 --enable-libxml2 --enable-libxvid --enable-libzimg --enable-openal --enable-opencl --enable-opengl --disable-sndio --enable-libvpl --disable-libmfx --enable-libdc1394 --enable-libdrm --enable-libiec61883 --enable-chromaprint --enable-frei0r --enable-ladspa --enable-libbluray --enable-libjack --enable-libpulse --enable-librabbitmq --enable-librist --enable-libsrt --enable-libssh --enable-libsvtav1 --enable-libx264 --enable-libzmq --enable-libzvbi --enable-lv2 --enable-sdl2 --enable-libplacebo --enable-librav1e --enable-pocketsphinx --enable-librsvg --enable-libjxl --enable-shared
  libavutil      58. 29.100 / 58. 29.100
  libavcodec     60. 31.102 / 60. 31.102
  libavformat    60. 16.100 / 60. 16.100
  libavdevice    60.  3.100 / 60.  3.100
  libavfilter     9. 12.100 /  9. 12.100
  libswscale      7.  5.100 /  7.  5.100
  libswresample   4. 12.100 /  4. 12.100
  libpostproc    57.  3.100 / 57.  3.100
Input #0, mov,mp4,m4a,3gp,3g2,mj2, from '/data/suraj/kv-quant-longhorizon/results/runs/1773110004_presentation_moviegen_fullmatrix/videos/KIVI_INT2/prompt_0007_seed_7.mp4':
  Metadata:
    major_brand     : isom
    minor_version   : 512
    compatible_brands: isomiso2avc1mp41
    encoder         : Lavf61.1.100
  Duration: 00:00:10.31, start: 0.000000, bitrate: 1115 kb/s
  Stream #0:0[0x1](und): Video: h264 (High) (avc1 / 0x31637661), yuv420p(progressive), 832x480, 1113 kb/s, 16 fps, 16 tbr, 16384 tbn (default)
    Metadata:
      handler_name    : VideoHandler
      vendor_id       : [0][0][0][0]
Stream mapping:
  Stream #0:0 -> #0:0 (h264 (native) -> h264 (libx264))
Press [q] to stop, [?] for help
[libx264 @ 0x5841fa655700] using cpu capabilities: MMX2 SSE2Fast SSSE3 SSE4.2 AVX FMA3 BMI2 AVX2
[libx264 @ 0x5841fa655700] profile High, level 3.0, 4:2:0, 8-bit
[libx264 @ 0x5841fa655700] 264 - core 164 r3108 31e19f9 - H.264/MPEG-4 AVC codec - Copyleft 2003-2023 - http://www.videolan.org/x264.html - options: cabac=1 ref=3 deblock=1:0:0 analyse=0x3:0x113 me=hex subme=7 psy=1 psy_rd=1.00:0.00 mixed_ref=1 me_range=16 chroma_me=1 trellis=1 8x8dct=1 cqm=0 deadzone=21,11 fast_pskip=1 chroma_qp_offset=-2 threads=15 lookahead_threads=2 sliced_threads=0 nr=0 decimate=1 interlaced=0 bluray_compat=0 constrained_intra=0 bframes=3 b_pyramid=2 b_adapt=1 b_bias=0 direct=1 weightb=1 open_gop=0 weightp=2 keyint=250 keyint_min=16 scenecut=40 intra_refresh=0 rc_lookahead=40 rc=crf mbtree=1 crf=23.0 qcomp=0.60 qpmin=0 qpmax=69 qpstep=4 ip_ratio=1.40 aq=1:1.00
Output #0, mp4, to '/data/vaishak/combined-kv-quant/results/combined/backfills/drift/moviegen/af58a401e639e869_KIVI_INT2/KIVI_INT2_frames_165/prompt_0007_seed_7.mp4':
  Metadata:
    major_brand     : isom
    minor_version   : 512
    compatible_brands: isomiso2avc1mp41
    encoder         : Lavf60.16.100
  Stream #0:0(und): Video: h264 (avc1 / 0x31637661), yuv420p(progressive), 832x480, q=2-31, 16 fps, 16384 tbn (default)
    Metadata:
      handler_name    : VideoHandler
      vendor_id       : [0][0][0][0]
      encoder         : Lavc60.31.102 libx264
    Side data:
      cpb: bitrate max/min/avg: 0/0/0 buffer size: 0 vbv_delay: N/A
frame=    0 fps=0.0 q=0.0 size=       0kB time=N/A bitrate=N/A speed=N/A    [out#0/mp4 @ 0x5841fa5d4d00] video:1910kB audio:0kB subtitle:0kB other streams:0kB global headers:0kB muxing overhead: 0.120587%
frame=  165 fps=0.0 q=-1.0 Lsize=    1913kB time=00:00:10.12 bitrate=1547.6kbits/s speed=  15x    
[libx264 @ 0x5841fa655700] frame I:13    Avg QP:23.16  size: 48776
[libx264 @ 0x5841fa655700] frame P:108   Avg QP:26.36  size: 11131
[libx264 @ 0x5841fa655700] frame B:44    Avg QP:29.34  size:  2713
[libx264 @ 0x5841fa655700] consecutive B-frames: 53.3% 29.1% 12.7%  4.8%
[libx264 @ 0x5841fa655700] mb I  I16..4:  1.8% 63.7% 34.5%
[libx264 @ 0x5841fa655700] mb P  I16..4:  0.4%  3.3%  1.1%  P16..4: 39.8% 19.0%  8.9%  0.0%  0.0%    skip:27.4%
[libx264 @ 0x5841fa655700] mb B  I16..4:  0.3%  0.9%  0.2%  B16..8: 43.5%  5.5%  1.1%  direct: 2.2%  skip:46.4%  L0:44.1% L1:49.0% BI: 7.0%
[libx264 @ 0x5841fa655700] 8x8 transform intra:65.2% inter:70.0%
[libx264 @ 0x5841fa655700] coded y,uvDC,uvAC intra: 88.5% 95.2% 70.4% inter: 29.9% 32.5% 2.7%
[libx264 @ 0x5841fa655700] i16 v,h,dc,p:  3% 58%  2% 37%
[libx264 @ 0x5841fa655700] i8 v,h,dc,ddl,ddr,vr,hd,vl,hu: 11% 35% 10%  5%  6%  5% 10%  6% 13%
[libx264 @ 0x5841fa655700] i4 v,h,dc,ddl,ddr,vr,hd,vl,hu: 13% 36%  9%  5%  6%  6% 10%  6% 10%
[libx264 @ 0x5841fa655700] i8c dc,h,v,p: 40% 34% 12% 14%
[libx264 @ 0x5841fa655700] Weighted P-Frames: Y:42.6% UV:22.2%
[libx264 @ 0x5841fa655700] ref P L0: 58.7% 28.7% 11.0%  1.4%  0.3%
[libx264 @ 0x5841fa655700] ref B L0: 94.9%  4.6%  0.5%
[libx264 @ 0x5841fa655700] ref B L1: 99.6%  0.4%
[libx264 @ 0x5841fa655700] kb/s:1517.05
ffmpeg version 6.1.1-3ubuntu5 Copyright (c) 2000-2023 the FFmpeg developers
  built with gcc 13 (Ubuntu 13.2.0-23ubuntu3)
  configuration: --prefix=/usr --extra-version=3ubuntu5 --toolchain=hardened --libdir=/usr/lib/x86_64-linux-gnu --incdir=/usr/include/x86_64-linux-gnu --arch=amd64 --enable-gpl --disable-stripping --disable-omx --enable-gnutls --enable-libaom --enable-libass --enable-libbs2b --enable-libcaca --enable-libcdio --enable-libcodec2 --enable-libdav1d --enable-libflite --enable-libfontconfig --enable-libfreetype --enable-libfribidi --enable-libglslang --enable-libgme --enable-libgsm --enable-libharfbuzz --enable-libmp3lame --enable-libmysofa --enable-libopenjpeg --enable-libopenmpt --enable-libopus --enable-librubberband --enable-libshine --enable-libsnappy --enable-libsoxr --enable-libspeex --enable-libtheora --enable-libtwolame --enable-libvidstab --enable-libvorbis --enable-libvpx --enable-libwebp --enable-libx265 --enable-libxml2 --enable-libxvid --enable-libzimg --enable-openal --enable-opencl --enable-opengl --disable-sndio --enable-libvpl --disable-libmfx --enable-libdc1394 --enable-libdrm --enable-libiec61883 --enable-chromaprint --enable-frei0r --enable-ladspa --enable-libbluray --enable-libjack --enable-libpulse --enable-librabbitmq --enable-librist --enable-libsrt --enable-libssh --enable-libsvtav1 --enable-libx264 --enable-libzmq --enable-libzvbi --enable-lv2 --enable-sdl2 --enable-libplacebo --enable-librav1e --enable-pocketsphinx --enable-librsvg --enable-libjxl --enable-shared
  libavutil      58. 29.100 / 58. 29.100
  libavcodec     60. 31.102 / 60. 31.102
  libavformat    60. 16.100 / 60. 16.100
  libavdevice    60.  3.100 / 60.  3.100
  libavfilter     9. 12.100 /  9. 12.100
  libswscale      7.  5.100 /  7.  5.100
  libswresample   4. 12.100 /  4. 12.100
  libpostproc    57.  3.100 / 57.  3.100
Input #0, mov,mp4,m4a,3gp,3g2,mj2, from '/data/suraj/kv-quant-longhorizon/results/runs/1773110004_presentation_moviegen_fullmatrix/videos/KIVI_INT2/prompt_0008_seed_8.mp4':
  Metadata:
    major_brand     : isom
    minor_version   : 512
    compatible_brands: isomiso2avc1mp41
    encoder         : Lavf61.1.100
  Duration: 00:00:10.31, start: 0.000000, bitrate: 1169 kb/s
  Stream #0:0[0x1](und): Video: h264 (High) (avc1 / 0x31637661), yuv420p(progressive), 832x480, 1168 kb/s, 16 fps, 16 tbr, 16384 tbn (default)
    Metadata:
      handler_name    : VideoHandler
      vendor_id       : [0][0][0][0]
Stream mapping:
  Stream #0:0 -> #0:0 (h264 (native) -> h264 (libx264))
Press [q] to stop, [?] for help
[libx264 @ 0x55f8103189c0] using cpu capabilities: MMX2 SSE2Fast SSSE3 SSE4.2 AVX FMA3 BMI2 AVX2
[libx264 @ 0x55f8103189c0] profile High, level 3.0, 4:2:0, 8-bit
[libx264 @ 0x55f8103189c0] 264 - core 164 r3108 31e19f9 - H.264/MPEG-4 AVC codec - Copyleft 2003-2023 - http://www.videolan.org/x264.html - options: cabac=1 ref=3 deblock=1:0:0 analyse=0x3:0x113 me=hex subme=7 psy=1 psy_rd=1.00:0.00 mixed_ref=1 me_range=16 chroma_me=1 trellis=1 8x8dct=1 cqm=0 deadzone=21,11 fast_pskip=1 chroma_qp_offset=-2 threads=15 lookahead_threads=2 sliced_threads=0 nr=0 decimate=1 interlaced=0 bluray_compat=0 constrained_intra=0 bframes=3 b_pyramid=2 b_adapt=1 b_bias=0 direct=1 weightb=1 open_gop=0 weightp=2 keyint=250 keyint_min=16 scenecut=40 intra_refresh=0 rc_lookahead=40 rc=crf mbtree=1 crf=23.0 qcomp=0.60 qpmin=0 qpmax=69 qpstep=4 ip_ratio=1.40 aq=1:1.00
Output #0, mp4, to '/data/vaishak/combined-kv-quant/results/combined/backfills/drift/moviegen/af58a401e639e869_KIVI_INT2/KIVI_INT2_frames_165/prompt_0008_seed_8.mp4':
  Metadata:
    major_brand     : isom
    minor_version   : 512
    compatible_brands: isomiso2avc1mp41
    encoder         : Lavf60.16.100
  Stream #0:0(und): Video: h264 (avc1 / 0x31637661), yuv420p(progressive), 832x480, q=2-31, 16 fps, 16384 tbn (default)
    Metadata:
      handler_name    : VideoHandler
      vendor_id       : [0][0][0][0]
      encoder         : Lavc60.31.102 libx264
    Side data:
      cpb: bitrate max/min/avg: 0/0/0 buffer size: 0 vbv_delay: N/A
frame=    0 fps=0.0 q=0.0 size=       0kB time=N/A bitrate=N/A speed=N/A    [out#0/mp4 @ 0x55f810293d80] video:1742kB audio:0kB subtitle:0kB other streams:0kB global headers:0kB muxing overhead: 0.136308%
frame=  165 fps=0.0 q=-1.0 Lsize=    1744kB time=00:00:10.12 bitrate=1411.1kbits/s speed=15.2x    
[libx264 @ 0x55f8103189c0] frame I:13    Avg QP:21.80  size: 42356
[libx264 @ 0x55f8103189c0] frame P:104   Avg QP:24.81  size: 10834
[libx264 @ 0x55f8103189c0] frame B:48    Avg QP:27.46  size:  2196
[libx264 @ 0x55f8103189c0] consecutive B-frames: 47.3% 40.0%  5.5%  7.3%
[libx264 @ 0x55f8103189c0] mb I  I16..4:  1.9% 65.9% 32.2%
[libx264 @ 0x55f8103189c0] mb P  I16..4:  1.0%  5.4%  1.9%  P16..4: 41.1% 16.2%  7.1%  0.0%  0.0%    skip:27.2%
[libx264 @ 0x55f8103189c0] mb B  I16..4:  0.4%  1.2%  0.1%  B16..8: 32.0%  3.8%  0.8%  direct: 4.1%  skip:57.6%  L0:47.6% L1:44.5% BI: 7.9%
[libx264 @ 0x55f8103189c0] 8x8 transform intra:65.8% inter:66.5%
[libx264 @ 0x55f8103189c0] coded y,uvDC,uvAC intra: 83.8% 94.5% 60.5% inter: 29.2% 31.5% 1.1%
[libx264 @ 0x55f8103189c0] i16 v,h,dc,p:  3% 45%  3% 49%
[libx264 @ 0x55f8103189c0] i8 v,h,dc,ddl,ddr,vr,hd,vl,hu: 11% 31% 11%  5%  7%  6% 10%  6% 11%
[libx264 @ 0x55f8103189c0] i4 v,h,dc,ddl,ddr,vr,hd,vl,hu: 15% 28% 11%  6%  9%  7% 10%  6%  9%
[libx264 @ 0x55f8103189c0] i8c dc,h,v,p: 37% 37% 11% 14%
[libx264 @ 0x55f8103189c0] Weighted P-Frames: Y:32.7% UV:22.1%
[libx264 @ 0x55f8103189c0] ref P L0: 63.9% 26.5%  8.7%  0.8%  0.2%
[libx264 @ 0x55f8103189c0] ref B L0: 92.5%  6.4%  1.1%
[libx264 @ 0x55f8103189c0] ref B L1: 99.7%  0.3%
[libx264 @ 0x55f8103189c0] kb/s:1383.00
ffmpeg version 6.1.1-3ubuntu5 Copyright (c) 2000-2023 the FFmpeg developers
  built with gcc 13 (Ubuntu 13.2.0-23ubuntu3)
  configuration: --prefix=/usr --extra-version=3ubuntu5 --toolchain=hardened --libdir=/usr/lib/x86_64-linux-gnu --incdir=/usr/include/x86_64-linux-gnu --arch=amd64 --enable-gpl --disable-stripping --disable-omx --enable-gnutls --enable-libaom --enable-libass --enable-libbs2b --enable-libcaca --enable-libcdio --enable-libcodec2 --enable-libdav1d --enable-libflite --enable-libfontconfig --enable-libfreetype --enable-libfribidi --enable-libglslang --enable-libgme --enable-libgsm --enable-libharfbuzz --enable-libmp3lame --enable-libmysofa --enable-libopenjpeg --enable-libopenmpt --enable-libopus --enable-librubberband --enable-libshine --enable-libsnappy --enable-libsoxr --enable-libspeex --enable-libtheora --enable-libtwolame --enable-libvidstab --enable-libvorbis --enable-libvpx --enable-libwebp --enable-libx265 --enable-libxml2 --enable-libxvid --enable-libzimg --enable-openal --enable-opencl --enable-opengl --disable-sndio --enable-libvpl --disable-libmfx --enable-libdc1394 --enable-libdrm --enable-libiec61883 --enable-chromaprint --enable-frei0r --enable-ladspa --enable-libbluray --enable-libjack --enable-libpulse --enable-librabbitmq --enable-librist --enable-libsrt --enable-libssh --enable-libsvtav1 --enable-libx264 --enable-libzmq --enable-libzvbi --enable-lv2 --enable-sdl2 --enable-libplacebo --enable-librav1e --enable-pocketsphinx --enable-librsvg --enable-libjxl --enable-shared
  libavutil      58. 29.100 / 58. 29.100
  libavcodec     60. 31.102 / 60. 31.102
  libavformat    60. 16.100 / 60. 16.100
  libavdevice    60.  3.100 / 60.  3.100
  libavfilter     9. 12.100 /  9. 12.100
  libswscale      7.  5.100 /  7.  5.100
  libswresample   4. 12.100 /  4. 12.100
  libpostproc    57.  3.100 / 57.  3.100
Input #0, mov,mp4,m4a,3gp,3g2,mj2, from '/data/suraj/kv-quant-longhorizon/results/runs/1773110004_presentation_moviegen_fullmatrix/videos/KIVI_INT2/prompt_0009_seed_9.mp4':
  Metadata:
    major_brand     : isom
    minor_version   : 512
    compatible_brands: isomiso2avc1mp41
    encoder         : Lavf61.1.100
  Duration: 00:00:10.31, start: 0.000000, bitrate: 1137 kb/s
  Stream #0:0[0x1](und): Video: h264 (High) (avc1 / 0x31637661), yuv420p(progressive), 832x480, 1135 kb/s, 16 fps, 16 tbr, 16384 tbn (default)
    Metadata:
      handler_name    : VideoHandler
      vendor_id       : [0][0][0][0]
Stream mapping:
  Stream #0:0 -> #0:0 (h264 (native) -> h264 (libx264))
Press [q] to stop, [?] for help
[libx264 @ 0x56c21c930c40] using cpu capabilities: MMX2 SSE2Fast SSSE3 SSE4.2 AVX FMA3 BMI2 AVX2
[libx264 @ 0x56c21c930c40] profile High, level 3.0, 4:2:0, 8-bit
[libx264 @ 0x56c21c930c40] 264 - core 164 r3108 31e19f9 - H.264/MPEG-4 AVC codec - Copyleft 2003-2023 - http://www.videolan.org/x264.html - options: cabac=1 ref=3 deblock=1:0:0 analyse=0x3:0x113 me=hex subme=7 psy=1 psy_rd=1.00:0.00 mixed_ref=1 me_range=16 chroma_me=1 trellis=1 8x8dct=1 cqm=0 deadzone=21,11 fast_pskip=1 chroma_qp_offset=-2 threads=15 lookahead_threads=2 sliced_threads=0 nr=0 decimate=1 interlaced=0 bluray_compat=0 constrained_intra=0 bframes=3 b_pyramid=2 b_adapt=1 b_bias=0 direct=1 weightb=1 open_gop=0 weightp=2 keyint=250 keyint_min=16 scenecut=40 intra_refresh=0 rc_lookahead=40 rc=crf mbtree=1 crf=23.0 qcomp=0.60 qpmin=0 qpmax=69 qpstep=4 ip_ratio=1.40 aq=1:1.00
Output #0, mp4, to '/data/vaishak/combined-kv-quant/results/combined/backfills/drift/moviegen/af58a401e639e869_KIVI_INT2/KIVI_INT2_frames_165/prompt_0009_seed_9.mp4':
  Metadata:
    major_brand     : isom
    minor_version   : 512
    compatible_brands: isomiso2avc1mp41
    encoder         : Lavf60.16.100
  Stream #0:0(und): Video: h264 (avc1 / 0x31637661), yuv420p(progressive), 832x480, q=2-31, 16 fps, 16384 tbn (default)
    Metadata:
      handler_name    : VideoHandler
      vendor_id       : [0][0][0][0]
      encoder         : Lavc60.31.102 libx264
    Side data:
      cpb: bitrate max/min/avg: 0/0/0 buffer size: 0 vbv_delay: N/A
frame=    0 fps=0.0 q=0.0 size=       0kB time=N/A bitrate=N/A speed=N/A    [out#0/mp4 @ 0x56c21c8a6d40] video:2075kB audio:0kB subtitle:0kB other streams:0kB global headers:0kB muxing overhead: 0.111385%
frame=  165 fps=0.0 q=-1.0 Lsize=    2078kB time=00:00:10.12 bitrate=1680.9kbits/s speed=16.1x    
[libx264 @ 0x56c21c930c40] frame I:14    Avg QP:23.36  size: 59936
[libx264 @ 0x56c21c930c40] frame P:110   Avg QP:26.82  size: 10963
[libx264 @ 0x56c21c930c40] frame B:41    Avg QP:30.00  size:  1934
[libx264 @ 0x56c21c930c40] consecutive B-frames: 55.8% 30.3%  9.1%  4.8%
[libx264 @ 0x56c21c930c40] mb I  I16..4:  0.7% 50.7% 48.5%
[libx264 @ 0x56c21c930c40] mb P  I16..4:  0.1%  1.6%  0.6%  P16..4: 35.2% 19.0% 10.5%  0.0%  0.0%    skip:33.0%
[libx264 @ 0x56c21c930c40] mb B  I16..4:  0.1%  0.1%  0.0%  B16..8: 41.7%  4.1%  1.2%  direct: 1.3%  skip:51.6%  L0:44.8% L1:50.2% BI: 5.0%
[libx264 @ 0x56c21c930c40] 8x8 transform intra:53.3% inter:62.1%
[libx264 @ 0x56c21c930c40] coded y,uvDC,uvAC intra: 94.1% 92.1% 65.5% inter: 27.7% 25.1% 2.5%
[libx264 @ 0x56c21c930c40] i16 v,h,dc,p:  5% 64%  8% 23%
[libx264 @ 0x56c21c930c40] i8 v,h,dc,ddl,ddr,vr,hd,vl,hu: 12% 30% 12%  5%  6%  6%  9%  6% 12%
[libx264 @ 0x56c21c930c40] i4 v,h,dc,ddl,ddr,vr,hd,vl,hu: 16% 34% 11%  5%  6%  6%  9%  5%  9%
[libx264 @ 0x56c21c930c40] i8c dc,h,v,p: 45% 28% 16% 11%
[libx264 @ 0x56c21c930c40] Weighted P-Frames: Y:59.1% UV:28.2%
[libx264 @ 0x56c21c930c40] ref P L0: 60.6% 26.8% 10.9%  1.3%  0.4%
[libx264 @ 0x56c21c930c40] ref B L0: 96.0%  3.5%  0.5%
[libx264 @ 0x56c21c930c40] ref B L1: 99.2%  0.8%
[libx264 @ 0x56c21c930c40] kb/s:1647.99
[rank0]:[W310 22:58:25.967320450 ProcessGroupNCCL.cpp:4115] [PG ID 0 PG GUID 0 Rank 0]  using GPU 0 to perform barrier as devices used by this process are currently unknown. This can potentially cause a hang if this rank to GPU mapping is incorrect.Specify device_ids in barrier() to force use of a particular device,or call init_process_group() with a device_id.
/home/suraj/miniforge3/envs/qvg_sf_eval/lib/python3.10/site-packages/clip/clip.py:6: UserWarning: pkg_resources is deprecated as an API. See https://setuptools.pypa.io/en/latest/pkg_resources.html. The pkg_resources package is slated for removal as early as 2025-11-30. Refrain from using this package or pin to Setuptools<81.
  from pkg_resources import packaging
/home/suraj/miniforge3/envs/qvg_sf_eval/lib/python3.10/site-packages/timm/models/layers/__init__.py:48: FutureWarning: Importing from timm.models.layers is deprecated, please import via timm.layers
  warnings.warn(f"Importing from {__name__} is deprecated, please import via timm.layers", FutureWarning)
/home/suraj/miniforge3/envs/qvg_sf_eval/lib/python3.10/site-packages/pyiqa/archs/arch_util.py:118: FutureWarning: You are using `torch.load` with `weights_only=False` (the current default value), which uses the default pickle module implicitly. It is possible to construct malicious pickle data which will execute arbitrary code during unpickling (See https://github.com/pytorch/pytorch/blob/main/SECURITY.md#untrusted-models for more details). In a future release, the default value for `weights_only` will be flipped to `True`. This limits the functions that could be executed during unpickling. Arbitrary objects will no longer be allowed to be loaded via this mode unless they are explicitly allowlisted by the user via `torch.serialization.add_safe_globals`. We recommend you start setting `weights_only=True` for any use case where you don't have full control of the loaded file. Please open an issue on GitHub for any issues related to this experimental feature.
  state_dict = torch.load(model_path, map_location=torch.device("cpu"))
args: Namespace(output_path='/data/vaishak/combined-kv-quant/results/combined/backfills/drift/moviegen/af58a401e639e869_KIVI_INT2/vbench_KIVI_INT2_165', full_json_dir='/data/vaishak/combined-kv-quant/third_party/VBench/vbench/VBench_full_info.json', videos_path='/data/vaishak/combined-kv-quant/results/combined/backfills/drift/moviegen/af58a401e639e869_KIVI_INT2/KIVI_INT2_frames_165', dimension=['imaging_quality'], load_ckpt_from_local=None, read_frame=None, mode='custom_input', prompt='None', prompt_file='/data/vaishak/combined-kv-quant/results/combined/backfills/drift/moviegen/af58a401e639e869_KIVI_INT2/prompt_map_165.json', category=None, imaging_quality_preprocessing_mode='longer')
start evaluation
Evaluation meta data saved to /data/vaishak/combined-kv-quant/results/combined/backfills/drift/moviegen/af58a401e639e869_KIVI_INT2/vbench_KIVI_INT2_165/results_2026-03-10-22:58:25_full_info.json
cur_full_info_path: /data/vaishak/combined-kv-quant/results/combined/backfills/drift/moviegen/af58a401e639e869_KIVI_INT2/vbench_KIVI_INT2_165/results_2026-03-10-22:58:25_full_info.json
Loading pretrained model MUSIQ from /home/vaishak/.cache/vbench/pyiqa_model/musiq_spaq_ckpt-358bb6af.pth
  0%|          | 0/10 [00:00<?, ?it/s] 10%|█         | 1/10 [00:06<00:55,  6.17s/it] 20%|██        | 2/10 [00:10<00:41,  5.13s/it] 30%|███       | 3/10 [00:14<00:33,  4.79s/it] 40%|████      | 4/10 [00:19<00:28,  4.73s/it] 50%|█████     | 5/10 [00:24<00:23,  4.68s/it] 60%|██████    | 6/10 [00:28<00:18,  4.67s/it] 70%|███████   | 7/10 [00:35<00:15,  5.25s/it] 80%|████████  | 8/10 [00:41<00:11,  5.64s/it] 90%|█████████ | 9/10 [00:48<00:05,  5.93s/it]100%|██████████| 10/10 [00:54<00:00,  6.11s/it]100%|██████████| 10/10 [00:54<00:00,  5.48s/it]
Evaluation results saved to /data/vaishak/combined-kv-quant/results/combined/backfills/drift/moviegen/af58a401e639e869_KIVI_INT2/vbench_KIVI_INT2_165/results_2026-03-10-22:58:25_eval_results.json
done
[rank0]:[W310 22:59:22.774856292 ProcessGroupNCCL.cpp:1250] Warning: WARNING: process group has NOT been destroyed before we destruct ProcessGroupNCCL. On normal program exit, the application should call destroy_process_group to ensure that any pending NCCL operations have finished in this process. In rare cases this process can exit before this point and block the progress of another member of the process group. This constraint has always been present,  but this warning has only been added since PyTorch 2.4 (function operator())
{
  "method": "KIVI_INT2",
  "frame_step": 165,
  "max_frames": 165,
  "curve": [
    {
      "frame_cap": 165,
      "imaging_quality": [
        0.6180956684690534,
        [
          {
            "video_path": "/data/vaishak/combined-kv-quant/results/combined/backfills/drift/moviegen/af58a401e639e869_KIVI_INT2/KIVI_INT2_frames_165/prompt_0007_seed_7.mp4",
            "video_results": 59.206101481119795
          },
          {
            "video_path": "/data/vaishak/combined-kv-quant/results/combined/backfills/drift/moviegen/af58a401e639e869_KIVI_INT2/KIVI_INT2_frames_165/prompt_0006_seed_6.mp4",
            "video_results": 62.5456120115338
          },
          {
            "video_path": "/data/vaishak/combined-kv-quant/results/combined/backfills/drift/moviegen/af58a401e639e869_KIVI_INT2/KIVI_INT2_frames_165/prompt_0004_seed_4.mp4",
            "video_results": 57.98081503203421
          },
          {
            "video_path": "/data/vaishak/combined-kv-quant/results/combined/backfills/drift/moviegen/af58a401e639e869_KIVI_INT2/KIVI_INT2_frames_165/prompt_0003_seed_3.mp4",
            "video_results": 57.04725383411754
          },
          {
            "video_path": "/data/vaishak/combined-kv-quant/results/combined/backfills/drift/moviegen/af58a401e639e869_KIVI_INT2/KIVI_INT2_frames_165/prompt_0005_seed_5.mp4",
            "video_results": 62.778527254046814
          },
          {
            "video_path": "/data/vaishak/combined-kv-quant/results/combined/backfills/drift/moviegen/af58a401e639e869_KIVI_INT2/KIVI_INT2_frames_165/prompt_0002_seed_2.mp4",
            "video_results": 72.94985226717863
          },
          {
            "video_path": "/data/vaishak/combined-kv-quant/results/combined/backfills/drift/moviegen/af58a401e639e869_KIVI_INT2/KIVI_INT2_frames_165/prompt_0001_seed_1.mp4",
            "video_results": 58.339551289876304
          },
          {
            "video_path": "/data/vaishak/combined-kv-quant/results/combined/backfills/drift/moviegen/af58a401e639e869_KIVI_INT2/KIVI_INT2_frames_165/prompt_0009_seed_9.mp4",
            "video_results": 57.78802901759292
          },
          {
            "video_path": "/data/vaishak/combined-kv-quant/results/combined/backfills/drift/moviegen/af58a401e639e869_KIVI_INT2/KIVI_INT2_frames_165/prompt_0008_seed_8.mp4",
            "video_results": 77.07490440137458
          },
          {
            "video_path": "/data/vaishak/combined-kv-quant/results/combined/backfills/drift/moviegen/af58a401e639e869_KIVI_INT2/KIVI_INT2_frames_165/prompt_0000_seed_0.mp4",
            "video_results": 52.38502188017874
          }
        ]
      ]
    }
  ]
}
ffmpeg version 6.1.1-3ubuntu5 Copyright (c) 2000-2023 the FFmpeg developers
  built with gcc 13 (Ubuntu 13.2.0-23ubuntu3)
  configuration: --prefix=/usr --extra-version=3ubuntu5 --toolchain=hardened --libdir=/usr/lib/x86_64-linux-gnu --incdir=/usr/include/x86_64-linux-gnu --arch=amd64 --enable-gpl --disable-stripping --disable-omx --enable-gnutls --enable-libaom --enable-libass --enable-libbs2b --enable-libcaca --enable-libcdio --enable-libcodec2 --enable-libdav1d --enable-libflite --enable-libfontconfig --enable-libfreetype --enable-libfribidi --enable-libglslang --enable-libgme --enable-libgsm --enable-libharfbuzz --enable-libmp3lame --enable-libmysofa --enable-libopenjpeg --enable-libopenmpt --enable-libopus --enable-librubberband --enable-libshine --enable-libsnappy --enable-libsoxr --enable-libspeex --enable-libtheora --enable-libtwolame --enable-libvidstab --enable-libvorbis --enable-libvpx --enable-libwebp --enable-libx265 --enable-libxml2 --enable-libxvid --enable-libzimg --enable-openal --enable-opencl --enable-opengl --disable-sndio --enable-libvpl --disable-libmfx --enable-libdc1394 --enable-libdrm --enable-libiec61883 --enable-chromaprint --enable-frei0r --enable-ladspa --enable-libbluray --enable-libjack --enable-libpulse --enable-librabbitmq --enable-librist --enable-libsrt --enable-libssh --enable-libsvtav1 --enable-libx264 --enable-libzmq --enable-libzvbi --enable-lv2 --enable-sdl2 --enable-libplacebo --enable-librav1e --enable-pocketsphinx --enable-librsvg --enable-libjxl --enable-shared
  libavutil      58. 29.100 / 58. 29.100
  libavcodec     60. 31.102 / 60. 31.102
  libavformat    60. 16.100 / 60. 16.100
  libavdevice    60.  3.100 / 60.  3.100
  libavfilter     9. 12.100 /  9. 12.100
  libswscale      7.  5.100 /  7.  5.100
  libswresample   4. 12.100 /  4. 12.100
  libpostproc    57.  3.100 / 57.  3.100
Input #0, mov,mp4,m4a,3gp,3g2,mj2, from '/data/suraj/kv-quant-longhorizon/results/runs/1773110004_presentation_moviegen_fullmatrix/videos/KIVI_INT4/prompt_0000_seed_0.mp4':
  Metadata:
    major_brand     : isom
    minor_version   : 512
    compatible_brands: isomiso2avc1mp41
    encoder         : Lavf61.1.100
  Duration: 00:00:10.31, start: 0.000000, bitrate: 1000 kb/s
  Stream #0:0[0x1](und): Video: h264 (High) (avc1 / 0x31637661), yuv420p(progressive), 832x480, 997 kb/s, 16 fps, 16 tbr, 16384 tbn (default)
    Metadata:
      handler_name    : VideoHandler
      vendor_id       : [0][0][0][0]
Stream mapping:
  Stream #0:0 -> #0:0 (h264 (native) -> h264 (libx264))
Press [q] to stop, [?] for help
[libx264 @ 0x627864e57dc0] using cpu capabilities: MMX2 SSE2Fast SSSE3 SSE4.2 AVX FMA3 BMI2 AVX2
[libx264 @ 0x627864e57dc0] profile High, level 3.0, 4:2:0, 8-bit
[libx264 @ 0x627864e57dc0] 264 - core 164 r3108 31e19f9 - H.264/MPEG-4 AVC codec - Copyleft 2003-2023 - http://www.videolan.org/x264.html - options: cabac=1 ref=3 deblock=1:0:0 analyse=0x3:0x113 me=hex subme=7 psy=1 psy_rd=1.00:0.00 mixed_ref=1 me_range=16 chroma_me=1 trellis=1 8x8dct=1 cqm=0 deadzone=21,11 fast_pskip=1 chroma_qp_offset=-2 threads=15 lookahead_threads=2 sliced_threads=0 nr=0 decimate=1 interlaced=0 bluray_compat=0 constrained_intra=0 bframes=3 b_pyramid=2 b_adapt=1 b_bias=0 direct=1 weightb=1 open_gop=0 weightp=2 keyint=250 keyint_min=16 scenecut=40 intra_refresh=0 rc_lookahead=40 rc=crf mbtree=1 crf=23.0 qcomp=0.60 qpmin=0 qpmax=69 qpstep=4 ip_ratio=1.40 aq=1:1.00
Output #0, mp4, to '/data/vaishak/combined-kv-quant/results/combined/backfills/drift/moviegen/9e64fe6810cd765d_KIVI_INT4/KIVI_INT4_frames_165/prompt_0000_seed_0.mp4':
  Metadata:
    major_brand     : isom
    minor_version   : 512
    compatible_brands: isomiso2avc1mp41
    encoder         : Lavf60.16.100
  Stream #0:0(und): Video: h264 (avc1 / 0x31637661), yuv420p(progressive), 832x480, q=2-31, 16 fps, 16384 tbn (default)
    Metadata:
      handler_name    : VideoHandler
      vendor_id       : [0][0][0][0]
      encoder         : Lavc60.31.102 libx264
    Side data:
      cpb: bitrate max/min/avg: 0/0/0 buffer size: 0 vbv_delay: N/A
frame=    0 fps=0.0 q=0.0 size=       0kB time=N/A bitrate=N/A speed=N/A    frame=   85 fps=0.0 q=27.0 size=     768kB time=00:00:05.12 bitrate=1227.7kbits/s speed=9.72x    [out#0/mp4 @ 0x627864dcdd00] video:1725kB audio:0kB subtitle:0kB other streams:0kB global headers:0kB muxing overhead: 0.158912%
frame=  165 fps=0.0 q=-1.0 Lsize=    1728kB time=00:00:10.12 bitrate=1397.9kbits/s speed=12.6x    
[libx264 @ 0x627864e57dc0] frame I:7     Avg QP:21.60  size: 39169
[libx264 @ 0x627864e57dc0] frame P:55    Avg QP:24.87  size: 17814
[libx264 @ 0x627864e57dc0] frame B:103   Avg QP:27.39  size:  4968
[libx264 @ 0x627864e57dc0] consecutive B-frames:  7.3% 23.0% 16.4% 53.3%
[libx264 @ 0x627864e57dc0] mb I  I16..4:  6.3% 73.9% 19.8%
[libx264 @ 0x627864e57dc0] mb P  I16..4:  5.6% 22.1%  3.9%  P16..4: 37.7% 19.1%  7.1%  0.0%  0.0%    skip: 4.5%
[libx264 @ 0x627864e57dc0] mb B  I16..4:  0.9%  2.2%  0.2%  B16..8: 42.4%  7.7%  1.6%  direct: 6.8%  skip:38.2%  L0:51.3% L1:36.4% BI:12.3%
[libx264 @ 0x627864e57dc0] 8x8 transform intra:70.7% inter:77.5%
[libx264 @ 0x627864e57dc0] coded y,uvDC,uvAC intra: 68.5% 88.2% 44.8% inter: 28.8% 33.9% 2.9%
[libx264 @ 0x627864e57dc0] i16 v,h,dc,p: 40% 10%  5% 45%
[libx264 @ 0x627864e57dc0] i8 v,h,dc,ddl,ddr,vr,hd,vl,hu: 34% 16% 13%  5%  5%  7%  6%  7%  7%
[libx264 @ 0x627864e57dc0] i4 v,h,dc,ddl,ddr,vr,hd,vl,hu: 32% 16% 12%  5%  7%  8%  9%  7%  5%
[libx264 @ 0x627864e57dc0] i8c dc,h,v,p: 33% 14% 38% 15%
[libx264 @ 0x627864e57dc0] Weighted P-Frames: Y:69.1% UV:61.8%
[libx264 @ 0x627864e57dc0] ref P L0: 57.3% 22.6% 13.9%  3.8%  2.5%
[libx264 @ 0x627864e57dc0] ref B L0: 92.0%  6.2%  1.8%
[libx264 @ 0x627864e57dc0] ref B L1: 99.5%  0.5%
[libx264 @ 0x627864e57dc0] kb/s:1369.75
ffmpeg version 6.1.1-3ubuntu5 Copyright (c) 2000-2023 the FFmpeg developers
  built with gcc 13 (Ubuntu 13.2.0-23ubuntu3)
  configuration: --prefix=/usr --extra-version=3ubuntu5 --toolchain=hardened --libdir=/usr/lib/x86_64-linux-gnu --incdir=/usr/include/x86_64-linux-gnu --arch=amd64 --enable-gpl --disable-stripping --disable-omx --enable-gnutls --enable-libaom --enable-libass --enable-libbs2b --enable-libcaca --enable-libcdio --enable-libcodec2 --enable-libdav1d --enable-libflite --enable-libfontconfig --enable-libfreetype --enable-libfribidi --enable-libglslang --enable-libgme --enable-libgsm --enable-libharfbuzz --enable-libmp3lame --enable-libmysofa --enable-libopenjpeg --enable-libopenmpt --enable-libopus --enable-librubberband --enable-libshine --enable-libsnappy --enable-libsoxr --enable-libspeex --enable-libtheora --enable-libtwolame --enable-libvidstab --enable-libvorbis --enable-libvpx --enable-libwebp --enable-libx265 --enable-libxml2 --enable-libxvid --enable-libzimg --enable-openal --enable-opencl --enable-opengl --disable-sndio --enable-libvpl --disable-libmfx --enable-libdc1394 --enable-libdrm --enable-libiec61883 --enable-chromaprint --enable-frei0r --enable-ladspa --enable-libbluray --enable-libjack --enable-libpulse --enable-librabbitmq --enable-librist --enable-libsrt --enable-libssh --enable-libsvtav1 --enable-libx264 --enable-libzmq --enable-libzvbi --enable-lv2 --enable-sdl2 --enable-libplacebo --enable-librav1e --enable-pocketsphinx --enable-librsvg --enable-libjxl --enable-shared
  libavutil      58. 29.100 / 58. 29.100
  libavcodec     60. 31.102 / 60. 31.102
  libavformat    60. 16.100 / 60. 16.100
  libavdevice    60.  3.100 / 60.  3.100
  libavfilter     9. 12.100 /  9. 12.100
  libswscale      7.  5.100 /  7.  5.100
  libswresample   4. 12.100 /  4. 12.100
  libpostproc    57.  3.100 / 57.  3.100
Input #0, mov,mp4,m4a,3gp,3g2,mj2, from '/data/suraj/kv-quant-longhorizon/results/runs/1773110004_presentation_moviegen_fullmatrix/videos/KIVI_INT4/prompt_0001_seed_1.mp4':
  Metadata:
    major_brand     : isom
    minor_version   : 512
    compatible_brands: isomiso2avc1mp41
    encoder         : Lavf61.1.100
  Duration: 00:00:10.31, start: 0.000000, bitrate: 1057 kb/s
  Stream #0:0[0x1](und): Video: h264 (High) (avc1 / 0x31637661), yuv420p(progressive), 832x480, 1055 kb/s, 16 fps, 16 tbr, 16384 tbn (default)
    Metadata:
      handler_name    : VideoHandler
      vendor_id       : [0][0][0][0]
Stream mapping:
  Stream #0:0 -> #0:0 (h264 (native) -> h264 (libx264))
Press [q] to stop, [?] for help
[libx264 @ 0x60f0c0da7f00] using cpu capabilities: MMX2 SSE2Fast SSSE3 SSE4.2 AVX FMA3 BMI2 AVX2
[libx264 @ 0x60f0c0da7f00] profile High, level 3.0, 4:2:0, 8-bit
[libx264 @ 0x60f0c0da7f00] 264 - core 164 r3108 31e19f9 - H.264/MPEG-4 AVC codec - Copyleft 2003-2023 - http://www.videolan.org/x264.html - options: cabac=1 ref=3 deblock=1:0:0 analyse=0x3:0x113 me=hex subme=7 psy=1 psy_rd=1.00:0.00 mixed_ref=1 me_range=16 chroma_me=1 trellis=1 8x8dct=1 cqm=0 deadzone=21,11 fast_pskip=1 chroma_qp_offset=-2 threads=15 lookahead_threads=2 sliced_threads=0 nr=0 decimate=1 interlaced=0 bluray_compat=0 constrained_intra=0 bframes=3 b_pyramid=2 b_adapt=1 b_bias=0 direct=1 weightb=1 open_gop=0 weightp=2 keyint=250 keyint_min=16 scenecut=40 intra_refresh=0 rc_lookahead=40 rc=crf mbtree=1 crf=23.0 qcomp=0.60 qpmin=0 qpmax=69 qpstep=4 ip_ratio=1.40 aq=1:1.00
Output #0, mp4, to '/data/vaishak/combined-kv-quant/results/combined/backfills/drift/moviegen/9e64fe6810cd765d_KIVI_INT4/KIVI_INT4_frames_165/prompt_0001_seed_1.mp4':
  Metadata:
    major_brand     : isom
    minor_version   : 512
    compatible_brands: isomiso2avc1mp41
    encoder         : Lavf60.16.100
  Stream #0:0(und): Video: h264 (avc1 / 0x31637661), yuv420p(progressive), 832x480, q=2-31, 16 fps, 16384 tbn (default)
    Metadata:
      handler_name    : VideoHandler
      vendor_id       : [0][0][0][0]
      encoder         : Lavc60.31.102 libx264
    Side data:
      cpb: bitrate max/min/avg: 0/0/0 buffer size: 0 vbv_delay: N/A
frame=    0 fps=0.0 q=0.0 size=       0kB time=N/A bitrate=N/A speed=N/A    [out#0/mp4 @ 0x60f0c0d1dd40] video:1871kB audio:0kB subtitle:0kB other streams:0kB global headers:0kB muxing overhead: 0.144817%
frame=  165 fps=0.0 q=-1.0 Lsize=    1874kB time=00:00:10.12 bitrate=1516.2kbits/s speed=14.6x    
[libx264 @ 0x60f0c0da7f00] frame I:15    Avg QP:20.77  size: 32957
[libx264 @ 0x60f0c0da7f00] frame P:57    Avg QP:23.60  size: 17081
[libx264 @ 0x60f0c0da7f00] frame B:93    Avg QP:25.00  size:  4813
[libx264 @ 0x60f0c0da7f00] consecutive B-frames: 10.9% 35.2% 20.0% 33.9%
[libx264 @ 0x60f0c0da7f00] mb I  I16..4: 14.9% 76.0%  9.1%
[libx264 @ 0x60f0c0da7f00] mb P  I16..4: 11.8% 26.1%  1.3%  P16..4: 33.2% 16.1%  8.1%  0.0%  0.0%    skip: 3.2%
[libx264 @ 0x60f0c0da7f00] mb B  I16..4:  3.6%  5.2%  0.1%  B16..8: 39.3%  6.6%  2.0%  direct: 5.2%  skip:38.1%  L0:55.4% L1:35.2% BI: 9.4%
[libx264 @ 0x60f0c0da7f00] 8x8 transform intra:68.2% inter:77.4%
[libx264 @ 0x60f0c0da7f00] coded y,uvDC,uvAC intra: 51.4% 56.0% 7.3% inter: 28.7% 25.1% 0.1%
[libx264 @ 0x60f0c0da7f00] i16 v,h,dc,p: 13% 43%  5% 40%
[libx264 @ 0x60f0c0da7f00] i8 v,h,dc,ddl,ddr,vr,hd,vl,hu: 19% 32% 18%  4%  4%  4%  7%  5%  6%
[libx264 @ 0x60f0c0da7f00] i4 v,h,dc,ddl,ddr,vr,hd,vl,hu: 16% 27% 13%  6%  7%  7% 10%  7%  8%
[libx264 @ 0x60f0c0da7f00] i8c dc,h,v,p: 50% 32% 12%  5%
[libx264 @ 0x60f0c0da7f00] Weighted P-Frames: Y:70.2% UV:45.6%
[libx264 @ 0x60f0c0da7f00] ref P L0: 49.7% 17.6% 21.0%  8.5%  3.2%
[libx264 @ 0x60f0c0da7f00] ref B L0: 92.8%  6.7%  0.6%
[libx264 @ 0x60f0c0da7f00] ref B L1: 99.4%  0.6%
[libx264 @ 0x60f0c0da7f00] kb/s:1485.98
ffmpeg version 6.1.1-3ubuntu5 Copyright (c) 2000-2023 the FFmpeg developers
  built with gcc 13 (Ubuntu 13.2.0-23ubuntu3)
  configuration: --prefix=/usr --extra-version=3ubuntu5 --toolchain=hardened --libdir=/usr/lib/x86_64-linux-gnu --incdir=/usr/include/x86_64-linux-gnu --arch=amd64 --enable-gpl --disable-stripping --disable-omx --enable-gnutls --enable-libaom --enable-libass --enable-libbs2b --enable-libcaca --enable-libcdio --enable-libcodec2 --enable-libdav1d --enable-libflite --enable-libfontconfig --enable-libfreetype --enable-libfribidi --enable-libglslang --enable-libgme --enable-libgsm --enable-libharfbuzz --enable-libmp3lame --enable-libmysofa --enable-libopenjpeg --enable-libopenmpt --enable-libopus --enable-librubberband --enable-libshine --enable-libsnappy --enable-libsoxr --enable-libspeex --enable-libtheora --enable-libtwolame --enable-libvidstab --enable-libvorbis --enable-libvpx --enable-libwebp --enable-libx265 --enable-libxml2 --enable-libxvid --enable-libzimg --enable-openal --enable-opencl --enable-opengl --disable-sndio --enable-libvpl --disable-libmfx --enable-libdc1394 --enable-libdrm --enable-libiec61883 --enable-chromaprint --enable-frei0r --enable-ladspa --enable-libbluray --enable-libjack --enable-libpulse --enable-librabbitmq --enable-librist --enable-libsrt --enable-libssh --enable-libsvtav1 --enable-libx264 --enable-libzmq --enable-libzvbi --enable-lv2 --enable-sdl2 --enable-libplacebo --enable-librav1e --enable-pocketsphinx --enable-librsvg --enable-libjxl --enable-shared
  libavutil      58. 29.100 / 58. 29.100
  libavcodec     60. 31.102 / 60. 31.102
  libavformat    60. 16.100 / 60. 16.100
  libavdevice    60.  3.100 / 60.  3.100
  libavfilter     9. 12.100 /  9. 12.100
  libswscale      7.  5.100 /  7.  5.100
  libswresample   4. 12.100 /  4. 12.100
  libpostproc    57.  3.100 / 57.  3.100
Input #0, mov,mp4,m4a,3gp,3g2,mj2, from '/data/suraj/kv-quant-longhorizon/results/runs/1773110004_presentation_moviegen_fullmatrix/videos/KIVI_INT4/prompt_0002_seed_2.mp4':
  Metadata:
    major_brand     : isom
    minor_version   : 512
    compatible_brands: isomiso2avc1mp41
    encoder         : Lavf61.1.100
  Duration: 00:00:10.31, start: 0.000000, bitrate: 1070 kb/s
  Stream #0:0[0x1](und): Video: h264 (High) (avc1 / 0x31637661), yuv420p(progressive), 832x480, 1067 kb/s, 16 fps, 16 tbr, 16384 tbn (default)
    Metadata:
      handler_name    : VideoHandler
      vendor_id       : [0][0][0][0]
Stream mapping:
  Stream #0:0 -> #0:0 (h264 (native) -> h264 (libx264))
Press [q] to stop, [?] for help
[libx264 @ 0x5944df9dcac0] using cpu capabilities: MMX2 SSE2Fast SSSE3 SSE4.2 AVX FMA3 BMI2 AVX2
[libx264 @ 0x5944df9dcac0] profile High, level 3.0, 4:2:0, 8-bit
[libx264 @ 0x5944df9dcac0] 264 - core 164 r3108 31e19f9 - H.264/MPEG-4 AVC codec - Copyleft 2003-2023 - http://www.videolan.org/x264.html - options: cabac=1 ref=3 deblock=1:0:0 analyse=0x3:0x113 me=hex subme=7 psy=1 psy_rd=1.00:0.00 mixed_ref=1 me_range=16 chroma_me=1 trellis=1 8x8dct=1 cqm=0 deadzone=21,11 fast_pskip=1 chroma_qp_offset=-2 threads=15 lookahead_threads=2 sliced_threads=0 nr=0 decimate=1 interlaced=0 bluray_compat=0 constrained_intra=0 bframes=3 b_pyramid=2 b_adapt=1 b_bias=0 direct=1 weightb=1 open_gop=0 weightp=2 keyint=250 keyint_min=16 scenecut=40 intra_refresh=0 rc_lookahead=40 rc=crf mbtree=1 crf=23.0 qcomp=0.60 qpmin=0 qpmax=69 qpstep=4 ip_ratio=1.40 aq=1:1.00
Output #0, mp4, to '/data/vaishak/combined-kv-quant/results/combined/backfills/drift/moviegen/9e64fe6810cd765d_KIVI_INT4/KIVI_INT4_frames_165/prompt_0002_seed_2.mp4':
  Metadata:
    major_brand     : isom
    minor_version   : 512
    compatible_brands: isomiso2avc1mp41
    encoder         : Lavf60.16.100
  Stream #0:0(und): Video: h264 (avc1 / 0x31637661), yuv420p(progressive), 832x480, q=2-31, 16 fps, 16384 tbn (default)
    Metadata:
      handler_name    : VideoHandler
      vendor_id       : [0][0][0][0]
      encoder         : Lavc60.31.102 libx264
    Side data:
      cpb: bitrate max/min/avg: 0/0/0 buffer size: 0 vbv_delay: N/A
frame=    0 fps=0.0 q=0.0 size=       0kB time=N/A bitrate=N/A speed=N/A    [out#0/mp4 @ 0x5944df8f9d40] video:1711kB audio:0kB subtitle:0kB other streams:0kB global headers:0kB muxing overhead: 0.158869%
frame=  165 fps=0.0 q=-1.0 Lsize=    1713kB time=00:00:10.12 bitrate=1386.3kbits/s speed=14.5x    
[libx264 @ 0x5944df9dcac0] frame I:11    Avg QP:20.71  size: 25103
[libx264 @ 0x5944df9dcac0] frame P:54    Avg QP:23.36  size: 15702
[libx264 @ 0x5944df9dcac0] frame B:100   Avg QP:24.77  size:  6270
[libx264 @ 0x5944df9dcac0] consecutive B-frames:  9.7% 23.0% 16.4% 50.9%
[libx264 @ 0x5944df9dcac0] mb I  I16..4: 31.5% 58.6%  9.8%
[libx264 @ 0x5944df9dcac0] mb P  I16..4: 21.2% 29.9%  4.1%  P16..4: 25.5%  9.7%  3.5%  0.0%  0.0%    skip: 6.1%
[libx264 @ 0x5944df9dcac0] mb B  I16..4:  3.3%  4.5%  0.6%  B16..8: 35.6%  7.1%  1.9%  direct: 9.6%  skip:37.4%  L0:47.5% L1:39.8% BI:12.7%
[libx264 @ 0x5944df9dcac0] 8x8 transform intra:55.1% inter:78.9%
[libx264 @ 0x5944df9dcac0] coded y,uvDC,uvAC intra: 47.4% 60.9% 13.0% inter: 26.2% 32.0% 1.8%
[libx264 @ 0x5944df9dcac0] i16 v,h,dc,p:  5% 49%  3% 43%
[libx264 @ 0x5944df9dcac0] i8 v,h,dc,ddl,ddr,vr,hd,vl,hu: 15% 32% 19%  5%  5%  4%  7%  4%  8%
[libx264 @ 0x5944df9dcac0] i4 v,h,dc,ddl,ddr,vr,hd,vl,hu: 20% 28% 12%  5%  8%  6%  9%  5%  7%
[libx264 @ 0x5944df9dcac0] i8c dc,h,v,p: 40% 38% 15%  7%
[libx264 @ 0x5944df9dcac0] Weighted P-Frames: Y:44.4% UV:42.6%
[libx264 @ 0x5944df9dcac0] ref P L0: 61.2% 18.3% 12.6%  4.9%  3.0%
[libx264 @ 0x5944df9dcac0] ref B L0: 90.1%  8.0%  1.9%
[libx264 @ 0x5944df9dcac0] ref B L1: 99.0%  1.0%
[libx264 @ 0x5944df9dcac0] kb/s:1358.40
ffmpeg version 6.1.1-3ubuntu5 Copyright (c) 2000-2023 the FFmpeg developers
  built with gcc 13 (Ubuntu 13.2.0-23ubuntu3)
  configuration: --prefix=/usr --extra-version=3ubuntu5 --toolchain=hardened --libdir=/usr/lib/x86_64-linux-gnu --incdir=/usr/include/x86_64-linux-gnu --arch=amd64 --enable-gpl --disable-stripping --disable-omx --enable-gnutls --enable-libaom --enable-libass --enable-libbs2b --enable-libcaca --enable-libcdio --enable-libcodec2 --enable-libdav1d --enable-libflite --enable-libfontconfig --enable-libfreetype --enable-libfribidi --enable-libglslang --enable-libgme --enable-libgsm --enable-libharfbuzz --enable-libmp3lame --enable-libmysofa --enable-libopenjpeg --enable-libopenmpt --enable-libopus --enable-librubberband --enable-libshine --enable-libsnappy --enable-libsoxr --enable-libspeex --enable-libtheora --enable-libtwolame --enable-libvidstab --enable-libvorbis --enable-libvpx --enable-libwebp --enable-libx265 --enable-libxml2 --enable-libxvid --enable-libzimg --enable-openal --enable-opencl --enable-opengl --disable-sndio --enable-libvpl --disable-libmfx --enable-libdc1394 --enable-libdrm --enable-libiec61883 --enable-chromaprint --enable-frei0r --enable-ladspa --enable-libbluray --enable-libjack --enable-libpulse --enable-librabbitmq --enable-librist --enable-libsrt --enable-libssh --enable-libsvtav1 --enable-libx264 --enable-libzmq --enable-libzvbi --enable-lv2 --enable-sdl2 --enable-libplacebo --enable-librav1e --enable-pocketsphinx --enable-librsvg --enable-libjxl --enable-shared
  libavutil      58. 29.100 / 58. 29.100
  libavcodec     60. 31.102 / 60. 31.102
  libavformat    60. 16.100 / 60. 16.100
  libavdevice    60.  3.100 / 60.  3.100
  libavfilter     9. 12.100 /  9. 12.100
  libswscale      7.  5.100 /  7.  5.100
  libswresample   4. 12.100 /  4. 12.100
  libpostproc    57.  3.100 / 57.  3.100
Input #0, mov,mp4,m4a,3gp,3g2,mj2, from '/data/suraj/kv-quant-longhorizon/results/runs/1773110004_presentation_moviegen_fullmatrix/videos/KIVI_INT4/prompt_0003_seed_3.mp4':
  Metadata:
    major_brand     : isom
    minor_version   : 512
    compatible_brands: isomiso2avc1mp41
    encoder         : Lavf61.1.100
  Duration: 00:00:10.31, start: 0.000000, bitrate: 1019 kb/s
  Stream #0:0[0x1](und): Video: h264 (High) (avc1 / 0x31637661), yuv420p(progressive), 832x480, 1016 kb/s, 16 fps, 16 tbr, 16384 tbn (default)
    Metadata:
      handler_name    : VideoHandler
      vendor_id       : [0][0][0][0]
Stream mapping:
  Stream #0:0 -> #0:0 (h264 (native) -> h264 (libx264))
Press [q] to stop, [?] for help
[libx264 @ 0x5808714dba40] using cpu capabilities: MMX2 SSE2Fast SSSE3 SSE4.2 AVX FMA3 BMI2 AVX2
[libx264 @ 0x5808714dba40] profile High, level 3.0, 4:2:0, 8-bit
[libx264 @ 0x5808714dba40] 264 - core 164 r3108 31e19f9 - H.264/MPEG-4 AVC codec - Copyleft 2003-2023 - http://www.videolan.org/x264.html - options: cabac=1 ref=3 deblock=1:0:0 analyse=0x3:0x113 me=hex subme=7 psy=1 psy_rd=1.00:0.00 mixed_ref=1 me_range=16 chroma_me=1 trellis=1 8x8dct=1 cqm=0 deadzone=21,11 fast_pskip=1 chroma_qp_offset=-2 threads=15 lookahead_threads=2 sliced_threads=0 nr=0 decimate=1 interlaced=0 bluray_compat=0 constrained_intra=0 bframes=3 b_pyramid=2 b_adapt=1 b_bias=0 direct=1 weightb=1 open_gop=0 weightp=2 keyint=250 keyint_min=16 scenecut=40 intra_refresh=0 rc_lookahead=40 rc=crf mbtree=1 crf=23.0 qcomp=0.60 qpmin=0 qpmax=69 qpstep=4 ip_ratio=1.40 aq=1:1.00
Output #0, mp4, to '/data/vaishak/combined-kv-quant/results/combined/backfills/drift/moviegen/9e64fe6810cd765d_KIVI_INT4/KIVI_INT4_frames_165/prompt_0003_seed_3.mp4':
  Metadata:
    major_brand     : isom
    minor_version   : 512
    compatible_brands: isomiso2avc1mp41
    encoder         : Lavf60.16.100
  Stream #0:0(und): Video: h264 (avc1 / 0x31637661), yuv420p(progressive), 832x480, q=2-31, 16 fps, 16384 tbn (default)
    Metadata:
      handler_name    : VideoHandler
      vendor_id       : [0][0][0][0]
      encoder         : Lavc60.31.102 libx264
    Side data:
      cpb: bitrate max/min/avg: 0/0/0 buffer size: 0 vbv_delay: N/A
frame=    0 fps=0.0 q=0.0 size=       0kB time=N/A bitrate=N/A speed=N/A    frame=   83 fps=0.0 q=27.0 size=    1024kB time=00:00:05.06 bitrate=1657.1kbits/s speed=9.69x    [out#0/mp4 @ 0x580871451d40] video:2196kB audio:0kB subtitle:0kB other streams:0kB global headers:0kB muxing overhead: 0.120929%
frame=  165 fps=0.0 q=-1.0 Lsize=    2198kB time=00:00:10.12 bitrate=1778.7kbits/s speed=12.4x    
[libx264 @ 0x5808714dba40] frame I:21    Avg QP:21.59  size: 36780
[libx264 @ 0x5808714dba40] frame P:59    Avg QP:24.88  size: 17323
[libx264 @ 0x5808714dba40] frame B:85    Avg QP:26.05  size:  5333
[libx264 @ 0x5808714dba40] consecutive B-frames: 20.6% 25.5% 20.0% 33.9%
[libx264 @ 0x5808714dba40] mb I  I16..4: 10.4% 74.5% 15.2%
[libx264 @ 0x5808714dba40] mb P  I16..4:  7.1% 28.0%  3.3%  P16..4: 35.9% 14.1%  6.2%  0.0%  0.0%    skip: 5.3%
[libx264 @ 0x5808714dba40] mb B  I16..4:  0.9%  2.2%  0.2%  B16..8: 43.6%  6.2%  1.9%  direct: 7.0%  skip:38.0%  L0:50.8% L1:36.9% BI:12.3%
[libx264 @ 0x5808714dba40] 8x8 transform intra:73.2% inter:79.1%
[libx264 @ 0x5808714dba40] coded y,uvDC,uvAC intra: 74.8% 72.9% 19.0% inter: 31.2% 26.4% 0.1%
[libx264 @ 0x5808714dba40] i16 v,h,dc,p:  5% 40%  5% 49%
[libx264 @ 0x5808714dba40] i8 v,h,dc,ddl,ddr,vr,hd,vl,hu: 10% 35% 17%  4%  6%  5% 11%  4%  7%
[libx264 @ 0x5808714dba40] i4 v,h,dc,ddl,ddr,vr,hd,vl,hu: 10% 35% 11%  5%  8%  5% 13%  4%  9%
[libx264 @ 0x5808714dba40] i8c dc,h,v,p: 42% 33% 14% 11%
[libx264 @ 0x5808714dba40] Weighted P-Frames: Y:71.2% UV:66.1%
[libx264 @ 0x5808714dba40] ref P L0: 53.2% 22.8% 17.8%  3.8%  2.4%
[libx264 @ 0x5808714dba40] ref B L0: 93.5%  6.1%  0.4%
[libx264 @ 0x5808714dba40] ref B L1: 99.7%  0.3%
[libx264 @ 0x5808714dba40] kb/s:1743.70
ffmpeg version 6.1.1-3ubuntu5 Copyright (c) 2000-2023 the FFmpeg developers
  built with gcc 13 (Ubuntu 13.2.0-23ubuntu3)
  configuration: --prefix=/usr --extra-version=3ubuntu5 --toolchain=hardened --libdir=/usr/lib/x86_64-linux-gnu --incdir=/usr/include/x86_64-linux-gnu --arch=amd64 --enable-gpl --disable-stripping --disable-omx --enable-gnutls --enable-libaom --enable-libass --enable-libbs2b --enable-libcaca --enable-libcdio --enable-libcodec2 --enable-libdav1d --enable-libflite --enable-libfontconfig --enable-libfreetype --enable-libfribidi --enable-libglslang --enable-libgme --enable-libgsm --enable-libharfbuzz --enable-libmp3lame --enable-libmysofa --enable-libopenjpeg --enable-libopenmpt --enable-libopus --enable-librubberband --enable-libshine --enable-libsnappy --enable-libsoxr --enable-libspeex --enable-libtheora --enable-libtwolame --enable-libvidstab --enable-libvorbis --enable-libvpx --enable-libwebp --enable-libx265 --enable-libxml2 --enable-libxvid --enable-libzimg --enable-openal --enable-opencl --enable-opengl --disable-sndio --enable-libvpl --disable-libmfx --enable-libdc1394 --enable-libdrm --enable-libiec61883 --enable-chromaprint --enable-frei0r --enable-ladspa --enable-libbluray --enable-libjack --enable-libpulse --enable-librabbitmq --enable-librist --enable-libsrt --enable-libssh --enable-libsvtav1 --enable-libx264 --enable-libzmq --enable-libzvbi --enable-lv2 --enable-sdl2 --enable-libplacebo --enable-librav1e --enable-pocketsphinx --enable-librsvg --enable-libjxl --enable-shared
  libavutil      58. 29.100 / 58. 29.100
  libavcodec     60. 31.102 / 60. 31.102
  libavformat    60. 16.100 / 60. 16.100
  libavdevice    60.  3.100 / 60.  3.100
  libavfilter     9. 12.100 /  9. 12.100
  libswscale      7.  5.100 /  7.  5.100
  libswresample   4. 12.100 /  4. 12.100
  libpostproc    57.  3.100 / 57.  3.100
Input #0, mov,mp4,m4a,3gp,3g2,mj2, from '/data/suraj/kv-quant-longhorizon/results/runs/1773110004_presentation_moviegen_fullmatrix/videos/KIVI_INT4/prompt_0004_seed_4.mp4':
  Metadata:
    major_brand     : isom
    minor_version   : 512
    compatible_brands: isomiso2avc1mp41
    encoder         : Lavf61.1.100
  Duration: 00:00:10.31, start: 0.000000, bitrate: 1054 kb/s
  Stream #0:0[0x1](und): Video: h264 (High) (avc1 / 0x31637661), yuv420p(progressive), 832x480, 1052 kb/s, 16 fps, 16 tbr, 16384 tbn (default)
    Metadata:
      handler_name    : VideoHandler
      vendor_id       : [0][0][0][0]
Stream mapping:
  Stream #0:0 -> #0:0 (h264 (native) -> h264 (libx264))
Press [q] to stop, [?] for help
[libx264 @ 0x62d502a3b100] using cpu capabilities: MMX2 SSE2Fast SSSE3 SSE4.2 AVX FMA3 BMI2 AVX2
[libx264 @ 0x62d502a3b100] profile High, level 3.0, 4:2:0, 8-bit
[libx264 @ 0x62d502a3b100] 264 - core 164 r3108 31e19f9 - H.264/MPEG-4 AVC codec - Copyleft 2003-2023 - http://www.videolan.org/x264.html - options: cabac=1 ref=3 deblock=1:0:0 analyse=0x3:0x113 me=hex subme=7 psy=1 psy_rd=1.00:0.00 mixed_ref=1 me_range=16 chroma_me=1 trellis=1 8x8dct=1 cqm=0 deadzone=21,11 fast_pskip=1 chroma_qp_offset=-2 threads=15 lookahead_threads=2 sliced_threads=0 nr=0 decimate=1 interlaced=0 bluray_compat=0 constrained_intra=0 bframes=3 b_pyramid=2 b_adapt=1 b_bias=0 direct=1 weightb=1 open_gop=0 weightp=2 keyint=250 keyint_min=16 scenecut=40 intra_refresh=0 rc_lookahead=40 rc=crf mbtree=1 crf=23.0 qcomp=0.60 qpmin=0 qpmax=69 qpstep=4 ip_ratio=1.40 aq=1:1.00
Output #0, mp4, to '/data/vaishak/combined-kv-quant/results/combined/backfills/drift/moviegen/9e64fe6810cd765d_KIVI_INT4/KIVI_INT4_frames_165/prompt_0004_seed_4.mp4':
  Metadata:
    major_brand     : isom
    minor_version   : 512
    compatible_brands: isomiso2avc1mp41
    encoder         : Lavf60.16.100
  Stream #0:0(und): Video: h264 (avc1 / 0x31637661), yuv420p(progressive), 832x480, q=2-31, 16 fps, 16384 tbn (default)
    Metadata:
      handler_name    : VideoHandler
      vendor_id       : [0][0][0][0]
      encoder         : Lavc60.31.102 libx264
    Side data:
      cpb: bitrate max/min/avg: 0/0/0 buffer size: 0 vbv_delay: N/A
frame=    0 fps=0.0 q=0.0 size=       0kB time=N/A bitrate=N/A speed=N/A    [out#0/mp4 @ 0x62d5029bb000] video:1331kB audio:0kB subtitle:0kB other streams:0kB global headers:0kB muxing overhead: 0.208064%
frame=  165 fps=0.0 q=-1.0 Lsize=    1333kB time=00:00:10.12 bitrate=1078.8kbits/s speed=13.9x    
[libx264 @ 0x62d502a3b100] frame I:6     Avg QP:20.73  size: 23493
[libx264 @ 0x62d502a3b100] frame P:59    Avg QP:23.38  size: 12820
[libx264 @ 0x62d502a3b100] frame B:100   Avg QP:25.56  size:  4645
[libx264 @ 0x62d502a3b100] consecutive B-frames:  6.7% 36.4%  3.6% 53.3%
[libx264 @ 0x62d502a3b100] mb I  I16..4: 19.8% 71.1%  9.1%
[libx264 @ 0x62d502a3b100] mb P  I16..4: 15.5% 25.8%  1.9%  P16..4: 35.3% 14.5%  3.9%  0.0%  0.0%    skip: 3.0%
[libx264 @ 0x62d502a3b100] mb B  I16..4:  4.0%  5.2%  0.3%  B16..8: 28.9%  6.8%  1.3%  direct: 8.0%  skip:45.4%  L0:53.4% L1:36.3% BI:10.3%
[libx264 @ 0x62d502a3b100] 8x8 transform intra:60.2% inter:78.9%
[libx264 @ 0x62d502a3b100] coded y,uvDC,uvAC intra: 43.9% 75.5% 19.1% inter: 24.8% 40.5% 1.3%
[libx264 @ 0x62d502a3b100] i16 v,h,dc,p: 37% 31%  2% 30%
[libx264 @ 0x62d502a3b100] i8 v,h,dc,ddl,ddr,vr,hd,vl,hu: 33% 28% 11%  4%  4%  6%  5%  5%  5%
[libx264 @ 0x62d502a3b100] i4 v,h,dc,ddl,ddr,vr,hd,vl,hu: 25% 23% 11%  5%  9%  9%  7%  6%  5%
[libx264 @ 0x62d502a3b100] i8c dc,h,v,p: 34% 24% 29% 13%
[libx264 @ 0x62d502a3b100] Weighted P-Frames: Y:89.8% UV:89.8%
[libx264 @ 0x62d502a3b100] ref P L0: 53.6% 20.2% 11.8%  8.5%  5.9%
[libx264 @ 0x62d502a3b100] ref B L0: 87.8%  7.7%  4.5%
[libx264 @ 0x62d502a3b100] ref B L1: 98.1%  1.9%
[libx264 @ 0x62d502a3b100] kb/s:1056.48
ffmpeg version 6.1.1-3ubuntu5 Copyright (c) 2000-2023 the FFmpeg developers
  built with gcc 13 (Ubuntu 13.2.0-23ubuntu3)
  configuration: --prefix=/usr --extra-version=3ubuntu5 --toolchain=hardened --libdir=/usr/lib/x86_64-linux-gnu --incdir=/usr/include/x86_64-linux-gnu --arch=amd64 --enable-gpl --disable-stripping --disable-omx --enable-gnutls --enable-libaom --enable-libass --enable-libbs2b --enable-libcaca --enable-libcdio --enable-libcodec2 --enable-libdav1d --enable-libflite --enable-libfontconfig --enable-libfreetype --enable-libfribidi --enable-libglslang --enable-libgme --enable-libgsm --enable-libharfbuzz --enable-libmp3lame --enable-libmysofa --enable-libopenjpeg --enable-libopenmpt --enable-libopus --enable-librubberband --enable-libshine --enable-libsnappy --enable-libsoxr --enable-libspeex --enable-libtheora --enable-libtwolame --enable-libvidstab --enable-libvorbis --enable-libvpx --enable-libwebp --enable-libx265 --enable-libxml2 --enable-libxvid --enable-libzimg --enable-openal --enable-opencl --enable-opengl --disable-sndio --enable-libvpl --disable-libmfx --enable-libdc1394 --enable-libdrm --enable-libiec61883 --enable-chromaprint --enable-frei0r --enable-ladspa --enable-libbluray --enable-libjack --enable-libpulse --enable-librabbitmq --enable-librist --enable-libsrt --enable-libssh --enable-libsvtav1 --enable-libx264 --enable-libzmq --enable-libzvbi --enable-lv2 --enable-sdl2 --enable-libplacebo --enable-librav1e --enable-pocketsphinx --enable-librsvg --enable-libjxl --enable-shared
  libavutil      58. 29.100 / 58. 29.100
  libavcodec     60. 31.102 / 60. 31.102
  libavformat    60. 16.100 / 60. 16.100
  libavdevice    60.  3.100 / 60.  3.100
  libavfilter     9. 12.100 /  9. 12.100
  libswscale      7.  5.100 /  7.  5.100
  libswresample   4. 12.100 /  4. 12.100
  libpostproc    57.  3.100 / 57.  3.100
Input #0, mov,mp4,m4a,3gp,3g2,mj2, from '/data/suraj/kv-quant-longhorizon/results/runs/1773110004_presentation_moviegen_fullmatrix/videos/KIVI_INT4/prompt_0005_seed_5.mp4':
  Metadata:
    major_brand     : isom
    minor_version   : 512
    compatible_brands: isomiso2avc1mp41
    encoder         : Lavf61.1.100
  Duration: 00:00:10.31, start: 0.000000, bitrate: 1107 kb/s
  Stream #0:0[0x1](und): Video: h264 (High) (avc1 / 0x31637661), yuv420p(progressive), 832x480, 1105 kb/s, 16 fps, 16 tbr, 16384 tbn (default)
    Metadata:
      handler_name    : VideoHandler
      vendor_id       : [0][0][0][0]
Stream mapping:
  Stream #0:0 -> #0:0 (h264 (native) -> h264 (libx264))
Press [q] to stop, [?] for help
[libx264 @ 0x61128c23a6c0] using cpu capabilities: MMX2 SSE2Fast SSSE3 SSE4.2 AVX FMA3 BMI2 AVX2
[libx264 @ 0x61128c23a6c0] profile High, level 3.0, 4:2:0, 8-bit
[libx264 @ 0x61128c23a6c0] 264 - core 164 r3108 31e19f9 - H.264/MPEG-4 AVC codec - Copyleft 2003-2023 - http://www.videolan.org/x264.html - options: cabac=1 ref=3 deblock=1:0:0 analyse=0x3:0x113 me=hex subme=7 psy=1 psy_rd=1.00:0.00 mixed_ref=1 me_range=16 chroma_me=1 trellis=1 8x8dct=1 cqm=0 deadzone=21,11 fast_pskip=1 chroma_qp_offset=-2 threads=15 lookahead_threads=2 sliced_threads=0 nr=0 decimate=1 interlaced=0 bluray_compat=0 constrained_intra=0 bframes=3 b_pyramid=2 b_adapt=1 b_bias=0 direct=1 weightb=1 open_gop=0 weightp=2 keyint=250 keyint_min=16 scenecut=40 intra_refresh=0 rc_lookahead=40 rc=crf mbtree=1 crf=23.0 qcomp=0.60 qpmin=0 qpmax=69 qpstep=4 ip_ratio=1.40 aq=1:1.00
Output #0, mp4, to '/data/vaishak/combined-kv-quant/results/combined/backfills/drift/moviegen/9e64fe6810cd765d_KIVI_INT4/KIVI_INT4_frames_165/prompt_0005_seed_5.mp4':
  Metadata:
    major_brand     : isom
    minor_version   : 512
    compatible_brands: isomiso2avc1mp41
    encoder         : Lavf60.16.100
  Stream #0:0(und): Video: h264 (avc1 / 0x31637661), yuv420p(progressive), 832x480, q=2-31, 16 fps, 16384 tbn (default)
    Metadata:
      handler_name    : VideoHandler
      vendor_id       : [0][0][0][0]
      encoder         : Lavc60.31.102 libx264
    Side data:
      cpb: bitrate max/min/avg: 0/0/0 buffer size: 0 vbv_delay: N/A
frame=    0 fps=0.0 q=0.0 size=       0kB time=N/A bitrate=N/A speed=N/A    frame=   84 fps=0.0 q=27.0 size=    1280kB time=00:00:05.12 bitrate=2046.1kbits/s speed=9.92x    [out#0/mp4 @ 0x61128c1a6d00] video:2628kB audio:0kB subtitle:0kB other streams:0kB global headers:0kB muxing overhead: 0.101940%
frame=  165 fps=0.0 q=-1.0 Lsize=    2630kB time=00:00:10.12 bitrate=2128.2kbits/s speed=13.2x    
[libx264 @ 0x61128c23a6c0] frame I:14    Avg QP:22.04  size: 59052
[libx264 @ 0x61128c23a6c0] frame P:55    Avg QP:26.15  size: 25250
[libx264 @ 0x61128c23a6c0] frame B:96    Avg QP:27.83  size:  4944
[libx264 @ 0x61128c23a6c0] consecutive B-frames: 12.7% 18.2% 32.7% 36.4%
[libx264 @ 0x61128c23a6c0] mb I  I16..4:  3.0% 78.5% 18.5%
[libx264 @ 0x61128c23a6c0] mb P  I16..4:  3.0% 16.1%  1.8%  P16..4: 38.7% 21.6% 13.8%  0.0%  0.0%    skip: 5.1%
[libx264 @ 0x61128c23a6c0] mb B  I16..4:  0.5%  1.6%  0.1%  B16..8: 44.2%  6.7%  2.5%  direct: 4.0%  skip:40.5%  L0:57.8% L1:34.2% BI: 8.0%
[libx264 @ 0x61128c23a6c0] 8x8 transform intra:77.4% inter:82.4%
[libx264 @ 0x61128c23a6c0] coded y,uvDC,uvAC intra: 82.6% 85.5% 46.9% inter: 29.2% 34.8% 2.8%
[libx264 @ 0x61128c23a6c0] i16 v,h,dc,p:  7% 40% 14% 39%
[libx264 @ 0x61128c23a6c0] i8 v,h,dc,ddl,ddr,vr,hd,vl,hu: 15% 23% 25%  4%  4%  6%  5%  6% 12%
[libx264 @ 0x61128c23a6c0] i4 v,h,dc,ddl,ddr,vr,hd,vl,hu: 24% 20% 12%  5%  7% 11%  6%  8%  7%
[libx264 @ 0x61128c23a6c0] i8c dc,h,v,p: 41% 32% 10% 18%
[libx264 @ 0x61128c23a6c0] Weighted P-Frames: Y:54.5% UV:54.5%
[libx264 @ 0x61128c23a6c0] ref P L0: 51.7% 24.1% 15.6%  5.8%  2.8%
[libx264 @ 0x61128c23a6c0] ref B L0: 91.9%  7.7%  0.4%
[libx264 @ 0x61128c23a6c0] ref B L1: 99.5%  0.5%
[libx264 @ 0x61128c23a6c0] kb/s:2086.87
ffmpeg version 6.1.1-3ubuntu5 Copyright (c) 2000-2023 the FFmpeg developers
  built with gcc 13 (Ubuntu 13.2.0-23ubuntu3)
  configuration: --prefix=/usr --extra-version=3ubuntu5 --toolchain=hardened --libdir=/usr/lib/x86_64-linux-gnu --incdir=/usr/include/x86_64-linux-gnu --arch=amd64 --enable-gpl --disable-stripping --disable-omx --enable-gnutls --enable-libaom --enable-libass --enable-libbs2b --enable-libcaca --enable-libcdio --enable-libcodec2 --enable-libdav1d --enable-libflite --enable-libfontconfig --enable-libfreetype --enable-libfribidi --enable-libglslang --enable-libgme --enable-libgsm --enable-libharfbuzz --enable-libmp3lame --enable-libmysofa --enable-libopenjpeg --enable-libopenmpt --enable-libopus --enable-librubberband --enable-libshine --enable-libsnappy --enable-libsoxr --enable-libspeex --enable-libtheora --enable-libtwolame --enable-libvidstab --enable-libvorbis --enable-libvpx --enable-libwebp --enable-libx265 --enable-libxml2 --enable-libxvid --enable-libzimg --enable-openal --enable-opencl --enable-opengl --disable-sndio --enable-libvpl --disable-libmfx --enable-libdc1394 --enable-libdrm --enable-libiec61883 --enable-chromaprint --enable-frei0r --enable-ladspa --enable-libbluray --enable-libjack --enable-libpulse --enable-librabbitmq --enable-librist --enable-libsrt --enable-libssh --enable-libsvtav1 --enable-libx264 --enable-libzmq --enable-libzvbi --enable-lv2 --enable-sdl2 --enable-libplacebo --enable-librav1e --enable-pocketsphinx --enable-librsvg --enable-libjxl --enable-shared
  libavutil      58. 29.100 / 58. 29.100
  libavcodec     60. 31.102 / 60. 31.102
  libavformat    60. 16.100 / 60. 16.100
  libavdevice    60.  3.100 / 60.  3.100
  libavfilter     9. 12.100 /  9. 12.100
  libswscale      7.  5.100 /  7.  5.100
  libswresample   4. 12.100 /  4. 12.100
  libpostproc    57.  3.100 / 57.  3.100
Input #0, mov,mp4,m4a,3gp,3g2,mj2, from '/data/suraj/kv-quant-longhorizon/results/runs/1773110004_presentation_moviegen_fullmatrix/videos/KIVI_INT4/prompt_0006_seed_6.mp4':
  Metadata:
    major_brand     : isom
    minor_version   : 512
    compatible_brands: isomiso2avc1mp41
    encoder         : Lavf61.1.100
  Duration: 00:00:10.31, start: 0.000000, bitrate: 1047 kb/s
  Stream #0:0[0x1](und): Video: h264 (High) (avc1 / 0x31637661), yuv420p(progressive), 832x480, 1044 kb/s, 16 fps, 16 tbr, 16384 tbn (default)
    Metadata:
      handler_name    : VideoHandler
      vendor_id       : [0][0][0][0]
Stream mapping:
  Stream #0:0 -> #0:0 (h264 (native) -> h264 (libx264))
Press [q] to stop, [?] for help
[libx264 @ 0x5ddb0c1201c0] using cpu capabilities: MMX2 SSE2Fast SSSE3 SSE4.2 AVX FMA3 BMI2 AVX2
[libx264 @ 0x5ddb0c1201c0] profile High, level 3.0, 4:2:0, 8-bit
[libx264 @ 0x5ddb0c1201c0] 264 - core 164 r3108 31e19f9 - H.264/MPEG-4 AVC codec - Copyleft 2003-2023 - http://www.videolan.org/x264.html - options: cabac=1 ref=3 deblock=1:0:0 analyse=0x3:0x113 me=hex subme=7 psy=1 psy_rd=1.00:0.00 mixed_ref=1 me_range=16 chroma_me=1 trellis=1 8x8dct=1 cqm=0 deadzone=21,11 fast_pskip=1 chroma_qp_offset=-2 threads=15 lookahead_threads=2 sliced_threads=0 nr=0 decimate=1 interlaced=0 bluray_compat=0 constrained_intra=0 bframes=3 b_pyramid=2 b_adapt=1 b_bias=0 direct=1 weightb=1 open_gop=0 weightp=2 keyint=250 keyint_min=16 scenecut=40 intra_refresh=0 rc_lookahead=40 rc=crf mbtree=1 crf=23.0 qcomp=0.60 qpmin=0 qpmax=69 qpstep=4 ip_ratio=1.40 aq=1:1.00
Output #0, mp4, to '/data/vaishak/combined-kv-quant/results/combined/backfills/drift/moviegen/9e64fe6810cd765d_KIVI_INT4/KIVI_INT4_frames_165/prompt_0006_seed_6.mp4':
  Metadata:
    major_brand     : isom
    minor_version   : 512
    compatible_brands: isomiso2avc1mp41
    encoder         : Lavf60.16.100
  Stream #0:0(und): Video: h264 (avc1 / 0x31637661), yuv420p(progressive), 832x480, q=2-31, 16 fps, 16384 tbn (default)
    Metadata:
      handler_name    : VideoHandler
      vendor_id       : [0][0][0][0]
      encoder         : Lavc60.31.102 libx264
    Side data:
      cpb: bitrate max/min/avg: 0/0/0 buffer size: 0 vbv_delay: N/A
frame=    0 fps=0.0 q=0.0 size=       0kB time=N/A bitrate=N/A speed=N/A    [out#0/mp4 @ 0x5ddb0c0a0d00] video:1632kB audio:0kB subtitle:0kB other streams:0kB global headers:0kB muxing overhead: 0.163177%
frame=  165 fps=0.0 q=-1.0 Lsize=    1635kB time=00:00:10.12 bitrate=1322.6kbits/s speed=13.9x    
[libx264 @ 0x5ddb0c1201c0] frame I:14    Avg QP:18.84  size: 33566
[libx264 @ 0x5ddb0c1201c0] frame P:68    Avg QP:22.13  size: 13336
[libx264 @ 0x5ddb0c1201c0] frame B:83    Avg QP:23.75  size:  3539
[libx264 @ 0x5ddb0c1201c0] consecutive B-frames: 14.5% 46.1% 27.3% 12.1%
[libx264 @ 0x5ddb0c1201c0] mb I  I16..4: 37.1% 53.1%  9.8%
[libx264 @ 0x5ddb0c1201c0] mb P  I16..4: 28.9% 19.4%  1.2%  P16..4: 30.5% 10.3%  6.5%  0.0%  0.0%    skip: 3.2%
[libx264 @ 0x5ddb0c1201c0] mb B  I16..4:  5.4%  5.1%  0.0%  B16..8: 32.0%  4.7%  1.3%  direct: 9.4%  skip:42.1%  L0:49.3% L1:40.2% BI:10.4%
[libx264 @ 0x5ddb0c1201c0] 8x8 transform intra:44.0% inter:77.5%
[libx264 @ 0x5ddb0c1201c0] coded y,uvDC,uvAC intra: 22.9% 70.9% 11.3% inter: 21.3% 43.0% 1.5%
[libx264 @ 0x5ddb0c1201c0] i16 v,h,dc,p: 20% 23%  8% 49%
[libx264 @ 0x5ddb0c1201c0] i8 v,h,dc,ddl,ddr,vr,hd,vl,hu: 25% 20% 31%  4%  5%  4%  4%  4%  3%
[libx264 @ 0x5ddb0c1201c0] i4 v,h,dc,ddl,ddr,vr,hd,vl,hu: 16% 10% 15%  4% 20% 13% 12%  5%  5%
[libx264 @ 0x5ddb0c1201c0] i8c dc,h,v,p: 47% 22% 20% 10%
[libx264 @ 0x5ddb0c1201c0] Weighted P-Frames: Y:52.9% UV:52.9%
[libx264 @ 0x5ddb0c1201c0] ref P L0: 55.5% 27.3% 10.9%  4.5%  2.0%
[libx264 @ 0x5ddb0c1201c0] ref B L0: 93.6%  6.0%  0.4%
[libx264 @ 0x5ddb0c1201c0] ref B L1: 99.1%  0.9%
[libx264 @ 0x5ddb0c1201c0] kb/s:1295.91
ffmpeg version 6.1.1-3ubuntu5 Copyright (c) 2000-2023 the FFmpeg developers
  built with gcc 13 (Ubuntu 13.2.0-23ubuntu3)
  configuration: --prefix=/usr --extra-version=3ubuntu5 --toolchain=hardened --libdir=/usr/lib/x86_64-linux-gnu --incdir=/usr/include/x86_64-linux-gnu --arch=amd64 --enable-gpl --disable-stripping --disable-omx --enable-gnutls --enable-libaom --enable-libass --enable-libbs2b --enable-libcaca --enable-libcdio --enable-libcodec2 --enable-libdav1d --enable-libflite --enable-libfontconfig --enable-libfreetype --enable-libfribidi --enable-libglslang --enable-libgme --enable-libgsm --enable-libharfbuzz --enable-libmp3lame --enable-libmysofa --enable-libopenjpeg --enable-libopenmpt --enable-libopus --enable-librubberband --enable-libshine --enable-libsnappy --enable-libsoxr --enable-libspeex --enable-libtheora --enable-libtwolame --enable-libvidstab --enable-libvorbis --enable-libvpx --enable-libwebp --enable-libx265 --enable-libxml2 --enable-libxvid --enable-libzimg --enable-openal --enable-opencl --enable-opengl --disable-sndio --enable-libvpl --disable-libmfx --enable-libdc1394 --enable-libdrm --enable-libiec61883 --enable-chromaprint --enable-frei0r --enable-ladspa --enable-libbluray --enable-libjack --enable-libpulse --enable-librabbitmq --enable-librist --enable-libsrt --enable-libssh --enable-libsvtav1 --enable-libx264 --enable-libzmq --enable-libzvbi --enable-lv2 --enable-sdl2 --enable-libplacebo --enable-librav1e --enable-pocketsphinx --enable-librsvg --enable-libjxl --enable-shared
  libavutil      58. 29.100 / 58. 29.100
  libavcodec     60. 31.102 / 60. 31.102
  libavformat    60. 16.100 / 60. 16.100
  libavdevice    60.  3.100 / 60.  3.100
  libavfilter     9. 12.100 /  9. 12.100
  libswscale      7.  5.100 /  7.  5.100
  libswresample   4. 12.100 /  4. 12.100
  libpostproc    57.  3.100 / 57.  3.100
Input #0, mov,mp4,m4a,3gp,3g2,mj2, from '/data/suraj/kv-quant-longhorizon/results/runs/1773110004_presentation_moviegen_fullmatrix/videos/KIVI_INT4/prompt_0007_seed_7.mp4':
  Metadata:
    major_brand     : isom
    minor_version   : 512
    compatible_brands: isomiso2avc1mp41
    encoder         : Lavf61.1.100
  Duration: 00:00:10.31, start: 0.000000, bitrate: 1076 kb/s
  Stream #0:0[0x1](und): Video: h264 (High) (avc1 / 0x31637661), yuv420p(progressive), 832x480, 1073 kb/s, 16 fps, 16 tbr, 16384 tbn (default)
    Metadata:
      handler_name    : VideoHandler
      vendor_id       : [0][0][0][0]
Stream mapping:
  Stream #0:0 -> #0:0 (h264 (native) -> h264 (libx264))
Press [q] to stop, [?] for help
[libx264 @ 0x5dba2739e6c0] using cpu capabilities: MMX2 SSE2Fast SSSE3 SSE4.2 AVX FMA3 BMI2 AVX2
[libx264 @ 0x5dba2739e6c0] profile High, level 3.0, 4:2:0, 8-bit
[libx264 @ 0x5dba2739e6c0] 264 - core 164 r3108 31e19f9 - H.264/MPEG-4 AVC codec - Copyleft 2003-2023 - http://www.videolan.org/x264.html - options: cabac=1 ref=3 deblock=1:0:0 analyse=0x3:0x113 me=hex subme=7 psy=1 psy_rd=1.00:0.00 mixed_ref=1 me_range=16 chroma_me=1 trellis=1 8x8dct=1 cqm=0 deadzone=21,11 fast_pskip=1 chroma_qp_offset=-2 threads=15 lookahead_threads=2 sliced_threads=0 nr=0 decimate=1 interlaced=0 bluray_compat=0 constrained_intra=0 bframes=3 b_pyramid=2 b_adapt=1 b_bias=0 direct=1 weightb=1 open_gop=0 weightp=2 keyint=250 keyint_min=16 scenecut=40 intra_refresh=0 rc_lookahead=40 rc=crf mbtree=1 crf=23.0 qcomp=0.60 qpmin=0 qpmax=69 qpstep=4 ip_ratio=1.40 aq=1:1.00
Output #0, mp4, to '/data/vaishak/combined-kv-quant/results/combined/backfills/drift/moviegen/9e64fe6810cd765d_KIVI_INT4/KIVI_INT4_frames_165/prompt_0007_seed_7.mp4':
  Metadata:
    major_brand     : isom
    minor_version   : 512
    compatible_brands: isomiso2avc1mp41
    encoder         : Lavf60.16.100
  Stream #0:0(und): Video: h264 (avc1 / 0x31637661), yuv420p(progressive), 832x480, q=2-31, 16 fps, 16384 tbn (default)
    Metadata:
      handler_name    : VideoHandler
      vendor_id       : [0][0][0][0]
      encoder         : Lavc60.31.102 libx264
    Side data:
      cpb: bitrate max/min/avg: 0/0/0 buffer size: 0 vbv_delay: N/A
frame=    0 fps=0.0 q=0.0 size=       0kB time=N/A bitrate=N/A speed=N/A    frame=   85 fps=0.0 q=27.0 size=     768kB time=00:00:05.18 bitrate=1212.9kbits/s speed=  10x    [out#0/mp4 @ 0x5dba2731dd40] video:1853kB audio:0kB subtitle:0kB other streams:0kB global headers:0kB muxing overhead: 0.148157%
frame=  165 fps=0.0 q=-1.0 Lsize=    1856kB time=00:00:10.12 bitrate=1501.3kbits/s speed=12.7x    
[libx264 @ 0x5dba2739e6c0] frame I:4     Avg QP:22.03  size: 34667
[libx264 @ 0x5dba2739e6c0] frame P:50    Avg QP:24.95  size: 19999
[libx264 @ 0x5dba2739e6c0] frame B:111   Avg QP:26.78  size:  6829
[libx264 @ 0x5dba2739e6c0] consecutive B-frames:  4.2% 14.5% 10.9% 70.3%
[libx264 @ 0x5dba2739e6c0] mb I  I16..4: 13.2% 66.3% 20.5%
[libx264 @ 0x5dba2739e6c0] mb P  I16..4: 11.6% 27.4%  4.8%  P16..4: 29.3% 17.3%  6.7%  0.0%  0.0%    skip: 2.8%
[libx264 @ 0x5dba2739e6c0] mb B  I16..4:  2.4%  5.4%  0.6%  B16..8: 34.9% 10.1%  2.6%  direct: 7.8%  skip:36.2%  L0:50.7% L1:37.5% BI:11.9%
[libx264 @ 0x5dba2739e6c0] 8x8 transform intra:63.5% inter:76.7%
[libx264 @ 0x5dba2739e6c0] coded y,uvDC,uvAC intra: 58.7% 73.3% 20.5% inter: 30.6% 33.6% 0.5%
[libx264 @ 0x5dba2739e6c0] i16 v,h,dc,p:  4% 61%  2% 32%
[libx264 @ 0x5dba2739e6c0] i8 v,h,dc,ddl,ddr,vr,hd,vl,hu: 11% 43% 13%  4%  4%  3%  9%  4%  9%
[libx264 @ 0x5dba2739e6c0] i4 v,h,dc,ddl,ddr,vr,hd,vl,hu: 13% 36% 12%  5%  7%  6% 10%  5%  7%
[libx264 @ 0x5dba2739e6c0] i8c dc,h,v,p: 39% 40% 11%  9%
[libx264 @ 0x5dba2739e6c0] Weighted P-Frames: Y:80.0% UV:76.0%
[libx264 @ 0x5dba2739e6c0] ref P L0: 49.4% 22.5% 16.5%  5.2%  6.4%
[libx264 @ 0x5dba2739e6c0] ref B L0: 91.0%  5.9%  3.0%
[libx264 @ 0x5dba2739e6c0] ref B L1: 97.2%  2.8%
[libx264 @ 0x5dba2739e6c0] kb/s:1471.32
ffmpeg version 6.1.1-3ubuntu5 Copyright (c) 2000-2023 the FFmpeg developers
  built with gcc 13 (Ubuntu 13.2.0-23ubuntu3)
  configuration: --prefix=/usr --extra-version=3ubuntu5 --toolchain=hardened --libdir=/usr/lib/x86_64-linux-gnu --incdir=/usr/include/x86_64-linux-gnu --arch=amd64 --enable-gpl --disable-stripping --disable-omx --enable-gnutls --enable-libaom --enable-libass --enable-libbs2b --enable-libcaca --enable-libcdio --enable-libcodec2 --enable-libdav1d --enable-libflite --enable-libfontconfig --enable-libfreetype --enable-libfribidi --enable-libglslang --enable-libgme --enable-libgsm --enable-libharfbuzz --enable-libmp3lame --enable-libmysofa --enable-libopenjpeg --enable-libopenmpt --enable-libopus --enable-librubberband --enable-libshine --enable-libsnappy --enable-libsoxr --enable-libspeex --enable-libtheora --enable-libtwolame --enable-libvidstab --enable-libvorbis --enable-libvpx --enable-libwebp --enable-libx265 --enable-libxml2 --enable-libxvid --enable-libzimg --enable-openal --enable-opencl --enable-opengl --disable-sndio --enable-libvpl --disable-libmfx --enable-libdc1394 --enable-libdrm --enable-libiec61883 --enable-chromaprint --enable-frei0r --enable-ladspa --enable-libbluray --enable-libjack --enable-libpulse --enable-librabbitmq --enable-librist --enable-libsrt --enable-libssh --enable-libsvtav1 --enable-libx264 --enable-libzmq --enable-libzvbi --enable-lv2 --enable-sdl2 --enable-libplacebo --enable-librav1e --enable-pocketsphinx --enable-librsvg --enable-libjxl --enable-shared
  libavutil      58. 29.100 / 58. 29.100
  libavcodec     60. 31.102 / 60. 31.102
  libavformat    60. 16.100 / 60. 16.100
  libavdevice    60.  3.100 / 60.  3.100
  libavfilter     9. 12.100 /  9. 12.100
  libswscale      7.  5.100 /  7.  5.100
  libswresample   4. 12.100 /  4. 12.100
  libpostproc    57.  3.100 / 57.  3.100
Input #0, mov,mp4,m4a,3gp,3g2,mj2, from '/data/suraj/kv-quant-longhorizon/results/runs/1773110004_presentation_moviegen_fullmatrix/videos/KIVI_INT4/prompt_0008_seed_8.mp4':
  Metadata:
    major_brand     : isom
    minor_version   : 512
    compatible_brands: isomiso2avc1mp41
    encoder         : Lavf61.1.100
  Duration: 00:00:10.31, start: 0.000000, bitrate: 1063 kb/s
  Stream #0:0[0x1](und): Video: h264 (High) (avc1 / 0x31637661), yuv420p(progressive), 832x480, 1061 kb/s, 16 fps, 16 tbr, 16384 tbn (default)
    Metadata:
      handler_name    : VideoHandler
      vendor_id       : [0][0][0][0]
Stream mapping:
  Stream #0:0 -> #0:0 (h264 (native) -> h264 (libx264))
Press [q] to stop, [?] for help
[libx264 @ 0x572d6e09b8c0] using cpu capabilities: MMX2 SSE2Fast SSSE3 SSE4.2 AVX FMA3 BMI2 AVX2
[libx264 @ 0x572d6e09b8c0] profile High, level 3.0, 4:2:0, 8-bit
[libx264 @ 0x572d6e09b8c0] 264 - core 164 r3108 31e19f9 - H.264/MPEG-4 AVC codec - Copyleft 2003-2023 - http://www.videolan.org/x264.html - options: cabac=1 ref=3 deblock=1:0:0 analyse=0x3:0x113 me=hex subme=7 psy=1 psy_rd=1.00:0.00 mixed_ref=1 me_range=16 chroma_me=1 trellis=1 8x8dct=1 cqm=0 deadzone=21,11 fast_pskip=1 chroma_qp_offset=-2 threads=15 lookahead_threads=2 sliced_threads=0 nr=0 decimate=1 interlaced=0 bluray_compat=0 constrained_intra=0 bframes=3 b_pyramid=2 b_adapt=1 b_bias=0 direct=1 weightb=1 open_gop=0 weightp=2 keyint=250 keyint_min=16 scenecut=40 intra_refresh=0 rc_lookahead=40 rc=crf mbtree=1 crf=23.0 qcomp=0.60 qpmin=0 qpmax=69 qpstep=4 ip_ratio=1.40 aq=1:1.00
Output #0, mp4, to '/data/vaishak/combined-kv-quant/results/combined/backfills/drift/moviegen/9e64fe6810cd765d_KIVI_INT4/KIVI_INT4_frames_165/prompt_0008_seed_8.mp4':
  Metadata:
    major_brand     : isom
    minor_version   : 512
    compatible_brands: isomiso2avc1mp41
    encoder         : Lavf60.16.100
  Stream #0:0(und): Video: h264 (avc1 / 0x31637661), yuv420p(progressive), 832x480, q=2-31, 16 fps, 16384 tbn (default)
    Metadata:
      handler_name    : VideoHandler
      vendor_id       : [0][0][0][0]
      encoder         : Lavc60.31.102 libx264
    Side data:
      cpb: bitrate max/min/avg: 0/0/0 buffer size: 0 vbv_delay: N/A
frame=    0 fps=0.0 q=0.0 size=       0kB time=N/A bitrate=N/A speed=N/A    [out#0/mp4 @ 0x572d6e016d00] video:1462kB audio:0kB subtitle:0kB other streams:0kB global headers:0kB muxing overhead: 0.182641%
frame=  165 fps=0.0 q=-1.0 Lsize=    1465kB time=00:00:10.12 bitrate=1185.4kbits/s speed=14.4x    
[libx264 @ 0x572d6e09b8c0] frame I:14    Avg QP:20.90  size: 28379
[libx264 @ 0x572d6e09b8c0] frame P:69    Avg QP:23.33  size: 11164
[libx264 @ 0x572d6e09b8c0] frame B:82    Avg QP:25.03  size:  4014
[libx264 @ 0x572d6e09b8c0] consecutive B-frames: 12.7% 54.5% 25.5%  7.3%
[libx264 @ 0x572d6e09b8c0] mb I  I16..4: 14.2% 70.5% 15.3%
[libx264 @ 0x572d6e09b8c0] mb P  I16..4: 15.6% 22.1%  1.9%  P16..4: 37.3% 12.9%  4.1%  0.0%  0.0%    skip: 6.1%
[libx264 @ 0x572d6e09b8c0] mb B  I16..4:  3.0%  4.7%  0.1%  B16..8: 30.0%  5.3%  1.0%  direct: 8.5%  skip:47.4%  L0:71.7% L1:20.9% BI: 7.4%
[libx264 @ 0x572d6e09b8c0] 8x8 transform intra:60.7% inter:77.3%
[libx264 @ 0x572d6e09b8c0] coded y,uvDC,uvAC intra: 45.2% 75.0% 17.0% inter: 24.9% 41.3% 0.2%
[libx264 @ 0x572d6e09b8c0] i16 v,h,dc,p:  5% 41%  4% 50%
[libx264 @ 0x572d6e09b8c0] i8 v,h,dc,ddl,ddr,vr,hd,vl,hu: 15% 29% 15%  5%  9%  6% 11%  5%  6%
[libx264 @ 0x572d6e09b8c0] i4 v,h,dc,ddl,ddr,vr,hd,vl,hu: 18% 22% 15%  7%  9%  7%  9%  6%  7%
[libx264 @ 0x572d6e09b8c0] i8c dc,h,v,p: 37% 33% 12% 17%
[libx264 @ 0x572d6e09b8c0] Weighted P-Frames: Y:81.2% UV:71.0%
[libx264 @ 0x572d6e09b8c0] ref P L0: 56.4% 19.3% 16.0%  5.6%  2.7%
[libx264 @ 0x572d6e09b8c0] ref B L0: 93.5%  6.4%  0.1%
[libx264 @ 0x572d6e09b8c0] ref B L1: 99.5%  0.5%
[libx264 @ 0x572d6e09b8c0] kb/s:1161.14
ffmpeg version 6.1.1-3ubuntu5 Copyright (c) 2000-2023 the FFmpeg developers
  built with gcc 13 (Ubuntu 13.2.0-23ubuntu3)
  configuration: --prefix=/usr --extra-version=3ubuntu5 --toolchain=hardened --libdir=/usr/lib/x86_64-linux-gnu --incdir=/usr/include/x86_64-linux-gnu --arch=amd64 --enable-gpl --disable-stripping --disable-omx --enable-gnutls --enable-libaom --enable-libass --enable-libbs2b --enable-libcaca --enable-libcdio --enable-libcodec2 --enable-libdav1d --enable-libflite --enable-libfontconfig --enable-libfreetype --enable-libfribidi --enable-libglslang --enable-libgme --enable-libgsm --enable-libharfbuzz --enable-libmp3lame --enable-libmysofa --enable-libopenjpeg --enable-libopenmpt --enable-libopus --enable-librubberband --enable-libshine --enable-libsnappy --enable-libsoxr --enable-libspeex --enable-libtheora --enable-libtwolame --enable-libvidstab --enable-libvorbis --enable-libvpx --enable-libwebp --enable-libx265 --enable-libxml2 --enable-libxvid --enable-libzimg --enable-openal --enable-opencl --enable-opengl --disable-sndio --enable-libvpl --disable-libmfx --enable-libdc1394 --enable-libdrm --enable-libiec61883 --enable-chromaprint --enable-frei0r --enable-ladspa --enable-libbluray --enable-libjack --enable-libpulse --enable-librabbitmq --enable-librist --enable-libsrt --enable-libssh --enable-libsvtav1 --enable-libx264 --enable-libzmq --enable-libzvbi --enable-lv2 --enable-sdl2 --enable-libplacebo --enable-librav1e --enable-pocketsphinx --enable-librsvg --enable-libjxl --enable-shared
  libavutil      58. 29.100 / 58. 29.100
  libavcodec     60. 31.102 / 60. 31.102
  libavformat    60. 16.100 / 60. 16.100
  libavdevice    60.  3.100 / 60.  3.100
  libavfilter     9. 12.100 /  9. 12.100
  libswscale      7.  5.100 /  7.  5.100
  libswresample   4. 12.100 /  4. 12.100
  libpostproc    57.  3.100 / 57.  3.100
Input #0, mov,mp4,m4a,3gp,3g2,mj2, from '/data/suraj/kv-quant-longhorizon/results/runs/1773110004_presentation_moviegen_fullmatrix/videos/KIVI_INT4/prompt_0009_seed_9.mp4':
  Metadata:
    major_brand     : isom
    minor_version   : 512
    compatible_brands: isomiso2avc1mp41
    encoder         : Lavf61.1.100
  Duration: 00:00:10.31, start: 0.000000, bitrate: 1066 kb/s
  Stream #0:0[0x1](und): Video: h264 (High) (avc1 / 0x31637661), yuv420p(progressive), 832x480, 1064 kb/s, 16 fps, 16 tbr, 16384 tbn (default)
    Metadata:
      handler_name    : VideoHandler
      vendor_id       : [0][0][0][0]
Stream mapping:
  Stream #0:0 -> #0:0 (h264 (native) -> h264 (libx264))
Press [q] to stop, [?] for help
[libx264 @ 0x617fc911f300] using cpu capabilities: MMX2 SSE2Fast SSSE3 SSE4.2 AVX FMA3 BMI2 AVX2
[libx264 @ 0x617fc911f300] profile High, level 3.0, 4:2:0, 8-bit
[libx264 @ 0x617fc911f300] 264 - core 164 r3108 31e19f9 - H.264/MPEG-4 AVC codec - Copyleft 2003-2023 - http://www.videolan.org/x264.html - options: cabac=1 ref=3 deblock=1:0:0 analyse=0x3:0x113 me=hex subme=7 psy=1 psy_rd=1.00:0.00 mixed_ref=1 me_range=16 chroma_me=1 trellis=1 8x8dct=1 cqm=0 deadzone=21,11 fast_pskip=1 chroma_qp_offset=-2 threads=15 lookahead_threads=2 sliced_threads=0 nr=0 decimate=1 interlaced=0 bluray_compat=0 constrained_intra=0 bframes=3 b_pyramid=2 b_adapt=1 b_bias=0 direct=1 weightb=1 open_gop=0 weightp=2 keyint=250 keyint_min=16 scenecut=40 intra_refresh=0 rc_lookahead=40 rc=crf mbtree=1 crf=23.0 qcomp=0.60 qpmin=0 qpmax=69 qpstep=4 ip_ratio=1.40 aq=1:1.00
Output #0, mp4, to '/data/vaishak/combined-kv-quant/results/combined/backfills/drift/moviegen/9e64fe6810cd765d_KIVI_INT4/KIVI_INT4_frames_165/prompt_0009_seed_9.mp4':
  Metadata:
    major_brand     : isom
    minor_version   : 512
    compatible_brands: isomiso2avc1mp41
    encoder         : Lavf60.16.100
  Stream #0:0(und): Video: h264 (avc1 / 0x31637661), yuv420p(progressive), 832x480, q=2-31, 16 fps, 16384 tbn (default)
    Metadata:
      handler_name    : VideoHandler
      vendor_id       : [0][0][0][0]
      encoder         : Lavc60.31.102 libx264
    Side data:
      cpb: bitrate max/min/avg: 0/0/0 buffer size: 0 vbv_delay: N/A
frame=    0 fps=0.0 q=0.0 size=       0kB time=N/A bitrate=N/A speed=N/A    [out#0/mp4 @ 0x617fc9094d00] video:2259kB audio:0kB subtitle:0kB other streams:0kB global headers:0kB muxing overhead: 0.116855%
frame=  165 fps=0.0 q=-1.0 Lsize=    2262kB time=00:00:10.12 bitrate=1829.8kbits/s speed=13.3x    
[libx264 @ 0x617fc911f300] frame I:12    Avg QP:21.23  size: 36269
[libx264 @ 0x617fc911f300] frame P:64    Avg QP:24.53  size: 21612
[libx264 @ 0x617fc911f300] frame B:89    Avg QP:26.38  size:  5551
[libx264 @ 0x617fc911f300] consecutive B-frames: 12.7% 36.4% 29.1% 21.8%
[libx264 @ 0x617fc911f300] mb I  I16..4: 10.9% 70.6% 18.5%
[libx264 @ 0x617fc911f300] mb P  I16..4:  8.2% 27.0%  4.3%  P16..4: 31.9% 16.0%  8.1%  0.0%  0.0%    skip: 4.6%
[libx264 @ 0x617fc911f300] mb B  I16..4:  2.9%  3.9%  0.3%  B16..8: 36.5%  6.6%  2.6%  direct: 6.5%  skip:40.6%  L0:49.7% L1:38.0% BI:12.3%
[libx264 @ 0x617fc911f300] 8x8 transform intra:67.1% inter:74.7%
[libx264 @ 0x617fc911f300] coded y,uvDC,uvAC intra: 59.3% 42.1% 1.6% inter: 31.7% 18.1% 0.0%
[libx264 @ 0x617fc911f300] i16 v,h,dc,p: 14% 55%  9% 21%
[libx264 @ 0x617fc911f300] i8 v,h,dc,ddl,ddr,vr,hd,vl,hu: 17% 37% 19%  3%  5%  4%  7%  3%  5%
[libx264 @ 0x617fc911f300] i4 v,h,dc,ddl,ddr,vr,hd,vl,hu: 19% 34% 12%  4%  6%  5% 10%  3%  6%
[libx264 @ 0x617fc911f300] i8c dc,h,v,p: 61% 24% 13%  1%
[libx264 @ 0x617fc911f300] Weighted P-Frames: Y:87.5% UV:78.1%
[libx264 @ 0x617fc911f300] ref P L0: 56.1% 23.7% 13.7%  4.0%  2.4%
[libx264 @ 0x617fc911f300] ref B L0: 91.6%  6.6%  1.8%
[libx264 @ 0x617fc911f300] ref B L1: 99.5%  0.5%
[libx264 @ 0x617fc911f300] kb/s:1793.89
[rank0]:[W310 22:59:38.885756060 ProcessGroupNCCL.cpp:4115] [PG ID 0 PG GUID 0 Rank 0]  using GPU 0 to perform barrier as devices used by this process are currently unknown. This can potentially cause a hang if this rank to GPU mapping is incorrect.Specify device_ids in barrier() to force use of a particular device,or call init_process_group() with a device_id.
/home/suraj/miniforge3/envs/qvg_sf_eval/lib/python3.10/site-packages/clip/clip.py:6: UserWarning: pkg_resources is deprecated as an API. See https://setuptools.pypa.io/en/latest/pkg_resources.html. The pkg_resources package is slated for removal as early as 2025-11-30. Refrain from using this package or pin to Setuptools<81.
  from pkg_resources import packaging
/home/suraj/miniforge3/envs/qvg_sf_eval/lib/python3.10/site-packages/timm/models/layers/__init__.py:48: FutureWarning: Importing from timm.models.layers is deprecated, please import via timm.layers
  warnings.warn(f"Importing from {__name__} is deprecated, please import via timm.layers", FutureWarning)
/home/suraj/miniforge3/envs/qvg_sf_eval/lib/python3.10/site-packages/pyiqa/archs/arch_util.py:118: FutureWarning: You are using `torch.load` with `weights_only=False` (the current default value), which uses the default pickle module implicitly. It is possible to construct malicious pickle data which will execute arbitrary code during unpickling (See https://github.com/pytorch/pytorch/blob/main/SECURITY.md#untrusted-models for more details). In a future release, the default value for `weights_only` will be flipped to `True`. This limits the functions that could be executed during unpickling. Arbitrary objects will no longer be allowed to be loaded via this mode unless they are explicitly allowlisted by the user via `torch.serialization.add_safe_globals`. We recommend you start setting `weights_only=True` for any use case where you don't have full control of the loaded file. Please open an issue on GitHub for any issues related to this experimental feature.
  state_dict = torch.load(model_path, map_location=torch.device("cpu"))
args: Namespace(output_path='/data/vaishak/combined-kv-quant/results/combined/backfills/drift/moviegen/9e64fe6810cd765d_KIVI_INT4/vbench_KIVI_INT4_165', full_json_dir='/data/vaishak/combined-kv-quant/third_party/VBench/vbench/VBench_full_info.json', videos_path='/data/vaishak/combined-kv-quant/results/combined/backfills/drift/moviegen/9e64fe6810cd765d_KIVI_INT4/KIVI_INT4_frames_165', dimension=['imaging_quality'], load_ckpt_from_local=None, read_frame=None, mode='custom_input', prompt='None', prompt_file='/data/vaishak/combined-kv-quant/results/combined/backfills/drift/moviegen/9e64fe6810cd765d_KIVI_INT4/prompt_map_165.json', category=None, imaging_quality_preprocessing_mode='longer')
start evaluation
Evaluation meta data saved to /data/vaishak/combined-kv-quant/results/combined/backfills/drift/moviegen/9e64fe6810cd765d_KIVI_INT4/vbench_KIVI_INT4_165/results_2026-03-10-22:59:38_full_info.json
cur_full_info_path: /data/vaishak/combined-kv-quant/results/combined/backfills/drift/moviegen/9e64fe6810cd765d_KIVI_INT4/vbench_KIVI_INT4_165/results_2026-03-10-22:59:38_full_info.json
Loading pretrained model MUSIQ from /home/vaishak/.cache/vbench/pyiqa_model/musiq_spaq_ckpt-358bb6af.pth
  0%|          | 0/10 [00:00<?, ?it/s] 10%|█         | 1/10 [00:04<00:41,  4.67s/it] 20%|██        | 2/10 [00:09<00:37,  4.63s/it] 30%|███       | 3/10 [00:14<00:33,  4.85s/it] 40%|████      | 4/10 [00:19<00:29,  4.86s/it] 50%|█████     | 5/10 [00:24<00:24,  4.99s/it] 60%|██████    | 6/10 [00:31<00:22,  5.61s/it] 70%|███████   | 7/10 [00:38<00:18,  6.02s/it] 80%|████████  | 8/10 [00:44<00:12,  6.28s/it] 90%|█████████ | 9/10 [00:51<00:06,  6.35s/it]100%|██████████| 10/10 [00:56<00:00,  5.93s/it]100%|██████████| 10/10 [00:56<00:00,  5.65s/it]
Evaluation results saved to /data/vaishak/combined-kv-quant/results/combined/backfills/drift/moviegen/9e64fe6810cd765d_KIVI_INT4/vbench_KIVI_INT4_165/results_2026-03-10-22:59:38_eval_results.json
done
[rank0]:[W310 23:00:37.227929291 ProcessGroupNCCL.cpp:1250] Warning: WARNING: process group has NOT been destroyed before we destruct ProcessGroupNCCL. On normal program exit, the application should call destroy_process_group to ensure that any pending NCCL operations have finished in this process. In rare cases this process can exit before this point and block the progress of another member of the process group. This constraint has always been present,  but this warning has only been added since PyTorch 2.4 (function operator())
{
  "method": "KIVI_INT4",
  "frame_step": 165,
  "max_frames": 165,
  "curve": [
    {
      "frame_cap": 165,
      "imaging_quality": [
        0.6783677189566872,
        [
          {
            "video_path": "/data/vaishak/combined-kv-quant/results/combined/backfills/drift/moviegen/9e64fe6810cd765d_KIVI_INT4/KIVI_INT4_frames_165/prompt_0007_seed_7.mp4",
            "video_results": 77.74497583562678
          },
          {
            "video_path": "/data/vaishak/combined-kv-quant/results/combined/backfills/drift/moviegen/9e64fe6810cd765d_KIVI_INT4/KIVI_INT4_frames_165/prompt_0006_seed_6.mp4",
            "video_results": 66.51752402565695
          },
          {
            "video_path": "/data/vaishak/combined-kv-quant/results/combined/backfills/drift/moviegen/9e64fe6810cd765d_KIVI_INT4/KIVI_INT4_frames_165/prompt_0004_seed_4.mp4",
            "video_results": 66.08014776056463
          },
          {
            "video_path": "/data/vaishak/combined-kv-quant/results/combined/backfills/drift/moviegen/9e64fe6810cd765d_KIVI_INT4/KIVI_INT4_frames_165/prompt_0003_seed_3.mp4",
            "video_results": 66.60900733254172
          },
          {
            "video_path": "/data/vaishak/combined-kv-quant/results/combined/backfills/drift/moviegen/9e64fe6810cd765d_KIVI_INT4/KIVI_INT4_frames_165/prompt_0005_seed_5.mp4",
            "video_results": 70.50330190947561
          },
          {
            "video_path": "/data/vaishak/combined-kv-quant/results/combined/backfills/drift/moviegen/9e64fe6810cd765d_KIVI_INT4/KIVI_INT4_frames_165/prompt_0002_seed_2.mp4",
            "video_results": 71.15799942016602
          },
          {
            "video_path": "/data/vaishak/combined-kv-quant/results/combined/backfills/drift/moviegen/9e64fe6810cd765d_KIVI_INT4/KIVI_INT4_frames_165/prompt_0001_seed_1.mp4",
            "video_results": 65.7978715838808
          },
          {
            "video_path": "/data/vaishak/combined-kv-quant/results/combined/backfills/drift/moviegen/9e64fe6810cd765d_KIVI_INT4/KIVI_INT4_frames_165/prompt_0009_seed_9.mp4",
            "video_results": 64.89373481056907
          },
          {
            "video_path": "/data/vaishak/combined-kv-quant/results/combined/backfills/drift/moviegen/9e64fe6810cd765d_KIVI_INT4/KIVI_INT4_frames_165/prompt_0008_seed_8.mp4",
            "video_results": 78.80030582312382
          },
          {
            "video_path": "/data/vaishak/combined-kv-quant/results/combined/backfills/drift/moviegen/9e64fe6810cd765d_KIVI_INT4/KIVI_INT4_frames_165/prompt_0000_seed_0.mp4",
            "video_results": 50.262850455081825
          }
        ]
      ]
    }
  ]
}
ffmpeg version 6.1.1-3ubuntu5 Copyright (c) 2000-2023 the FFmpeg developers
  built with gcc 13 (Ubuntu 13.2.0-23ubuntu3)
  configuration: --prefix=/usr --extra-version=3ubuntu5 --toolchain=hardened --libdir=/usr/lib/x86_64-linux-gnu --incdir=/usr/include/x86_64-linux-gnu --arch=amd64 --enable-gpl --disable-stripping --disable-omx --enable-gnutls --enable-libaom --enable-libass --enable-libbs2b --enable-libcaca --enable-libcdio --enable-libcodec2 --enable-libdav1d --enable-libflite --enable-libfontconfig --enable-libfreetype --enable-libfribidi --enable-libglslang --enable-libgme --enable-libgsm --enable-libharfbuzz --enable-libmp3lame --enable-libmysofa --enable-libopenjpeg --enable-libopenmpt --enable-libopus --enable-librubberband --enable-libshine --enable-libsnappy --enable-libsoxr --enable-libspeex --enable-libtheora --enable-libtwolame --enable-libvidstab --enable-libvorbis --enable-libvpx --enable-libwebp --enable-libx265 --enable-libxml2 --enable-libxvid --enable-libzimg --enable-openal --enable-opencl --enable-opengl --disable-sndio --enable-libvpl --disable-libmfx --enable-libdc1394 --enable-libdrm --enable-libiec61883 --enable-chromaprint --enable-frei0r --enable-ladspa --enable-libbluray --enable-libjack --enable-libpulse --enable-librabbitmq --enable-librist --enable-libsrt --enable-libssh --enable-libsvtav1 --enable-libx264 --enable-libzmq --enable-libzvbi --enable-lv2 --enable-sdl2 --enable-libplacebo --enable-librav1e --enable-pocketsphinx --enable-librsvg --enable-libjxl --enable-shared
  libavutil      58. 29.100 / 58. 29.100
  libavcodec     60. 31.102 / 60. 31.102
  libavformat    60. 16.100 / 60. 16.100
  libavdevice    60.  3.100 / 60.  3.100
  libavfilter     9. 12.100 /  9. 12.100
  libswscale      7.  5.100 /  7.  5.100
  libswresample   4. 12.100 /  4. 12.100
  libpostproc    57.  3.100 / 57.  3.100
Input #0, mov,mp4,m4a,3gp,3g2,mj2, from '/data/suraj/kv-quant-longhorizon/results/runs/1773110004_presentation_moviegen_fullmatrix/videos/KIVI_K2_V4/prompt_0000_seed_0.mp4':
  Metadata:
    major_brand     : isom
    minor_version   : 512
    compatible_brands: isomiso2avc1mp41
    encoder         : Lavf61.1.100
  Duration: 00:00:10.31, start: 0.000000, bitrate: 1020 kb/s
  Stream #0:0[0x1](und): Video: h264 (High) (avc1 / 0x31637661), yuv420p(progressive), 832x480, 1018 kb/s, 16 fps, 16 tbr, 16384 tbn (default)
    Metadata:
      handler_name    : VideoHandler
      vendor_id       : [0][0][0][0]
Stream mapping:
  Stream #0:0 -> #0:0 (h264 (native) -> h264 (libx264))
Press [q] to stop, [?] for help
[libx264 @ 0x5d907dd4dcc0] using cpu capabilities: MMX2 SSE2Fast SSSE3 SSE4.2 AVX FMA3 BMI2 AVX2
[libx264 @ 0x5d907dd4dcc0] profile High, level 3.0, 4:2:0, 8-bit
[libx264 @ 0x5d907dd4dcc0] 264 - core 164 r3108 31e19f9 - H.264/MPEG-4 AVC codec - Copyleft 2003-2023 - http://www.videolan.org/x264.html - options: cabac=1 ref=3 deblock=1:0:0 analyse=0x3:0x113 me=hex subme=7 psy=1 psy_rd=1.00:0.00 mixed_ref=1 me_range=16 chroma_me=1 trellis=1 8x8dct=1 cqm=0 deadzone=21,11 fast_pskip=1 chroma_qp_offset=-2 threads=15 lookahead_threads=2 sliced_threads=0 nr=0 decimate=1 interlaced=0 bluray_compat=0 constrained_intra=0 bframes=3 b_pyramid=2 b_adapt=1 b_bias=0 direct=1 weightb=1 open_gop=0 weightp=2 keyint=250 keyint_min=16 scenecut=40 intra_refresh=0 rc_lookahead=40 rc=crf mbtree=1 crf=23.0 qcomp=0.60 qpmin=0 qpmax=69 qpstep=4 ip_ratio=1.40 aq=1:1.00
Output #0, mp4, to '/data/vaishak/combined-kv-quant/results/combined/backfills/drift/moviegen/a863dfd141d557e1_KIVI_K2_V4/KIVI_K2_V4_frames_165/prompt_0000_seed_0.mp4':
  Metadata:
    major_brand     : isom
    minor_version   : 512
    compatible_brands: isomiso2avc1mp41
    encoder         : Lavf60.16.100
  Stream #0:0(und): Video: h264 (avc1 / 0x31637661), yuv420p(progressive), 832x480, q=2-31, 16 fps, 16384 tbn (default)
    Metadata:
      handler_name    : VideoHandler
      vendor_id       : [0][0][0][0]
      encoder         : Lavc60.31.102 libx264
    Side data:
      cpb: bitrate max/min/avg: 0/0/0 buffer size: 0 vbv_delay: N/A
frame=    0 fps=0.0 q=0.0 size=       0kB time=N/A bitrate=N/A speed=N/A    [out#0/mp4 @ 0x5d907dcc3d00] video:1900kB audio:0kB subtitle:0kB other streams:0kB global headers:0kB muxing overhead: 0.141020%
frame=  165 fps=0.0 q=-1.0 Lsize=    1902kB time=00:00:10.12 bitrate=1539.1kbits/s speed=14.2x    
[libx264 @ 0x5d907dd4dcc0] frame I:13    Avg QP:22.06  size: 33578
[libx264 @ 0x5d907dd4dcc0] frame P:55    Avg QP:25.24  size: 17027
[libx264 @ 0x5d907dd4dcc0] frame B:97    Avg QP:26.90  size:  5891
[libx264 @ 0x5d907dd4dcc0] consecutive B-frames: 14.5% 17.0% 12.7% 55.8%
[libx264 @ 0x5d907dd4dcc0] mb I  I16..4:  5.2% 81.3% 13.4%
[libx264 @ 0x5d907dd4dcc0] mb P  I16..4:  3.4% 20.3%  2.8%  P16..4: 41.1% 19.4%  6.7%  0.0%  0.0%    skip: 6.1%
[libx264 @ 0x5d907dd4dcc0] mb B  I16..4:  0.8%  2.6%  0.2%  B16..8: 44.7%  8.0%  1.8%  direct: 8.5%  skip:33.3%  L0:44.3% L1:43.0% BI:12.7%
[libx264 @ 0x5d907dd4dcc0] 8x8 transform intra:77.9% inter:79.8%
[libx264 @ 0x5d907dd4dcc0] coded y,uvDC,uvAC intra: 76.4% 89.6% 47.2% inter: 32.5% 35.8% 2.1%
[libx264 @ 0x5d907dd4dcc0] i16 v,h,dc,p: 27% 14%  5% 54%
[libx264 @ 0x5d907dd4dcc0] i8 v,h,dc,ddl,ddr,vr,hd,vl,hu: 26% 19% 14%  6%  5%  7%  7%  8%  9%
[libx264 @ 0x5d907dd4dcc0] i4 v,h,dc,ddl,ddr,vr,hd,vl,hu: 26% 19% 11%  5%  7%  8% 11%  7%  6%
[libx264 @ 0x5d907dd4dcc0] i8c dc,h,v,p: 34% 18% 31% 17%
[libx264 @ 0x5d907dd4dcc0] Weighted P-Frames: Y:65.5% UV:63.6%
[libx264 @ 0x5d907dd4dcc0] ref P L0: 58.7% 24.1% 13.4%  2.1%  1.7%
[libx264 @ 0x5d907dd4dcc0] ref B L0: 94.7%  4.7%  0.6%
[libx264 @ 0x5d907dd4dcc0] ref B L1: 97.2%  2.8%
[libx264 @ 0x5d907dd4dcc0] kb/s:1508.40
ffmpeg version 6.1.1-3ubuntu5 Copyright (c) 2000-2023 the FFmpeg developers
  built with gcc 13 (Ubuntu 13.2.0-23ubuntu3)
  configuration: --prefix=/usr --extra-version=3ubuntu5 --toolchain=hardened --libdir=/usr/lib/x86_64-linux-gnu --incdir=/usr/include/x86_64-linux-gnu --arch=amd64 --enable-gpl --disable-stripping --disable-omx --enable-gnutls --enable-libaom --enable-libass --enable-libbs2b --enable-libcaca --enable-libcdio --enable-libcodec2 --enable-libdav1d --enable-libflite --enable-libfontconfig --enable-libfreetype --enable-libfribidi --enable-libglslang --enable-libgme --enable-libgsm --enable-libharfbuzz --enable-libmp3lame --enable-libmysofa --enable-libopenjpeg --enable-libopenmpt --enable-libopus --enable-librubberband --enable-libshine --enable-libsnappy --enable-libsoxr --enable-libspeex --enable-libtheora --enable-libtwolame --enable-libvidstab --enable-libvorbis --enable-libvpx --enable-libwebp --enable-libx265 --enable-libxml2 --enable-libxvid --enable-libzimg --enable-openal --enable-opencl --enable-opengl --disable-sndio --enable-libvpl --disable-libmfx --enable-libdc1394 --enable-libdrm --enable-libiec61883 --enable-chromaprint --enable-frei0r --enable-ladspa --enable-libbluray --enable-libjack --enable-libpulse --enable-librabbitmq --enable-librist --enable-libsrt --enable-libssh --enable-libsvtav1 --enable-libx264 --enable-libzmq --enable-libzvbi --enable-lv2 --enable-sdl2 --enable-libplacebo --enable-librav1e --enable-pocketsphinx --enable-librsvg --enable-libjxl --enable-shared
  libavutil      58. 29.100 / 58. 29.100
  libavcodec     60. 31.102 / 60. 31.102
  libavformat    60. 16.100 / 60. 16.100
  libavdevice    60.  3.100 / 60.  3.100
  libavfilter     9. 12.100 /  9. 12.100
  libswscale      7.  5.100 /  7.  5.100
  libswresample   4. 12.100 /  4. 12.100
  libpostproc    57.  3.100 / 57.  3.100
Input #0, mov,mp4,m4a,3gp,3g2,mj2, from '/data/suraj/kv-quant-longhorizon/results/runs/1773110004_presentation_moviegen_fullmatrix/videos/KIVI_K2_V4/prompt_0001_seed_1.mp4':
  Metadata:
    major_brand     : isom
    minor_version   : 512
    compatible_brands: isomiso2avc1mp41
    encoder         : Lavf61.1.100
  Duration: 00:00:10.31, start: 0.000000, bitrate: 1051 kb/s
  Stream #0:0[0x1](und): Video: h264 (High) (avc1 / 0x31637661), yuv420p(progressive), 832x480, 1049 kb/s, 16 fps, 16 tbr, 16384 tbn (default)
    Metadata:
      handler_name    : VideoHandler
      vendor_id       : [0][0][0][0]
Stream mapping:
  Stream #0:0 -> #0:0 (h264 (native) -> h264 (libx264))
Press [q] to stop, [?] for help
[libx264 @ 0x5f7c0795af40] using cpu capabilities: MMX2 SSE2Fast SSSE3 SSE4.2 AVX FMA3 BMI2 AVX2
[libx264 @ 0x5f7c0795af40] profile High, level 3.0, 4:2:0, 8-bit
[libx264 @ 0x5f7c0795af40] 264 - core 164 r3108 31e19f9 - H.264/MPEG-4 AVC codec - Copyleft 2003-2023 - http://www.videolan.org/x264.html - options: cabac=1 ref=3 deblock=1:0:0 analyse=0x3:0x113 me=hex subme=7 psy=1 psy_rd=1.00:0.00 mixed_ref=1 me_range=16 chroma_me=1 trellis=1 8x8dct=1 cqm=0 deadzone=21,11 fast_pskip=1 chroma_qp_offset=-2 threads=15 lookahead_threads=2 sliced_threads=0 nr=0 decimate=1 interlaced=0 bluray_compat=0 constrained_intra=0 bframes=3 b_pyramid=2 b_adapt=1 b_bias=0 direct=1 weightb=1 open_gop=0 weightp=2 keyint=250 keyint_min=16 scenecut=40 intra_refresh=0 rc_lookahead=40 rc=crf mbtree=1 crf=23.0 qcomp=0.60 qpmin=0 qpmax=69 qpstep=4 ip_ratio=1.40 aq=1:1.00
Output #0, mp4, to '/data/vaishak/combined-kv-quant/results/combined/backfills/drift/moviegen/a863dfd141d557e1_KIVI_K2_V4/KIVI_K2_V4_frames_165/prompt_0001_seed_1.mp4':
  Metadata:
    major_brand     : isom
    minor_version   : 512
    compatible_brands: isomiso2avc1mp41
    encoder         : Lavf60.16.100
  Stream #0:0(und): Video: h264 (avc1 / 0x31637661), yuv420p(progressive), 832x480, q=2-31, 16 fps, 16384 tbn (default)
    Metadata:
      handler_name    : VideoHandler
      vendor_id       : [0][0][0][0]
      encoder         : Lavc60.31.102 libx264
    Side data:
      cpb: bitrate max/min/avg: 0/0/0 buffer size: 0 vbv_delay: N/A
frame=    0 fps=0.0 q=0.0 size=       0kB time=N/A bitrate=N/A speed=N/A    [out#0/mp4 @ 0x5f7c078d0d00] video:1903kB audio:0kB subtitle:0kB other streams:0kB global headers:0kB muxing overhead: 0.141996%
frame=  165 fps=0.0 q=-1.0 Lsize=    1906kB time=00:00:10.12 bitrate=1541.9kbits/s speed=13.8x    
[libx264 @ 0x5f7c0795af40] frame I:14    Avg QP:20.88  size: 37409
[libx264 @ 0x5f7c0795af40] frame P:57    Avg QP:24.09  size: 18074
[libx264 @ 0x5f7c0795af40] frame B:94    Avg QP:25.53  size:  4192
[libx264 @ 0x5f7c0795af40] consecutive B-frames:  9.7% 35.2% 23.6% 31.5%
[libx264 @ 0x5f7c0795af40] mb I  I16..4:  7.9% 83.5%  8.5%
[libx264 @ 0x5f7c0795af40] mb P  I16..4:  7.4% 22.5%  1.1%  P16..4: 36.0% 20.1% 10.0%  0.0%  0.0%    skip: 2.9%
[libx264 @ 0x5f7c0795af40] mb B  I16..4:  2.2%  3.9%  0.1%  B16..8: 40.9%  5.9%  1.7%  direct: 4.4%  skip:40.9%  L0:58.9% L1:32.1% BI: 9.0%
[libx264 @ 0x5f7c0795af40] 8x8 transform intra:75.2% inter:76.8%
[libx264 @ 0x5f7c0795af40] coded y,uvDC,uvAC intra: 65.6% 56.3% 5.4% inter: 30.5% 20.6% 0.0%
[libx264 @ 0x5f7c0795af40] i16 v,h,dc,p:  8% 56%  6% 30%
[libx264 @ 0x5f7c0795af40] i8 v,h,dc,ddl,ddr,vr,hd,vl,hu: 13% 40% 17%  4%  3%  4%  6%  5%  8%
[libx264 @ 0x5f7c0795af40] i4 v,h,dc,ddl,ddr,vr,hd,vl,hu: 12% 36% 12%  6%  6%  6% 10%  5%  8%
[libx264 @ 0x5f7c0795af40] i8c dc,h,v,p: 50% 33% 11%  5%
[libx264 @ 0x5f7c0795af40] Weighted P-Frames: Y:64.9% UV:33.3%
[libx264 @ 0x5f7c0795af40] ref P L0: 49.6% 18.0% 18.0%  9.7%  4.6%
[libx264 @ 0x5f7c0795af40] ref B L0: 92.6%  7.1%  0.3%
[libx264 @ 0x5f7c0795af40] ref B L1: 99.5%  0.5%
[libx264 @ 0x5f7c0795af40] kb/s:1511.15
ffmpeg version 6.1.1-3ubuntu5 Copyright (c) 2000-2023 the FFmpeg developers
  built with gcc 13 (Ubuntu 13.2.0-23ubuntu3)
  configuration: --prefix=/usr --extra-version=3ubuntu5 --toolchain=hardened --libdir=/usr/lib/x86_64-linux-gnu --incdir=/usr/include/x86_64-linux-gnu --arch=amd64 --enable-gpl --disable-stripping --disable-omx --enable-gnutls --enable-libaom --enable-libass --enable-libbs2b --enable-libcaca --enable-libcdio --enable-libcodec2 --enable-libdav1d --enable-libflite --enable-libfontconfig --enable-libfreetype --enable-libfribidi --enable-libglslang --enable-libgme --enable-libgsm --enable-libharfbuzz --enable-libmp3lame --enable-libmysofa --enable-libopenjpeg --enable-libopenmpt --enable-libopus --enable-librubberband --enable-libshine --enable-libsnappy --enable-libsoxr --enable-libspeex --enable-libtheora --enable-libtwolame --enable-libvidstab --enable-libvorbis --enable-libvpx --enable-libwebp --enable-libx265 --enable-libxml2 --enable-libxvid --enable-libzimg --enable-openal --enable-opencl --enable-opengl --disable-sndio --enable-libvpl --disable-libmfx --enable-libdc1394 --enable-libdrm --enable-libiec61883 --enable-chromaprint --enable-frei0r --enable-ladspa --enable-libbluray --enable-libjack --enable-libpulse --enable-librabbitmq --enable-librist --enable-libsrt --enable-libssh --enable-libsvtav1 --enable-libx264 --enable-libzmq --enable-libzvbi --enable-lv2 --enable-sdl2 --enable-libplacebo --enable-librav1e --enable-pocketsphinx --enable-librsvg --enable-libjxl --enable-shared
  libavutil      58. 29.100 / 58. 29.100
  libavcodec     60. 31.102 / 60. 31.102
  libavformat    60. 16.100 / 60. 16.100
  libavdevice    60.  3.100 / 60.  3.100
  libavfilter     9. 12.100 /  9. 12.100
  libswscale      7.  5.100 /  7.  5.100
  libswresample   4. 12.100 /  4. 12.100
  libpostproc    57.  3.100 / 57.  3.100
Input #0, mov,mp4,m4a,3gp,3g2,mj2, from '/data/suraj/kv-quant-longhorizon/results/runs/1773110004_presentation_moviegen_fullmatrix/videos/KIVI_K2_V4/prompt_0002_seed_2.mp4':
  Metadata:
    major_brand     : isom
    minor_version   : 512
    compatible_brands: isomiso2avc1mp41
    encoder         : Lavf61.1.100
  Duration: 00:00:10.31, start: 0.000000, bitrate: 1092 kb/s
  Stream #0:0[0x1](und): Video: h264 (High) (avc1 / 0x31637661), yuv420p(progressive), 832x480, 1090 kb/s, 16 fps, 16 tbr, 16384 tbn (default)
    Metadata:
      handler_name    : VideoHandler
      vendor_id       : [0][0][0][0]
Stream mapping:
  Stream #0:0 -> #0:0 (h264 (native) -> h264 (libx264))
Press [q] to stop, [?] for help
[libx264 @ 0x5e6f1466d980] using cpu capabilities: MMX2 SSE2Fast SSSE3 SSE4.2 AVX FMA3 BMI2 AVX2
[libx264 @ 0x5e6f1466d980] profile High, level 3.0, 4:2:0, 8-bit
[libx264 @ 0x5e6f1466d980] 264 - core 164 r3108 31e19f9 - H.264/MPEG-4 AVC codec - Copyleft 2003-2023 - http://www.videolan.org/x264.html - options: cabac=1 ref=3 deblock=1:0:0 analyse=0x3:0x113 me=hex subme=7 psy=1 psy_rd=1.00:0.00 mixed_ref=1 me_range=16 chroma_me=1 trellis=1 8x8dct=1 cqm=0 deadzone=21,11 fast_pskip=1 chroma_qp_offset=-2 threads=15 lookahead_threads=2 sliced_threads=0 nr=0 decimate=1 interlaced=0 bluray_compat=0 constrained_intra=0 bframes=3 b_pyramid=2 b_adapt=1 b_bias=0 direct=1 weightb=1 open_gop=0 weightp=2 keyint=250 keyint_min=16 scenecut=40 intra_refresh=0 rc_lookahead=40 rc=crf mbtree=1 crf=23.0 qcomp=0.60 qpmin=0 qpmax=69 qpstep=4 ip_ratio=1.40 aq=1:1.00
Output #0, mp4, to '/data/vaishak/combined-kv-quant/results/combined/backfills/drift/moviegen/a863dfd141d557e1_KIVI_K2_V4/KIVI_K2_V4_frames_165/prompt_0002_seed_2.mp4':
  Metadata:
    major_brand     : isom
    minor_version   : 512
    compatible_brands: isomiso2avc1mp41
    encoder         : Lavf60.16.100
  Stream #0:0(und): Video: h264 (avc1 / 0x31637661), yuv420p(progressive), 832x480, q=2-31, 16 fps, 16384 tbn (default)
    Metadata:
      handler_name    : VideoHandler
      vendor_id       : [0][0][0][0]
      encoder         : Lavc60.31.102 libx264
    Side data:
      cpb: bitrate max/min/avg: 0/0/0 buffer size: 0 vbv_delay: N/A
frame=    0 fps=0.0 q=0.0 size=       0kB time=N/A bitrate=N/A speed=N/A    frame=   88 fps=0.0 q=27.0 size=     768kB time=00:00:05.37 bitrate=1170.6kbits/s speed=10.4x    [out#0/mp4 @ 0x5e6f1458ad00] video:1854kB audio:0kB subtitle:0kB other streams:0kB global headers:0kB muxing overhead: 0.141122%
frame=  165 fps=0.0 q=-1.0 Lsize=    1856kB time=00:00:10.12 bitrate=1502.1kbits/s speed=  13x    
[libx264 @ 0x5e6f1466d980] frame I:17    Avg QP:20.62  size: 27107
[libx264 @ 0x5e6f1466d980] frame P:56    Avg QP:23.92  size: 15124
[libx264 @ 0x5e6f1466d980] frame B:92    Avg QP:25.09  size:  6412
[libx264 @ 0x5e6f1466d980] consecutive B-frames: 17.6% 15.8% 25.5% 41.2%
[libx264 @ 0x5e6f1466d980] mb I  I16..4: 23.0% 68.3%  8.7%
[libx264 @ 0x5e6f1466d980] mb P  I16..4: 15.2% 27.5%  2.9%  P16..4: 32.7% 11.6%  4.2%  0.0%  0.0%    skip: 5.8%
[libx264 @ 0x5e6f1466d980] mb B  I16..4:  1.8%  3.5%  0.4%  B16..8: 38.4%  7.7%  2.0%  direct: 7.9%  skip:38.2%  L0:51.3% L1:34.3% BI:14.4%
[libx264 @ 0x5e6f1466d980] 8x8 transform intra:63.3% inter:80.4%
[libx264 @ 0x5e6f1466d980] coded y,uvDC,uvAC intra: 58.3% 65.4% 15.3% inter: 28.7% 29.5% 1.4%
[libx264 @ 0x5e6f1466d980] i16 v,h,dc,p:  3% 50%  3% 44%
[libx264 @ 0x5e6f1466d980] i8 v,h,dc,ddl,ddr,vr,hd,vl,hu: 12% 34% 17%  5%  5%  4%  8%  5%  9%
[libx264 @ 0x5e6f1466d980] i4 v,h,dc,ddl,ddr,vr,hd,vl,hu: 15% 31% 11%  5%  8%  7% 10%  5%  8%
[libx264 @ 0x5e6f1466d980] i8c dc,h,v,p: 41% 35% 15%  9%
[libx264 @ 0x5e6f1466d980] Weighted P-Frames: Y:57.1% UV:51.8%
[libx264 @ 0x5e6f1466d980] ref P L0: 57.8% 18.8% 15.5%  5.1%  2.8%
[libx264 @ 0x5e6f1466d980] ref B L0: 89.3%  8.5%  2.2%
[libx264 @ 0x5e6f1466d980] ref B L1: 99.3%  0.7%
[libx264 @ 0x5e6f1466d980] kb/s:1472.13
[rank0]:[W310 23:00:45.821171338 ProcessGroupNCCL.cpp:4115] [PG ID 0 PG GUID 0 Rank 0]  using GPU 0 to perform barrier as devices used by this process are currently unknown. This can potentially cause a hang if this rank to GPU mapping is incorrect.Specify device_ids in barrier() to force use of a particular device,or call init_process_group() with a device_id.
/home/suraj/miniforge3/envs/qvg_sf_eval/lib/python3.10/site-packages/clip/clip.py:6: UserWarning: pkg_resources is deprecated as an API. See https://setuptools.pypa.io/en/latest/pkg_resources.html. The pkg_resources package is slated for removal as early as 2025-11-30. Refrain from using this package or pin to Setuptools<81.
  from pkg_resources import packaging
/home/suraj/miniforge3/envs/qvg_sf_eval/lib/python3.10/site-packages/timm/models/layers/__init__.py:48: FutureWarning: Importing from timm.models.layers is deprecated, please import via timm.layers
  warnings.warn(f"Importing from {__name__} is deprecated, please import via timm.layers", FutureWarning)
/home/suraj/miniforge3/envs/qvg_sf_eval/lib/python3.10/site-packages/pyiqa/archs/arch_util.py:118: FutureWarning: You are using `torch.load` with `weights_only=False` (the current default value), which uses the default pickle module implicitly. It is possible to construct malicious pickle data which will execute arbitrary code during unpickling (See https://github.com/pytorch/pytorch/blob/main/SECURITY.md#untrusted-models for more details). In a future release, the default value for `weights_only` will be flipped to `True`. This limits the functions that could be executed during unpickling. Arbitrary objects will no longer be allowed to be loaded via this mode unless they are explicitly allowlisted by the user via `torch.serialization.add_safe_globals`. We recommend you start setting `weights_only=True` for any use case where you don't have full control of the loaded file. Please open an issue on GitHub for any issues related to this experimental feature.
  state_dict = torch.load(model_path, map_location=torch.device("cpu"))
args: Namespace(output_path='/data/vaishak/combined-kv-quant/results/combined/backfills/drift/moviegen/a863dfd141d557e1_KIVI_K2_V4/vbench_KIVI_K2_V4_165', full_json_dir='/data/vaishak/combined-kv-quant/third_party/VBench/vbench/VBench_full_info.json', videos_path='/data/vaishak/combined-kv-quant/results/combined/backfills/drift/moviegen/a863dfd141d557e1_KIVI_K2_V4/KIVI_K2_V4_frames_165', dimension=['imaging_quality'], load_ckpt_from_local=None, read_frame=None, mode='custom_input', prompt='None', prompt_file='/data/vaishak/combined-kv-quant/results/combined/backfills/drift/moviegen/a863dfd141d557e1_KIVI_K2_V4/prompt_map_165.json', category=None, imaging_quality_preprocessing_mode='longer')
start evaluation
Evaluation meta data saved to /data/vaishak/combined-kv-quant/results/combined/backfills/drift/moviegen/a863dfd141d557e1_KIVI_K2_V4/vbench_KIVI_K2_V4_165/results_2026-03-10-23:00:45_full_info.json
cur_full_info_path: /data/vaishak/combined-kv-quant/results/combined/backfills/drift/moviegen/a863dfd141d557e1_KIVI_K2_V4/vbench_KIVI_K2_V4_165/results_2026-03-10-23:00:45_full_info.json
Loading pretrained model MUSIQ from /home/vaishak/.cache/vbench/pyiqa_model/musiq_spaq_ckpt-358bb6af.pth
  0%|          | 0/3 [00:00<?, ?it/s] 33%|███▎      | 1/3 [00:04<00:09,  4.52s/it] 67%|██████▋   | 2/3 [00:07<00:03,  3.73s/it]100%|██████████| 3/3 [00:10<00:00,  3.45s/it]100%|██████████| 3/3 [00:10<00:00,  3.60s/it]
Evaluation results saved to /data/vaishak/combined-kv-quant/results/combined/backfills/drift/moviegen/a863dfd141d557e1_KIVI_K2_V4/vbench_KIVI_K2_V4_165/results_2026-03-10-23:00:45_eval_results.json
done
[rank0]:[W310 23:00:58.791449100 ProcessGroupNCCL.cpp:1250] Warning: WARNING: process group has NOT been destroyed before we destruct ProcessGroupNCCL. On normal program exit, the application should call destroy_process_group to ensure that any pending NCCL operations have finished in this process. In rare cases this process can exit before this point and block the progress of another member of the process group. This constraint has always been present,  but this warning has only been added since PyTorch 2.4 (function operator())
{
  "method": "KIVI_K2_V4",
  "frame_step": 165,
  "max_frames": 165,
  "curve": [
    {
      "frame_cap": 165,
      "imaging_quality": [
        0.618648708613232,
        [
          {
            "video_path": "/data/vaishak/combined-kv-quant/results/combined/backfills/drift/moviegen/a863dfd141d557e1_KIVI_K2_V4/KIVI_K2_V4_frames_165/prompt_0002_seed_2.mp4",
            "video_results": 70.90281249537612
          },
          {
            "video_path": "/data/vaishak/combined-kv-quant/results/combined/backfills/drift/moviegen/a863dfd141d557e1_KIVI_K2_V4/KIVI_K2_V4_frames_165/prompt_0001_seed_1.mp4",
            "video_results": 66.7827376163367
          },
          {
            "video_path": "/data/vaishak/combined-kv-quant/results/combined/backfills/drift/moviegen/a863dfd141d557e1_KIVI_K2_V4/KIVI_K2_V4_frames_165/prompt_0000_seed_0.mp4",
            "video_results": 47.90906247225675
          }
        ]
      ]
    }
  ]
}
ffmpeg version 6.1.1-3ubuntu5 Copyright (c) 2000-2023 the FFmpeg developers
  built with gcc 13 (Ubuntu 13.2.0-23ubuntu3)
  configuration: --prefix=/usr --extra-version=3ubuntu5 --toolchain=hardened --libdir=/usr/lib/x86_64-linux-gnu --incdir=/usr/include/x86_64-linux-gnu --arch=amd64 --enable-gpl --disable-stripping --disable-omx --enable-gnutls --enable-libaom --enable-libass --enable-libbs2b --enable-libcaca --enable-libcdio --enable-libcodec2 --enable-libdav1d --enable-libflite --enable-libfontconfig --enable-libfreetype --enable-libfribidi --enable-libglslang --enable-libgme --enable-libgsm --enable-libharfbuzz --enable-libmp3lame --enable-libmysofa --enable-libopenjpeg --enable-libopenmpt --enable-libopus --enable-librubberband --enable-libshine --enable-libsnappy --enable-libsoxr --enable-libspeex --enable-libtheora --enable-libtwolame --enable-libvidstab --enable-libvorbis --enable-libvpx --enable-libwebp --enable-libx265 --enable-libxml2 --enable-libxvid --enable-libzimg --enable-openal --enable-opencl --enable-opengl --disable-sndio --enable-libvpl --disable-libmfx --enable-libdc1394 --enable-libdrm --enable-libiec61883 --enable-chromaprint --enable-frei0r --enable-ladspa --enable-libbluray --enable-libjack --enable-libpulse --enable-librabbitmq --enable-librist --enable-libsrt --enable-libssh --enable-libsvtav1 --enable-libx264 --enable-libzmq --enable-libzvbi --enable-lv2 --enable-sdl2 --enable-libplacebo --enable-librav1e --enable-pocketsphinx --enable-librsvg --enable-libjxl --enable-shared
  libavutil      58. 29.100 / 58. 29.100
  libavcodec     60. 31.102 / 60. 31.102
  libavformat    60. 16.100 / 60. 16.100
  libavdevice    60.  3.100 / 60.  3.100
  libavfilter     9. 12.100 /  9. 12.100
  libswscale      7.  5.100 /  7.  5.100
  libswresample   4. 12.100 /  4. 12.100
  libpostproc    57.  3.100 / 57.  3.100
Input #0, mov,mp4,m4a,3gp,3g2,mj2, from '/data/vaishak/combined-kv-quant/results/runs/backfill_flowcache_prune_int4_27bbc04277fe_10s/videos/FLOWCACHE_PRUNE_INT4/prompt_0000_seed_0.mp4':
  Metadata:
    major_brand     : isom
    minor_version   : 512
    compatible_brands: isomiso2avc1mp41
    encoder         : Lavf61.1.100
  Duration: 00:00:10.31, start: 0.000000, bitrate: 1079 kb/s
  Stream #0:0[0x1](und): Video: h264 (High) (avc1 / 0x31637661), yuv420p(progressive), 832x480, 1077 kb/s, 16 fps, 16 tbr, 16384 tbn (default)
    Metadata:
      handler_name    : VideoHandler
      vendor_id       : [0][0][0][0]
Stream mapping:
  Stream #0:0 -> #0:0 (h264 (native) -> h264 (libx264))
Press [q] to stop, [?] for help
[libx264 @ 0x5e882fe49e40] using cpu capabilities: MMX2 SSE2Fast SSSE3 SSE4.2 AVX FMA3 BMI2 AVX2
[libx264 @ 0x5e882fe49e40] profile High, level 3.0, 4:2:0, 8-bit
[libx264 @ 0x5e882fe49e40] 264 - core 164 r3108 31e19f9 - H.264/MPEG-4 AVC codec - Copyleft 2003-2023 - http://www.videolan.org/x264.html - options: cabac=1 ref=3 deblock=1:0:0 analyse=0x3:0x113 me=hex subme=7 psy=1 psy_rd=1.00:0.00 mixed_ref=1 me_range=16 chroma_me=1 trellis=1 8x8dct=1 cqm=0 deadzone=21,11 fast_pskip=1 chroma_qp_offset=-2 threads=15 lookahead_threads=2 sliced_threads=0 nr=0 decimate=1 interlaced=0 bluray_compat=0 constrained_intra=0 bframes=3 b_pyramid=2 b_adapt=1 b_bias=0 direct=1 weightb=1 open_gop=0 weightp=2 keyint=250 keyint_min=16 scenecut=40 intra_refresh=0 rc_lookahead=40 rc=crf mbtree=1 crf=23.0 qcomp=0.60 qpmin=0 qpmax=69 qpstep=4 ip_ratio=1.40 aq=1:1.00
Output #0, mp4, to '/data/vaishak/combined-kv-quant/results/combined/backfills/drift/moviegen/e48121ee371df766_FLOWCACHE_PRUNE_INT4/FLOWCACHE_PRUNE_INT4_frames_165/prompt_0000_seed_0.mp4':
  Metadata:
    major_brand     : isom
    minor_version   : 512
    compatible_brands: isomiso2avc1mp41
    encoder         : Lavf60.16.100
  Stream #0:0(und): Video: h264 (avc1 / 0x31637661), yuv420p(progressive), 832x480, q=2-31, 16 fps, 16384 tbn (default)
    Metadata:
      handler_name    : VideoHandler
      vendor_id       : [0][0][0][0]
      encoder         : Lavc60.31.102 libx264
    Side data:
      cpb: bitrate max/min/avg: 0/0/0 buffer size: 0 vbv_delay: N/A
frame=    0 fps=0.0 q=0.0 size=       0kB time=N/A bitrate=N/A speed=N/A    [out#0/mp4 @ 0x5e882fdbecc0] video:1867kB audio:0kB subtitle:0kB other streams:0kB global headers:0kB muxing overhead: 0.136579%
frame=  165 fps=0.0 q=-1.0 Lsize=    1869kB time=00:00:10.12 bitrate=1512.5kbits/s speed=  15x    
[libx264 @ 0x5e882fe49e40] frame I:2     Avg QP:23.10  size: 57760
[libx264 @ 0x5e882fe49e40] frame P:93    Avg QP:25.35  size: 16631
[libx264 @ 0x5e882fe49e40] frame B:70    Avg QP:29.60  size:  3554
[libx264 @ 0x5e882fe49e40] consecutive B-frames: 32.1% 26.7% 21.8% 19.4%
[libx264 @ 0x5e882fe49e40] mb I  I16..4:  1.2% 64.6% 34.2%
[libx264 @ 0x5e882fe49e40] mb P  I16..4:  0.4%  3.3%  1.3%  P16..4: 46.1% 25.4% 13.5%  0.0%  0.0%    skip:10.1%
[libx264 @ 0x5e882fe49e40] mb B  I16..4:  0.0%  0.3%  0.1%  B16..8: 41.2%  7.5%  2.1%  direct: 3.8%  skip:45.0%  L0:48.9% L1:36.3% BI:14.8%
[libx264 @ 0x5e882fe49e40] 8x8 transform intra:65.4% inter:65.6%
[libx264 @ 0x5e882fe49e40] coded y,uvDC,uvAC intra: 84.4% 97.8% 86.3% inter: 30.3% 44.7% 13.4%
[libx264 @ 0x5e882fe49e40] i16 v,h,dc,p: 31% 25%  9% 34%
[libx264 @ 0x5e882fe49e40] i8 v,h,dc,ddl,ddr,vr,hd,vl,hu: 24% 21% 11%  5%  6%  9%  8%  8% 10%
[libx264 @ 0x5e882fe49e40] i4 v,h,dc,ddl,ddr,vr,hd,vl,hu: 24% 21% 11%  5%  7%  8% 10%  7%  7%
[libx264 @ 0x5e882fe49e40] i8c dc,h,v,p: 36% 22% 28% 14%
[libx264 @ 0x5e882fe49e40] Weighted P-Frames: Y:25.8% UV:15.1%
[libx264 @ 0x5e882fe49e40] ref P L0: 61.0% 29.5%  7.8%  1.4%  0.4%
[libx264 @ 0x5e882fe49e40] ref B L0: 95.1%  4.5%  0.3%
[libx264 @ 0x5e882fe49e40] ref B L1: 99.8%  0.2%
[libx264 @ 0x5e882fe49e40] kb/s:1482.49
ffmpeg version 6.1.1-3ubuntu5 Copyright (c) 2000-2023 the FFmpeg developers
  built with gcc 13 (Ubuntu 13.2.0-23ubuntu3)
  configuration: --prefix=/usr --extra-version=3ubuntu5 --toolchain=hardened --libdir=/usr/lib/x86_64-linux-gnu --incdir=/usr/include/x86_64-linux-gnu --arch=amd64 --enable-gpl --disable-stripping --disable-omx --enable-gnutls --enable-libaom --enable-libass --enable-libbs2b --enable-libcaca --enable-libcdio --enable-libcodec2 --enable-libdav1d --enable-libflite --enable-libfontconfig --enable-libfreetype --enable-libfribidi --enable-libglslang --enable-libgme --enable-libgsm --enable-libharfbuzz --enable-libmp3lame --enable-libmysofa --enable-libopenjpeg --enable-libopenmpt --enable-libopus --enable-librubberband --enable-libshine --enable-libsnappy --enable-libsoxr --enable-libspeex --enable-libtheora --enable-libtwolame --enable-libvidstab --enable-libvorbis --enable-libvpx --enable-libwebp --enable-libx265 --enable-libxml2 --enable-libxvid --enable-libzimg --enable-openal --enable-opencl --enable-opengl --disable-sndio --enable-libvpl --disable-libmfx --enable-libdc1394 --enable-libdrm --enable-libiec61883 --enable-chromaprint --enable-frei0r --enable-ladspa --enable-libbluray --enable-libjack --enable-libpulse --enable-librabbitmq --enable-librist --enable-libsrt --enable-libssh --enable-libsvtav1 --enable-libx264 --enable-libzmq --enable-libzvbi --enable-lv2 --enable-sdl2 --enable-libplacebo --enable-librav1e --enable-pocketsphinx --enable-librsvg --enable-libjxl --enable-shared
  libavutil      58. 29.100 / 58. 29.100
  libavcodec     60. 31.102 / 60. 31.102
  libavformat    60. 16.100 / 60. 16.100
  libavdevice    60.  3.100 / 60.  3.100
  libavfilter     9. 12.100 /  9. 12.100
  libswscale      7.  5.100 /  7.  5.100
  libswresample   4. 12.100 /  4. 12.100
  libpostproc    57.  3.100 / 57.  3.100
Input #0, mov,mp4,m4a,3gp,3g2,mj2, from '/data/vaishak/combined-kv-quant/results/runs/backfill_flowcache_prune_int4_27bbc04277fe_10s/videos/FLOWCACHE_PRUNE_INT4/prompt_0001_seed_1.mp4':
  Metadata:
    major_brand     : isom
    minor_version   : 512
    compatible_brands: isomiso2avc1mp41
    encoder         : Lavf61.1.100
  Duration: 00:00:10.31, start: 0.000000, bitrate: 986 kb/s
  Stream #0:0[0x1](und): Video: h264 (High) (avc1 / 0x31637661), yuv420p(progressive), 832x480, 984 kb/s, 16 fps, 16 tbr, 16384 tbn (default)
    Metadata:
      handler_name    : VideoHandler
      vendor_id       : [0][0][0][0]
Stream mapping:
  Stream #0:0 -> #0:0 (h264 (native) -> h264 (libx264))
Press [q] to stop, [?] for help
[libx264 @ 0x605b4bece340] using cpu capabilities: MMX2 SSE2Fast SSSE3 SSE4.2 AVX FMA3 BMI2 AVX2
[libx264 @ 0x605b4bece340] profile High, level 3.0, 4:2:0, 8-bit
[libx264 @ 0x605b4bece340] 264 - core 164 r3108 31e19f9 - H.264/MPEG-4 AVC codec - Copyleft 2003-2023 - http://www.videolan.org/x264.html - options: cabac=1 ref=3 deblock=1:0:0 analyse=0x3:0x113 me=hex subme=7 psy=1 psy_rd=1.00:0.00 mixed_ref=1 me_range=16 chroma_me=1 trellis=1 8x8dct=1 cqm=0 deadzone=21,11 fast_pskip=1 chroma_qp_offset=-2 threads=15 lookahead_threads=2 sliced_threads=0 nr=0 decimate=1 interlaced=0 bluray_compat=0 constrained_intra=0 bframes=3 b_pyramid=2 b_adapt=1 b_bias=0 direct=1 weightb=1 open_gop=0 weightp=2 keyint=250 keyint_min=16 scenecut=40 intra_refresh=0 rc_lookahead=40 rc=crf mbtree=1 crf=23.0 qcomp=0.60 qpmin=0 qpmax=69 qpstep=4 ip_ratio=1.40 aq=1:1.00
Output #0, mp4, to '/data/vaishak/combined-kv-quant/results/combined/backfills/drift/moviegen/e48121ee371df766_FLOWCACHE_PRUNE_INT4/FLOWCACHE_PRUNE_INT4_frames_165/prompt_0001_seed_1.mp4':
  Metadata:
    major_brand     : isom
    minor_version   : 512
    compatible_brands: isomiso2avc1mp41
    encoder         : Lavf60.16.100
  Stream #0:0(und): Video: h264 (avc1 / 0x31637661), yuv420p(progressive), 832x480, q=2-31, 16 fps, 16384 tbn (default)
    Metadata:
      handler_name    : VideoHandler
      vendor_id       : [0][0][0][0]
      encoder         : Lavc60.31.102 libx264
    Side data:
      cpb: bitrate max/min/avg: 0/0/0 buffer size: 0 vbv_delay: N/A
frame=    0 fps=0.0 q=0.0 size=       0kB time=N/A bitrate=N/A speed=N/A    [out#0/mp4 @ 0x605b4be42d00] video:1753kB audio:0kB subtitle:0kB other streams:0kB global headers:0kB muxing overhead: 0.156823%
frame=  165 fps=0.0 q=-1.0 Lsize=    1756kB time=00:00:10.12 bitrate=1420.5kbits/s speed=15.6x    
[libx264 @ 0x605b4bece340] frame I:4     Avg QP:21.42  size: 51549
[libx264 @ 0x605b4bece340] frame P:52    Avg QP:23.30  size: 21888
[libx264 @ 0x605b4bece340] frame B:109   Avg QP:26.14  size:  4128
[libx264 @ 0x605b4bece340] consecutive B-frames:  6.7% 14.5%  3.6% 75.2%
[libx264 @ 0x605b4bece340] mb I  I16..4:  2.1% 71.3% 26.7%
[libx264 @ 0x605b4bece340] mb P  I16..4:  1.1%  6.3%  1.0%  P16..4: 43.2% 24.7% 13.2%  0.0%  0.0%    skip:10.6%
[libx264 @ 0x605b4bece340] mb B  I16..4:  0.1%  0.4%  0.0%  B16..8: 46.8%  6.1%  2.2%  direct: 2.8%  skip:41.5%  L0:49.9% L1:41.4% BI: 8.8%
[libx264 @ 0x605b4bece340] 8x8 transform intra:73.1% inter:65.5%
[libx264 @ 0x605b4bece340] coded y,uvDC,uvAC intra: 79.9% 86.9% 44.2% inter: 23.6% 18.7% 0.5%
[libx264 @ 0x605b4bece340] i16 v,h,dc,p: 14% 52%  8% 27%
[libx264 @ 0x605b4bece340] i8 v,h,dc,ddl,ddr,vr,hd,vl,hu: 12% 32% 16%  4%  6%  5% 10%  6% 10%
[libx264 @ 0x605b4bece340] i4 v,h,dc,ddl,ddr,vr,hd,vl,hu: 13% 28% 11%  5%  8%  6% 12%  6% 10%
[libx264 @ 0x605b4bece340] i8c dc,h,v,p: 36% 38% 13% 14%
[libx264 @ 0x605b4bece340] Weighted P-Frames: Y:40.4% UV:23.1%
[libx264 @ 0x605b4bece340] ref P L0: 57.6% 24.5% 14.0%  3.2%  0.7%
[libx264 @ 0x605b4bece340] ref B L0: 92.6%  6.6%  0.8%
[libx264 @ 0x605b4bece340] ref B L1: 98.9%  1.1%
[libx264 @ 0x605b4bece340] kb/s:1391.96
ffmpeg version 6.1.1-3ubuntu5 Copyright (c) 2000-2023 the FFmpeg developers
  built with gcc 13 (Ubuntu 13.2.0-23ubuntu3)
  configuration: --prefix=/usr --extra-version=3ubuntu5 --toolchain=hardened --libdir=/usr/lib/x86_64-linux-gnu --incdir=/usr/include/x86_64-linux-gnu --arch=amd64 --enable-gpl --disable-stripping --disable-omx --enable-gnutls --enable-libaom --enable-libass --enable-libbs2b --enable-libcaca --enable-libcdio --enable-libcodec2 --enable-libdav1d --enable-libflite --enable-libfontconfig --enable-libfreetype --enable-libfribidi --enable-libglslang --enable-libgme --enable-libgsm --enable-libharfbuzz --enable-libmp3lame --enable-libmysofa --enable-libopenjpeg --enable-libopenmpt --enable-libopus --enable-librubberband --enable-libshine --enable-libsnappy --enable-libsoxr --enable-libspeex --enable-libtheora --enable-libtwolame --enable-libvidstab --enable-libvorbis --enable-libvpx --enable-libwebp --enable-libx265 --enable-libxml2 --enable-libxvid --enable-libzimg --enable-openal --enable-opencl --enable-opengl --disable-sndio --enable-libvpl --disable-libmfx --enable-libdc1394 --enable-libdrm --enable-libiec61883 --enable-chromaprint --enable-frei0r --enable-ladspa --enable-libbluray --enable-libjack --enable-libpulse --enable-librabbitmq --enable-librist --enable-libsrt --enable-libssh --enable-libsvtav1 --enable-libx264 --enable-libzmq --enable-libzvbi --enable-lv2 --enable-sdl2 --enable-libplacebo --enable-librav1e --enable-pocketsphinx --enable-librsvg --enable-libjxl --enable-shared
  libavutil      58. 29.100 / 58. 29.100
  libavcodec     60. 31.102 / 60. 31.102
  libavformat    60. 16.100 / 60. 16.100
  libavdevice    60.  3.100 / 60.  3.100
  libavfilter     9. 12.100 /  9. 12.100
  libswscale      7.  5.100 /  7.  5.100
  libswresample   4. 12.100 /  4. 12.100
  libpostproc    57.  3.100 / 57.  3.100
Input #0, mov,mp4,m4a,3gp,3g2,mj2, from '/data/vaishak/combined-kv-quant/results/runs/backfill_flowcache_prune_int4_27bbc04277fe_10s/videos/FLOWCACHE_PRUNE_INT4/prompt_0002_seed_2.mp4':
  Metadata:
    major_brand     : isom
    minor_version   : 512
    compatible_brands: isomiso2avc1mp41
    encoder         : Lavf61.1.100
  Duration: 00:00:10.31, start: 0.000000, bitrate: 1040 kb/s
  Stream #0:0[0x1](und): Video: h264 (High) (avc1 / 0x31637661), yuv420p(progressive), 832x480, 1038 kb/s, 16 fps, 16 tbr, 16384 tbn (default)
    Metadata:
      handler_name    : VideoHandler
      vendor_id       : [0][0][0][0]
Stream mapping:
  Stream #0:0 -> #0:0 (h264 (native) -> h264 (libx264))
Press [q] to stop, [?] for help
[libx264 @ 0x5bc9823d03c0] using cpu capabilities: MMX2 SSE2Fast SSSE3 SSE4.2 AVX FMA3 BMI2 AVX2
[libx264 @ 0x5bc9823d03c0] profile High, level 3.0, 4:2:0, 8-bit
[libx264 @ 0x5bc9823d03c0] 264 - core 164 r3108 31e19f9 - H.264/MPEG-4 AVC codec - Copyleft 2003-2023 - http://www.videolan.org/x264.html - options: cabac=1 ref=3 deblock=1:0:0 analyse=0x3:0x113 me=hex subme=7 psy=1 psy_rd=1.00:0.00 mixed_ref=1 me_range=16 chroma_me=1 trellis=1 8x8dct=1 cqm=0 deadzone=21,11 fast_pskip=1 chroma_qp_offset=-2 threads=15 lookahead_threads=2 sliced_threads=0 nr=0 decimate=1 interlaced=0 bluray_compat=0 constrained_intra=0 bframes=3 b_pyramid=2 b_adapt=1 b_bias=0 direct=1 weightb=1 open_gop=0 weightp=2 keyint=250 keyint_min=16 scenecut=40 intra_refresh=0 rc_lookahead=40 rc=crf mbtree=1 crf=23.0 qcomp=0.60 qpmin=0 qpmax=69 qpstep=4 ip_ratio=1.40 aq=1:1.00
Output #0, mp4, to '/data/vaishak/combined-kv-quant/results/combined/backfills/drift/moviegen/e48121ee371df766_FLOWCACHE_PRUNE_INT4/FLOWCACHE_PRUNE_INT4_frames_165/prompt_0002_seed_2.mp4':
  Metadata:
    major_brand     : isom
    minor_version   : 512
    compatible_brands: isomiso2avc1mp41
    encoder         : Lavf60.16.100
  Stream #0:0(und): Video: h264 (avc1 / 0x31637661), yuv420p(progressive), 832x480, q=2-31, 16 fps, 16384 tbn (default)
    Metadata:
      handler_name    : VideoHandler
      vendor_id       : [0][0][0][0]
      encoder         : Lavc60.31.102 libx264
    Side data:
      cpb: bitrate max/min/avg: 0/0/0 buffer size: 0 vbv_delay: N/A
frame=    0 fps=0.0 q=0.0 size=       0kB time=N/A bitrate=N/A speed=N/A    [out#0/mp4 @ 0x5bc9823cefc0] video:1522kB audio:0kB subtitle:0kB other streams:0kB global headers:0kB muxing overhead: 0.178336%
frame=  165 fps=0.0 q=-1.0 Lsize=    1524kB time=00:00:10.12 bitrate=1233.4kbits/s speed=17.6x    
[libx264 @ 0x5bc9823d03c0] frame I:3     Avg QP:21.18  size: 33564
[libx264 @ 0x5bc9823d03c0] frame P:52    Avg QP:22.46  size: 17552
[libx264 @ 0x5bc9823d03c0] frame B:110   Avg QP:25.63  size:  4947
[libx264 @ 0x5bc9823d03c0] consecutive B-frames:  6.7%  9.7% 10.9% 72.7%
[libx264 @ 0x5bc9823d03c0] mb I  I16..4: 19.9% 59.5% 20.6%
[libx264 @ 0x5bc9823d03c0] mb P  I16..4:  6.0%  6.6%  2.2%  P16..4: 41.8% 18.7%  9.3%  0.0%  0.0%    skip:15.4%
[libx264 @ 0x5bc9823d03c0] mb B  I16..4:  0.2%  0.2%  0.1%  B16..8: 40.0%  9.2%  2.7%  direct: 2.5%  skip:45.1%  L0:45.6% L1:43.4% BI:11.0%
[libx264 @ 0x5bc9823d03c0] 8x8 transform intra:48.3% inter:62.4%
[libx264 @ 0x5bc9823d03c0] coded y,uvDC,uvAC intra: 53.5% 74.4% 37.1% inter: 20.2% 22.5% 2.6%
[libx264 @ 0x5bc9823d03c0] i16 v,h,dc,p:  2% 59%  2% 37%
[libx264 @ 0x5bc9823d03c0] i8 v,h,dc,ddl,ddr,vr,hd,vl,hu: 11% 35% 15%  5%  6%  5%  9%  5%  9%
[libx264 @ 0x5bc9823d03c0] i4 v,h,dc,ddl,ddr,vr,hd,vl,hu: 16% 26% 12%  6%  8%  7% 10%  6%  8%
[libx264 @ 0x5bc9823d03c0] i8c dc,h,v,p: 38% 41% 12%  9%
[libx264 @ 0x5bc9823d03c0] Weighted P-Frames: Y:32.7% UV:11.5%
[libx264 @ 0x5bc9823d03c0] ref P L0: 56.9% 18.1% 17.0%  6.4%  1.6%
[libx264 @ 0x5bc9823d03c0] ref B L0: 91.9%  6.5%  1.6%
[libx264 @ 0x5bc9823d03c0] ref B L1: 98.7%  1.3%
[libx264 @ 0x5bc9823d03c0] kb/s:1208.33
ffmpeg version 6.1.1-3ubuntu5 Copyright (c) 2000-2023 the FFmpeg developers
  built with gcc 13 (Ubuntu 13.2.0-23ubuntu3)
  configuration: --prefix=/usr --extra-version=3ubuntu5 --toolchain=hardened --libdir=/usr/lib/x86_64-linux-gnu --incdir=/usr/include/x86_64-linux-gnu --arch=amd64 --enable-gpl --disable-stripping --disable-omx --enable-gnutls --enable-libaom --enable-libass --enable-libbs2b --enable-libcaca --enable-libcdio --enable-libcodec2 --enable-libdav1d --enable-libflite --enable-libfontconfig --enable-libfreetype --enable-libfribidi --enable-libglslang --enable-libgme --enable-libgsm --enable-libharfbuzz --enable-libmp3lame --enable-libmysofa --enable-libopenjpeg --enable-libopenmpt --enable-libopus --enable-librubberband --enable-libshine --enable-libsnappy --enable-libsoxr --enable-libspeex --enable-libtheora --enable-libtwolame --enable-libvidstab --enable-libvorbis --enable-libvpx --enable-libwebp --enable-libx265 --enable-libxml2 --enable-libxvid --enable-libzimg --enable-openal --enable-opencl --enable-opengl --disable-sndio --enable-libvpl --disable-libmfx --enable-libdc1394 --enable-libdrm --enable-libiec61883 --enable-chromaprint --enable-frei0r --enable-ladspa --enable-libbluray --enable-libjack --enable-libpulse --enable-librabbitmq --enable-librist --enable-libsrt --enable-libssh --enable-libsvtav1 --enable-libx264 --enable-libzmq --enable-libzvbi --enable-lv2 --enable-sdl2 --enable-libplacebo --enable-librav1e --enable-pocketsphinx --enable-librsvg --enable-libjxl --enable-shared
  libavutil      58. 29.100 / 58. 29.100
  libavcodec     60. 31.102 / 60. 31.102
  libavformat    60. 16.100 / 60. 16.100
  libavdevice    60.  3.100 / 60.  3.100
  libavfilter     9. 12.100 /  9. 12.100
  libswscale      7.  5.100 /  7.  5.100
  libswresample   4. 12.100 /  4. 12.100
  libpostproc    57.  3.100 / 57.  3.100
Input #0, mov,mp4,m4a,3gp,3g2,mj2, from '/data/vaishak/combined-kv-quant/results/runs/backfill_flowcache_prune_int4_27bbc04277fe_10s/videos/FLOWCACHE_PRUNE_INT4/prompt_0003_seed_3.mp4':
  Metadata:
    major_brand     : isom
    minor_version   : 512
    compatible_brands: isomiso2avc1mp41
    encoder         : Lavf61.1.100
  Duration: 00:00:10.31, start: 0.000000, bitrate: 1002 kb/s
  Stream #0:0[0x1](und): Video: h264 (High) (avc1 / 0x31637661), yuv420p(progressive), 832x480, 1000 kb/s, 16 fps, 16 tbr, 16384 tbn (default)
    Metadata:
      handler_name    : VideoHandler
      vendor_id       : [0][0][0][0]
Stream mapping:
  Stream #0:0 -> #0:0 (h264 (native) -> h264 (libx264))
Press [q] to stop, [?] for help
[libx264 @ 0x5e22663d71c0] using cpu capabilities: MMX2 SSE2Fast SSSE3 SSE4.2 AVX FMA3 BMI2 AVX2
[libx264 @ 0x5e22663d71c0] profile High, level 3.0, 4:2:0, 8-bit
[libx264 @ 0x5e22663d71c0] 264 - core 164 r3108 31e19f9 - H.264/MPEG-4 AVC codec - Copyleft 2003-2023 - http://www.videolan.org/x264.html - options: cabac=1 ref=3 deblock=1:0:0 analyse=0x3:0x113 me=hex subme=7 psy=1 psy_rd=1.00:0.00 mixed_ref=1 me_range=16 chroma_me=1 trellis=1 8x8dct=1 cqm=0 deadzone=21,11 fast_pskip=1 chroma_qp_offset=-2 threads=15 lookahead_threads=2 sliced_threads=0 nr=0 decimate=1 interlaced=0 bluray_compat=0 constrained_intra=0 bframes=3 b_pyramid=2 b_adapt=1 b_bias=0 direct=1 weightb=1 open_gop=0 weightp=2 keyint=250 keyint_min=16 scenecut=40 intra_refresh=0 rc_lookahead=40 rc=crf mbtree=1 crf=23.0 qcomp=0.60 qpmin=0 qpmax=69 qpstep=4 ip_ratio=1.40 aq=1:1.00
Output #0, mp4, to '/data/vaishak/combined-kv-quant/results/combined/backfills/drift/moviegen/e48121ee371df766_FLOWCACHE_PRUNE_INT4/FLOWCACHE_PRUNE_INT4_frames_165/prompt_0003_seed_3.mp4':
  Metadata:
    major_brand     : isom
    minor_version   : 512
    compatible_brands: isomiso2avc1mp41
    encoder         : Lavf60.16.100
  Stream #0:0(und): Video: h264 (avc1 / 0x31637661), yuv420p(progressive), 832x480, q=2-31, 16 fps, 16384 tbn (default)
    Metadata:
      handler_name    : VideoHandler
      vendor_id       : [0][0][0][0]
      encoder         : Lavc60.31.102 libx264
    Side data:
      cpb: bitrate max/min/avg: 0/0/0 buffer size: 0 vbv_delay: N/A
frame=    0 fps=0.0 q=0.0 size=       0kB time=N/A bitrate=N/A speed=N/A    [out#0/mp4 @ 0x5e226633cd00] video:2108kB audio:0kB subtitle:0kB other streams:0kB global headers:0kB muxing overhead: 0.130955%
frame=  165 fps=0.0 q=-1.0 Lsize=    2111kB time=00:00:10.12 bitrate=1707.9kbits/s speed=  14x    
[libx264 @ 0x5e22663d71c0] frame I:3     Avg QP:22.23  size: 57549
[libx264 @ 0x5e22663d71c0] frame P:49    Avg QP:24.34  size: 27771
[libx264 @ 0x5e22663d71c0] frame B:113   Avg QP:27.17  size:  5528
[libx264 @ 0x5e22663d71c0] consecutive B-frames:  6.1%  6.1%  5.5% 82.4%
[libx264 @ 0x5e22663d71c0] mb I  I16..4:  8.6% 56.4% 35.0%
[libx264 @ 0x5e22663d71c0] mb P  I16..4:  2.4% 12.4%  3.2%  P16..4: 37.7% 23.2% 13.1%  0.0%  0.0%    skip: 8.1%
[libx264 @ 0x5e22663d71c0] mb B  I16..4:  0.1%  0.6%  0.2%  B16..8: 44.3%  8.6%  3.1%  direct: 3.7%  skip:39.3%  L0:47.9% L1:39.1% BI:12.9%
[libx264 @ 0x5e22663d71c0] 8x8 transform intra:65.6% inter:64.1%
[libx264 @ 0x5e22663d71c0] coded y,uvDC,uvAC intra: 82.4% 92.6% 56.7% inter: 26.8% 25.0% 1.2%
[libx264 @ 0x5e22663d71c0] i16 v,h,dc,p:  2% 42%  2% 54%
[libx264 @ 0x5e22663d71c0] i8 v,h,dc,ddl,ddr,vr,hd,vl,hu:  8% 29% 12%  5%  7%  5% 15%  6% 14%
[libx264 @ 0x5e22663d71c0] i4 v,h,dc,ddl,ddr,vr,hd,vl,hu: 10% 27% 11%  6%  9%  6% 14%  5% 12%
[libx264 @ 0x5e22663d71c0] i8c dc,h,v,p: 37% 33% 13% 16%
[libx264 @ 0x5e22663d71c0] Weighted P-Frames: Y:34.7% UV:20.4%
[libx264 @ 0x5e22663d71c0] ref P L0: 55.7% 24.9% 15.2%  3.5%  0.8%
[libx264 @ 0x5e22663d71c0] ref B L0: 91.2%  7.2%  1.6%
[libx264 @ 0x5e22663d71c0] ref B L1: 99.1%  0.9%
[libx264 @ 0x5e22663d71c0] kb/s:1674.14
ffmpeg version 6.1.1-3ubuntu5 Copyright (c) 2000-2023 the FFmpeg developers
  built with gcc 13 (Ubuntu 13.2.0-23ubuntu3)
  configuration: --prefix=/usr --extra-version=3ubuntu5 --toolchain=hardened --libdir=/usr/lib/x86_64-linux-gnu --incdir=/usr/include/x86_64-linux-gnu --arch=amd64 --enable-gpl --disable-stripping --disable-omx --enable-gnutls --enable-libaom --enable-libass --enable-libbs2b --enable-libcaca --enable-libcdio --enable-libcodec2 --enable-libdav1d --enable-libflite --enable-libfontconfig --enable-libfreetype --enable-libfribidi --enable-libglslang --enable-libgme --enable-libgsm --enable-libharfbuzz --enable-libmp3lame --enable-libmysofa --enable-libopenjpeg --enable-libopenmpt --enable-libopus --enable-librubberband --enable-libshine --enable-libsnappy --enable-libsoxr --enable-libspeex --enable-libtheora --enable-libtwolame --enable-libvidstab --enable-libvorbis --enable-libvpx --enable-libwebp --enable-libx265 --enable-libxml2 --enable-libxvid --enable-libzimg --enable-openal --enable-opencl --enable-opengl --disable-sndio --enable-libvpl --disable-libmfx --enable-libdc1394 --enable-libdrm --enable-libiec61883 --enable-chromaprint --enable-frei0r --enable-ladspa --enable-libbluray --enable-libjack --enable-libpulse --enable-librabbitmq --enable-librist --enable-libsrt --enable-libssh --enable-libsvtav1 --enable-libx264 --enable-libzmq --enable-libzvbi --enable-lv2 --enable-sdl2 --enable-libplacebo --enable-librav1e --enable-pocketsphinx --enable-librsvg --enable-libjxl --enable-shared
  libavutil      58. 29.100 / 58. 29.100
  libavcodec     60. 31.102 / 60. 31.102
  libavformat    60. 16.100 / 60. 16.100
  libavdevice    60.  3.100 / 60.  3.100
  libavfilter     9. 12.100 /  9. 12.100
  libswscale      7.  5.100 /  7.  5.100
  libswresample   4. 12.100 /  4. 12.100
  libpostproc    57.  3.100 / 57.  3.100
Input #0, mov,mp4,m4a,3gp,3g2,mj2, from '/data/vaishak/combined-kv-quant/results/runs/backfill_flowcache_prune_int4_27bbc04277fe_10s/videos/FLOWCACHE_PRUNE_INT4/prompt_0004_seed_4.mp4':
  Metadata:
    major_brand     : isom
    minor_version   : 512
    compatible_brands: isomiso2avc1mp41
    encoder         : Lavf61.1.100
  Duration: 00:00:10.31, start: 0.000000, bitrate: 1036 kb/s
  Stream #0:0[0x1](und): Video: h264 (High) (avc1 / 0x31637661), yuv420p(progressive), 832x480, 1034 kb/s, 16 fps, 16 tbr, 16384 tbn (default)
    Metadata:
      handler_name    : VideoHandler
      vendor_id       : [0][0][0][0]
Stream mapping:
  Stream #0:0 -> #0:0 (h264 (native) -> h264 (libx264))
Press [q] to stop, [?] for help
[libx264 @ 0x5b59b86f3a80] using cpu capabilities: MMX2 SSE2Fast SSSE3 SSE4.2 AVX FMA3 BMI2 AVX2
[libx264 @ 0x5b59b86f3a80] profile High, level 3.0, 4:2:0, 8-bit
[libx264 @ 0x5b59b86f3a80] 264 - core 164 r3108 31e19f9 - H.264/MPEG-4 AVC codec - Copyleft 2003-2023 - http://www.videolan.org/x264.html - options: cabac=1 ref=3 deblock=1:0:0 analyse=0x3:0x113 me=hex subme=7 psy=1 psy_rd=1.00:0.00 mixed_ref=1 me_range=16 chroma_me=1 trellis=1 8x8dct=1 cqm=0 deadzone=21,11 fast_pskip=1 chroma_qp_offset=-2 threads=15 lookahead_threads=2 sliced_threads=0 nr=0 decimate=1 interlaced=0 bluray_compat=0 constrained_intra=0 bframes=3 b_pyramid=2 b_adapt=1 b_bias=0 direct=1 weightb=1 open_gop=0 weightp=2 keyint=250 keyint_min=16 scenecut=40 intra_refresh=0 rc_lookahead=40 rc=crf mbtree=1 crf=23.0 qcomp=0.60 qpmin=0 qpmax=69 qpstep=4 ip_ratio=1.40 aq=1:1.00
Output #0, mp4, to '/data/vaishak/combined-kv-quant/results/combined/backfills/drift/moviegen/e48121ee371df766_FLOWCACHE_PRUNE_INT4/FLOWCACHE_PRUNE_INT4_frames_165/prompt_0004_seed_4.mp4':
  Metadata:
    major_brand     : isom
    minor_version   : 512
    compatible_brands: isomiso2avc1mp41
    encoder         : Lavf60.16.100
  Stream #0:0(und): Video: h264 (avc1 / 0x31637661), yuv420p(progressive), 832x480, q=2-31, 16 fps, 16384 tbn (default)
    Metadata:
      handler_name    : VideoHandler
      vendor_id       : [0][0][0][0]
      encoder         : Lavc60.31.102 libx264
    Side data:
      cpb: bitrate max/min/avg: 0/0/0 buffer size: 0 vbv_delay: N/A
frame=    0 fps=0.0 q=0.0 size=       0kB time=N/A bitrate=N/A speed=N/A    [out#0/mp4 @ 0x5b59b8672fc0] video:1128kB audio:0kB subtitle:0kB other streams:0kB global headers:0kB muxing overhead: 0.246153%
frame=  165 fps=0.0 q=-1.0 Lsize=    1131kB time=00:00:10.12 bitrate= 914.8kbits/s speed=17.9x    
[libx264 @ 0x5b59b86f3a80] frame I:2     Avg QP:20.68  size: 32700
[libx264 @ 0x5b59b86f3a80] frame P:44    Avg QP:22.24  size: 15966
[libx264 @ 0x5b59b86f3a80] frame B:119   Avg QP:25.95  size:  3247
[libx264 @ 0x5b59b86f3a80] consecutive B-frames:  1.8%  4.8%  3.6% 89.7%
[libx264 @ 0x5b59b86f3a80] mb I  I16..4: 15.9% 67.4% 16.7%
[libx264 @ 0x5b59b86f3a80] mb P  I16..4:  4.1%  7.9%  1.3%  P16..4: 46.4% 21.5%  9.6%  0.0%  0.0%    skip: 9.3%
[libx264 @ 0x5b59b86f3a80] mb B  I16..4:  0.6%  0.7%  0.1%  B16..8: 34.8%  6.2%  1.6%  direct: 3.3%  skip:52.6%  L0:47.4% L1:43.5% BI: 9.1%
[libx264 @ 0x5b59b86f3a80] 8x8 transform intra:59.5% inter:73.8%
[libx264 @ 0x5b59b86f3a80] coded y,uvDC,uvAC intra: 53.6% 87.2% 38.8% inter: 17.6% 27.4% 1.6%
[libx264 @ 0x5b59b86f3a80] i16 v,h,dc,p: 26% 40%  2% 32%
[libx264 @ 0x5b59b86f3a80] i8 v,h,dc,ddl,ddr,vr,hd,vl,hu: 24% 29% 13%  5%  5%  6%  6%  7%  6%
[libx264 @ 0x5b59b86f3a80] i4 v,h,dc,ddl,ddr,vr,hd,vl,hu: 17% 24% 11%  6% 10%  8% 10%  6%  7%
[libx264 @ 0x5b59b86f3a80] i8c dc,h,v,p: 27% 31% 24% 18%
[libx264 @ 0x5b59b86f3a80] Weighted P-Frames: Y:27.3% UV:27.3%
[libx264 @ 0x5b59b86f3a80] ref P L0: 56.2% 18.5% 17.8%  6.1%  1.4%
[libx264 @ 0x5b59b86f3a80] ref B L0: 88.0%  9.0%  3.0%
[libx264 @ 0x5b59b86f3a80] ref B L1: 97.3%  2.7%
[libx264 @ 0x5b59b86f3a80] kb/s:895.44
ffmpeg version 6.1.1-3ubuntu5 Copyright (c) 2000-2023 the FFmpeg developers
  built with gcc 13 (Ubuntu 13.2.0-23ubuntu3)
  configuration: --prefix=/usr --extra-version=3ubuntu5 --toolchain=hardened --libdir=/usr/lib/x86_64-linux-gnu --incdir=/usr/include/x86_64-linux-gnu --arch=amd64 --enable-gpl --disable-stripping --disable-omx --enable-gnutls --enable-libaom --enable-libass --enable-libbs2b --enable-libcaca --enable-libcdio --enable-libcodec2 --enable-libdav1d --enable-libflite --enable-libfontconfig --enable-libfreetype --enable-libfribidi --enable-libglslang --enable-libgme --enable-libgsm --enable-libharfbuzz --enable-libmp3lame --enable-libmysofa --enable-libopenjpeg --enable-libopenmpt --enable-libopus --enable-librubberband --enable-libshine --enable-libsnappy --enable-libsoxr --enable-libspeex --enable-libtheora --enable-libtwolame --enable-libvidstab --enable-libvorbis --enable-libvpx --enable-libwebp --enable-libx265 --enable-libxml2 --enable-libxvid --enable-libzimg --enable-openal --enable-opencl --enable-opengl --disable-sndio --enable-libvpl --disable-libmfx --enable-libdc1394 --enable-libdrm --enable-libiec61883 --enable-chromaprint --enable-frei0r --enable-ladspa --enable-libbluray --enable-libjack --enable-libpulse --enable-librabbitmq --enable-librist --enable-libsrt --enable-libssh --enable-libsvtav1 --enable-libx264 --enable-libzmq --enable-libzvbi --enable-lv2 --enable-sdl2 --enable-libplacebo --enable-librav1e --enable-pocketsphinx --enable-librsvg --enable-libjxl --enable-shared
  libavutil      58. 29.100 / 58. 29.100
  libavcodec     60. 31.102 / 60. 31.102
  libavformat    60. 16.100 / 60. 16.100
  libavdevice    60.  3.100 / 60.  3.100
  libavfilter     9. 12.100 /  9. 12.100
  libswscale      7.  5.100 /  7.  5.100
  libswresample   4. 12.100 /  4. 12.100
  libpostproc    57.  3.100 / 57.  3.100
Input #0, mov,mp4,m4a,3gp,3g2,mj2, from '/data/vaishak/combined-kv-quant/results/runs/backfill_flowcache_prune_int4_27bbc04277fe_10s/videos/FLOWCACHE_PRUNE_INT4/prompt_0005_seed_5.mp4':
  Metadata:
    major_brand     : isom
    minor_version   : 512
    compatible_brands: isomiso2avc1mp41
    encoder         : Lavf61.1.100
  Duration: 00:00:10.31, start: 0.000000, bitrate: 1033 kb/s
  Stream #0:0[0x1](und): Video: h264 (High) (avc1 / 0x31637661), yuv420p(progressive), 832x480, 1031 kb/s, 16 fps, 16 tbr, 16384 tbn (default)
    Metadata:
      handler_name    : VideoHandler
      vendor_id       : [0][0][0][0]
Stream mapping:
  Stream #0:0 -> #0:0 (h264 (native) -> h264 (libx264))
Press [q] to stop, [?] for help
[libx264 @ 0x5e9ceb7cd340] using cpu capabilities: MMX2 SSE2Fast SSSE3 SSE4.2 AVX FMA3 BMI2 AVX2
[libx264 @ 0x5e9ceb7cd340] profile High, level 3.0, 4:2:0, 8-bit
[libx264 @ 0x5e9ceb7cd340] 264 - core 164 r3108 31e19f9 - H.264/MPEG-4 AVC codec - Copyleft 2003-2023 - http://www.videolan.org/x264.html - options: cabac=1 ref=3 deblock=1:0:0 analyse=0x3:0x113 me=hex subme=7 psy=1 psy_rd=1.00:0.00 mixed_ref=1 me_range=16 chroma_me=1 trellis=1 8x8dct=1 cqm=0 deadzone=21,11 fast_pskip=1 chroma_qp_offset=-2 threads=15 lookahead_threads=2 sliced_threads=0 nr=0 decimate=1 interlaced=0 bluray_compat=0 constrained_intra=0 bframes=3 b_pyramid=2 b_adapt=1 b_bias=0 direct=1 weightb=1 open_gop=0 weightp=2 keyint=250 keyint_min=16 scenecut=40 intra_refresh=0 rc_lookahead=40 rc=crf mbtree=1 crf=23.0 qcomp=0.60 qpmin=0 qpmax=69 qpstep=4 ip_ratio=1.40 aq=1:1.00
Output #0, mp4, to '/data/vaishak/combined-kv-quant/results/combined/backfills/drift/moviegen/e48121ee371df766_FLOWCACHE_PRUNE_INT4/FLOWCACHE_PRUNE_INT4_frames_165/prompt_0005_seed_5.mp4':
  Metadata:
    major_brand     : isom
    minor_version   : 512
    compatible_brands: isomiso2avc1mp41
    encoder         : Lavf60.16.100
  Stream #0:0(und): Video: h264 (avc1 / 0x31637661), yuv420p(progressive), 832x480, q=2-31, 16 fps, 16384 tbn (default)
    Metadata:
      handler_name    : VideoHandler
      vendor_id       : [0][0][0][0]
      encoder         : Lavc60.31.102 libx264
    Side data:
      cpb: bitrate max/min/avg: 0/0/0 buffer size: 0 vbv_delay: N/A
frame=    0 fps=0.0 q=0.0 size=       0kB time=N/A bitrate=N/A speed=N/A    [out#0/mp4 @ 0x5e9ceb737cc0] video:1820kB audio:0kB subtitle:0kB other streams:0kB global headers:0kB muxing overhead: 0.139644%
frame=  165 fps=0.0 q=-1.0 Lsize=    1823kB time=00:00:10.12 bitrate=1474.9kbits/s speed=16.7x    
[libx264 @ 0x5e9ceb7cd340] frame I:2     Avg QP:22.70  size: 90548
[libx264 @ 0x5e9ceb7cd340] frame P:95    Avg QP:24.85  size: 15836
[libx264 @ 0x5e9ceb7cd340] frame B:68    Avg QP:29.44  size:  2616
[libx264 @ 0x5e9ceb7cd340] consecutive B-frames: 33.3% 27.9% 21.8% 17.0%
[libx264 @ 0x5e9ceb7cd340] mb I  I16..4:  2.1% 42.6% 55.3%
[libx264 @ 0x5e9ceb7cd340] mb P  I16..4:  0.2%  1.0%  0.5%  P16..4: 43.4% 23.8% 16.0%  0.0%  0.0%    skip:15.1%
[libx264 @ 0x5e9ceb7cd340] mb B  I16..4:  0.0%  0.0%  0.0%  B16..8: 44.1%  5.5%  2.0%  direct: 1.8%  skip:46.6%  L0:48.3% L1:42.8% BI: 8.9%
[libx264 @ 0x5e9ceb7cd340] 8x8 transform intra:49.6% inter:55.2%
[libx264 @ 0x5e9ceb7cd340] coded y,uvDC,uvAC intra: 85.5% 98.4% 89.3% inter: 26.1% 38.3% 13.1%
[libx264 @ 0x5e9ceb7cd340] i16 v,h,dc,p:  6% 44% 16% 34%
[libx264 @ 0x5e9ceb7cd340] i8 v,h,dc,ddl,ddr,vr,hd,vl,hu: 12% 27% 16%  5%  6%  7%  8%  7% 14%
[libx264 @ 0x5e9ceb7cd340] i4 v,h,dc,ddl,ddr,vr,hd,vl,hu: 18% 16% 12%  8% 10% 11%  9%  9%  9%
[libx264 @ 0x5e9ceb7cd340] i8c dc,h,v,p: 45% 27% 14% 15%
[libx264 @ 0x5e9ceb7cd340] Weighted P-Frames: Y:24.2% UV:7.4%
[libx264 @ 0x5e9ceb7cd340] ref P L0: 64.5% 26.4%  6.9%  1.7%  0.5%
[libx264 @ 0x5e9ceb7cd340] ref B L0: 95.2%  4.5%  0.3%
[libx264 @ 0x5e9ceb7cd340] ref B L1: 99.1%  0.9%
[libx264 @ 0x5e9ceb7cd340] kb/s:1445.50
ffmpeg version 6.1.1-3ubuntu5 Copyright (c) 2000-2023 the FFmpeg developers
  built with gcc 13 (Ubuntu 13.2.0-23ubuntu3)
  configuration: --prefix=/usr --extra-version=3ubuntu5 --toolchain=hardened --libdir=/usr/lib/x86_64-linux-gnu --incdir=/usr/include/x86_64-linux-gnu --arch=amd64 --enable-gpl --disable-stripping --disable-omx --enable-gnutls --enable-libaom --enable-libass --enable-libbs2b --enable-libcaca --enable-libcdio --enable-libcodec2 --enable-libdav1d --enable-libflite --enable-libfontconfig --enable-libfreetype --enable-libfribidi --enable-libglslang --enable-libgme --enable-libgsm --enable-libharfbuzz --enable-libmp3lame --enable-libmysofa --enable-libopenjpeg --enable-libopenmpt --enable-libopus --enable-librubberband --enable-libshine --enable-libsnappy --enable-libsoxr --enable-libspeex --enable-libtheora --enable-libtwolame --enable-libvidstab --enable-libvorbis --enable-libvpx --enable-libwebp --enable-libx265 --enable-libxml2 --enable-libxvid --enable-libzimg --enable-openal --enable-opencl --enable-opengl --disable-sndio --enable-libvpl --disable-libmfx --enable-libdc1394 --enable-libdrm --enable-libiec61883 --enable-chromaprint --enable-frei0r --enable-ladspa --enable-libbluray --enable-libjack --enable-libpulse --enable-librabbitmq --enable-librist --enable-libsrt --enable-libssh --enable-libsvtav1 --enable-libx264 --enable-libzmq --enable-libzvbi --enable-lv2 --enable-sdl2 --enable-libplacebo --enable-librav1e --enable-pocketsphinx --enable-librsvg --enable-libjxl --enable-shared
  libavutil      58. 29.100 / 58. 29.100
  libavcodec     60. 31.102 / 60. 31.102
  libavformat    60. 16.100 / 60. 16.100
  libavdevice    60.  3.100 / 60.  3.100
  libavfilter     9. 12.100 /  9. 12.100
  libswscale      7.  5.100 /  7.  5.100
  libswresample   4. 12.100 /  4. 12.100
  libpostproc    57.  3.100 / 57.  3.100
Input #0, mov,mp4,m4a,3gp,3g2,mj2, from '/data/vaishak/combined-kv-quant/results/runs/backfill_flowcache_prune_int4_27bbc04277fe_10s/videos/FLOWCACHE_PRUNE_INT4/prompt_0006_seed_6.mp4':
  Metadata:
    major_brand     : isom
    minor_version   : 512
    compatible_brands: isomiso2avc1mp41
    encoder         : Lavf61.1.100
  Duration: 00:00:10.31, start: 0.000000, bitrate: 1072 kb/s
  Stream #0:0[0x1](und): Video: h264 (High) (avc1 / 0x31637661), yuv420p(progressive), 832x480, 1069 kb/s, 16 fps, 16 tbr, 16384 tbn (default)
    Metadata:
      handler_name    : VideoHandler
      vendor_id       : [0][0][0][0]
Stream mapping:
  Stream #0:0 -> #0:0 (h264 (native) -> h264 (libx264))
Press [q] to stop, [?] for help
[libx264 @ 0x59c2e2601580] using cpu capabilities: MMX2 SSE2Fast SSSE3 SSE4.2 AVX FMA3 BMI2 AVX2
[libx264 @ 0x59c2e2601580] profile High, level 3.0, 4:2:0, 8-bit
[libx264 @ 0x59c2e2601580] 264 - core 164 r3108 31e19f9 - H.264/MPEG-4 AVC codec - Copyleft 2003-2023 - http://www.videolan.org/x264.html - options: cabac=1 ref=3 deblock=1:0:0 analyse=0x3:0x113 me=hex subme=7 psy=1 psy_rd=1.00:0.00 mixed_ref=1 me_range=16 chroma_me=1 trellis=1 8x8dct=1 cqm=0 deadzone=21,11 fast_pskip=1 chroma_qp_offset=-2 threads=15 lookahead_threads=2 sliced_threads=0 nr=0 decimate=1 interlaced=0 bluray_compat=0 constrained_intra=0 bframes=3 b_pyramid=2 b_adapt=1 b_bias=0 direct=1 weightb=1 open_gop=0 weightp=2 keyint=250 keyint_min=16 scenecut=40 intra_refresh=0 rc_lookahead=40 rc=crf mbtree=1 crf=23.0 qcomp=0.60 qpmin=0 qpmax=69 qpstep=4 ip_ratio=1.40 aq=1:1.00
Output #0, mp4, to '/data/vaishak/combined-kv-quant/results/combined/backfills/drift/moviegen/e48121ee371df766_FLOWCACHE_PRUNE_INT4/FLOWCACHE_PRUNE_INT4_frames_165/prompt_0006_seed_6.mp4':
  Metadata:
    major_brand     : isom
    minor_version   : 512
    compatible_brands: isomiso2avc1mp41
    encoder         : Lavf60.16.100
  Stream #0:0(und): Video: h264 (avc1 / 0x31637661), yuv420p(progressive), 832x480, q=2-31, 16 fps, 16384 tbn (default)
    Metadata:
      handler_name    : VideoHandler
      vendor_id       : [0][0][0][0]
      encoder         : Lavc60.31.102 libx264
    Side data:
      cpb: bitrate max/min/avg: 0/0/0 buffer size: 0 vbv_delay: N/A
frame=    0 fps=0.0 q=0.0 size=       0kB time=N/A bitrate=N/A speed=N/A    [out#0/mp4 @ 0x59c2e257ffc0] video:1645kB audio:0kB subtitle:0kB other streams:0kB global headers:0kB muxing overhead: 0.167584%
frame=  165 fps=0.0 q=-1.0 Lsize=    1648kB time=00:00:10.12 bitrate=1333.2kbits/s speed=17.7x    
[libx264 @ 0x59c2e2601580] frame I:4     Avg QP:20.02  size: 43136
[libx264 @ 0x59c2e2601580] frame P:52    Avg QP:21.90  size: 19620
[libx264 @ 0x59c2e2601580] frame B:109   Avg QP:25.24  size:  4505
[libx264 @ 0x59c2e2601580] consecutive B-frames:  6.1% 15.8%  5.5% 72.7%
[libx264 @ 0x59c2e2601580] mb I  I16..4: 19.4% 62.6% 17.9%
[libx264 @ 0x59c2e2601580] mb P  I16..4:  4.9%  6.6%  2.0%  P16..4: 47.4% 16.9% 10.3%  0.0%  0.0%    skip:12.0%
[libx264 @ 0x59c2e2601580] mb B  I16..4:  0.8%  0.7%  0.1%  B16..8: 35.7%  5.8%  2.8%  direct: 3.5%  skip:50.7%  L0:45.0% L1:43.6% BI:11.4%
[libx264 @ 0x59c2e2601580] 8x8 transform intra:52.6% inter:68.1%
[libx264 @ 0x59c2e2601580] coded y,uvDC,uvAC intra: 49.7% 88.1% 33.8% inter: 18.1% 26.7% 2.1%
[libx264 @ 0x59c2e2601580] i16 v,h,dc,p: 11% 20%  7% 63%
[libx264 @ 0x59c2e2601580] i8 v,h,dc,ddl,ddr,vr,hd,vl,hu: 18% 20% 20%  5% 10%  7%  9%  5%  5%
[libx264 @ 0x59c2e2601580] i4 v,h,dc,ddl,ddr,vr,hd,vl,hu:  8%  9%  8%  2% 31%  9% 25%  3%  4%
[libx264 @ 0x59c2e2601580] i8c dc,h,v,p: 44% 23% 15% 18%
[libx264 @ 0x59c2e2601580] Weighted P-Frames: Y:38.5% UV:36.5%
[libx264 @ 0x59c2e2601580] ref P L0: 61.4% 16.5% 16.8%  4.6%  0.7%
[libx264 @ 0x59c2e2601580] ref B L0: 93.2%  5.9%  0.8%
[libx264 @ 0x59c2e2601580] ref B L1: 97.9%  2.1%
[libx264 @ 0x59c2e2601580] kb/s:1306.25
ffmpeg version 6.1.1-3ubuntu5 Copyright (c) 2000-2023 the FFmpeg developers
  built with gcc 13 (Ubuntu 13.2.0-23ubuntu3)
  configuration: --prefix=/usr --extra-version=3ubuntu5 --toolchain=hardened --libdir=/usr/lib/x86_64-linux-gnu --incdir=/usr/include/x86_64-linux-gnu --arch=amd64 --enable-gpl --disable-stripping --disable-omx --enable-gnutls --enable-libaom --enable-libass --enable-libbs2b --enable-libcaca --enable-libcdio --enable-libcodec2 --enable-libdav1d --enable-libflite --enable-libfontconfig --enable-libfreetype --enable-libfribidi --enable-libglslang --enable-libgme --enable-libgsm --enable-libharfbuzz --enable-libmp3lame --enable-libmysofa --enable-libopenjpeg --enable-libopenmpt --enable-libopus --enable-librubberband --enable-libshine --enable-libsnappy --enable-libsoxr --enable-libspeex --enable-libtheora --enable-libtwolame --enable-libvidstab --enable-libvorbis --enable-libvpx --enable-libwebp --enable-libx265 --enable-libxml2 --enable-libxvid --enable-libzimg --enable-openal --enable-opencl --enable-opengl --disable-sndio --enable-libvpl --disable-libmfx --enable-libdc1394 --enable-libdrm --enable-libiec61883 --enable-chromaprint --enable-frei0r --enable-ladspa --enable-libbluray --enable-libjack --enable-libpulse --enable-librabbitmq --enable-librist --enable-libsrt --enable-libssh --enable-libsvtav1 --enable-libx264 --enable-libzmq --enable-libzvbi --enable-lv2 --enable-sdl2 --enable-libplacebo --enable-librav1e --enable-pocketsphinx --enable-librsvg --enable-libjxl --enable-shared
  libavutil      58. 29.100 / 58. 29.100
  libavcodec     60. 31.102 / 60. 31.102
  libavformat    60. 16.100 / 60. 16.100
  libavdevice    60.  3.100 / 60.  3.100
  libavfilter     9. 12.100 /  9. 12.100
  libswscale      7.  5.100 /  7.  5.100
  libswresample   4. 12.100 /  4. 12.100
  libpostproc    57.  3.100 / 57.  3.100
Input #0, mov,mp4,m4a,3gp,3g2,mj2, from '/data/vaishak/combined-kv-quant/results/runs/backfill_flowcache_prune_int4_27bbc04277fe_10s/videos/FLOWCACHE_PRUNE_INT4/prompt_0007_seed_7.mp4':
  Metadata:
    major_brand     : isom
    minor_version   : 512
    compatible_brands: isomiso2avc1mp41
    encoder         : Lavf61.1.100
  Duration: 00:00:10.31, start: 0.000000, bitrate: 991 kb/s
  Stream #0:0[0x1](und): Video: h264 (High) (avc1 / 0x31637661), yuv420p(progressive), 832x480, 989 kb/s, 16 fps, 16 tbr, 16384 tbn (default)
    Metadata:
      handler_name    : VideoHandler
      vendor_id       : [0][0][0][0]
Stream mapping:
  Stream #0:0 -> #0:0 (h264 (native) -> h264 (libx264))
Press [q] to stop, [?] for help
[libx264 @ 0x5c4b94135b40] using cpu capabilities: MMX2 SSE2Fast SSSE3 SSE4.2 AVX FMA3 BMI2 AVX2
[libx264 @ 0x5c4b94135b40] profile High, level 3.0, 4:2:0, 8-bit
[libx264 @ 0x5c4b94135b40] 264 - core 164 r3108 31e19f9 - H.264/MPEG-4 AVC codec - Copyleft 2003-2023 - http://www.videolan.org/x264.html - options: cabac=1 ref=3 deblock=1:0:0 analyse=0x3:0x113 me=hex subme=7 psy=1 psy_rd=1.00:0.00 mixed_ref=1 me_range=16 chroma_me=1 trellis=1 8x8dct=1 cqm=0 deadzone=21,11 fast_pskip=1 chroma_qp_offset=-2 threads=15 lookahead_threads=2 sliced_threads=0 nr=0 decimate=1 interlaced=0 bluray_compat=0 constrained_intra=0 bframes=3 b_pyramid=2 b_adapt=1 b_bias=0 direct=1 weightb=1 open_gop=0 weightp=2 keyint=250 keyint_min=16 scenecut=40 intra_refresh=0 rc_lookahead=40 rc=crf mbtree=1 crf=23.0 qcomp=0.60 qpmin=0 qpmax=69 qpstep=4 ip_ratio=1.40 aq=1:1.00
Output #0, mp4, to '/data/vaishak/combined-kv-quant/results/combined/backfills/drift/moviegen/e48121ee371df766_FLOWCACHE_PRUNE_INT4/FLOWCACHE_PRUNE_INT4_frames_165/prompt_0007_seed_7.mp4':
  Metadata:
    major_brand     : isom
    minor_version   : 512
    compatible_brands: isomiso2avc1mp41
    encoder         : Lavf60.16.100
  Stream #0:0(und): Video: h264 (avc1 / 0x31637661), yuv420p(progressive), 832x480, q=2-31, 16 fps, 16384 tbn (default)
    Metadata:
      handler_name    : VideoHandler
      vendor_id       : [0][0][0][0]
      encoder         : Lavc60.31.102 libx264
    Side data:
      cpb: bitrate max/min/avg: 0/0/0 buffer size: 0 vbv_delay: N/A
frame=    0 fps=0.0 q=0.0 size=       0kB time=N/A bitrate=N/A speed=N/A    [out#0/mp4 @ 0x5c4b940b2fc0] video:1639kB audio:0kB subtitle:0kB other streams:0kB global headers:0kB muxing overhead: 0.168958%
frame=  165 fps=0.0 q=-1.0 Lsize=    1641kB time=00:00:10.12 bitrate=1328.0kbits/s speed=15.7x    
[libx264 @ 0x5c4b94135b40] frame I:2     Avg QP:22.62  size: 42723
[libx264 @ 0x5c4b94135b40] frame P:47    Avg QP:24.20  size: 20782
[libx264 @ 0x5c4b94135b40] frame B:116   Avg QP:27.49  size:  5302
[libx264 @ 0x5c4b94135b40] consecutive B-frames:  3.6%  7.3%  1.8% 87.3%
[libx264 @ 0x5c4b94135b40] mb I  I16..4:  4.9% 63.6% 31.5%
[libx264 @ 0x5c4b94135b40] mb P  I16..4:  3.0%  9.6%  2.0%  P16..4: 39.3% 26.7% 12.7%  0.0%  0.0%    skip: 6.8%
[libx264 @ 0x5c4b94135b40] mb B  I16..4:  0.6%  1.8%  0.1%  B16..8: 41.0% 12.7%  3.2%  direct: 3.3%  skip:37.3%  L0:46.4% L1:40.4% BI:13.2%
[libx264 @ 0x5c4b94135b40] 8x8 transform intra:66.7% inter:68.8%
[libx264 @ 0x5c4b94135b40] coded y,uvDC,uvAC intra: 65.9% 85.6% 36.4% inter: 25.9% 29.6% 1.8%
[libx264 @ 0x5c4b94135b40] i16 v,h,dc,p:  3% 66%  1% 30%
[libx264 @ 0x5c4b94135b40] i8 v,h,dc,ddl,ddr,vr,hd,vl,hu: 10% 41%  9%  4%  6%  4% 11%  4% 10%
[libx264 @ 0x5c4b94135b40] i4 v,h,dc,ddl,ddr,vr,hd,vl,hu: 13% 31% 11%  5%  7%  6% 13%  5%  8%
[libx264 @ 0x5c4b94135b40] i8c dc,h,v,p: 30% 50%  9% 11%
[libx264 @ 0x5c4b94135b40] Weighted P-Frames: Y:23.4% UV:17.0%
[libx264 @ 0x5c4b94135b40] ref P L0: 51.0% 22.4% 17.6%  7.5%  1.5%
[libx264 @ 0x5c4b94135b40] ref B L0: 85.5% 11.1%  3.4%
[libx264 @ 0x5c4b94135b40] ref B L1: 97.4%  2.6%
[libx264 @ 0x5c4b94135b40] kb/s:1301.14
ffmpeg version 6.1.1-3ubuntu5 Copyright (c) 2000-2023 the FFmpeg developers
  built with gcc 13 (Ubuntu 13.2.0-23ubuntu3)
  configuration: --prefix=/usr --extra-version=3ubuntu5 --toolchain=hardened --libdir=/usr/lib/x86_64-linux-gnu --incdir=/usr/include/x86_64-linux-gnu --arch=amd64 --enable-gpl --disable-stripping --disable-omx --enable-gnutls --enable-libaom --enable-libass --enable-libbs2b --enable-libcaca --enable-libcdio --enable-libcodec2 --enable-libdav1d --enable-libflite --enable-libfontconfig --enable-libfreetype --enable-libfribidi --enable-libglslang --enable-libgme --enable-libgsm --enable-libharfbuzz --enable-libmp3lame --enable-libmysofa --enable-libopenjpeg --enable-libopenmpt --enable-libopus --enable-librubberband --enable-libshine --enable-libsnappy --enable-libsoxr --enable-libspeex --enable-libtheora --enable-libtwolame --enable-libvidstab --enable-libvorbis --enable-libvpx --enable-libwebp --enable-libx265 --enable-libxml2 --enable-libxvid --enable-libzimg --enable-openal --enable-opencl --enable-opengl --disable-sndio --enable-libvpl --disable-libmfx --enable-libdc1394 --enable-libdrm --enable-libiec61883 --enable-chromaprint --enable-frei0r --enable-ladspa --enable-libbluray --enable-libjack --enable-libpulse --enable-librabbitmq --enable-librist --enable-libsrt --enable-libssh --enable-libsvtav1 --enable-libx264 --enable-libzmq --enable-libzvbi --enable-lv2 --enable-sdl2 --enable-libplacebo --enable-librav1e --enable-pocketsphinx --enable-librsvg --enable-libjxl --enable-shared
  libavutil      58. 29.100 / 58. 29.100
  libavcodec     60. 31.102 / 60. 31.102
  libavformat    60. 16.100 / 60. 16.100
  libavdevice    60.  3.100 / 60.  3.100
  libavfilter     9. 12.100 /  9. 12.100
  libswscale      7.  5.100 /  7.  5.100
  libswresample   4. 12.100 /  4. 12.100
  libpostproc    57.  3.100 / 57.  3.100
Input #0, mov,mp4,m4a,3gp,3g2,mj2, from '/data/vaishak/combined-kv-quant/results/runs/backfill_flowcache_prune_int4_27bbc04277fe_10s/videos/FLOWCACHE_PRUNE_INT4/prompt_0008_seed_8.mp4':
  Metadata:
    major_brand     : isom
    minor_version   : 512
    compatible_brands: isomiso2avc1mp41
    encoder         : Lavf61.1.100
  Duration: 00:00:10.31, start: 0.000000, bitrate: 991 kb/s
  Stream #0:0[0x1](und): Video: h264 (High) (avc1 / 0x31637661), yuv420p(progressive), 832x480, 989 kb/s, 16 fps, 16 tbr, 16384 tbn (default)
    Metadata:
      handler_name    : VideoHandler
      vendor_id       : [0][0][0][0]
Stream mapping:
  Stream #0:0 -> #0:0 (h264 (native) -> h264 (libx264))
Press [q] to stop, [?] for help
[libx264 @ 0x56dc0c909a40] using cpu capabilities: MMX2 SSE2Fast SSSE3 SSE4.2 AVX FMA3 BMI2 AVX2
[libx264 @ 0x56dc0c909a40] profile High, level 3.0, 4:2:0, 8-bit
[libx264 @ 0x56dc0c909a40] 264 - core 164 r3108 31e19f9 - H.264/MPEG-4 AVC codec - Copyleft 2003-2023 - http://www.videolan.org/x264.html - options: cabac=1 ref=3 deblock=1:0:0 analyse=0x3:0x113 me=hex subme=7 psy=1 psy_rd=1.00:0.00 mixed_ref=1 me_range=16 chroma_me=1 trellis=1 8x8dct=1 cqm=0 deadzone=21,11 fast_pskip=1 chroma_qp_offset=-2 threads=15 lookahead_threads=2 sliced_threads=0 nr=0 decimate=1 interlaced=0 bluray_compat=0 constrained_intra=0 bframes=3 b_pyramid=2 b_adapt=1 b_bias=0 direct=1 weightb=1 open_gop=0 weightp=2 keyint=250 keyint_min=16 scenecut=40 intra_refresh=0 rc_lookahead=40 rc=crf mbtree=1 crf=23.0 qcomp=0.60 qpmin=0 qpmax=69 qpstep=4 ip_ratio=1.40 aq=1:1.00
Output #0, mp4, to '/data/vaishak/combined-kv-quant/results/combined/backfills/drift/moviegen/e48121ee371df766_FLOWCACHE_PRUNE_INT4/FLOWCACHE_PRUNE_INT4_frames_165/prompt_0008_seed_8.mp4':
  Metadata:
    major_brand     : isom
    minor_version   : 512
    compatible_brands: isomiso2avc1mp41
    encoder         : Lavf60.16.100
  Stream #0:0(und): Video: h264 (avc1 / 0x31637661), yuv420p(progressive), 832x480, q=2-31, 16 fps, 16384 tbn (default)
    Metadata:
      handler_name    : VideoHandler
      vendor_id       : [0][0][0][0]
      encoder         : Lavc60.31.102 libx264
    Side data:
      cpb: bitrate max/min/avg: 0/0/0 buffer size: 0 vbv_delay: N/A
frame=    0 fps=0.0 q=0.0 size=       0kB time=N/A bitrate=N/A speed=N/A    [out#0/mp4 @ 0x56dc0c883d00] video:1224kB audio:0kB subtitle:0kB other streams:0kB global headers:0kB muxing overhead: 0.219838%
frame=  165 fps=0.0 q=-1.0 Lsize=    1227kB time=00:00:10.12 bitrate= 992.4kbits/s speed=17.2x    
[libx264 @ 0x56dc0c909a40] frame I:2     Avg QP:20.20  size: 47342
[libx264 @ 0x56dc0c909a40] frame P:80    Avg QP:22.55  size: 12700
[libx264 @ 0x56dc0c909a40] frame B:83    Avg QP:26.14  size:  1709
[libx264 @ 0x56dc0c909a40] consecutive B-frames:  9.7% 66.7%  9.1% 14.5%
[libx264 @ 0x56dc0c909a40] mb I  I16..4:  6.3% 58.6% 35.1%
[libx264 @ 0x56dc0c909a40] mb P  I16..4:  1.5%  3.7%  0.8%  P16..4: 47.9% 19.0% 10.1%  0.0%  0.0%    skip:17.1%
[libx264 @ 0x56dc0c909a40] mb B  I16..4:  0.1%  0.3%  0.0%  B16..8: 34.0%  3.0%  0.6%  direct: 2.2%  skip:59.8%  L0:50.9% L1:41.4% BI: 7.7%
[libx264 @ 0x56dc0c909a40] 8x8 transform intra:61.5% inter:58.0%
[libx264 @ 0x56dc0c909a40] coded y,uvDC,uvAC intra: 62.1% 89.0% 46.5% inter: 20.2% 28.2% 1.4%
[libx264 @ 0x56dc0c909a40] i16 v,h,dc,p:  8% 32%  9% 50%
[libx264 @ 0x56dc0c909a40] i8 v,h,dc,ddl,ddr,vr,hd,vl,hu: 13% 24% 15%  4% 10%  8% 12%  5%  8%
[libx264 @ 0x56dc0c909a40] i4 v,h,dc,ddl,ddr,vr,hd,vl,hu: 16% 22% 14%  7% 11%  8%  9%  6%  7%
[libx264 @ 0x56dc0c909a40] i8c dc,h,v,p: 44% 27% 14% 16%
[libx264 @ 0x56dc0c909a40] Weighted P-Frames: Y:38.8% UV:22.5%
[libx264 @ 0x56dc0c909a40] ref P L0: 61.3% 21.9% 12.7%  3.0%  1.1%
[libx264 @ 0x56dc0c909a40] ref B L0: 93.1%  6.6%  0.3%
[libx264 @ 0x56dc0c909a40] ref B L1: 99.8%  0.2%
[libx264 @ 0x56dc0c909a40] kb/s:971.64
ffmpeg version 6.1.1-3ubuntu5 Copyright (c) 2000-2023 the FFmpeg developers
  built with gcc 13 (Ubuntu 13.2.0-23ubuntu3)
  configuration: --prefix=/usr --extra-version=3ubuntu5 --toolchain=hardened --libdir=/usr/lib/x86_64-linux-gnu --incdir=/usr/include/x86_64-linux-gnu --arch=amd64 --enable-gpl --disable-stripping --disable-omx --enable-gnutls --enable-libaom --enable-libass --enable-libbs2b --enable-libcaca --enable-libcdio --enable-libcodec2 --enable-libdav1d --enable-libflite --enable-libfontconfig --enable-libfreetype --enable-libfribidi --enable-libglslang --enable-libgme --enable-libgsm --enable-libharfbuzz --enable-libmp3lame --enable-libmysofa --enable-libopenjpeg --enable-libopenmpt --enable-libopus --enable-librubberband --enable-libshine --enable-libsnappy --enable-libsoxr --enable-libspeex --enable-libtheora --enable-libtwolame --enable-libvidstab --enable-libvorbis --enable-libvpx --enable-libwebp --enable-libx265 --enable-libxml2 --enable-libxvid --enable-libzimg --enable-openal --enable-opencl --enable-opengl --disable-sndio --enable-libvpl --disable-libmfx --enable-libdc1394 --enable-libdrm --enable-libiec61883 --enable-chromaprint --enable-frei0r --enable-ladspa --enable-libbluray --enable-libjack --enable-libpulse --enable-librabbitmq --enable-librist --enable-libsrt --enable-libssh --enable-libsvtav1 --enable-libx264 --enable-libzmq --enable-libzvbi --enable-lv2 --enable-sdl2 --enable-libplacebo --enable-librav1e --enable-pocketsphinx --enable-librsvg --enable-libjxl --enable-shared
  libavutil      58. 29.100 / 58. 29.100
  libavcodec     60. 31.102 / 60. 31.102
  libavformat    60. 16.100 / 60. 16.100
  libavdevice    60.  3.100 / 60.  3.100
  libavfilter     9. 12.100 /  9. 12.100
  libswscale      7.  5.100 /  7.  5.100
  libswresample   4. 12.100 /  4. 12.100
  libpostproc    57.  3.100 / 57.  3.100
Input #0, mov,mp4,m4a,3gp,3g2,mj2, from '/data/vaishak/combined-kv-quant/results/runs/backfill_flowcache_prune_int4_27bbc04277fe_10s/videos/FLOWCACHE_PRUNE_INT4/prompt_0009_seed_9.mp4':
  Metadata:
    major_brand     : isom
    minor_version   : 512
    compatible_brands: isomiso2avc1mp41
    encoder         : Lavf61.1.100
  Duration: 00:00:10.31, start: 0.000000, bitrate: 1036 kb/s
  Stream #0:0[0x1](und): Video: h264 (High) (avc1 / 0x31637661), yuv420p(progressive), 832x480, 1034 kb/s, 16 fps, 16 tbr, 16384 tbn (default)
    Metadata:
      handler_name    : VideoHandler
      vendor_id       : [0][0][0][0]
Stream mapping:
  Stream #0:0 -> #0:0 (h264 (native) -> h264 (libx264))
Press [q] to stop, [?] for help
[libx264 @ 0x60e7728fdc00] using cpu capabilities: MMX2 SSE2Fast SSSE3 SSE4.2 AVX FMA3 BMI2 AVX2
[libx264 @ 0x60e7728fdc00] profile High, level 3.0, 4:2:0, 8-bit
[libx264 @ 0x60e7728fdc00] 264 - core 164 r3108 31e19f9 - H.264/MPEG-4 AVC codec - Copyleft 2003-2023 - http://www.videolan.org/x264.html - options: cabac=1 ref=3 deblock=1:0:0 analyse=0x3:0x113 me=hex subme=7 psy=1 psy_rd=1.00:0.00 mixed_ref=1 me_range=16 chroma_me=1 trellis=1 8x8dct=1 cqm=0 deadzone=21,11 fast_pskip=1 chroma_qp_offset=-2 threads=15 lookahead_threads=2 sliced_threads=0 nr=0 decimate=1 interlaced=0 bluray_compat=0 constrained_intra=0 bframes=3 b_pyramid=2 b_adapt=1 b_bias=0 direct=1 weightb=1 open_gop=0 weightp=2 keyint=250 keyint_min=16 scenecut=40 intra_refresh=0 rc_lookahead=40 rc=crf mbtree=1 crf=23.0 qcomp=0.60 qpmin=0 qpmax=69 qpstep=4 ip_ratio=1.40 aq=1:1.00
Output #0, mp4, to '/data/vaishak/combined-kv-quant/results/combined/backfills/drift/moviegen/e48121ee371df766_FLOWCACHE_PRUNE_INT4/FLOWCACHE_PRUNE_INT4_frames_165/prompt_0009_seed_9.mp4':
  Metadata:
    major_brand     : isom
    minor_version   : 512
    compatible_brands: isomiso2avc1mp41
    encoder         : Lavf60.16.100
  Stream #0:0(und): Video: h264 (avc1 / 0x31637661), yuv420p(progressive), 832x480, q=2-31, 16 fps, 16384 tbn (default)
    Metadata:
      handler_name    : VideoHandler
      vendor_id       : [0][0][0][0]
      encoder         : Lavc60.31.102 libx264
    Side data:
      cpb: bitrate max/min/avg: 0/0/0 buffer size: 0 vbv_delay: N/A
frame=    0 fps=0.0 q=0.0 size=       0kB time=N/A bitrate=N/A speed=N/A    [out#0/mp4 @ 0x60e772872d00] video:2152kB audio:0kB subtitle:0kB other streams:0kB global headers:0kB muxing overhead: 0.127582%
frame=  165 fps=0.0 q=-1.0 Lsize=    2154kB time=00:00:10.12 bitrate=1743.1kbits/s speed=  15x    
[libx264 @ 0x60e7728fdc00] frame I:3     Avg QP:22.80  size: 50318
[libx264 @ 0x60e7728fdc00] frame P:57    Avg QP:23.90  size: 25454
[libx264 @ 0x60e7728fdc00] frame B:105   Avg QP:27.94  size:  5722
[libx264 @ 0x60e7728fdc00] consecutive B-frames:  7.3% 23.0%  1.8% 67.9%
[libx264 @ 0x60e7728fdc00] mb I  I16..4:  1.4% 63.7% 34.9%
[libx264 @ 0x60e7728fdc00] mb P  I16..4:  1.1%  8.2%  2.6%  P16..4: 36.8% 23.1% 13.7%  0.0%  0.0%    skip:14.6%
[libx264 @ 0x60e7728fdc00] mb B  I16..4:  0.2%  0.6%  0.2%  B16..8: 42.5%  7.9%  3.6%  direct: 3.6%  skip:41.5%  L0:49.7% L1:40.1% BI:10.2%
[libx264 @ 0x60e7728fdc00] 8x8 transform intra:66.4% inter:59.8%
[libx264 @ 0x60e7728fdc00] coded y,uvDC,uvAC intra: 82.1% 66.9% 17.9% inter: 26.6% 12.8% 0.2%
[libx264 @ 0x60e7728fdc00] i16 v,h,dc,p: 14% 40% 19% 27%
[libx264 @ 0x60e7728fdc00] i8 v,h,dc,ddl,ddr,vr,hd,vl,hu: 14% 30% 17%  4%  6%  5% 10%  5% 10%
[libx264 @ 0x60e7728fdc00] i4 v,h,dc,ddl,ddr,vr,hd,vl,hu: 15% 27% 13%  5%  7%  6% 12%  5%  9%
[libx264 @ 0x60e7728fdc00] i8c dc,h,v,p: 53% 27% 14%  6%
[libx264 @ 0x60e7728fdc00] Weighted P-Frames: Y:35.1% UV:14.0%
[libx264 @ 0x60e7728fdc00] ref P L0: 57.6% 24.4% 12.6%  4.1%  1.3%
[libx264 @ 0x60e7728fdc00] ref B L0: 89.8%  8.2%  2.1%
[libx264 @ 0x60e7728fdc00] ref B L1: 98.7%  1.3%
[libx264 @ 0x60e7728fdc00] kb/s:1708.68
[rank0]:[W310 23:01:13.355094305 ProcessGroupNCCL.cpp:4115] [PG ID 0 PG GUID 0 Rank 0]  using GPU 0 to perform barrier as devices used by this process are currently unknown. This can potentially cause a hang if this rank to GPU mapping is incorrect.Specify device_ids in barrier() to force use of a particular device,or call init_process_group() with a device_id.
/home/suraj/miniforge3/envs/qvg_sf_eval/lib/python3.10/site-packages/clip/clip.py:6: UserWarning: pkg_resources is deprecated as an API. See https://setuptools.pypa.io/en/latest/pkg_resources.html. The pkg_resources package is slated for removal as early as 2025-11-30. Refrain from using this package or pin to Setuptools<81.
  from pkg_resources import packaging
/home/suraj/miniforge3/envs/qvg_sf_eval/lib/python3.10/site-packages/timm/models/layers/__init__.py:48: FutureWarning: Importing from timm.models.layers is deprecated, please import via timm.layers
  warnings.warn(f"Importing from {__name__} is deprecated, please import via timm.layers", FutureWarning)
/home/suraj/miniforge3/envs/qvg_sf_eval/lib/python3.10/site-packages/pyiqa/archs/arch_util.py:118: FutureWarning: You are using `torch.load` with `weights_only=False` (the current default value), which uses the default pickle module implicitly. It is possible to construct malicious pickle data which will execute arbitrary code during unpickling (See https://github.com/pytorch/pytorch/blob/main/SECURITY.md#untrusted-models for more details). In a future release, the default value for `weights_only` will be flipped to `True`. This limits the functions that could be executed during unpickling. Arbitrary objects will no longer be allowed to be loaded via this mode unless they are explicitly allowlisted by the user via `torch.serialization.add_safe_globals`. We recommend you start setting `weights_only=True` for any use case where you don't have full control of the loaded file. Please open an issue on GitHub for any issues related to this experimental feature.
  state_dict = torch.load(model_path, map_location=torch.device("cpu"))
args: Namespace(output_path='/data/vaishak/combined-kv-quant/results/combined/backfills/drift/moviegen/e48121ee371df766_FLOWCACHE_PRUNE_INT4/vbench_FLOWCACHE_PRUNE_INT4_165', full_json_dir='/data/vaishak/combined-kv-quant/third_party/VBench/vbench/VBench_full_info.json', videos_path='/data/vaishak/combined-kv-quant/results/combined/backfills/drift/moviegen/e48121ee371df766_FLOWCACHE_PRUNE_INT4/FLOWCACHE_PRUNE_INT4_frames_165', dimension=['imaging_quality'], load_ckpt_from_local=None, read_frame=None, mode='custom_input', prompt='None', prompt_file='/data/vaishak/combined-kv-quant/results/combined/backfills/drift/moviegen/e48121ee371df766_FLOWCACHE_PRUNE_INT4/prompt_map_165.json', category=None, imaging_quality_preprocessing_mode='longer')
start evaluation
Evaluation meta data saved to /data/vaishak/combined-kv-quant/results/combined/backfills/drift/moviegen/e48121ee371df766_FLOWCACHE_PRUNE_INT4/vbench_FLOWCACHE_PRUNE_INT4_165/results_2026-03-10-23:01:12_full_info.json
cur_full_info_path: /data/vaishak/combined-kv-quant/results/combined/backfills/drift/moviegen/e48121ee371df766_FLOWCACHE_PRUNE_INT4/vbench_FLOWCACHE_PRUNE_INT4_165/results_2026-03-10-23:01:12_full_info.json
Loading pretrained model MUSIQ from /home/vaishak/.cache/vbench/pyiqa_model/musiq_spaq_ckpt-358bb6af.pth
  0%|          | 0/10 [00:00<?, ?it/s] 10%|█         | 1/10 [00:06<00:59,  6.58s/it] 20%|██        | 2/10 [00:12<00:50,  6.37s/it] 30%|███       | 3/10 [00:19<00:44,  6.39s/it] 40%|████      | 4/10 [00:25<00:38,  6.35s/it] 50%|█████     | 5/10 [00:30<00:29,  5.88s/it] 60%|██████    | 6/10 [00:35<00:21,  5.46s/it] 70%|███████   | 7/10 [00:40<00:15,  5.25s/it] 80%|████████  | 8/10 [00:44<00:10,  5.12s/it] 90%|█████████ | 9/10 [00:49<00:04,  4.88s/it]100%|██████████| 10/10 [00:52<00:00,  4.51s/it]100%|██████████| 10/10 [00:52<00:00,  5.29s/it]
Evaluation results saved to /data/vaishak/combined-kv-quant/results/combined/backfills/drift/moviegen/e48121ee371df766_FLOWCACHE_PRUNE_INT4/vbench_FLOWCACHE_PRUNE_INT4_165/results_2026-03-10-23:01:12_eval_results.json
done
[rank0]:[W310 23:02:08.184978858 ProcessGroupNCCL.cpp:1250] Warning: WARNING: process group has NOT been destroyed before we destruct ProcessGroupNCCL. On normal program exit, the application should call destroy_process_group to ensure that any pending NCCL operations have finished in this process. In rare cases this process can exit before this point and block the progress of another member of the process group. This constraint has always been present,  but this warning has only been added since PyTorch 2.4 (function operator())
{
  "method": "FLOWCACHE_PRUNE_INT4",
  "frame_step": 165,
  "max_frames": 165,
  "curve": [
    {
      "frame_cap": 165,
      "imaging_quality": [
        0.7260502348003967,
        [
          {
            "video_path": "/data/vaishak/combined-kv-quant/results/combined/backfills/drift/moviegen/e48121ee371df766_FLOWCACHE_PRUNE_INT4/FLOWCACHE_PRUNE_INT4_frames_165/prompt_0007_seed_7.mp4",
            "video_results": 77.60134379069011
          },
          {
            "video_path": "/data/vaishak/combined-kv-quant/results/combined/backfills/drift/moviegen/e48121ee371df766_FLOWCACHE_PRUNE_INT4/FLOWCACHE_PRUNE_INT4_frames_165/prompt_0006_seed_6.mp4",
            "video_results": 68.33206172133937
          },
          {
            "video_path": "/data/vaishak/combined-kv-quant/results/combined/backfills/drift/moviegen/e48121ee371df766_FLOWCACHE_PRUNE_INT4/FLOWCACHE_PRUNE_INT4_frames_165/prompt_0004_seed_4.mp4",
            "video_results": 71.05121732769591
          },
          {
            "video_path": "/data/vaishak/combined-kv-quant/results/combined/backfills/drift/moviegen/e48121ee371df766_FLOWCACHE_PRUNE_INT4/FLOWCACHE_PRUNE_INT4_frames_165/prompt_0003_seed_3.mp4",
            "video_results": 74.71394449869791
          },
          {
            "video_path": "/data/vaishak/combined-kv-quant/results/combined/backfills/drift/moviegen/e48121ee371df766_FLOWCACHE_PRUNE_INT4/FLOWCACHE_PRUNE_INT4_frames_165/prompt_0005_seed_5.mp4",
            "video_results": 78.10996042887369
          },
          {
            "video_path": "/data/vaishak/combined-kv-quant/results/combined/backfills/drift/moviegen/e48121ee371df766_FLOWCACHE_PRUNE_INT4/FLOWCACHE_PRUNE_INT4_frames_165/prompt_0002_seed_2.mp4",
            "video_results": 72.33768592603279
          },
          {
            "video_path": "/data/vaishak/combined-kv-quant/results/combined/backfills/drift/moviegen/e48121ee371df766_FLOWCACHE_PRUNE_INT4/FLOWCACHE_PRUNE_INT4_frames_165/prompt_0001_seed_1.mp4",
            "video_results": 73.50069427490234
          },
          {
            "video_path": "/data/vaishak/combined-kv-quant/results/combined/backfills/drift/moviegen/e48121ee371df766_FLOWCACHE_PRUNE_INT4/FLOWCACHE_PRUNE_INT4_frames_165/prompt_0009_seed_9.mp4",
            "video_results": 73.812222960501
          },
          {
            "video_path": "/data/vaishak/combined-kv-quant/results/combined/backfills/drift/moviegen/e48121ee371df766_FLOWCACHE_PRUNE_INT4/FLOWCACHE_PRUNE_INT4_frames_165/prompt_0008_seed_8.mp4",
            "video_results": 78.8886777935606
          },
          {
            "video_path": "/data/vaishak/combined-kv-quant/results/combined/backfills/drift/moviegen/e48121ee371df766_FLOWCACHE_PRUNE_INT4/FLOWCACHE_PRUNE_INT4_frames_165/prompt_0000_seed_0.mp4",
            "video_results": 57.7024260781028
          }
        ]
      ]
    }
  ]
}
ffmpeg version 6.1.1-3ubuntu5 Copyright (c) 2000-2023 the FFmpeg developers
  built with gcc 13 (Ubuntu 13.2.0-23ubuntu3)
  configuration: --prefix=/usr --extra-version=3ubuntu5 --toolchain=hardened --libdir=/usr/lib/x86_64-linux-gnu --incdir=/usr/include/x86_64-linux-gnu --arch=amd64 --enable-gpl --disable-stripping --disable-omx --enable-gnutls --enable-libaom --enable-libass --enable-libbs2b --enable-libcaca --enable-libcdio --enable-libcodec2 --enable-libdav1d --enable-libflite --enable-libfontconfig --enable-libfreetype --enable-libfribidi --enable-libglslang --enable-libgme --enable-libgsm --enable-libharfbuzz --enable-libmp3lame --enable-libmysofa --enable-libopenjpeg --enable-libopenmpt --enable-libopus --enable-librubberband --enable-libshine --enable-libsnappy --enable-libsoxr --enable-libspeex --enable-libtheora --enable-libtwolame --enable-libvidstab --enable-libvorbis --enable-libvpx --enable-libwebp --enable-libx265 --enable-libxml2 --enable-libxvid --enable-libzimg --enable-openal --enable-opencl --enable-opengl --disable-sndio --enable-libvpl --disable-libmfx --enable-libdc1394 --enable-libdrm --enable-libiec61883 --enable-chromaprint --enable-frei0r --enable-ladspa --enable-libbluray --enable-libjack --enable-libpulse --enable-librabbitmq --enable-librist --enable-libsrt --enable-libssh --enable-libsvtav1 --enable-libx264 --enable-libzmq --enable-libzvbi --enable-lv2 --enable-sdl2 --enable-libplacebo --enable-librav1e --enable-pocketsphinx --enable-librsvg --enable-libjxl --enable-shared
  libavutil      58. 29.100 / 58. 29.100
  libavcodec     60. 31.102 / 60. 31.102
  libavformat    60. 16.100 / 60. 16.100
  libavdevice    60.  3.100 / 60.  3.100
  libavfilter     9. 12.100 /  9. 12.100
  libswscale      7.  5.100 /  7.  5.100
  libswresample   4. 12.100 /  4. 12.100
  libpostproc    57.  3.100 / 57.  3.100
Input #0, mov,mp4,m4a,3gp,3g2,mj2, from '/data/vaishak/combined-kv-quant/results/runs/backfill_flowcache_soft_prune_int2_24b7f6c1cfbb_10s/videos/FLOWCACHE_SOFT_PRUNE_INT2/prompt_0000_seed_0.mp4':
  Metadata:
    major_brand     : isom
    minor_version   : 512
    compatible_brands: isomiso2avc1mp41
    encoder         : Lavf61.1.100
  Duration: 00:00:10.31, start: 0.000000, bitrate: 1115 kb/s
  Stream #0:0[0x1](und): Video: h264 (High) (avc1 / 0x31637661), yuv420p(progressive), 832x480, 1113 kb/s, 16 fps, 16 tbr, 16384 tbn (default)
    Metadata:
      handler_name    : VideoHandler
      vendor_id       : [0][0][0][0]
Stream mapping:
  Stream #0:0 -> #0:0 (h264 (native) -> h264 (libx264))
Press [q] to stop, [?] for help
[libx264 @ 0x5b55c7ac7600] using cpu capabilities: MMX2 SSE2Fast SSSE3 SSE4.2 AVX FMA3 BMI2 AVX2
[libx264 @ 0x5b55c7ac7600] profile High, level 3.0, 4:2:0, 8-bit
[libx264 @ 0x5b55c7ac7600] 264 - core 164 r3108 31e19f9 - H.264/MPEG-4 AVC codec - Copyleft 2003-2023 - http://www.videolan.org/x264.html - options: cabac=1 ref=3 deblock=1:0:0 analyse=0x3:0x113 me=hex subme=7 psy=1 psy_rd=1.00:0.00 mixed_ref=1 me_range=16 chroma_me=1 trellis=1 8x8dct=1 cqm=0 deadzone=21,11 fast_pskip=1 chroma_qp_offset=-2 threads=15 lookahead_threads=2 sliced_threads=0 nr=0 decimate=1 interlaced=0 bluray_compat=0 constrained_intra=0 bframes=3 b_pyramid=2 b_adapt=1 b_bias=0 direct=1 weightb=1 open_gop=0 weightp=2 keyint=250 keyint_min=16 scenecut=40 intra_refresh=0 rc_lookahead=40 rc=crf mbtree=1 crf=23.0 qcomp=0.60 qpmin=0 qpmax=69 qpstep=4 ip_ratio=1.40 aq=1:1.00
Output #0, mp4, to '/data/vaishak/combined-kv-quant/results/combined/backfills/drift/moviegen/42567fb8425cc7c3_FLOWCACHE_SOFT_PRUNE_INT2/FLOWCACHE_SOFT_PRUNE_INT2_frames_165/prompt_0000_seed_0.mp4':
  Metadata:
    major_brand     : isom
    minor_version   : 512
    compatible_brands: isomiso2avc1mp41
    encoder         : Lavf60.16.100
  Stream #0:0(und): Video: h264 (avc1 / 0x31637661), yuv420p(progressive), 832x480, q=2-31, 16 fps, 16384 tbn (default)
    Metadata:
      handler_name    : VideoHandler
      vendor_id       : [0][0][0][0]
      encoder         : Lavc60.31.102 libx264
    Side data:
      cpb: bitrate max/min/avg: 0/0/0 buffer size: 0 vbv_delay: N/A
frame=    0 fps=0.0 q=0.0 size=       0kB time=N/A bitrate=N/A speed=N/A    frame=   81 fps=0.0 q=27.0 size=     768kB time=00:00:04.93 bitrate=1274.3kbits/s speed=9.52x    [out#0/mp4 @ 0x5b55c7ac6100] video:1997kB audio:0kB subtitle:0kB other streams:0kB global headers:0kB muxing overhead: 0.139631%
frame=  165 fps=0.0 q=-1.0 Lsize=    2000kB time=00:00:10.12 bitrate=1617.8kbits/s speed=12.3x    
[libx264 @ 0x5b55c7ac7600] frame I:3     Avg QP:22.69  size: 47384
[libx264 @ 0x5b55c7ac7600] frame P:43    Avg QP:25.34  size: 23681
[libx264 @ 0x5b55c7ac7600] frame B:119   Avg QP:27.63  size:  7425
[libx264 @ 0x5b55c7ac7600] consecutive B-frames:  2.4%  3.6%  1.8% 92.1%
[libx264 @ 0x5b55c7ac7600] mb I  I16..4:  1.4% 75.3% 23.3%
[libx264 @ 0x5b55c7ac7600] mb P  I16..4:  0.8% 22.0%  3.1%  P16..4: 37.7% 24.7%  9.6%  0.0%  0.0%    skip: 2.0%
[libx264 @ 0x5b55c7ac7600] mb B  I16..4:  0.1%  1.4%  0.2%  B16..8: 48.9% 11.9%  3.5%  direct: 5.8%  skip:28.2%  L0:43.1% L1:45.5% BI:11.4%
[libx264 @ 0x5b55c7ac7600] 8x8 transform intra:82.9% inter:77.3%
[libx264 @ 0x5b55c7ac7600] coded y,uvDC,uvAC intra: 90.1% 89.0% 48.3% inter: 36.2% 29.1% 2.0%
[libx264 @ 0x5b55c7ac7600] i16 v,h,dc,p: 21% 21%  5% 53%
[libx264 @ 0x5b55c7ac7600] i8 v,h,dc,ddl,ddr,vr,hd,vl,hu: 17% 16% 13%  7%  8%  9% 10%  9% 11%
[libx264 @ 0x5b55c7ac7600] i4 v,h,dc,ddl,ddr,vr,hd,vl,hu: 21% 17% 13%  7%  9%  9% 10%  8%  8%
[libx264 @ 0x5b55c7ac7600] i8c dc,h,v,p: 40% 20% 23% 17%
[libx264 @ 0x5b55c7ac7600] Weighted P-Frames: Y:37.2% UV:25.6%
[libx264 @ 0x5b55c7ac7600] ref P L0: 47.4% 21.6% 17.3% 10.6%  3.0%
[libx264 @ 0x5b55c7ac7600] ref B L0: 91.4%  7.0%  1.6%
[libx264 @ 0x5b55c7ac7600] ref B L1: 98.8%  1.2%
[libx264 @ 0x5b55c7ac7600] kb/s:1585.64
ffmpeg version 6.1.1-3ubuntu5 Copyright (c) 2000-2023 the FFmpeg developers
  built with gcc 13 (Ubuntu 13.2.0-23ubuntu3)
  configuration: --prefix=/usr --extra-version=3ubuntu5 --toolchain=hardened --libdir=/usr/lib/x86_64-linux-gnu --incdir=/usr/include/x86_64-linux-gnu --arch=amd64 --enable-gpl --disable-stripping --disable-omx --enable-gnutls --enable-libaom --enable-libass --enable-libbs2b --enable-libcaca --enable-libcdio --enable-libcodec2 --enable-libdav1d --enable-libflite --enable-libfontconfig --enable-libfreetype --enable-libfribidi --enable-libglslang --enable-libgme --enable-libgsm --enable-libharfbuzz --enable-libmp3lame --enable-libmysofa --enable-libopenjpeg --enable-libopenmpt --enable-libopus --enable-librubberband --enable-libshine --enable-libsnappy --enable-libsoxr --enable-libspeex --enable-libtheora --enable-libtwolame --enable-libvidstab --enable-libvorbis --enable-libvpx --enable-libwebp --enable-libx265 --enable-libxml2 --enable-libxvid --enable-libzimg --enable-openal --enable-opencl --enable-opengl --disable-sndio --enable-libvpl --disable-libmfx --enable-libdc1394 --enable-libdrm --enable-libiec61883 --enable-chromaprint --enable-frei0r --enable-ladspa --enable-libbluray --enable-libjack --enable-libpulse --enable-librabbitmq --enable-librist --enable-libsrt --enable-libssh --enable-libsvtav1 --enable-libx264 --enable-libzmq --enable-libzvbi --enable-lv2 --enable-sdl2 --enable-libplacebo --enable-librav1e --enable-pocketsphinx --enable-librsvg --enable-libjxl --enable-shared
  libavutil      58. 29.100 / 58. 29.100
  libavcodec     60. 31.102 / 60. 31.102
  libavformat    60. 16.100 / 60. 16.100
  libavdevice    60.  3.100 / 60.  3.100
  libavfilter     9. 12.100 /  9. 12.100
  libswscale      7.  5.100 /  7.  5.100
  libswresample   4. 12.100 /  4. 12.100
  libpostproc    57.  3.100 / 57.  3.100
Input #0, mov,mp4,m4a,3gp,3g2,mj2, from '/data/vaishak/combined-kv-quant/results/runs/backfill_flowcache_soft_prune_int2_24b7f6c1cfbb_10s/videos/FLOWCACHE_SOFT_PRUNE_INT2/prompt_0001_seed_1.mp4':
  Metadata:
    major_brand     : isom
    minor_version   : 512
    compatible_brands: isomiso2avc1mp41
    encoder         : Lavf61.1.100
  Duration: 00:00:10.31, start: 0.000000, bitrate: 1049 kb/s
  Stream #0:0[0x1](und): Video: h264 (High) (avc1 / 0x31637661), yuv420p(progressive), 832x480, 1047 kb/s, 16 fps, 16 tbr, 16384 tbn (default)
    Metadata:
      handler_name    : VideoHandler
      vendor_id       : [0][0][0][0]
Stream mapping:
  Stream #0:0 -> #0:0 (h264 (native) -> h264 (libx264))
Press [q] to stop, [?] for help
[libx264 @ 0x5942c4b8de80] using cpu capabilities: MMX2 SSE2Fast SSSE3 SSE4.2 AVX FMA3 BMI2 AVX2
[libx264 @ 0x5942c4b8de80] profile High, level 3.0, 4:2:0, 8-bit
[libx264 @ 0x5942c4b8de80] 264 - core 164 r3108 31e19f9 - H.264/MPEG-4 AVC codec - Copyleft 2003-2023 - http://www.videolan.org/x264.html - options: cabac=1 ref=3 deblock=1:0:0 analyse=0x3:0x113 me=hex subme=7 psy=1 psy_rd=1.00:0.00 mixed_ref=1 me_range=16 chroma_me=1 trellis=1 8x8dct=1 cqm=0 deadzone=21,11 fast_pskip=1 chroma_qp_offset=-2 threads=15 lookahead_threads=2 sliced_threads=0 nr=0 decimate=1 interlaced=0 bluray_compat=0 constrained_intra=0 bframes=3 b_pyramid=2 b_adapt=1 b_bias=0 direct=1 weightb=1 open_gop=0 weightp=2 keyint=250 keyint_min=16 scenecut=40 intra_refresh=0 rc_lookahead=40 rc=crf mbtree=1 crf=23.0 qcomp=0.60 qpmin=0 qpmax=69 qpstep=4 ip_ratio=1.40 aq=1:1.00
Output #0, mp4, to '/data/vaishak/combined-kv-quant/results/combined/backfills/drift/moviegen/42567fb8425cc7c3_FLOWCACHE_SOFT_PRUNE_INT2/FLOWCACHE_SOFT_PRUNE_INT2_frames_165/prompt_0001_seed_1.mp4':
  Metadata:
    major_brand     : isom
    minor_version   : 512
    compatible_brands: isomiso2avc1mp41
    encoder         : Lavf60.16.100
  Stream #0:0(und): Video: h264 (avc1 / 0x31637661), yuv420p(progressive), 832x480, q=2-31, 16 fps, 16384 tbn (default)
    Metadata:
      handler_name    : VideoHandler
      vendor_id       : [0][0][0][0]
      encoder         : Lavc60.31.102 libx264
    Side data:
      cpb: bitrate max/min/avg: 0/0/0 buffer size: 0 vbv_delay: N/A
frame=    0 fps=0.0 q=0.0 size=       0kB time=N/A bitrate=N/A speed=N/A    [out#0/mp4 @ 0x5942c4b02000] video:1895kB audio:0kB subtitle:0kB other streams:0kB global headers:0kB muxing overhead: 0.146519%
frame=  165 fps=0.0 q=-1.0 Lsize=    1898kB time=00:00:10.12 bitrate=1535.4kbits/s speed=12.8x    
[libx264 @ 0x5942c4b8de80] frame I:7     Avg QP:20.83  size: 43625
[libx264 @ 0x5942c4b8de80] frame P:48    Avg QP:23.83  size: 21882
[libx264 @ 0x5942c4b8de80] frame B:110   Avg QP:25.67  size:  5309
[libx264 @ 0x5942c4b8de80] consecutive B-frames:  6.7% 12.1%  3.6% 77.6%
[libx264 @ 0x5942c4b8de80] mb I  I16..4:  5.4% 83.2% 11.4%
[libx264 @ 0x5942c4b8de80] mb P  I16..4:  1.9% 16.5%  1.2%  P16..4: 42.3% 20.6% 10.0%  0.0%  0.0%    skip: 7.5%
[libx264 @ 0x5942c4b8de80] mb B  I16..4:  0.2%  0.7%  0.0%  B16..8: 51.6%  8.1%  2.9%  direct: 2.3%  skip:34.1%  L0:52.9% L1:41.0% BI: 6.2%
[libx264 @ 0x5942c4b8de80] 8x8 transform intra:82.9% inter:74.6%
[libx264 @ 0x5942c4b8de80] coded y,uvDC,uvAC intra: 83.6% 75.9% 15.3% inter: 25.8% 18.7% 0.0%
[libx264 @ 0x5942c4b8de80] i16 v,h,dc,p:  4% 46%  5% 45%
[libx264 @ 0x5942c4b8de80] i8 v,h,dc,ddl,ddr,vr,hd,vl,hu:  7% 31% 21%  5%  6%  5%  9%  5% 11%
[libx264 @ 0x5942c4b8de80] i4 v,h,dc,ddl,ddr,vr,hd,vl,hu:  9% 27% 14%  6%  8%  6% 12%  6% 11%
[libx264 @ 0x5942c4b8de80] i8c dc,h,v,p: 38% 41%  9% 12%
[libx264 @ 0x5942c4b8de80] Weighted P-Frames: Y:27.1% UV:8.3%
[libx264 @ 0x5942c4b8de80] ref P L0: 58.5% 18.1% 16.1%  6.3%  1.0%
[libx264 @ 0x5942c4b8de80] ref B L0: 86.8% 11.4%  1.8%
[libx264 @ 0x5942c4b8de80] ref B L1: 98.4%  1.6%
[libx264 @ 0x5942c4b8de80] kb/s:1504.72
ffmpeg version 6.1.1-3ubuntu5 Copyright (c) 2000-2023 the FFmpeg developers
  built with gcc 13 (Ubuntu 13.2.0-23ubuntu3)
  configuration: --prefix=/usr --extra-version=3ubuntu5 --toolchain=hardened --libdir=/usr/lib/x86_64-linux-gnu --incdir=/usr/include/x86_64-linux-gnu --arch=amd64 --enable-gpl --disable-stripping --disable-omx --enable-gnutls --enable-libaom --enable-libass --enable-libbs2b --enable-libcaca --enable-libcdio --enable-libcodec2 --enable-libdav1d --enable-libflite --enable-libfontconfig --enable-libfreetype --enable-libfribidi --enable-libglslang --enable-libgme --enable-libgsm --enable-libharfbuzz --enable-libmp3lame --enable-libmysofa --enable-libopenjpeg --enable-libopenmpt --enable-libopus --enable-librubberband --enable-libshine --enable-libsnappy --enable-libsoxr --enable-libspeex --enable-libtheora --enable-libtwolame --enable-libvidstab --enable-libvorbis --enable-libvpx --enable-libwebp --enable-libx265 --enable-libxml2 --enable-libxvid --enable-libzimg --enable-openal --enable-opencl --enable-opengl --disable-sndio --enable-libvpl --disable-libmfx --enable-libdc1394 --enable-libdrm --enable-libiec61883 --enable-chromaprint --enable-frei0r --enable-ladspa --enable-libbluray --enable-libjack --enable-libpulse --enable-librabbitmq --enable-librist --enable-libsrt --enable-libssh --enable-libsvtav1 --enable-libx264 --enable-libzmq --enable-libzvbi --enable-lv2 --enable-sdl2 --enable-libplacebo --enable-librav1e --enable-pocketsphinx --enable-librsvg --enable-libjxl --enable-shared
  libavutil      58. 29.100 / 58. 29.100
  libavcodec     60. 31.102 / 60. 31.102
  libavformat    60. 16.100 / 60. 16.100
  libavdevice    60.  3.100 / 60.  3.100
  libavfilter     9. 12.100 /  9. 12.100
  libswscale      7.  5.100 /  7.  5.100
  libswresample   4. 12.100 /  4. 12.100
  libpostproc    57.  3.100 / 57.  3.100
Input #0, mov,mp4,m4a,3gp,3g2,mj2, from '/data/vaishak/combined-kv-quant/results/runs/backfill_flowcache_soft_prune_int2_24b7f6c1cfbb_10s/videos/FLOWCACHE_SOFT_PRUNE_INT2/prompt_0002_seed_2.mp4':
  Metadata:
    major_brand     : isom
    minor_version   : 512
    compatible_brands: isomiso2avc1mp41
    encoder         : Lavf61.1.100
  Duration: 00:00:10.31, start: 0.000000, bitrate: 1128 kb/s
  Stream #0:0[0x1](und): Video: h264 (High) (avc1 / 0x31637661), yuv420p(progressive), 832x480, 1125 kb/s, 16 fps, 16 tbr, 16384 tbn (default)
    Metadata:
      handler_name    : VideoHandler
      vendor_id       : [0][0][0][0]
Stream mapping:
  Stream #0:0 -> #0:0 (h264 (native) -> h264 (libx264))
Press [q] to stop, [?] for help
[libx264 @ 0x5e2f6f0879c0] using cpu capabilities: MMX2 SSE2Fast SSSE3 SSE4.2 AVX FMA3 BMI2 AVX2
[libx264 @ 0x5e2f6f0879c0] profile High, level 3.0, 4:2:0, 8-bit
[libx264 @ 0x5e2f6f0879c0] 264 - core 164 r3108 31e19f9 - H.264/MPEG-4 AVC codec - Copyleft 2003-2023 - http://www.videolan.org/x264.html - options: cabac=1 ref=3 deblock=1:0:0 analyse=0x3:0x113 me=hex subme=7 psy=1 psy_rd=1.00:0.00 mixed_ref=1 me_range=16 chroma_me=1 trellis=1 8x8dct=1 cqm=0 deadzone=21,11 fast_pskip=1 chroma_qp_offset=-2 threads=15 lookahead_threads=2 sliced_threads=0 nr=0 decimate=1 interlaced=0 bluray_compat=0 constrained_intra=0 bframes=3 b_pyramid=2 b_adapt=1 b_bias=0 direct=1 weightb=1 open_gop=0 weightp=2 keyint=250 keyint_min=16 scenecut=40 intra_refresh=0 rc_lookahead=40 rc=crf mbtree=1 crf=23.0 qcomp=0.60 qpmin=0 qpmax=69 qpstep=4 ip_ratio=1.40 aq=1:1.00
Output #0, mp4, to '/data/vaishak/combined-kv-quant/results/combined/backfills/drift/moviegen/42567fb8425cc7c3_FLOWCACHE_SOFT_PRUNE_INT2/FLOWCACHE_SOFT_PRUNE_INT2_frames_165/prompt_0002_seed_2.mp4':
  Metadata:
    major_brand     : isom
    minor_version   : 512
    compatible_brands: isomiso2avc1mp41
    encoder         : Lavf60.16.100
  Stream #0:0(und): Video: h264 (avc1 / 0x31637661), yuv420p(progressive), 832x480, q=2-31, 16 fps, 16384 tbn (default)
    Metadata:
      handler_name    : VideoHandler
      vendor_id       : [0][0][0][0]
      encoder         : Lavc60.31.102 libx264
    Side data:
      cpb: bitrate max/min/avg: 0/0/0 buffer size: 0 vbv_delay: N/A
frame=    0 fps=0.0 q=0.0 size=       0kB time=N/A bitrate=N/A speed=N/A    [out#0/mp4 @ 0x5e2f6efa4d00] video:1764kB audio:0kB subtitle:0kB other streams:0kB global headers:0kB muxing overhead: 0.152533%
frame=  165 fps=0.0 q=-1.0 Lsize=    1767kB time=00:00:10.12 bitrate=1429.3kbits/s speed=14.6x    
[libx264 @ 0x5e2f6f0879c0] frame I:18    Avg QP:19.93  size: 23395
[libx264 @ 0x5e2f6f0879c0] frame P:44    Avg QP:23.42  size: 13862
[libx264 @ 0x5e2f6f0879c0] frame B:103   Avg QP:24.96  size:  7519
[libx264 @ 0x5e2f6f0879c0] consecutive B-frames: 12.1%  4.8% 27.3% 55.8%
[libx264 @ 0x5e2f6f0879c0] mb I  I16..4: 34.9% 55.6%  9.4%
[libx264 @ 0x5e2f6f0879c0] mb P  I16..4:  9.7% 18.7%  3.2%  P16..4: 39.7% 12.5%  4.4%  0.0%  0.0%    skip:11.9%
[libx264 @ 0x5e2f6f0879c0] mb B  I16..4:  0.3%  1.9%  0.6%  B16..8: 38.8%  9.8%  3.5%  direct: 4.7%  skip:40.4%  L0:47.7% L1:42.6% BI: 9.7%
[libx264 @ 0x5e2f6f0879c0] 8x8 transform intra:58.1% inter:72.5%
[libx264 @ 0x5e2f6f0879c0] coded y,uvDC,uvAC intra: 60.0% 72.1% 26.3% inter: 23.3% 25.0% 2.3%
[libx264 @ 0x5e2f6f0879c0] i16 v,h,dc,p:  1% 51%  2% 46%
[libx264 @ 0x5e2f6f0879c0] i8 v,h,dc,ddl,ddr,vr,hd,vl,hu: 10% 30% 16%  6%  7%  5% 10%  6% 11%
[libx264 @ 0x5e2f6f0879c0] i4 v,h,dc,ddl,ddr,vr,hd,vl,hu: 12% 26% 13%  6% 10%  7% 11%  5% 10%
[libx264 @ 0x5e2f6f0879c0] i8c dc,h,v,p: 35% 40% 12% 13%
[libx264 @ 0x5e2f6f0879c0] Weighted P-Frames: Y:15.9% UV:11.4%
[libx264 @ 0x5e2f6f0879c0] ref P L0: 66.5%  9.2% 15.8%  7.8%  0.7%
[libx264 @ 0x5e2f6f0879c0] ref B L0: 89.6%  8.3%  2.2%
[libx264 @ 0x5e2f6f0879c0] ref B L1: 97.8%  2.2%
[libx264 @ 0x5e2f6f0879c0] kb/s:1400.62
ffmpeg version 6.1.1-3ubuntu5 Copyright (c) 2000-2023 the FFmpeg developers
  built with gcc 13 (Ubuntu 13.2.0-23ubuntu3)
  configuration: --prefix=/usr --extra-version=3ubuntu5 --toolchain=hardened --libdir=/usr/lib/x86_64-linux-gnu --incdir=/usr/include/x86_64-linux-gnu --arch=amd64 --enable-gpl --disable-stripping --disable-omx --enable-gnutls --enable-libaom --enable-libass --enable-libbs2b --enable-libcaca --enable-libcdio --enable-libcodec2 --enable-libdav1d --enable-libflite --enable-libfontconfig --enable-libfreetype --enable-libfribidi --enable-libglslang --enable-libgme --enable-libgsm --enable-libharfbuzz --enable-libmp3lame --enable-libmysofa --enable-libopenjpeg --enable-libopenmpt --enable-libopus --enable-librubberband --enable-libshine --enable-libsnappy --enable-libsoxr --enable-libspeex --enable-libtheora --enable-libtwolame --enable-libvidstab --enable-libvorbis --enable-libvpx --enable-libwebp --enable-libx265 --enable-libxml2 --enable-libxvid --enable-libzimg --enable-openal --enable-opencl --enable-opengl --disable-sndio --enable-libvpl --disable-libmfx --enable-libdc1394 --enable-libdrm --enable-libiec61883 --enable-chromaprint --enable-frei0r --enable-ladspa --enable-libbluray --enable-libjack --enable-libpulse --enable-librabbitmq --enable-librist --enable-libsrt --enable-libssh --enable-libsvtav1 --enable-libx264 --enable-libzmq --enable-libzvbi --enable-lv2 --enable-sdl2 --enable-libplacebo --enable-librav1e --enable-pocketsphinx --enable-librsvg --enable-libjxl --enable-shared
  libavutil      58. 29.100 / 58. 29.100
  libavcodec     60. 31.102 / 60. 31.102
  libavformat    60. 16.100 / 60. 16.100
  libavdevice    60.  3.100 / 60.  3.100
  libavfilter     9. 12.100 /  9. 12.100
  libswscale      7.  5.100 /  7.  5.100
  libswresample   4. 12.100 /  4. 12.100
  libpostproc    57.  3.100 / 57.  3.100
Input #0, mov,mp4,m4a,3gp,3g2,mj2, from '/data/vaishak/combined-kv-quant/results/runs/backfill_flowcache_soft_prune_int2_24b7f6c1cfbb_10s/videos/FLOWCACHE_SOFT_PRUNE_INT2/prompt_0003_seed_3.mp4':
  Metadata:
    major_brand     : isom
    minor_version   : 512
    compatible_brands: isomiso2avc1mp41
    encoder         : Lavf61.1.100
  Duration: 00:00:10.31, start: 0.000000, bitrate: 1090 kb/s
  Stream #0:0[0x1](und): Video: h264 (High) (avc1 / 0x31637661), yuv420p(progressive), 832x480, 1088 kb/s, 16 fps, 16 tbr, 16384 tbn (default)
    Metadata:
      handler_name    : VideoHandler
      vendor_id       : [0][0][0][0]
Stream mapping:
  Stream #0:0 -> #0:0 (h264 (native) -> h264 (libx264))
Press [q] to stop, [?] for help
[libx264 @ 0x60ba38372ac0] using cpu capabilities: MMX2 SSE2Fast SSSE3 SSE4.2 AVX FMA3 BMI2 AVX2
[libx264 @ 0x60ba38372ac0] profile High, level 3.0, 4:2:0, 8-bit
[libx264 @ 0x60ba38372ac0] 264 - core 164 r3108 31e19f9 - H.264/MPEG-4 AVC codec - Copyleft 2003-2023 - http://www.videolan.org/x264.html - options: cabac=1 ref=3 deblock=1:0:0 analyse=0x3:0x113 me=hex subme=7 psy=1 psy_rd=1.00:0.00 mixed_ref=1 me_range=16 chroma_me=1 trellis=1 8x8dct=1 cqm=0 deadzone=21,11 fast_pskip=1 chroma_qp_offset=-2 threads=15 lookahead_threads=2 sliced_threads=0 nr=0 decimate=1 interlaced=0 bluray_compat=0 constrained_intra=0 bframes=3 b_pyramid=2 b_adapt=1 b_bias=0 direct=1 weightb=1 open_gop=0 weightp=2 keyint=250 keyint_min=16 scenecut=40 intra_refresh=0 rc_lookahead=40 rc=crf mbtree=1 crf=23.0 qcomp=0.60 qpmin=0 qpmax=69 qpstep=4 ip_ratio=1.40 aq=1:1.00
Output #0, mp4, to '/data/vaishak/combined-kv-quant/results/combined/backfills/drift/moviegen/42567fb8425cc7c3_FLOWCACHE_SOFT_PRUNE_INT2/FLOWCACHE_SOFT_PRUNE_INT2_frames_165/prompt_0003_seed_3.mp4':
  Metadata:
    major_brand     : isom
    minor_version   : 512
    compatible_brands: isomiso2avc1mp41
    encoder         : Lavf60.16.100
  Stream #0:0(und): Video: h264 (avc1 / 0x31637661), yuv420p(progressive), 832x480, q=2-31, 16 fps, 16384 tbn (default)
    Metadata:
      handler_name    : VideoHandler
      vendor_id       : [0][0][0][0]
      encoder         : Lavc60.31.102 libx264
    Side data:
      cpb: bitrate max/min/avg: 0/0/0 buffer size: 0 vbv_delay: N/A
frame=    0 fps=0.0 q=0.0 size=       0kB time=N/A bitrate=N/A speed=N/A    frame=   89 fps=0.0 q=27.0 size=    1024kB time=00:00:05.37 bitrate=1560.7kbits/s speed=10.2x    [out#0/mp4 @ 0x60ba382e7000] video:2366kB audio:0kB subtitle:0kB other streams:0kB global headers:0kB muxing overhead: 0.117016%
frame=  165 fps=0.0 q=-1.0 Lsize=    2369kB time=00:00:10.12 bitrate=1916.5kbits/s speed=12.3x    
[libx264 @ 0x60ba38372ac0] frame I:8     Avg QP:21.72  size: 44791
[libx264 @ 0x60ba38372ac0] frame P:48    Avg QP:24.72  size: 25450
[libx264 @ 0x60ba38372ac0] frame B:109   Avg QP:26.50  size:  7726
[libx264 @ 0x60ba38372ac0] consecutive B-frames:  9.1%  7.3%  3.6% 80.0%
[libx264 @ 0x60ba38372ac0] mb I  I16..4: 14.5% 69.1% 16.4%
[libx264 @ 0x60ba38372ac0] mb P  I16..4:  1.9% 20.5%  3.7%  P16..4: 37.4% 18.6%  9.0%  0.0%  0.0%    skip: 9.0%
[libx264 @ 0x60ba38372ac0] mb B  I16..4:  0.1%  0.8%  0.3%  B16..8: 48.1% 10.7%  4.1%  direct: 3.8%  skip:32.0%  L0:48.3% L1:41.3% BI:10.3%
[libx264 @ 0x60ba38372ac0] 8x8 transform intra:74.4% inter:69.3%
[libx264 @ 0x60ba38372ac0] coded y,uvDC,uvAC intra: 86.8% 90.8% 46.6% inter: 30.6% 27.0% 0.5%
[libx264 @ 0x60ba38372ac0] i16 v,h,dc,p:  1% 48%  2% 49%
[libx264 @ 0x60ba38372ac0] i8 v,h,dc,ddl,ddr,vr,hd,vl,hu:  8% 22% 15%  6%  9%  7% 13%  7% 12%
[libx264 @ 0x60ba38372ac0] i4 v,h,dc,ddl,ddr,vr,hd,vl,hu:  9% 22% 12%  7% 10%  7% 14%  6% 12%
[libx264 @ 0x60ba38372ac0] i8c dc,h,v,p: 36% 30% 15% 18%
[libx264 @ 0x60ba38372ac0] Weighted P-Frames: Y:25.0% UV:6.2%
[libx264 @ 0x60ba38372ac0] ref P L0: 59.6% 18.6% 15.0%  6.0%  0.8%
[libx264 @ 0x60ba38372ac0] ref B L0: 91.0%  8.0%  1.0%
[libx264 @ 0x60ba38372ac0] ref B L1: 99.0%  1.0%
[libx264 @ 0x60ba38372ac0] kb/s:1878.92
ffmpeg version 6.1.1-3ubuntu5 Copyright (c) 2000-2023 the FFmpeg developers
  built with gcc 13 (Ubuntu 13.2.0-23ubuntu3)
  configuration: --prefix=/usr --extra-version=3ubuntu5 --toolchain=hardened --libdir=/usr/lib/x86_64-linux-gnu --incdir=/usr/include/x86_64-linux-gnu --arch=amd64 --enable-gpl --disable-stripping --disable-omx --enable-gnutls --enable-libaom --enable-libass --enable-libbs2b --enable-libcaca --enable-libcdio --enable-libcodec2 --enable-libdav1d --enable-libflite --enable-libfontconfig --enable-libfreetype --enable-libfribidi --enable-libglslang --enable-libgme --enable-libgsm --enable-libharfbuzz --enable-libmp3lame --enable-libmysofa --enable-libopenjpeg --enable-libopenmpt --enable-libopus --enable-librubberband --enable-libshine --enable-libsnappy --enable-libsoxr --enable-libspeex --enable-libtheora --enable-libtwolame --enable-libvidstab --enable-libvorbis --enable-libvpx --enable-libwebp --enable-libx265 --enable-libxml2 --enable-libxvid --enable-libzimg --enable-openal --enable-opencl --enable-opengl --disable-sndio --enable-libvpl --disable-libmfx --enable-libdc1394 --enable-libdrm --enable-libiec61883 --enable-chromaprint --enable-frei0r --enable-ladspa --enable-libbluray --enable-libjack --enable-libpulse --enable-librabbitmq --enable-librist --enable-libsrt --enable-libssh --enable-libsvtav1 --enable-libx264 --enable-libzmq --enable-libzvbi --enable-lv2 --enable-sdl2 --enable-libplacebo --enable-librav1e --enable-pocketsphinx --enable-librsvg --enable-libjxl --enable-shared
  libavutil      58. 29.100 / 58. 29.100
  libavcodec     60. 31.102 / 60. 31.102
  libavformat    60. 16.100 / 60. 16.100
  libavdevice    60.  3.100 / 60.  3.100
  libavfilter     9. 12.100 /  9. 12.100
  libswscale      7.  5.100 /  7.  5.100
  libswresample   4. 12.100 /  4. 12.100
  libpostproc    57.  3.100 / 57.  3.100
Input #0, mov,mp4,m4a,3gp,3g2,mj2, from '/data/vaishak/combined-kv-quant/results/runs/backfill_flowcache_soft_prune_int2_24b7f6c1cfbb_10s/videos/FLOWCACHE_SOFT_PRUNE_INT2/prompt_0004_seed_4.mp4':
  Metadata:
    major_brand     : isom
    minor_version   : 512
    compatible_brands: isomiso2avc1mp41
    encoder         : Lavf61.1.100
  Duration: 00:00:10.31, start: 0.000000, bitrate: 1089 kb/s
  Stream #0:0[0x1](und): Video: h264 (High) (avc1 / 0x31637661), yuv420p(progressive), 832x480, 1086 kb/s, 16 fps, 16 tbr, 16384 tbn (default)
    Metadata:
      handler_name    : VideoHandler
      vendor_id       : [0][0][0][0]
Stream mapping:
  Stream #0:0 -> #0:0 (h264 (native) -> h264 (libx264))
Press [q] to stop, [?] for help
[libx264 @ 0x64a9b763e4c0] using cpu capabilities: MMX2 SSE2Fast SSSE3 SSE4.2 AVX FMA3 BMI2 AVX2
[libx264 @ 0x64a9b763e4c0] profile High, level 3.0, 4:2:0, 8-bit
[libx264 @ 0x64a9b763e4c0] 264 - core 164 r3108 31e19f9 - H.264/MPEG-4 AVC codec - Copyleft 2003-2023 - http://www.videolan.org/x264.html - options: cabac=1 ref=3 deblock=1:0:0 analyse=0x3:0x113 me=hex subme=7 psy=1 psy_rd=1.00:0.00 mixed_ref=1 me_range=16 chroma_me=1 trellis=1 8x8dct=1 cqm=0 deadzone=21,11 fast_pskip=1 chroma_qp_offset=-2 threads=15 lookahead_threads=2 sliced_threads=0 nr=0 decimate=1 interlaced=0 bluray_compat=0 constrained_intra=0 bframes=3 b_pyramid=2 b_adapt=1 b_bias=0 direct=1 weightb=1 open_gop=0 weightp=2 keyint=250 keyint_min=16 scenecut=40 intra_refresh=0 rc_lookahead=40 rc=crf mbtree=1 crf=23.0 qcomp=0.60 qpmin=0 qpmax=69 qpstep=4 ip_ratio=1.40 aq=1:1.00
Output #0, mp4, to '/data/vaishak/combined-kv-quant/results/combined/backfills/drift/moviegen/42567fb8425cc7c3_FLOWCACHE_SOFT_PRUNE_INT2/FLOWCACHE_SOFT_PRUNE_INT2_frames_165/prompt_0004_seed_4.mp4':
  Metadata:
    major_brand     : isom
    minor_version   : 512
    compatible_brands: isomiso2avc1mp41
    encoder         : Lavf60.16.100
  Stream #0:0(und): Video: h264 (avc1 / 0x31637661), yuv420p(progressive), 832x480, q=2-31, 16 fps, 16384 tbn (default)
    Metadata:
      handler_name    : VideoHandler
      vendor_id       : [0][0][0][0]
      encoder         : Lavc60.31.102 libx264
    Side data:
      cpb: bitrate max/min/avg: 0/0/0 buffer size: 0 vbv_delay: N/A
frame=    0 fps=0.0 q=0.0 size=       0kB time=N/A bitrate=N/A speed=N/A    [out#0/mp4 @ 0x64a9b75be000] video:1189kB audio:0kB subtitle:0kB other streams:0kB global headers:0kB muxing overhead: 0.233438%
frame=  165 fps=0.0 q=-1.0 Lsize=    1192kB time=00:00:10.12 bitrate= 964.5kbits/s speed=16.2x    
[libx264 @ 0x64a9b763e4c0] frame I:2     Avg QP:20.44  size: 31756
[libx264 @ 0x64a9b763e4c0] frame P:43    Avg QP:22.13  size: 15180
[libx264 @ 0x64a9b763e4c0] frame B:120   Avg QP:24.44  size:  4175
[libx264 @ 0x64a9b763e4c0] consecutive B-frames:  1.8%  2.4%  3.6% 92.1%
[libx264 @ 0x64a9b763e4c0] mb I  I16..4: 16.9% 69.6% 13.5%
[libx264 @ 0x64a9b763e4c0] mb P  I16..4:  4.4%  8.3%  0.9%  P16..4: 51.5% 20.6%  8.1%  0.0%  0.0%    skip: 6.3%
[libx264 @ 0x64a9b763e4c0] mb B  I16..4:  1.0%  1.1%  0.1%  B16..8: 43.6%  6.7%  1.6%  direct: 5.3%  skip:40.6%  L0:51.5% L1:41.5% BI: 6.9%
[libx264 @ 0x64a9b763e4c0] 8x8 transform intra:60.6% inter:78.7%
[libx264 @ 0x64a9b763e4c0] coded y,uvDC,uvAC intra: 52.0% 86.4% 34.1% inter: 21.5% 38.6% 0.7%
[libx264 @ 0x64a9b763e4c0] i16 v,h,dc,p: 14% 33%  5% 48%
[libx264 @ 0x64a9b763e4c0] i8 v,h,dc,ddl,ddr,vr,hd,vl,hu: 18% 27% 18%  5%  5%  7%  6%  7%  7%
[libx264 @ 0x64a9b763e4c0] i4 v,h,dc,ddl,ddr,vr,hd,vl,hu: 13% 23% 12%  7% 10%  9% 10%  7%  9%
[libx264 @ 0x64a9b763e4c0] i8c dc,h,v,p: 30% 30% 20% 20%
[libx264 @ 0x64a9b763e4c0] Weighted P-Frames: Y:37.2% UV:30.2%
[libx264 @ 0x64a9b763e4c0] ref P L0: 54.3% 15.5% 17.7%  9.5%  3.0%
[libx264 @ 0x64a9b763e4c0] ref B L0: 83.3% 14.0%  2.7%
[libx264 @ 0x64a9b763e4c0] ref B L1: 95.9%  4.1%
[libx264 @ 0x64a9b763e4c0] kb/s:944.25
ffmpeg version 6.1.1-3ubuntu5 Copyright (c) 2000-2023 the FFmpeg developers
  built with gcc 13 (Ubuntu 13.2.0-23ubuntu3)
  configuration: --prefix=/usr --extra-version=3ubuntu5 --toolchain=hardened --libdir=/usr/lib/x86_64-linux-gnu --incdir=/usr/include/x86_64-linux-gnu --arch=amd64 --enable-gpl --disable-stripping --disable-omx --enable-gnutls --enable-libaom --enable-libass --enable-libbs2b --enable-libcaca --enable-libcdio --enable-libcodec2 --enable-libdav1d --enable-libflite --enable-libfontconfig --enable-libfreetype --enable-libfribidi --enable-libglslang --enable-libgme --enable-libgsm --enable-libharfbuzz --enable-libmp3lame --enable-libmysofa --enable-libopenjpeg --enable-libopenmpt --enable-libopus --enable-librubberband --enable-libshine --enable-libsnappy --enable-libsoxr --enable-libspeex --enable-libtheora --enable-libtwolame --enable-libvidstab --enable-libvorbis --enable-libvpx --enable-libwebp --enable-libx265 --enable-libxml2 --enable-libxvid --enable-libzimg --enable-openal --enable-opencl --enable-opengl --disable-sndio --enable-libvpl --disable-libmfx --enable-libdc1394 --enable-libdrm --enable-libiec61883 --enable-chromaprint --enable-frei0r --enable-ladspa --enable-libbluray --enable-libjack --enable-libpulse --enable-librabbitmq --enable-librist --enable-libsrt --enable-libssh --enable-libsvtav1 --enable-libx264 --enable-libzmq --enable-libzvbi --enable-lv2 --enable-sdl2 --enable-libplacebo --enable-librav1e --enable-pocketsphinx --enable-librsvg --enable-libjxl --enable-shared
  libavutil      58. 29.100 / 58. 29.100
  libavcodec     60. 31.102 / 60. 31.102
  libavformat    60. 16.100 / 60. 16.100
  libavdevice    60.  3.100 / 60.  3.100
  libavfilter     9. 12.100 /  9. 12.100
  libswscale      7.  5.100 /  7.  5.100
  libswresample   4. 12.100 /  4. 12.100
  libpostproc    57.  3.100 / 57.  3.100
Input #0, mov,mp4,m4a,3gp,3g2,mj2, from '/data/vaishak/combined-kv-quant/results/runs/backfill_flowcache_soft_prune_int2_24b7f6c1cfbb_10s/videos/FLOWCACHE_SOFT_PRUNE_INT2/prompt_0005_seed_5.mp4':
  Metadata:
    major_brand     : isom
    minor_version   : 512
    compatible_brands: isomiso2avc1mp41
    encoder         : Lavf61.1.100
  Duration: 00:00:10.31, start: 0.000000, bitrate: 1154 kb/s
  Stream #0:0[0x1](und): Video: h264 (High) (avc1 / 0x31637661), yuv420p(progressive), 832x480, 1152 kb/s, 16 fps, 16 tbr, 16384 tbn (default)
    Metadata:
      handler_name    : VideoHandler
      vendor_id       : [0][0][0][0]
Stream mapping:
  Stream #0:0 -> #0:0 (h264 (native) -> h264 (libx264))
Press [q] to stop, [?] for help
[libx264 @ 0x56a3db265e00] using cpu capabilities: MMX2 SSE2Fast SSSE3 SSE4.2 AVX FMA3 BMI2 AVX2
[libx264 @ 0x56a3db265e00] profile High, level 3.0, 4:2:0, 8-bit
[libx264 @ 0x56a3db265e00] 264 - core 164 r3108 31e19f9 - H.264/MPEG-4 AVC codec - Copyleft 2003-2023 - http://www.videolan.org/x264.html - options: cabac=1 ref=3 deblock=1:0:0 analyse=0x3:0x113 me=hex subme=7 psy=1 psy_rd=1.00:0.00 mixed_ref=1 me_range=16 chroma_me=1 trellis=1 8x8dct=1 cqm=0 deadzone=21,11 fast_pskip=1 chroma_qp_offset=-2 threads=15 lookahead_threads=2 sliced_threads=0 nr=0 decimate=1 interlaced=0 bluray_compat=0 constrained_intra=0 bframes=3 b_pyramid=2 b_adapt=1 b_bias=0 direct=1 weightb=1 open_gop=0 weightp=2 keyint=250 keyint_min=16 scenecut=40 intra_refresh=0 rc_lookahead=40 rc=crf mbtree=1 crf=23.0 qcomp=0.60 qpmin=0 qpmax=69 qpstep=4 ip_ratio=1.40 aq=1:1.00
Output #0, mp4, to '/data/vaishak/combined-kv-quant/results/combined/backfills/drift/moviegen/42567fb8425cc7c3_FLOWCACHE_SOFT_PRUNE_INT2/FLOWCACHE_SOFT_PRUNE_INT2_frames_165/prompt_0005_seed_5.mp4':
  Metadata:
    major_brand     : isom
    minor_version   : 512
    compatible_brands: isomiso2avc1mp41
    encoder         : Lavf60.16.100
  Stream #0:0(und): Video: h264 (avc1 / 0x31637661), yuv420p(progressive), 832x480, q=2-31, 16 fps, 16384 tbn (default)
    Metadata:
      handler_name    : VideoHandler
      vendor_id       : [0][0][0][0]
      encoder         : Lavc60.31.102 libx264
    Side data:
      cpb: bitrate max/min/avg: 0/0/0 buffer size: 0 vbv_delay: N/A
frame=    0 fps=0.0 q=0.0 size=       0kB time=N/A bitrate=N/A speed=N/A    [out#0/mp4 @ 0x56a3db1d1d40] video:2471kB audio:0kB subtitle:0kB other streams:0kB global headers:0kB muxing overhead: 0.110917%
frame=  165 fps=0.0 q=-1.0 Lsize=    2474kB time=00:00:10.12 bitrate=2001.8kbits/s speed=15.2x    
[libx264 @ 0x56a3db265e00] frame I:5     Avg QP:22.04  size: 74128
[libx264 @ 0x56a3db265e00] frame P:46    Avg QP:24.68  size: 31044
[libx264 @ 0x56a3db265e00] frame B:114   Avg QP:27.27  size:  6416
[libx264 @ 0x56a3db265e00] consecutive B-frames:  5.5%  2.4% 14.5% 77.6%
[libx264 @ 0x56a3db265e00] mb I  I16..4:  5.9% 70.8% 23.3%
[libx264 @ 0x56a3db265e00] mb P  I16..4:  1.8%  9.2%  1.1%  P16..4: 41.0% 25.7% 17.0%  0.0%  0.0%    skip: 4.3%
[libx264 @ 0x56a3db265e00] mb B  I16..4:  0.1%  0.4%  0.1%  B16..8: 49.7%  8.8%  4.3%  direct: 3.2%  skip:33.4%  L0:52.5% L1:38.5% BI: 9.0%
[libx264 @ 0x56a3db265e00] 8x8 transform intra:73.3% inter:67.3%
[libx264 @ 0x56a3db265e00] coded y,uvDC,uvAC intra: 80.3% 96.5% 78.9% inter: 27.7% 36.4% 7.7%
[libx264 @ 0x56a3db265e00] i16 v,h,dc,p: 10% 43% 13% 34%
[libx264 @ 0x56a3db265e00] i8 v,h,dc,ddl,ddr,vr,hd,vl,hu: 12% 20% 25%  6%  5%  7%  6%  8% 10%
[libx264 @ 0x56a3db265e00] i4 v,h,dc,ddl,ddr,vr,hd,vl,hu: 17% 14% 14%  9%  9% 12%  7% 11%  8%
[libx264 @ 0x56a3db265e00] i8c dc,h,v,p: 34% 34% 10% 21%
[libx264 @ 0x56a3db265e00] Weighted P-Frames: Y:41.3% UV:26.1%
[libx264 @ 0x56a3db265e00] ref P L0: 58.1% 22.6% 12.1%  6.0%  1.2%
[libx264 @ 0x56a3db265e00] ref B L0: 92.0%  7.0%  0.9%
[libx264 @ 0x56a3db265e00] ref B L1: 98.6%  1.4%
[libx264 @ 0x56a3db265e00] kb/s:1962.69
ffmpeg version 6.1.1-3ubuntu5 Copyright (c) 2000-2023 the FFmpeg developers
  built with gcc 13 (Ubuntu 13.2.0-23ubuntu3)
  configuration: --prefix=/usr --extra-version=3ubuntu5 --toolchain=hardened --libdir=/usr/lib/x86_64-linux-gnu --incdir=/usr/include/x86_64-linux-gnu --arch=amd64 --enable-gpl --disable-stripping --disable-omx --enable-gnutls --enable-libaom --enable-libass --enable-libbs2b --enable-libcaca --enable-libcdio --enable-libcodec2 --enable-libdav1d --enable-libflite --enable-libfontconfig --enable-libfreetype --enable-libfribidi --enable-libglslang --enable-libgme --enable-libgsm --enable-libharfbuzz --enable-libmp3lame --enable-libmysofa --enable-libopenjpeg --enable-libopenmpt --enable-libopus --enable-librubberband --enable-libshine --enable-libsnappy --enable-libsoxr --enable-libspeex --enable-libtheora --enable-libtwolame --enable-libvidstab --enable-libvorbis --enable-libvpx --enable-libwebp --enable-libx265 --enable-libxml2 --enable-libxvid --enable-libzimg --enable-openal --enable-opencl --enable-opengl --disable-sndio --enable-libvpl --disable-libmfx --enable-libdc1394 --enable-libdrm --enable-libiec61883 --enable-chromaprint --enable-frei0r --enable-ladspa --enable-libbluray --enable-libjack --enable-libpulse --enable-librabbitmq --enable-librist --enable-libsrt --enable-libssh --enable-libsvtav1 --enable-libx264 --enable-libzmq --enable-libzvbi --enable-lv2 --enable-sdl2 --enable-libplacebo --enable-librav1e --enable-pocketsphinx --enable-librsvg --enable-libjxl --enable-shared
  libavutil      58. 29.100 / 58. 29.100
  libavcodec     60. 31.102 / 60. 31.102
  libavformat    60. 16.100 / 60. 16.100
  libavdevice    60.  3.100 / 60.  3.100
  libavfilter     9. 12.100 /  9. 12.100
  libswscale      7.  5.100 /  7.  5.100
  libswresample   4. 12.100 /  4. 12.100
  libpostproc    57.  3.100 / 57.  3.100
Input #0, mov,mp4,m4a,3gp,3g2,mj2, from '/data/vaishak/combined-kv-quant/results/runs/backfill_flowcache_soft_prune_int2_24b7f6c1cfbb_10s/videos/FLOWCACHE_SOFT_PRUNE_INT2/prompt_0006_seed_6.mp4':
  Metadata:
    major_brand     : isom
    minor_version   : 512
    compatible_brands: isomiso2avc1mp41
    encoder         : Lavf61.1.100
  Duration: 00:00:10.31, start: 0.000000, bitrate: 1040 kb/s
  Stream #0:0[0x1](und): Video: h264 (High) (avc1 / 0x31637661), yuv420p(progressive), 832x480, 1037 kb/s, 16 fps, 16 tbr, 16384 tbn (default)
    Metadata:
      handler_name    : VideoHandler
      vendor_id       : [0][0][0][0]
Stream mapping:
  Stream #0:0 -> #0:0 (h264 (native) -> h264 (libx264))
Press [q] to stop, [?] for help
[libx264 @ 0x610148ebe600] using cpu capabilities: MMX2 SSE2Fast SSSE3 SSE4.2 AVX FMA3 BMI2 AVX2
[libx264 @ 0x610148ebe600] profile High, level 3.0, 4:2:0, 8-bit
[libx264 @ 0x610148ebe600] 264 - core 164 r3108 31e19f9 - H.264/MPEG-4 AVC codec - Copyleft 2003-2023 - http://www.videolan.org/x264.html - options: cabac=1 ref=3 deblock=1:0:0 analyse=0x3:0x113 me=hex subme=7 psy=1 psy_rd=1.00:0.00 mixed_ref=1 me_range=16 chroma_me=1 trellis=1 8x8dct=1 cqm=0 deadzone=21,11 fast_pskip=1 chroma_qp_offset=-2 threads=15 lookahead_threads=2 sliced_threads=0 nr=0 decimate=1 interlaced=0 bluray_compat=0 constrained_intra=0 bframes=3 b_pyramid=2 b_adapt=1 b_bias=0 direct=1 weightb=1 open_gop=0 weightp=2 keyint=250 keyint_min=16 scenecut=40 intra_refresh=0 rc_lookahead=40 rc=crf mbtree=1 crf=23.0 qcomp=0.60 qpmin=0 qpmax=69 qpstep=4 ip_ratio=1.40 aq=1:1.00
Output #0, mp4, to '/data/vaishak/combined-kv-quant/results/combined/backfills/drift/moviegen/42567fb8425cc7c3_FLOWCACHE_SOFT_PRUNE_INT2/FLOWCACHE_SOFT_PRUNE_INT2_frames_165/prompt_0006_seed_6.mp4':
  Metadata:
    major_brand     : isom
    minor_version   : 512
    compatible_brands: isomiso2avc1mp41
    encoder         : Lavf60.16.100
  Stream #0:0(und): Video: h264 (avc1 / 0x31637661), yuv420p(progressive), 832x480, q=2-31, 16 fps, 16384 tbn (default)
    Metadata:
      handler_name    : VideoHandler
      vendor_id       : [0][0][0][0]
      encoder         : Lavc60.31.102 libx264
    Side data:
      cpb: bitrate max/min/avg: 0/0/0 buffer size: 0 vbv_delay: N/A
frame=    0 fps=0.0 q=0.0 size=       0kB time=N/A bitrate=N/A speed=N/A    [out#0/mp4 @ 0x610148ebd100] video:1596kB audio:0kB subtitle:0kB other streams:0kB global headers:0kB muxing overhead: 0.175418%
frame=  165 fps=0.0 q=-1.0 Lsize=    1599kB time=00:00:10.12 bitrate=1293.6kbits/s speed=14.8x    
[libx264 @ 0x610148ebe600] frame I:5     Avg QP:18.90  size: 35531
[libx264 @ 0x610148ebe600] frame P:43    Avg QP:21.68  size: 19274
[libx264 @ 0x610148ebe600] frame B:117   Avg QP:24.29  size:  5361
[libx264 @ 0x610148ebe600] consecutive B-frames:  3.0%  7.3%  0.0% 89.7%
[libx264 @ 0x610148ebe600] mb I  I16..4: 28.7% 59.6% 11.7%
[libx264 @ 0x610148ebe600] mb P  I16..4:  5.5% 10.4%  2.6%  P16..4: 49.6% 14.2%  8.5%  0.0%  0.0%    skip: 9.2%
[libx264 @ 0x610148ebe600] mb B  I16..4:  0.6%  0.7%  0.1%  B16..8: 40.3%  6.4%  3.1%  direct: 2.9%  skip:45.8%  L0:43.8% L1:48.9% BI: 7.3%
[libx264 @ 0x610148ebe600] 8x8 transform intra:56.7% inter:72.9%
[libx264 @ 0x610148ebe600] coded y,uvDC,uvAC intra: 53.3% 86.6% 34.0% inter: 16.9% 28.8% 1.7%
[libx264 @ 0x610148ebe600] i16 v,h,dc,p: 11% 23%  7% 60%
[libx264 @ 0x610148ebe600] i8 v,h,dc,ddl,ddr,vr,hd,vl,hu: 16% 19% 23%  5% 10%  8%  7%  6%  6%
[libx264 @ 0x610148ebe600] i4 v,h,dc,ddl,ddr,vr,hd,vl,hu:  8%  7% 10%  4% 32% 16% 14%  4%  5%
[libx264 @ 0x610148ebe600] i8c dc,h,v,p: 43% 24% 14% 19%
[libx264 @ 0x610148ebe600] Weighted P-Frames: Y:14.0% UV:11.6%
[libx264 @ 0x610148ebe600] ref P L0: 63.2%  9.6% 18.1%  8.1%  0.9%
[libx264 @ 0x610148ebe600] ref B L0: 86.1% 11.7%  2.2%
[libx264 @ 0x610148ebe600] ref B L1: 97.3%  2.7%
[libx264 @ 0x610148ebe600] kb/s:1267.35
ffmpeg version 6.1.1-3ubuntu5 Copyright (c) 2000-2023 the FFmpeg developers
  built with gcc 13 (Ubuntu 13.2.0-23ubuntu3)
  configuration: --prefix=/usr --extra-version=3ubuntu5 --toolchain=hardened --libdir=/usr/lib/x86_64-linux-gnu --incdir=/usr/include/x86_64-linux-gnu --arch=amd64 --enable-gpl --disable-stripping --disable-omx --enable-gnutls --enable-libaom --enable-libass --enable-libbs2b --enable-libcaca --enable-libcdio --enable-libcodec2 --enable-libdav1d --enable-libflite --enable-libfontconfig --enable-libfreetype --enable-libfribidi --enable-libglslang --enable-libgme --enable-libgsm --enable-libharfbuzz --enable-libmp3lame --enable-libmysofa --enable-libopenjpeg --enable-libopenmpt --enable-libopus --enable-librubberband --enable-libshine --enable-libsnappy --enable-libsoxr --enable-libspeex --enable-libtheora --enable-libtwolame --enable-libvidstab --enable-libvorbis --enable-libvpx --enable-libwebp --enable-libx265 --enable-libxml2 --enable-libxvid --enable-libzimg --enable-openal --enable-opencl --enable-opengl --disable-sndio --enable-libvpl --disable-libmfx --enable-libdc1394 --enable-libdrm --enable-libiec61883 --enable-chromaprint --enable-frei0r --enable-ladspa --enable-libbluray --enable-libjack --enable-libpulse --enable-librabbitmq --enable-librist --enable-libsrt --enable-libssh --enable-libsvtav1 --enable-libx264 --enable-libzmq --enable-libzvbi --enable-lv2 --enable-sdl2 --enable-libplacebo --enable-librav1e --enable-pocketsphinx --enable-librsvg --enable-libjxl --enable-shared
  libavutil      58. 29.100 / 58. 29.100
  libavcodec     60. 31.102 / 60. 31.102
  libavformat    60. 16.100 / 60. 16.100
  libavdevice    60.  3.100 / 60.  3.100
  libavfilter     9. 12.100 /  9. 12.100
  libswscale      7.  5.100 /  7.  5.100
  libswresample   4. 12.100 /  4. 12.100
  libpostproc    57.  3.100 / 57.  3.100
Input #0, mov,mp4,m4a,3gp,3g2,mj2, from '/data/vaishak/combined-kv-quant/results/runs/backfill_flowcache_soft_prune_int2_24b7f6c1cfbb_10s/videos/FLOWCACHE_SOFT_PRUNE_INT2/prompt_0007_seed_7.mp4':
  Metadata:
    major_brand     : isom
    minor_version   : 512
    compatible_brands: isomiso2avc1mp41
    encoder         : Lavf61.1.100
  Duration: 00:00:10.31, start: 0.000000, bitrate: 1038 kb/s
  Stream #0:0[0x1](und): Video: h264 (High) (avc1 / 0x31637661), yuv420p(progressive), 832x480, 1036 kb/s, 16 fps, 16 tbr, 16384 tbn (default)
    Metadata:
      handler_name    : VideoHandler
      vendor_id       : [0][0][0][0]
Stream mapping:
  Stream #0:0 -> #0:0 (h264 (native) -> h264 (libx264))
Press [q] to stop, [?] for help
[libx264 @ 0x616659863640] using cpu capabilities: MMX2 SSE2Fast SSSE3 SSE4.2 AVX FMA3 BMI2 AVX2
[libx264 @ 0x616659863640] profile High, level 3.0, 4:2:0, 8-bit
[libx264 @ 0x616659863640] 264 - core 164 r3108 31e19f9 - H.264/MPEG-4 AVC codec - Copyleft 2003-2023 - http://www.videolan.org/x264.html - options: cabac=1 ref=3 deblock=1:0:0 analyse=0x3:0x113 me=hex subme=7 psy=1 psy_rd=1.00:0.00 mixed_ref=1 me_range=16 chroma_me=1 trellis=1 8x8dct=1 cqm=0 deadzone=21,11 fast_pskip=1 chroma_qp_offset=-2 threads=15 lookahead_threads=2 sliced_threads=0 nr=0 decimate=1 interlaced=0 bluray_compat=0 constrained_intra=0 bframes=3 b_pyramid=2 b_adapt=1 b_bias=0 direct=1 weightb=1 open_gop=0 weightp=2 keyint=250 keyint_min=16 scenecut=40 intra_refresh=0 rc_lookahead=40 rc=crf mbtree=1 crf=23.0 qcomp=0.60 qpmin=0 qpmax=69 qpstep=4 ip_ratio=1.40 aq=1:1.00
Output #0, mp4, to '/data/vaishak/combined-kv-quant/results/combined/backfills/drift/moviegen/42567fb8425cc7c3_FLOWCACHE_SOFT_PRUNE_INT2/FLOWCACHE_SOFT_PRUNE_INT2_frames_165/prompt_0007_seed_7.mp4':
  Metadata:
    major_brand     : isom
    minor_version   : 512
    compatible_brands: isomiso2avc1mp41
    encoder         : Lavf60.16.100
  Stream #0:0(und): Video: h264 (avc1 / 0x31637661), yuv420p(progressive), 832x480, q=2-31, 16 fps, 16384 tbn (default)
    Metadata:
      handler_name    : VideoHandler
      vendor_id       : [0][0][0][0]
      encoder         : Lavc60.31.102 libx264
    Side data:
      cpb: bitrate max/min/avg: 0/0/0 buffer size: 0 vbv_delay: N/A
frame=    0 fps=0.0 q=0.0 size=       0kB time=N/A bitrate=N/A speed=N/A    [out#0/mp4 @ 0x6166597e1000] video:1777kB audio:0kB subtitle:0kB other streams:0kB global headers:0kB muxing overhead: 0.155977%
frame=  165 fps=0.0 q=-1.0 Lsize=    1780kB time=00:00:10.12 bitrate=1440.4kbits/s speed=15.4x    
[libx264 @ 0x616659863640] frame I:3     Avg QP:21.82  size: 31933
[libx264 @ 0x616659863640] frame P:45    Avg QP:24.08  size: 20436
[libx264 @ 0x616659863640] frame B:117   Avg QP:25.92  size:  6872
[libx264 @ 0x616659863640] consecutive B-frames:  3.6%  4.8%  1.8% 89.7%
[libx264 @ 0x616659863640] mb I  I16..4: 12.5% 69.9% 17.6%
[libx264 @ 0x616659863640] mb P  I16..4:  5.5% 22.1%  4.4%  P16..4: 39.8% 17.8%  6.2%  0.0%  0.0%    skip: 4.4%
[libx264 @ 0x616659863640] mb B  I16..4:  1.1%  3.5%  0.2%  B16..8: 44.3% 12.1%  3.2%  direct: 4.6%  skip:30.9%  L0:50.4% L1:39.2% BI:10.4%
[libx264 @ 0x616659863640] 8x8 transform intra:69.8% inter:76.1%
[libx264 @ 0x616659863640] coded y,uvDC,uvAC intra: 66.4% 85.4% 27.3% inter: 28.1% 33.5% 0.3%
[libx264 @ 0x616659863640] i16 v,h,dc,p:  4% 36%  3% 57%
[libx264 @ 0x616659863640] i8 v,h,dc,ddl,ddr,vr,hd,vl,hu: 10% 32% 14%  5%  7%  5% 11%  5% 11%
[libx264 @ 0x616659863640] i4 v,h,dc,ddl,ddr,vr,hd,vl,hu: 11% 27% 13%  6%  8%  6% 13%  5% 11%
[libx264 @ 0x616659863640] i8c dc,h,v,p: 37% 37% 11% 15%
[libx264 @ 0x616659863640] Weighted P-Frames: Y:28.9% UV:17.8%
[libx264 @ 0x616659863640] ref P L0: 52.0% 15.7% 20.5%  9.6%  2.3%
[libx264 @ 0x616659863640] ref B L0: 84.6% 12.1%  3.4%
[libx264 @ 0x616659863640] ref B L1: 97.1%  2.9%
[libx264 @ 0x616659863640] kb/s:1411.45
ffmpeg version 6.1.1-3ubuntu5 Copyright (c) 2000-2023 the FFmpeg developers
  built with gcc 13 (Ubuntu 13.2.0-23ubuntu3)
  configuration: --prefix=/usr --extra-version=3ubuntu5 --toolchain=hardened --libdir=/usr/lib/x86_64-linux-gnu --incdir=/usr/include/x86_64-linux-gnu --arch=amd64 --enable-gpl --disable-stripping --disable-omx --enable-gnutls --enable-libaom --enable-libass --enable-libbs2b --enable-libcaca --enable-libcdio --enable-libcodec2 --enable-libdav1d --enable-libflite --enable-libfontconfig --enable-libfreetype --enable-libfribidi --enable-libglslang --enable-libgme --enable-libgsm --enable-libharfbuzz --enable-libmp3lame --enable-libmysofa --enable-libopenjpeg --enable-libopenmpt --enable-libopus --enable-librubberband --enable-libshine --enable-libsnappy --enable-libsoxr --enable-libspeex --enable-libtheora --enable-libtwolame --enable-libvidstab --enable-libvorbis --enable-libvpx --enable-libwebp --enable-libx265 --enable-libxml2 --enable-libxvid --enable-libzimg --enable-openal --enable-opencl --enable-opengl --disable-sndio --enable-libvpl --disable-libmfx --enable-libdc1394 --enable-libdrm --enable-libiec61883 --enable-chromaprint --enable-frei0r --enable-ladspa --enable-libbluray --enable-libjack --enable-libpulse --enable-librabbitmq --enable-librist --enable-libsrt --enable-libssh --enable-libsvtav1 --enable-libx264 --enable-libzmq --enable-libzvbi --enable-lv2 --enable-sdl2 --enable-libplacebo --enable-librav1e --enable-pocketsphinx --enable-librsvg --enable-libjxl --enable-shared
  libavutil      58. 29.100 / 58. 29.100
  libavcodec     60. 31.102 / 60. 31.102
  libavformat    60. 16.100 / 60. 16.100
  libavdevice    60.  3.100 / 60.  3.100
  libavfilter     9. 12.100 /  9. 12.100
  libswscale      7.  5.100 /  7.  5.100
  libswresample   4. 12.100 /  4. 12.100
  libpostproc    57.  3.100 / 57.  3.100
Input #0, mov,mp4,m4a,3gp,3g2,mj2, from '/data/vaishak/combined-kv-quant/results/runs/backfill_flowcache_soft_prune_int2_24b7f6c1cfbb_10s/videos/FLOWCACHE_SOFT_PRUNE_INT2/prompt_0008_seed_8.mp4':
  Metadata:
    major_brand     : isom
    minor_version   : 512
    compatible_brands: isomiso2avc1mp41
    encoder         : Lavf61.1.100
  Duration: 00:00:10.31, start: 0.000000, bitrate: 1036 kb/s
  Stream #0:0[0x1](und): Video: h264 (High) (avc1 / 0x31637661), yuv420p(progressive), 832x480, 1034 kb/s, 16 fps, 16 tbr, 16384 tbn (default)
    Metadata:
      handler_name    : VideoHandler
      vendor_id       : [0][0][0][0]
Stream mapping:
  Stream #0:0 -> #0:0 (h264 (native) -> h264 (libx264))
Press [q] to stop, [?] for help
[libx264 @ 0x5ca761d91280] using cpu capabilities: MMX2 SSE2Fast SSSE3 SSE4.2 AVX FMA3 BMI2 AVX2
[libx264 @ 0x5ca761d91280] profile High, level 3.0, 4:2:0, 8-bit
[libx264 @ 0x5ca761d91280] 264 - core 164 r3108 31e19f9 - H.264/MPEG-4 AVC codec - Copyleft 2003-2023 - http://www.videolan.org/x264.html - options: cabac=1 ref=3 deblock=1:0:0 analyse=0x3:0x113 me=hex subme=7 psy=1 psy_rd=1.00:0.00 mixed_ref=1 me_range=16 chroma_me=1 trellis=1 8x8dct=1 cqm=0 deadzone=21,11 fast_pskip=1 chroma_qp_offset=-2 threads=15 lookahead_threads=2 sliced_threads=0 nr=0 decimate=1 interlaced=0 bluray_compat=0 constrained_intra=0 bframes=3 b_pyramid=2 b_adapt=1 b_bias=0 direct=1 weightb=1 open_gop=0 weightp=2 keyint=250 keyint_min=16 scenecut=40 intra_refresh=0 rc_lookahead=40 rc=crf mbtree=1 crf=23.0 qcomp=0.60 qpmin=0 qpmax=69 qpstep=4 ip_ratio=1.40 aq=1:1.00
Output #0, mp4, to '/data/vaishak/combined-kv-quant/results/combined/backfills/drift/moviegen/42567fb8425cc7c3_FLOWCACHE_SOFT_PRUNE_INT2/FLOWCACHE_SOFT_PRUNE_INT2_frames_165/prompt_0008_seed_8.mp4':
  Metadata:
    major_brand     : isom
    minor_version   : 512
    compatible_brands: isomiso2avc1mp41
    encoder         : Lavf60.16.100
  Stream #0:0(und): Video: h264 (avc1 / 0x31637661), yuv420p(progressive), 832x480, q=2-31, 16 fps, 16384 tbn (default)
    Metadata:
      handler_name    : VideoHandler
      vendor_id       : [0][0][0][0]
      encoder         : Lavc60.31.102 libx264
    Side data:
      cpb: bitrate max/min/avg: 0/0/0 buffer size: 0 vbv_delay: N/A
frame=    0 fps=0.0 q=0.0 size=       0kB time=N/A bitrate=N/A speed=N/A    [out#0/mp4 @ 0x5ca761d0a000] video:1035kB audio:0kB subtitle:0kB other streams:0kB global headers:0kB muxing overhead: 0.266742%
frame=  165 fps=0.0 q=-1.0 Lsize=    1038kB time=00:00:10.12 bitrate= 839.6kbits/s speed=16.3x    
[libx264 @ 0x5ca761d91280] frame I:2     Avg QP:20.28  size: 45914
[libx264 @ 0x5ca761d91280] frame P:61    Avg QP:21.88  size: 12085
[libx264 @ 0x5ca761d91280] frame B:102   Avg QP:25.36  size:  2256
[libx264 @ 0x5ca761d91280] consecutive B-frames:  2.4% 43.6%  5.5% 48.5%
[libx264 @ 0x5ca761d91280] mb I  I16..4:  6.2% 66.0% 27.8%
[libx264 @ 0x5ca761d91280] mb P  I16..4:  1.3%  2.7%  0.3%  P16..4: 53.6% 21.9%  9.8%  0.0%  0.0%    skip:10.3%
[libx264 @ 0x5ca761d91280] mb B  I16..4:  0.1%  0.2%  0.0%  B16..8: 39.7%  4.0%  0.8%  direct: 2.4%  skip:52.7%  L0:48.8% L1:43.5% BI: 7.8%
[libx264 @ 0x5ca761d91280] 8x8 transform intra:64.1% inter:69.4%
[libx264 @ 0x5ca761d91280] coded y,uvDC,uvAC intra: 67.4% 89.3% 45.5% inter: 20.3% 30.6% 0.5%
[libx264 @ 0x5ca761d91280] i16 v,h,dc,p:  7% 38%  6% 49%
[libx264 @ 0x5ca761d91280] i8 v,h,dc,ddl,ddr,vr,hd,vl,hu: 11% 26% 16%  5%  9%  7% 11%  6%  8%
[libx264 @ 0x5ca761d91280] i4 v,h,dc,ddl,ddr,vr,hd,vl,hu: 13% 21% 14%  7% 12%  8% 10%  7%  8%
[libx264 @ 0x5ca761d91280] i8c dc,h,v,p: 40% 30% 12% 18%
[libx264 @ 0x5ca761d91280] Weighted P-Frames: Y:32.8% UV:19.7%
[libx264 @ 0x5ca761d91280] ref P L0: 61.5% 20.1% 12.6%  4.4%  1.5%
[libx264 @ 0x5ca761d91280] ref B L0: 91.9%  7.4%  0.7%
[libx264 @ 0x5ca761d91280] ref B L1: 97.4%  2.6%
[libx264 @ 0x5ca761d91280] kb/s:821.63
ffmpeg version 6.1.1-3ubuntu5 Copyright (c) 2000-2023 the FFmpeg developers
  built with gcc 13 (Ubuntu 13.2.0-23ubuntu3)
  configuration: --prefix=/usr --extra-version=3ubuntu5 --toolchain=hardened --libdir=/usr/lib/x86_64-linux-gnu --incdir=/usr/include/x86_64-linux-gnu --arch=amd64 --enable-gpl --disable-stripping --disable-omx --enable-gnutls --enable-libaom --enable-libass --enable-libbs2b --enable-libcaca --enable-libcdio --enable-libcodec2 --enable-libdav1d --enable-libflite --enable-libfontconfig --enable-libfreetype --enable-libfribidi --enable-libglslang --enable-libgme --enable-libgsm --enable-libharfbuzz --enable-libmp3lame --enable-libmysofa --enable-libopenjpeg --enable-libopenmpt --enable-libopus --enable-librubberband --enable-libshine --enable-libsnappy --enable-libsoxr --enable-libspeex --enable-libtheora --enable-libtwolame --enable-libvidstab --enable-libvorbis --enable-libvpx --enable-libwebp --enable-libx265 --enable-libxml2 --enable-libxvid --enable-libzimg --enable-openal --enable-opencl --enable-opengl --disable-sndio --enable-libvpl --disable-libmfx --enable-libdc1394 --enable-libdrm --enable-libiec61883 --enable-chromaprint --enable-frei0r --enable-ladspa --enable-libbluray --enable-libjack --enable-libpulse --enable-librabbitmq --enable-librist --enable-libsrt --enable-libssh --enable-libsvtav1 --enable-libx264 --enable-libzmq --enable-libzvbi --enable-lv2 --enable-sdl2 --enable-libplacebo --enable-librav1e --enable-pocketsphinx --enable-librsvg --enable-libjxl --enable-shared
  libavutil      58. 29.100 / 58. 29.100
  libavcodec     60. 31.102 / 60. 31.102
  libavformat    60. 16.100 / 60. 16.100
  libavdevice    60.  3.100 / 60.  3.100
  libavfilter     9. 12.100 /  9. 12.100
  libswscale      7.  5.100 /  7.  5.100
  libswresample   4. 12.100 /  4. 12.100
  libpostproc    57.  3.100 / 57.  3.100
Input #0, mov,mp4,m4a,3gp,3g2,mj2, from '/data/vaishak/combined-kv-quant/results/runs/backfill_flowcache_soft_prune_int2_24b7f6c1cfbb_10s/videos/FLOWCACHE_SOFT_PRUNE_INT2/prompt_0009_seed_9.mp4':
  Metadata:
    major_brand     : isom
    minor_version   : 512
    compatible_brands: isomiso2avc1mp41
    encoder         : Lavf61.1.100
  Duration: 00:00:10.31, start: 0.000000, bitrate: 1108 kb/s
  Stream #0:0[0x1](und): Video: h264 (High) (avc1 / 0x31637661), yuv420p(progressive), 832x480, 1106 kb/s, 16 fps, 16 tbr, 16384 tbn (default)
    Metadata:
      handler_name    : VideoHandler
      vendor_id       : [0][0][0][0]
Stream mapping:
  Stream #0:0 -> #0:0 (h264 (native) -> h264 (libx264))
Press [q] to stop, [?] for help
[libx264 @ 0x5bb740f1e100] using cpu capabilities: MMX2 SSE2Fast SSSE3 SSE4.2 AVX FMA3 BMI2 AVX2
[libx264 @ 0x5bb740f1e100] profile High, level 3.0, 4:2:0, 8-bit
[libx264 @ 0x5bb740f1e100] 264 - core 164 r3108 31e19f9 - H.264/MPEG-4 AVC codec - Copyleft 2003-2023 - http://www.videolan.org/x264.html - options: cabac=1 ref=3 deblock=1:0:0 analyse=0x3:0x113 me=hex subme=7 psy=1 psy_rd=1.00:0.00 mixed_ref=1 me_range=16 chroma_me=1 trellis=1 8x8dct=1 cqm=0 deadzone=21,11 fast_pskip=1 chroma_qp_offset=-2 threads=15 lookahead_threads=2 sliced_threads=0 nr=0 decimate=1 interlaced=0 bluray_compat=0 constrained_intra=0 bframes=3 b_pyramid=2 b_adapt=1 b_bias=0 direct=1 weightb=1 open_gop=0 weightp=2 keyint=250 keyint_min=16 scenecut=40 intra_refresh=0 rc_lookahead=40 rc=crf mbtree=1 crf=23.0 qcomp=0.60 qpmin=0 qpmax=69 qpstep=4 ip_ratio=1.40 aq=1:1.00
Output #0, mp4, to '/data/vaishak/combined-kv-quant/results/combined/backfills/drift/moviegen/42567fb8425cc7c3_FLOWCACHE_SOFT_PRUNE_INT2/FLOWCACHE_SOFT_PRUNE_INT2_frames_165/prompt_0009_seed_9.mp4':
  Metadata:
    major_brand     : isom
    minor_version   : 512
    compatible_brands: isomiso2avc1mp41
    encoder         : Lavf60.16.100
  Stream #0:0(und): Video: h264 (avc1 / 0x31637661), yuv420p(progressive), 832x480, q=2-31, 16 fps, 16384 tbn (default)
    Metadata:
      handler_name    : VideoHandler
      vendor_id       : [0][0][0][0]
      encoder         : Lavc60.31.102 libx264
    Side data:
      cpb: bitrate max/min/avg: 0/0/0 buffer size: 0 vbv_delay: N/A
frame=    0 fps=0.0 q=0.0 size=       0kB time=N/A bitrate=N/A speed=N/A    frame=   88 fps=0.0 q=27.0 size=    1024kB time=00:00:05.37 bitrate=1560.7kbits/s speed=10.4x    [out#0/mp4 @ 0x5bb740e92000] video:2167kB audio:0kB subtitle:0kB other streams:0kB global headers:0kB muxing overhead: 0.128867%
frame=  165 fps=0.0 q=-1.0 Lsize=    2169kB time=00:00:10.12 bitrate=1755.2kbits/s speed=11.8x    
[libx264 @ 0x5bb740f1e100] frame I:2     Avg QP:21.61  size: 55485
[libx264 @ 0x5bb740f1e100] frame P:43    Avg QP:23.61  size: 31015
[libx264 @ 0x5bb740f1e100] frame B:120   Avg QP:26.81  size:  6444
[libx264 @ 0x5bb740f1e100] consecutive B-frames:  1.8%  2.4%  3.6% 92.1%
[libx264 @ 0x5bb740f1e100] mb I  I16..4:  3.1% 69.4% 27.4%
[libx264 @ 0x5bb740f1e100] mb P  I16..4:  1.5% 15.4%  3.5%  P16..4: 35.9% 24.1% 14.2%  0.0%  0.0%    skip: 5.5%
[libx264 @ 0x5bb740f1e100] mb B  I16..4:  0.2%  0.6%  0.2%  B16..8: 47.0%  9.1%  4.3%  direct: 3.8%  skip:34.9%  L0:53.3% L1:37.2% BI: 9.5%
[libx264 @ 0x5bb740f1e100] 8x8 transform intra:73.0% inter:64.5%
[libx264 @ 0x5bb740f1e100] coded y,uvDC,uvAC intra: 84.1% 60.8% 6.6% inter: 29.3% 11.9% 0.0%
[libx264 @ 0x5bb740f1e100] i16 v,h,dc,p: 13% 42% 19% 26%
[libx264 @ 0x5bb740f1e100] i8 v,h,dc,ddl,ddr,vr,hd,vl,hu: 13% 28% 19%  4%  6%  5% 10%  6% 10%
[libx264 @ 0x5bb740f1e100] i4 v,h,dc,ddl,ddr,vr,hd,vl,hu: 13% 23% 15%  6%  8%  6% 12%  6% 10%
[libx264 @ 0x5bb740f1e100] i8c dc,h,v,p: 56% 24% 16%  4%
[libx264 @ 0x5bb740f1e100] Weighted P-Frames: Y:48.8% UV:18.6%
[libx264 @ 0x5bb740f1e100] ref P L0: 48.2% 23.7% 17.2%  8.2%  2.7%
[libx264 @ 0x5bb740f1e100] ref B L0: 88.3%  9.5%  2.2%
[libx264 @ 0x5bb740f1e100] ref B L1: 98.4%  1.6%
[libx264 @ 0x5bb740f1e100] kb/s:1720.53
[rank0]:[W310 23:02:24.191373301 ProcessGroupNCCL.cpp:4115] [PG ID 0 PG GUID 0 Rank 0]  using GPU 0 to perform barrier as devices used by this process are currently unknown. This can potentially cause a hang if this rank to GPU mapping is incorrect.Specify device_ids in barrier() to force use of a particular device,or call init_process_group() with a device_id.
/home/suraj/miniforge3/envs/qvg_sf_eval/lib/python3.10/site-packages/clip/clip.py:6: UserWarning: pkg_resources is deprecated as an API. See https://setuptools.pypa.io/en/latest/pkg_resources.html. The pkg_resources package is slated for removal as early as 2025-11-30. Refrain from using this package or pin to Setuptools<81.
  from pkg_resources import packaging
/home/suraj/miniforge3/envs/qvg_sf_eval/lib/python3.10/site-packages/timm/models/layers/__init__.py:48: FutureWarning: Importing from timm.models.layers is deprecated, please import via timm.layers
  warnings.warn(f"Importing from {__name__} is deprecated, please import via timm.layers", FutureWarning)
/home/suraj/miniforge3/envs/qvg_sf_eval/lib/python3.10/site-packages/pyiqa/archs/arch_util.py:118: FutureWarning: You are using `torch.load` with `weights_only=False` (the current default value), which uses the default pickle module implicitly. It is possible to construct malicious pickle data which will execute arbitrary code during unpickling (See https://github.com/pytorch/pytorch/blob/main/SECURITY.md#untrusted-models for more details). In a future release, the default value for `weights_only` will be flipped to `True`. This limits the functions that could be executed during unpickling. Arbitrary objects will no longer be allowed to be loaded via this mode unless they are explicitly allowlisted by the user via `torch.serialization.add_safe_globals`. We recommend you start setting `weights_only=True` for any use case where you don't have full control of the loaded file. Please open an issue on GitHub for any issues related to this experimental feature.
  state_dict = torch.load(model_path, map_location=torch.device("cpu"))
args: Namespace(output_path='/data/vaishak/combined-kv-quant/results/combined/backfills/drift/moviegen/42567fb8425cc7c3_FLOWCACHE_SOFT_PRUNE_INT2/vbench_FLOWCACHE_SOFT_PRUNE_INT2_165', full_json_dir='/data/vaishak/combined-kv-quant/third_party/VBench/vbench/VBench_full_info.json', videos_path='/data/vaishak/combined-kv-quant/results/combined/backfills/drift/moviegen/42567fb8425cc7c3_FLOWCACHE_SOFT_PRUNE_INT2/FLOWCACHE_SOFT_PRUNE_INT2_frames_165', dimension=['imaging_quality'], load_ckpt_from_local=None, read_frame=None, mode='custom_input', prompt='None', prompt_file='/data/vaishak/combined-kv-quant/results/combined/backfills/drift/moviegen/42567fb8425cc7c3_FLOWCACHE_SOFT_PRUNE_INT2/prompt_map_165.json', category=None, imaging_quality_preprocessing_mode='longer')
start evaluation
Evaluation meta data saved to /data/vaishak/combined-kv-quant/results/combined/backfills/drift/moviegen/42567fb8425cc7c3_FLOWCACHE_SOFT_PRUNE_INT2/vbench_FLOWCACHE_SOFT_PRUNE_INT2_165/results_2026-03-10-23:02:24_full_info.json
cur_full_info_path: /data/vaishak/combined-kv-quant/results/combined/backfills/drift/moviegen/42567fb8425cc7c3_FLOWCACHE_SOFT_PRUNE_INT2/vbench_FLOWCACHE_SOFT_PRUNE_INT2_165/results_2026-03-10-23:02:24_full_info.json
Loading pretrained model MUSIQ from /home/vaishak/.cache/vbench/pyiqa_model/musiq_spaq_ckpt-358bb6af.pth
  0%|          | 0/10 [00:00<?, ?it/s] 10%|█         | 1/10 [00:07<01:03,  7.06s/it] 20%|██        | 2/10 [00:13<00:54,  6.77s/it] 30%|███       | 3/10 [00:20<00:46,  6.65s/it] 40%|████      | 4/10 [00:26<00:39,  6.55s/it] 50%|█████     | 5/10 [00:31<00:29,  5.89s/it] 60%|██████    | 6/10 [00:35<00:21,  5.36s/it] 70%|███████   | 7/10 [00:40<00:15,  5.13s/it] 80%|████████  | 8/10 [00:44<00:09,  4.97s/it] 90%|█████████ | 9/10 [00:48<00:04,  4.66s/it]100%|██████████| 10/10 [00:52<00:00,  4.31s/it]100%|██████████| 10/10 [00:52<00:00,  5.24s/it]
Evaluation results saved to /data/vaishak/combined-kv-quant/results/combined/backfills/drift/moviegen/42567fb8425cc7c3_FLOWCACHE_SOFT_PRUNE_INT2/vbench_FLOWCACHE_SOFT_PRUNE_INT2_165/results_2026-03-10-23:02:24_eval_results.json
done
[rank0]:[W310 23:03:19.259109392 ProcessGroupNCCL.cpp:1250] Warning: WARNING: process group has NOT been destroyed before we destruct ProcessGroupNCCL. On normal program exit, the application should call destroy_process_group to ensure that any pending NCCL operations have finished in this process. In rare cases this process can exit before this point and block the progress of another member of the process group. This constraint has always been present,  but this warning has only been added since PyTorch 2.4 (function operator())
{
  "method": "FLOWCACHE_SOFT_PRUNE_INT2",
  "frame_step": 165,
  "max_frames": 165,
  "curve": [
    {
      "frame_cap": 165,
      "imaging_quality": [
        0.6583047121914949,
        [
          {
            "video_path": "/data/vaishak/combined-kv-quant/results/combined/backfills/drift/moviegen/42567fb8425cc7c3_FLOWCACHE_SOFT_PRUNE_INT2/FLOWCACHE_SOFT_PRUNE_INT2_frames_165/prompt_0007_seed_7.mp4",
            "video_results": 72.87944192597361
          },
          {
            "video_path": "/data/vaishak/combined-kv-quant/results/combined/backfills/drift/moviegen/42567fb8425cc7c3_FLOWCACHE_SOFT_PRUNE_INT2/FLOWCACHE_SOFT_PRUNE_INT2_frames_165/prompt_0006_seed_6.mp4",
            "video_results": 64.29837221087831
          },
          {
            "video_path": "/data/vaishak/combined-kv-quant/results/combined/backfills/drift/moviegen/42567fb8425cc7c3_FLOWCACHE_SOFT_PRUNE_INT2/FLOWCACHE_SOFT_PRUNE_INT2_frames_165/prompt_0004_seed_4.mp4",
            "video_results": 54.32354377977776
          },
          {
            "video_path": "/data/vaishak/combined-kv-quant/results/combined/backfills/drift/moviegen/42567fb8425cc7c3_FLOWCACHE_SOFT_PRUNE_INT2/FLOWCACHE_SOFT_PRUNE_INT2_frames_165/prompt_0003_seed_3.mp4",
            "video_results": 68.6903724901604
          },
          {
            "video_path": "/data/vaishak/combined-kv-quant/results/combined/backfills/drift/moviegen/42567fb8425cc7c3_FLOWCACHE_SOFT_PRUNE_INT2/FLOWCACHE_SOFT_PRUNE_INT2_frames_165/prompt_0005_seed_5.mp4",
            "video_results": 69.53524997595585
          },
          {
            "video_path": "/data/vaishak/combined-kv-quant/results/combined/backfills/drift/moviegen/42567fb8425cc7c3_FLOWCACHE_SOFT_PRUNE_INT2/FLOWCACHE_SOFT_PRUNE_INT2_frames_165/prompt_0002_seed_2.mp4",
            "video_results": 68.23613456957268
          },
          {
            "video_path": "/data/vaishak/combined-kv-quant/results/combined/backfills/drift/moviegen/42567fb8425cc7c3_FLOWCACHE_SOFT_PRUNE_INT2/FLOWCACHE_SOFT_PRUNE_INT2_frames_165/prompt_0001_seed_1.mp4",
            "video_results": 68.05568154074929
          },
          {
            "video_path": "/data/vaishak/combined-kv-quant/results/combined/backfills/drift/moviegen/42567fb8425cc7c3_FLOWCACHE_SOFT_PRUNE_INT2/FLOWCACHE_SOFT_PRUNE_INT2_frames_165/prompt_0009_seed_9.mp4",
            "video_results": 70.62384014707624
          },
          {
            "video_path": "/data/vaishak/combined-kv-quant/results/combined/backfills/drift/moviegen/42567fb8425cc7c3_FLOWCACHE_SOFT_PRUNE_INT2/FLOWCACHE_SOFT_PRUNE_INT2_frames_165/prompt_0008_seed_8.mp4",
            "video_results": 71.0579622442072
          },
          {
            "video_path": "/data/vaishak/combined-kv-quant/results/combined/backfills/drift/moviegen/42567fb8425cc7c3_FLOWCACHE_SOFT_PRUNE_INT2/FLOWCACHE_SOFT_PRUNE_INT2_frames_165/prompt_0000_seed_0.mp4",
            "video_results": 50.604113307143706
          }
        ]
      ]
    }
  ]
}
ffmpeg version 6.1.1-3ubuntu5 Copyright (c) 2000-2023 the FFmpeg developers
  built with gcc 13 (Ubuntu 13.2.0-23ubuntu3)
  configuration: --prefix=/usr --extra-version=3ubuntu5 --toolchain=hardened --libdir=/usr/lib/x86_64-linux-gnu --incdir=/usr/include/x86_64-linux-gnu --arch=amd64 --enable-gpl --disable-stripping --disable-omx --enable-gnutls --enable-libaom --enable-libass --enable-libbs2b --enable-libcaca --enable-libcdio --enable-libcodec2 --enable-libdav1d --enable-libflite --enable-libfontconfig --enable-libfreetype --enable-libfribidi --enable-libglslang --enable-libgme --enable-libgsm --enable-libharfbuzz --enable-libmp3lame --enable-libmysofa --enable-libopenjpeg --enable-libopenmpt --enable-libopus --enable-librubberband --enable-libshine --enable-libsnappy --enable-libsoxr --enable-libspeex --enable-libtheora --enable-libtwolame --enable-libvidstab --enable-libvorbis --enable-libvpx --enable-libwebp --enable-libx265 --enable-libxml2 --enable-libxvid --enable-libzimg --enable-openal --enable-opencl --enable-opengl --disable-sndio --enable-libvpl --disable-libmfx --enable-libdc1394 --enable-libdrm --enable-libiec61883 --enable-chromaprint --enable-frei0r --enable-ladspa --enable-libbluray --enable-libjack --enable-libpulse --enable-librabbitmq --enable-librist --enable-libsrt --enable-libssh --enable-libsvtav1 --enable-libx264 --enable-libzmq --enable-libzvbi --enable-lv2 --enable-sdl2 --enable-libplacebo --enable-librav1e --enable-pocketsphinx --enable-librsvg --enable-libjxl --enable-shared
  libavutil      58. 29.100 / 58. 29.100
  libavcodec     60. 31.102 / 60. 31.102
  libavformat    60. 16.100 / 60. 16.100
  libavdevice    60.  3.100 / 60.  3.100
  libavfilter     9. 12.100 /  9. 12.100
  libswscale      7.  5.100 /  7.  5.100
  libswresample   4. 12.100 /  4. 12.100
  libpostproc    57.  3.100 / 57.  3.100
Input #0, mov,mp4,m4a,3gp,3g2,mj2, from '/data/vaishak/combined-kv-quant/results/runs/backfill_flowcache_soft_prune_int4_5f5a998802bd_10s/videos/FLOWCACHE_SOFT_PRUNE_INT4/prompt_0000_seed_0.mp4':
  Metadata:
    major_brand     : isom
    minor_version   : 512
    compatible_brands: isomiso2avc1mp41
    encoder         : Lavf61.1.100
  Duration: 00:00:10.31, start: 0.000000, bitrate: 1093 kb/s
  Stream #0:0[0x1](und): Video: h264 (High) (avc1 / 0x31637661), yuv420p(progressive), 832x480, 1091 kb/s, 16 fps, 16 tbr, 16384 tbn (default)
    Metadata:
      handler_name    : VideoHandler
      vendor_id       : [0][0][0][0]
Stream mapping:
  Stream #0:0 -> #0:0 (h264 (native) -> h264 (libx264))
Press [q] to stop, [?] for help
[libx264 @ 0x60413e0c4140] using cpu capabilities: MMX2 SSE2Fast SSSE3 SSE4.2 AVX FMA3 BMI2 AVX2
[libx264 @ 0x60413e0c4140] profile High, level 3.0, 4:2:0, 8-bit
[libx264 @ 0x60413e0c4140] 264 - core 164 r3108 31e19f9 - H.264/MPEG-4 AVC codec - Copyleft 2003-2023 - http://www.videolan.org/x264.html - options: cabac=1 ref=3 deblock=1:0:0 analyse=0x3:0x113 me=hex subme=7 psy=1 psy_rd=1.00:0.00 mixed_ref=1 me_range=16 chroma_me=1 trellis=1 8x8dct=1 cqm=0 deadzone=21,11 fast_pskip=1 chroma_qp_offset=-2 threads=15 lookahead_threads=2 sliced_threads=0 nr=0 decimate=1 interlaced=0 bluray_compat=0 constrained_intra=0 bframes=3 b_pyramid=2 b_adapt=1 b_bias=0 direct=1 weightb=1 open_gop=0 weightp=2 keyint=250 keyint_min=16 scenecut=40 intra_refresh=0 rc_lookahead=40 rc=crf mbtree=1 crf=23.0 qcomp=0.60 qpmin=0 qpmax=69 qpstep=4 ip_ratio=1.40 aq=1:1.00
Output #0, mp4, to '/data/vaishak/combined-kv-quant/results/combined/backfills/drift/moviegen/6e4410e813d22e54_FLOWCACHE_SOFT_PRUNE_INT4/FLOWCACHE_SOFT_PRUNE_INT4_frames_165/prompt_0000_seed_0.mp4':
  Metadata:
    major_brand     : isom
    minor_version   : 512
    compatible_brands: isomiso2avc1mp41
    encoder         : Lavf60.16.100
  Stream #0:0(und): Video: h264 (avc1 / 0x31637661), yuv420p(progressive), 832x480, q=2-31, 16 fps, 16384 tbn (default)
    Metadata:
      handler_name    : VideoHandler
      vendor_id       : [0][0][0][0]
      encoder         : Lavc60.31.102 libx264
    Side data:
      cpb: bitrate max/min/avg: 0/0/0 buffer size: 0 vbv_delay: N/A
frame=    0 fps=0.0 q=0.0 size=       0kB time=N/A bitrate=N/A speed=N/A    [out#0/mp4 @ 0x60413e037000] video:1901kB audio:0kB subtitle:0kB other streams:0kB global headers:0kB muxing overhead: 0.145043%
frame=  165 fps=0.0 q=-1.0 Lsize=    1903kB time=00:00:10.12 bitrate=1540.1kbits/s speed=  15x    
[libx264 @ 0x60413e0c4140] frame I:1     Avg QP:23.79  size: 65008
[libx264 @ 0x60413e0c4140] frame P:49    Avg QP:24.63  size: 23861
[libx264 @ 0x60413e0c4140] frame B:115   Avg QP:28.25  size:  6186
[libx264 @ 0x60413e0c4140] consecutive B-frames:  3.6%  8.5%  5.5% 82.4%
[libx264 @ 0x60413e0c4140] mb I  I16..4:  1.4% 57.7% 40.9%
[libx264 @ 0x60413e0c4140] mb P  I16..4:  1.8% 17.0%  3.9%  P16..4: 36.7% 25.9% 11.3%  0.0%  0.0%    skip: 3.4%
[libx264 @ 0x60413e0c4140] mb B  I16..4:  0.3%  2.5%  0.7%  B16..8: 43.7% 11.4%  2.9%  direct: 5.1%  skip:33.5%  L0:46.7% L1:37.0% BI:16.3%
[libx264 @ 0x60413e0c4140] 8x8 transform intra:73.4% inter:71.5%
[libx264 @ 0x60413e0c4140] coded y,uvDC,uvAC intra: 79.8% 95.2% 65.1% inter: 28.9% 35.5% 7.3%
[libx264 @ 0x60413e0c4140] i16 v,h,dc,p: 36% 12%  9% 42%
[libx264 @ 0x60413e0c4140] i8 v,h,dc,ddl,ddr,vr,hd,vl,hu: 23% 17% 12%  6%  6%  8%  7%  9% 11%
[libx264 @ 0x60413e0c4140] i4 v,h,dc,ddl,ddr,vr,hd,vl,hu: 24% 20% 12%  6%  7%  8%  9%  7%  7%
[libx264 @ 0x60413e0c4140] i8c dc,h,v,p: 35% 20% 29% 16%
[libx264 @ 0x60413e0c4140] Weighted P-Frames: Y:20.4% UV:16.3%
[libx264 @ 0x60413e0c4140] ref P L0: 53.8% 28.8% 11.0%  5.1%  1.2%
[libx264 @ 0x60413e0c4140] ref B L0: 92.0%  6.2%  1.8%
[libx264 @ 0x60413e0c4140] ref B L1: 99.3%  0.7%
[libx264 @ 0x60413e0c4140] kb/s:1509.34
ffmpeg version 6.1.1-3ubuntu5 Copyright (c) 2000-2023 the FFmpeg developers
  built with gcc 13 (Ubuntu 13.2.0-23ubuntu3)
  configuration: --prefix=/usr --extra-version=3ubuntu5 --toolchain=hardened --libdir=/usr/lib/x86_64-linux-gnu --incdir=/usr/include/x86_64-linux-gnu --arch=amd64 --enable-gpl --disable-stripping --disable-omx --enable-gnutls --enable-libaom --enable-libass --enable-libbs2b --enable-libcaca --enable-libcdio --enable-libcodec2 --enable-libdav1d --enable-libflite --enable-libfontconfig --enable-libfreetype --enable-libfribidi --enable-libglslang --enable-libgme --enable-libgsm --enable-libharfbuzz --enable-libmp3lame --enable-libmysofa --enable-libopenjpeg --enable-libopenmpt --enable-libopus --enable-librubberband --enable-libshine --enable-libsnappy --enable-libsoxr --enable-libspeex --enable-libtheora --enable-libtwolame --enable-libvidstab --enable-libvorbis --enable-libvpx --enable-libwebp --enable-libx265 --enable-libxml2 --enable-libxvid --enable-libzimg --enable-openal --enable-opencl --enable-opengl --disable-sndio --enable-libvpl --disable-libmfx --enable-libdc1394 --enable-libdrm --enable-libiec61883 --enable-chromaprint --enable-frei0r --enable-ladspa --enable-libbluray --enable-libjack --enable-libpulse --enable-librabbitmq --enable-librist --enable-libsrt --enable-libssh --enable-libsvtav1 --enable-libx264 --enable-libzmq --enable-libzvbi --enable-lv2 --enable-sdl2 --enable-libplacebo --enable-librav1e --enable-pocketsphinx --enable-librsvg --enable-libjxl --enable-shared
  libavutil      58. 29.100 / 58. 29.100
  libavcodec     60. 31.102 / 60. 31.102
  libavformat    60. 16.100 / 60. 16.100
  libavdevice    60.  3.100 / 60.  3.100
  libavfilter     9. 12.100 /  9. 12.100
  libswscale      7.  5.100 /  7.  5.100
  libswresample   4. 12.100 /  4. 12.100
  libpostproc    57.  3.100 / 57.  3.100
Input #0, mov,mp4,m4a,3gp,3g2,mj2, from '/data/vaishak/combined-kv-quant/results/runs/backfill_flowcache_soft_prune_int4_5f5a998802bd_10s/videos/FLOWCACHE_SOFT_PRUNE_INT4/prompt_0001_seed_1.mp4':
  Metadata:
    major_brand     : isom
    minor_version   : 512
    compatible_brands: isomiso2avc1mp41
    encoder         : Lavf61.1.100
  Duration: 00:00:10.31, start: 0.000000, bitrate: 997 kb/s
  Stream #0:0[0x1](und): Video: h264 (High) (avc1 / 0x31637661), yuv420p(progressive), 832x480, 995 kb/s, 16 fps, 16 tbr, 16384 tbn (default)
    Metadata:
      handler_name    : VideoHandler
      vendor_id       : [0][0][0][0]
Stream mapping:
  Stream #0:0 -> #0:0 (h264 (native) -> h264 (libx264))
Press [q] to stop, [?] for help
[libx264 @ 0x61c8a6314100] using cpu capabilities: MMX2 SSE2Fast SSSE3 SSE4.2 AVX FMA3 BMI2 AVX2
[libx264 @ 0x61c8a6314100] profile High, level 3.0, 4:2:0, 8-bit
[libx264 @ 0x61c8a6314100] 264 - core 164 r3108 31e19f9 - H.264/MPEG-4 AVC codec - Copyleft 2003-2023 - http://www.videolan.org/x264.html - options: cabac=1 ref=3 deblock=1:0:0 analyse=0x3:0x113 me=hex subme=7 psy=1 psy_rd=1.00:0.00 mixed_ref=1 me_range=16 chroma_me=1 trellis=1 8x8dct=1 cqm=0 deadzone=21,11 fast_pskip=1 chroma_qp_offset=-2 threads=15 lookahead_threads=2 sliced_threads=0 nr=0 decimate=1 interlaced=0 bluray_compat=0 constrained_intra=0 bframes=3 b_pyramid=2 b_adapt=1 b_bias=0 direct=1 weightb=1 open_gop=0 weightp=2 keyint=250 keyint_min=16 scenecut=40 intra_refresh=0 rc_lookahead=40 rc=crf mbtree=1 crf=23.0 qcomp=0.60 qpmin=0 qpmax=69 qpstep=4 ip_ratio=1.40 aq=1:1.00
Output #0, mp4, to '/data/vaishak/combined-kv-quant/results/combined/backfills/drift/moviegen/6e4410e813d22e54_FLOWCACHE_SOFT_PRUNE_INT4/FLOWCACHE_SOFT_PRUNE_INT4_frames_165/prompt_0001_seed_1.mp4':
  Metadata:
    major_brand     : isom
    minor_version   : 512
    compatible_brands: isomiso2avc1mp41
    encoder         : Lavf60.16.100
  Stream #0:0(und): Video: h264 (avc1 / 0x31637661), yuv420p(progressive), 832x480, q=2-31, 16 fps, 16384 tbn (default)
    Metadata:
      handler_name    : VideoHandler
      vendor_id       : [0][0][0][0]
      encoder         : Lavc60.31.102 libx264
    Side data:
      cpb: bitrate max/min/avg: 0/0/0 buffer size: 0 vbv_delay: N/A
frame=    0 fps=0.0 q=0.0 size=       0kB time=N/A bitrate=N/A speed=N/A    [out#0/mp4 @ 0x61c8a6287000] video:1602kB audio:0kB subtitle:0kB other streams:0kB global headers:0kB muxing overhead: 0.169445%
frame=  165 fps=0.0 q=-1.0 Lsize=    1604kB time=00:00:10.12 bitrate=1298.0kbits/s speed=15.3x    
[libx264 @ 0x61c8a6314100] frame I:2     Avg QP:21.42  size: 57894
[libx264 @ 0x61c8a6314100] frame P:53    Avg QP:22.87  size: 20728
[libx264 @ 0x61c8a6314100] frame B:110   Avg QP:26.18  size:  3864
[libx264 @ 0x61c8a6314100] consecutive B-frames:  7.3%  7.3% 12.7% 72.7%
[libx264 @ 0x61c8a6314100] mb I  I16..4:  1.5% 74.4% 24.0%
[libx264 @ 0x61c8a6314100] mb P  I16..4:  1.1%  5.9%  1.2%  P16..4: 44.6% 25.3% 13.6%  0.0%  0.0%    skip: 8.4%
[libx264 @ 0x61c8a6314100] mb B  I16..4:  0.2%  0.4%  0.0%  B16..8: 47.2%  5.9%  1.9%  direct: 2.5%  skip:41.9%  L0:48.6% L1:41.6% BI: 9.8%
[libx264 @ 0x61c8a6314100] 8x8 transform intra:72.0% inter:66.5%
[libx264 @ 0x61c8a6314100] coded y,uvDC,uvAC intra: 77.1% 82.4% 34.3% inter: 24.1% 17.8% 0.2%
[libx264 @ 0x61c8a6314100] i16 v,h,dc,p: 11% 49%  8% 31%
[libx264 @ 0x61c8a6314100] i8 v,h,dc,ddl,ddr,vr,hd,vl,hu: 10% 33% 18%  4%  5%  5% 10%  5% 10%
[libx264 @ 0x61c8a6314100] i4 v,h,dc,ddl,ddr,vr,hd,vl,hu: 10% 28% 12%  6%  8%  6% 13%  6% 11%
[libx264 @ 0x61c8a6314100] i8c dc,h,v,p: 41% 36% 12% 10%
[libx264 @ 0x61c8a6314100] Weighted P-Frames: Y:37.7% UV:18.9%
[libx264 @ 0x61c8a6314100] ref P L0: 58.4% 26.7% 11.5%  2.5%  0.9%
[libx264 @ 0x61c8a6314100] ref B L0: 92.0%  7.4%  0.5%
[libx264 @ 0x61c8a6314100] ref B L1: 99.0%  1.0%
[libx264 @ 0x61c8a6314100] kb/s:1271.75
ffmpeg version 6.1.1-3ubuntu5 Copyright (c) 2000-2023 the FFmpeg developers
  built with gcc 13 (Ubuntu 13.2.0-23ubuntu3)
  configuration: --prefix=/usr --extra-version=3ubuntu5 --toolchain=hardened --libdir=/usr/lib/x86_64-linux-gnu --incdir=/usr/include/x86_64-linux-gnu --arch=amd64 --enable-gpl --disable-stripping --disable-omx --enable-gnutls --enable-libaom --enable-libass --enable-libbs2b --enable-libcaca --enable-libcdio --enable-libcodec2 --enable-libdav1d --enable-libflite --enable-libfontconfig --enable-libfreetype --enable-libfribidi --enable-libglslang --enable-libgme --enable-libgsm --enable-libharfbuzz --enable-libmp3lame --enable-libmysofa --enable-libopenjpeg --enable-libopenmpt --enable-libopus --enable-librubberband --enable-libshine --enable-libsnappy --enable-libsoxr --enable-libspeex --enable-libtheora --enable-libtwolame --enable-libvidstab --enable-libvorbis --enable-libvpx --enable-libwebp --enable-libx265 --enable-libxml2 --enable-libxvid --enable-libzimg --enable-openal --enable-opencl --enable-opengl --disable-sndio --enable-libvpl --disable-libmfx --enable-libdc1394 --enable-libdrm --enable-libiec61883 --enable-chromaprint --enable-frei0r --enable-ladspa --enable-libbluray --enable-libjack --enable-libpulse --enable-librabbitmq --enable-librist --enable-libsrt --enable-libssh --enable-libsvtav1 --enable-libx264 --enable-libzmq --enable-libzvbi --enable-lv2 --enable-sdl2 --enable-libplacebo --enable-librav1e --enable-pocketsphinx --enable-librsvg --enable-libjxl --enable-shared
  libavutil      58. 29.100 / 58. 29.100
  libavcodec     60. 31.102 / 60. 31.102
  libavformat    60. 16.100 / 60. 16.100
  libavdevice    60.  3.100 / 60.  3.100
  libavfilter     9. 12.100 /  9. 12.100
  libswscale      7.  5.100 /  7.  5.100
  libswresample   4. 12.100 /  4. 12.100
  libpostproc    57.  3.100 / 57.  3.100
Input #0, mov,mp4,m4a,3gp,3g2,mj2, from '/data/vaishak/combined-kv-quant/results/runs/backfill_flowcache_soft_prune_int4_5f5a998802bd_10s/videos/FLOWCACHE_SOFT_PRUNE_INT4/prompt_0002_seed_2.mp4':
  Metadata:
    major_brand     : isom
    minor_version   : 512
    compatible_brands: isomiso2avc1mp41
    encoder         : Lavf61.1.100
  Duration: 00:00:10.31, start: 0.000000, bitrate: 1025 kb/s
  Stream #0:0[0x1](und): Video: h264 (High) (avc1 / 0x31637661), yuv420p(progressive), 832x480, 1023 kb/s, 16 fps, 16 tbr, 16384 tbn (default)
    Metadata:
      handler_name    : VideoHandler
      vendor_id       : [0][0][0][0]
Stream mapping:
  Stream #0:0 -> #0:0 (h264 (native) -> h264 (libx264))
Press [q] to stop, [?] for help
[libx264 @ 0x5916cd049400] using cpu capabilities: MMX2 SSE2Fast SSSE3 SSE4.2 AVX FMA3 BMI2 AVX2
[libx264 @ 0x5916cd049400] profile High, level 3.0, 4:2:0, 8-bit
[libx264 @ 0x5916cd049400] 264 - core 164 r3108 31e19f9 - H.264/MPEG-4 AVC codec - Copyleft 2003-2023 - http://www.videolan.org/x264.html - options: cabac=1 ref=3 deblock=1:0:0 analyse=0x3:0x113 me=hex subme=7 psy=1 psy_rd=1.00:0.00 mixed_ref=1 me_range=16 chroma_me=1 trellis=1 8x8dct=1 cqm=0 deadzone=21,11 fast_pskip=1 chroma_qp_offset=-2 threads=15 lookahead_threads=2 sliced_threads=0 nr=0 decimate=1 interlaced=0 bluray_compat=0 constrained_intra=0 bframes=3 b_pyramid=2 b_adapt=1 b_bias=0 direct=1 weightb=1 open_gop=0 weightp=2 keyint=250 keyint_min=16 scenecut=40 intra_refresh=0 rc_lookahead=40 rc=crf mbtree=1 crf=23.0 qcomp=0.60 qpmin=0 qpmax=69 qpstep=4 ip_ratio=1.40 aq=1:1.00
Output #0, mp4, to '/data/vaishak/combined-kv-quant/results/combined/backfills/drift/moviegen/6e4410e813d22e54_FLOWCACHE_SOFT_PRUNE_INT4/FLOWCACHE_SOFT_PRUNE_INT4_frames_165/prompt_0002_seed_2.mp4':
  Metadata:
    major_brand     : isom
    minor_version   : 512
    compatible_brands: isomiso2avc1mp41
    encoder         : Lavf60.16.100
  Stream #0:0(und): Video: h264 (avc1 / 0x31637661), yuv420p(progressive), 832x480, q=2-31, 16 fps, 16384 tbn (default)
    Metadata:
      handler_name    : VideoHandler
      vendor_id       : [0][0][0][0]
      encoder         : Lavc60.31.102 libx264
    Side data:
      cpb: bitrate max/min/avg: 0/0/0 buffer size: 0 vbv_delay: N/A
frame=    0 fps=0.0 q=0.0 size=       0kB time=N/A bitrate=N/A speed=N/A    [out#0/mp4 @ 0x5916cd048000] video:1443kB audio:0kB subtitle:0kB other streams:0kB global headers:0kB muxing overhead: 0.192397%
frame=  165 fps=0.0 q=-1.0 Lsize=    1446kB time=00:00:10.12 bitrate=1169.8kbits/s speed=15.5x    
[libx264 @ 0x5916cd049400] frame I:2     Avg QP:20.63  size: 28026
[libx264 @ 0x5916cd049400] frame P:44    Avg QP:22.48  size: 16998
[libx264 @ 0x5916cd049400] frame B:119   Avg QP:25.02  size:  5656
[libx264 @ 0x5916cd049400] consecutive B-frames:  1.8%  4.8%  3.6% 89.7%
[libx264 @ 0x5916cd049400] mb I  I16..4: 31.9% 53.3% 14.8%
[libx264 @ 0x5916cd049400] mb P  I16..4:  7.2% 12.0%  2.7%  P16..4: 42.8% 17.4%  7.1%  0.0%  0.0%    skip:10.7%
[libx264 @ 0x5916cd049400] mb B  I16..4:  0.5%  1.0%  0.3%  B16..8: 43.1%  9.6%  2.4%  direct: 4.3%  skip:38.8%  L0:45.0% L1:44.2% BI:10.8%
[libx264 @ 0x5916cd049400] 8x8 transform intra:54.5% inter:69.1%
[libx264 @ 0x5916cd049400] coded y,uvDC,uvAC intra: 58.3% 70.6% 27.4% inter: 21.4% 28.1% 3.4%
[libx264 @ 0x5916cd049400] i16 v,h,dc,p:  3% 47%  2% 48%
[libx264 @ 0x5916cd049400] i8 v,h,dc,ddl,ddr,vr,hd,vl,hu: 12% 29% 18%  5%  6%  6%  9%  6% 10%
[libx264 @ 0x5916cd049400] i4 v,h,dc,ddl,ddr,vr,hd,vl,hu: 17% 24% 13%  6%  8%  8% 10%  6%  8%
[libx264 @ 0x5916cd049400] i8c dc,h,v,p: 39% 37% 14%  9%
[libx264 @ 0x5916cd049400] Weighted P-Frames: Y:20.5% UV:11.4%
[libx264 @ 0x5916cd049400] ref P L0: 55.1% 13.5% 21.7%  8.4%  1.2%
[libx264 @ 0x5916cd049400] ref B L0: 88.0%  9.6%  2.4%
[libx264 @ 0x5916cd049400] ref B L1: 98.1%  1.9%
[libx264 @ 0x5916cd049400] kb/s:1145.78
ffmpeg version 6.1.1-3ubuntu5 Copyright (c) 2000-2023 the FFmpeg developers
  built with gcc 13 (Ubuntu 13.2.0-23ubuntu3)
  configuration: --prefix=/usr --extra-version=3ubuntu5 --toolchain=hardened --libdir=/usr/lib/x86_64-linux-gnu --incdir=/usr/include/x86_64-linux-gnu --arch=amd64 --enable-gpl --disable-stripping --disable-omx --enable-gnutls --enable-libaom --enable-libass --enable-libbs2b --enable-libcaca --enable-libcdio --enable-libcodec2 --enable-libdav1d --enable-libflite --enable-libfontconfig --enable-libfreetype --enable-libfribidi --enable-libglslang --enable-libgme --enable-libgsm --enable-libharfbuzz --enable-libmp3lame --enable-libmysofa --enable-libopenjpeg --enable-libopenmpt --enable-libopus --enable-librubberband --enable-libshine --enable-libsnappy --enable-libsoxr --enable-libspeex --enable-libtheora --enable-libtwolame --enable-libvidstab --enable-libvorbis --enable-libvpx --enable-libwebp --enable-libx265 --enable-libxml2 --enable-libxvid --enable-libzimg --enable-openal --enable-opencl --enable-opengl --disable-sndio --enable-libvpl --disable-libmfx --enable-libdc1394 --enable-libdrm --enable-libiec61883 --enable-chromaprint --enable-frei0r --enable-ladspa --enable-libbluray --enable-libjack --enable-libpulse --enable-librabbitmq --enable-librist --enable-libsrt --enable-libssh --enable-libsvtav1 --enable-libx264 --enable-libzmq --enable-libzvbi --enable-lv2 --enable-sdl2 --enable-libplacebo --enable-librav1e --enable-pocketsphinx --enable-librsvg --enable-libjxl --enable-shared
  libavutil      58. 29.100 / 58. 29.100
  libavcodec     60. 31.102 / 60. 31.102
  libavformat    60. 16.100 / 60. 16.100
  libavdevice    60.  3.100 / 60.  3.100
  libavfilter     9. 12.100 /  9. 12.100
  libswscale      7.  5.100 /  7.  5.100
  libswresample   4. 12.100 /  4. 12.100
  libpostproc    57.  3.100 / 57.  3.100
Input #0, mov,mp4,m4a,3gp,3g2,mj2, from '/data/vaishak/combined-kv-quant/results/runs/backfill_flowcache_soft_prune_int4_5f5a998802bd_10s/videos/FLOWCACHE_SOFT_PRUNE_INT4/prompt_0003_seed_3.mp4':
  Metadata:
    major_brand     : isom
    minor_version   : 512
    compatible_brands: isomiso2avc1mp41
    encoder         : Lavf61.1.100
  Duration: 00:00:10.31, start: 0.000000, bitrate: 978 kb/s
  Stream #0:0[0x1](und): Video: h264 (High) (avc1 / 0x31637661), yuv420p(progressive), 832x480, 975 kb/s, 16 fps, 16 tbr, 16384 tbn (default)
    Metadata:
      handler_name    : VideoHandler
      vendor_id       : [0][0][0][0]
Stream mapping:
  Stream #0:0 -> #0:0 (h264 (native) -> h264 (libx264))
Press [q] to stop, [?] for help
[libx264 @ 0x5717f404c400] using cpu capabilities: MMX2 SSE2Fast SSSE3 SSE4.2 AVX FMA3 BMI2 AVX2
[libx264 @ 0x5717f404c400] profile High, level 3.0, 4:2:0, 8-bit
[libx264 @ 0x5717f404c400] 264 - core 164 r3108 31e19f9 - H.264/MPEG-4 AVC codec - Copyleft 2003-2023 - http://www.videolan.org/x264.html - options: cabac=1 ref=3 deblock=1:0:0 analyse=0x3:0x113 me=hex subme=7 psy=1 psy_rd=1.00:0.00 mixed_ref=1 me_range=16 chroma_me=1 trellis=1 8x8dct=1 cqm=0 deadzone=21,11 fast_pskip=1 chroma_qp_offset=-2 threads=15 lookahead_threads=2 sliced_threads=0 nr=0 decimate=1 interlaced=0 bluray_compat=0 constrained_intra=0 bframes=3 b_pyramid=2 b_adapt=1 b_bias=0 direct=1 weightb=1 open_gop=0 weightp=2 keyint=250 keyint_min=16 scenecut=40 intra_refresh=0 rc_lookahead=40 rc=crf mbtree=1 crf=23.0 qcomp=0.60 qpmin=0 qpmax=69 qpstep=4 ip_ratio=1.40 aq=1:1.00
Output #0, mp4, to '/data/vaishak/combined-kv-quant/results/combined/backfills/drift/moviegen/6e4410e813d22e54_FLOWCACHE_SOFT_PRUNE_INT4/FLOWCACHE_SOFT_PRUNE_INT4_frames_165/prompt_0003_seed_3.mp4':
  Metadata:
    major_brand     : isom
    minor_version   : 512
    compatible_brands: isomiso2avc1mp41
    encoder         : Lavf60.16.100
  Stream #0:0(und): Video: h264 (avc1 / 0x31637661), yuv420p(progressive), 832x480, q=2-31, 16 fps, 16384 tbn (default)
    Metadata:
      handler_name    : VideoHandler
      vendor_id       : [0][0][0][0]
      encoder         : Lavc60.31.102 libx264
    Side data:
      cpb: bitrate max/min/avg: 0/0/0 buffer size: 0 vbv_delay: N/A
frame=    0 fps=0.0 q=0.0 size=       0kB time=N/A bitrate=N/A speed=N/A    [out#0/mp4 @ 0x5717f404b000] video:1606kB audio:0kB subtitle:0kB other streams:0kB global headers:0kB muxing overhead: 0.171371%
frame=  165 fps=0.0 q=-1.0 Lsize=    1609kB time=00:00:10.12 bitrate=1302.0kbits/s speed=15.5x    
[libx264 @ 0x5717f404c400] frame I:2     Avg QP:22.06  size: 57066
[libx264 @ 0x5717f404c400] frame P:44    Avg QP:23.44  size: 23987
[libx264 @ 0x5717f404c400] frame B:119   Avg QP:26.31  size:  3989
[libx264 @ 0x5717f404c400] consecutive B-frames:  2.4%  1.2%  9.1% 87.3%
[libx264 @ 0x5717f404c400] mb I  I16..4: 15.1% 59.6% 25.4%
[libx264 @ 0x5717f404c400] mb P  I16..4:  1.5%  7.8%  1.6%  P16..4: 40.9% 26.0% 14.8%  0.0%  0.0%    skip: 7.5%
[libx264 @ 0x5717f404c400] mb B  I16..4:  0.0%  0.1%  0.0%  B16..8: 48.1%  6.7%  2.1%  direct: 2.5%  skip:40.4%  L0:45.6% L1:44.7% BI: 9.7%
[libx264 @ 0x5717f404c400] 8x8 transform intra:67.7% inter:64.2%
[libx264 @ 0x5717f404c400] coded y,uvDC,uvAC intra: 80.3% 90.5% 50.0% inter: 23.8% 19.6% 0.6%
[libx264 @ 0x5717f404c400] i16 v,h,dc,p:  1% 46%  2% 51%
[libx264 @ 0x5717f404c400] i8 v,h,dc,ddl,ddr,vr,hd,vl,hu:  8% 25% 12%  5% 10%  7% 16%  6% 10%
[libx264 @ 0x5717f404c400] i4 v,h,dc,ddl,ddr,vr,hd,vl,hu:  9% 24% 12%  6% 11%  7% 15%  5% 11%
[libx264 @ 0x5717f404c400] i8c dc,h,v,p: 38% 32% 13% 17%
[libx264 @ 0x5717f404c400] Weighted P-Frames: Y:43.2% UV:31.8%
[libx264 @ 0x5717f404c400] ref P L0: 54.2% 27.7% 13.0%  3.9%  1.2%
[libx264 @ 0x5717f404c400] ref B L0: 96.4%  3.3%  0.3%
[libx264 @ 0x5717f404c400] ref B L1: 98.9%  1.1%
[libx264 @ 0x5717f404c400] kb/s:1275.56
ffmpeg version 6.1.1-3ubuntu5 Copyright (c) 2000-2023 the FFmpeg developers
  built with gcc 13 (Ubuntu 13.2.0-23ubuntu3)
  configuration: --prefix=/usr --extra-version=3ubuntu5 --toolchain=hardened --libdir=/usr/lib/x86_64-linux-gnu --incdir=/usr/include/x86_64-linux-gnu --arch=amd64 --enable-gpl --disable-stripping --disable-omx --enable-gnutls --enable-libaom --enable-libass --enable-libbs2b --enable-libcaca --enable-libcdio --enable-libcodec2 --enable-libdav1d --enable-libflite --enable-libfontconfig --enable-libfreetype --enable-libfribidi --enable-libglslang --enable-libgme --enable-libgsm --enable-libharfbuzz --enable-libmp3lame --enable-libmysofa --enable-libopenjpeg --enable-libopenmpt --enable-libopus --enable-librubberband --enable-libshine --enable-libsnappy --enable-libsoxr --enable-libspeex --enable-libtheora --enable-libtwolame --enable-libvidstab --enable-libvorbis --enable-libvpx --enable-libwebp --enable-libx265 --enable-libxml2 --enable-libxvid --enable-libzimg --enable-openal --enable-opencl --enable-opengl --disable-sndio --enable-libvpl --disable-libmfx --enable-libdc1394 --enable-libdrm --enable-libiec61883 --enable-chromaprint --enable-frei0r --enable-ladspa --enable-libbluray --enable-libjack --enable-libpulse --enable-librabbitmq --enable-librist --enable-libsrt --enable-libssh --enable-libsvtav1 --enable-libx264 --enable-libzmq --enable-libzvbi --enable-lv2 --enable-sdl2 --enable-libplacebo --enable-librav1e --enable-pocketsphinx --enable-librsvg --enable-libjxl --enable-shared
  libavutil      58. 29.100 / 58. 29.100
  libavcodec     60. 31.102 / 60. 31.102
  libavformat    60. 16.100 / 60. 16.100
  libavdevice    60.  3.100 / 60.  3.100
  libavfilter     9. 12.100 /  9. 12.100
  libswscale      7.  5.100 /  7.  5.100
  libswresample   4. 12.100 /  4. 12.100
  libpostproc    57.  3.100 / 57.  3.100
Input #0, mov,mp4,m4a,3gp,3g2,mj2, from '/data/vaishak/combined-kv-quant/results/runs/backfill_flowcache_soft_prune_int4_5f5a998802bd_10s/videos/FLOWCACHE_SOFT_PRUNE_INT4/prompt_0004_seed_4.mp4':
  Metadata:
    major_brand     : isom
    minor_version   : 512
    compatible_brands: isomiso2avc1mp41
    encoder         : Lavf61.1.100
  Duration: 00:00:10.31, start: 0.000000, bitrate: 1029 kb/s
  Stream #0:0[0x1](und): Video: h264 (High) (avc1 / 0x31637661), yuv420p(progressive), 832x480, 1026 kb/s, 16 fps, 16 tbr, 16384 tbn (default)
    Metadata:
      handler_name    : VideoHandler
      vendor_id       : [0][0][0][0]
Stream mapping:
  Stream #0:0 -> #0:0 (h264 (native) -> h264 (libx264))
Press [q] to stop, [?] for help
[libx264 @ 0x628978554d40] using cpu capabilities: MMX2 SSE2Fast SSSE3 SSE4.2 AVX FMA3 BMI2 AVX2
[libx264 @ 0x628978554d40] profile High, level 3.0, 4:2:0, 8-bit
[libx264 @ 0x628978554d40] 264 - core 164 r3108 31e19f9 - H.264/MPEG-4 AVC codec - Copyleft 2003-2023 - http://www.videolan.org/x264.html - options: cabac=1 ref=3 deblock=1:0:0 analyse=0x3:0x113 me=hex subme=7 psy=1 psy_rd=1.00:0.00 mixed_ref=1 me_range=16 chroma_me=1 trellis=1 8x8dct=1 cqm=0 deadzone=21,11 fast_pskip=1 chroma_qp_offset=-2 threads=15 lookahead_threads=2 sliced_threads=0 nr=0 decimate=1 interlaced=0 bluray_compat=0 constrained_intra=0 bframes=3 b_pyramid=2 b_adapt=1 b_bias=0 direct=1 weightb=1 open_gop=0 weightp=2 keyint=250 keyint_min=16 scenecut=40 intra_refresh=0 rc_lookahead=40 rc=crf mbtree=1 crf=23.0 qcomp=0.60 qpmin=0 qpmax=69 qpstep=4 ip_ratio=1.40 aq=1:1.00
Output #0, mp4, to '/data/vaishak/combined-kv-quant/results/combined/backfills/drift/moviegen/6e4410e813d22e54_FLOWCACHE_SOFT_PRUNE_INT4/FLOWCACHE_SOFT_PRUNE_INT4_frames_165/prompt_0004_seed_4.mp4':
  Metadata:
    major_brand     : isom
    minor_version   : 512
    compatible_brands: isomiso2avc1mp41
    encoder         : Lavf60.16.100
  Stream #0:0(und): Video: h264 (avc1 / 0x31637661), yuv420p(progressive), 832x480, q=2-31, 16 fps, 16384 tbn (default)
    Metadata:
      handler_name    : VideoHandler
      vendor_id       : [0][0][0][0]
      encoder         : Lavc60.31.102 libx264
    Side data:
      cpb: bitrate max/min/avg: 0/0/0 buffer size: 0 vbv_delay: N/A
frame=    0 fps=0.0 q=0.0 size=       0kB time=N/A bitrate=N/A speed=N/A    [out#0/mp4 @ 0x6289784d4000] video:993kB audio:0kB subtitle:0kB other streams:0kB global headers:0kB muxing overhead: 0.277329%
frame=  165 fps=0.0 q=-1.0 Lsize=     995kB time=00:00:10.12 bitrate= 805.4kbits/s speed=17.4x    
[libx264 @ 0x628978554d40] frame I:2     Avg QP:20.20  size: 33739
[libx264 @ 0x628978554d40] frame P:47    Avg QP:21.49  size: 13526
[libx264 @ 0x628978554d40] frame B:116   Avg QP:25.50  size:  2695
[libx264 @ 0x628978554d40] consecutive B-frames:  2.4%  9.7%  5.5% 82.4%
[libx264 @ 0x628978554d40] mb I  I16..4: 17.2% 66.4% 16.4%
[libx264 @ 0x628978554d40] mb P  I16..4:  2.0%  3.9%  0.7%  P16..4: 47.3% 22.1% 10.8%  0.0%  0.0%    skip:13.1%
[libx264 @ 0x628978554d40] mb B  I16..4:  0.4%  0.5%  0.1%  B16..8: 34.8%  5.5%  1.2%  direct: 2.2%  skip:55.3%  L0:47.5% L1:43.8% BI: 8.7%
[libx264 @ 0x628978554d40] 8x8 transform intra:60.2% inter:73.2%
[libx264 @ 0x628978554d40] coded y,uvDC,uvAC intra: 56.3% 84.5% 40.1% inter: 16.4% 25.5% 1.3%
[libx264 @ 0x628978554d40] i16 v,h,dc,p: 23% 41%  3% 34%
[libx264 @ 0x628978554d40] i8 v,h,dc,ddl,ddr,vr,hd,vl,hu: 22% 27% 15%  5%  5%  7%  6%  7%  7%
[libx264 @ 0x628978554d40] i4 v,h,dc,ddl,ddr,vr,hd,vl,hu: 14% 23% 12%  6% 11%  9% 11%  7%  7%
[libx264 @ 0x628978554d40] i8c dc,h,v,p: 29% 31% 23% 17%
[libx264 @ 0x628978554d40] Weighted P-Frames: Y:19.1% UV:14.9%
[libx264 @ 0x628978554d40] ref P L0: 59.1% 17.4% 15.2%  7.4%  0.9%
[libx264 @ 0x628978554d40] ref B L0: 89.1%  8.8%  2.1%
[libx264 @ 0x628978554d40] ref B L1: 96.8%  3.2%
[libx264 @ 0x628978554d40] kb/s:788.01
ffmpeg version 6.1.1-3ubuntu5 Copyright (c) 2000-2023 the FFmpeg developers
  built with gcc 13 (Ubuntu 13.2.0-23ubuntu3)
  configuration: --prefix=/usr --extra-version=3ubuntu5 --toolchain=hardened --libdir=/usr/lib/x86_64-linux-gnu --incdir=/usr/include/x86_64-linux-gnu --arch=amd64 --enable-gpl --disable-stripping --disable-omx --enable-gnutls --enable-libaom --enable-libass --enable-libbs2b --enable-libcaca --enable-libcdio --enable-libcodec2 --enable-libdav1d --enable-libflite --enable-libfontconfig --enable-libfreetype --enable-libfribidi --enable-libglslang --enable-libgme --enable-libgsm --enable-libharfbuzz --enable-libmp3lame --enable-libmysofa --enable-libopenjpeg --enable-libopenmpt --enable-libopus --enable-librubberband --enable-libshine --enable-libsnappy --enable-libsoxr --enable-libspeex --enable-libtheora --enable-libtwolame --enable-libvidstab --enable-libvorbis --enable-libvpx --enable-libwebp --enable-libx265 --enable-libxml2 --enable-libxvid --enable-libzimg --enable-openal --enable-opencl --enable-opengl --disable-sndio --enable-libvpl --disable-libmfx --enable-libdc1394 --enable-libdrm --enable-libiec61883 --enable-chromaprint --enable-frei0r --enable-ladspa --enable-libbluray --enable-libjack --enable-libpulse --enable-librabbitmq --enable-librist --enable-libsrt --enable-libssh --enable-libsvtav1 --enable-libx264 --enable-libzmq --enable-libzvbi --enable-lv2 --enable-sdl2 --enable-libplacebo --enable-librav1e --enable-pocketsphinx --enable-librsvg --enable-libjxl --enable-shared
  libavutil      58. 29.100 / 58. 29.100
  libavcodec     60. 31.102 / 60. 31.102
  libavformat    60. 16.100 / 60. 16.100
  libavdevice    60.  3.100 / 60.  3.100
  libavfilter     9. 12.100 /  9. 12.100
  libswscale      7.  5.100 /  7.  5.100
  libswresample   4. 12.100 /  4. 12.100
  libpostproc    57.  3.100 / 57.  3.100
Input #0, mov,mp4,m4a,3gp,3g2,mj2, from '/data/vaishak/combined-kv-quant/results/runs/backfill_flowcache_soft_prune_int4_5f5a998802bd_10s/videos/FLOWCACHE_SOFT_PRUNE_INT4/prompt_0005_seed_5.mp4':
  Metadata:
    major_brand     : isom
    minor_version   : 512
    compatible_brands: isomiso2avc1mp41
    encoder         : Lavf61.1.100
  Duration: 00:00:10.31, start: 0.000000, bitrate: 1046 kb/s
  Stream #0:0[0x1](und): Video: h264 (High) (avc1 / 0x31637661), yuv420p(progressive), 832x480, 1044 kb/s, 16 fps, 16 tbr, 16384 tbn (default)
    Metadata:
      handler_name    : VideoHandler
      vendor_id       : [0][0][0][0]
Stream mapping:
  Stream #0:0 -> #0:0 (h264 (native) -> h264 (libx264))
Press [q] to stop, [?] for help
[libx264 @ 0x5887f638f600] using cpu capabilities: MMX2 SSE2Fast SSSE3 SSE4.2 AVX FMA3 BMI2 AVX2
[libx264 @ 0x5887f638f600] profile High, level 3.0, 4:2:0, 8-bit
[libx264 @ 0x5887f638f600] 264 - core 164 r3108 31e19f9 - H.264/MPEG-4 AVC codec - Copyleft 2003-2023 - http://www.videolan.org/x264.html - options: cabac=1 ref=3 deblock=1:0:0 analyse=0x3:0x113 me=hex subme=7 psy=1 psy_rd=1.00:0.00 mixed_ref=1 me_range=16 chroma_me=1 trellis=1 8x8dct=1 cqm=0 deadzone=21,11 fast_pskip=1 chroma_qp_offset=-2 threads=15 lookahead_threads=2 sliced_threads=0 nr=0 decimate=1 interlaced=0 bluray_compat=0 constrained_intra=0 bframes=3 b_pyramid=2 b_adapt=1 b_bias=0 direct=1 weightb=1 open_gop=0 weightp=2 keyint=250 keyint_min=16 scenecut=40 intra_refresh=0 rc_lookahead=40 rc=crf mbtree=1 crf=23.0 qcomp=0.60 qpmin=0 qpmax=69 qpstep=4 ip_ratio=1.40 aq=1:1.00
Output #0, mp4, to '/data/vaishak/combined-kv-quant/results/combined/backfills/drift/moviegen/6e4410e813d22e54_FLOWCACHE_SOFT_PRUNE_INT4/FLOWCACHE_SOFT_PRUNE_INT4_frames_165/prompt_0005_seed_5.mp4':
  Metadata:
    major_brand     : isom
    minor_version   : 512
    compatible_brands: isomiso2avc1mp41
    encoder         : Lavf60.16.100
  Stream #0:0(und): Video: h264 (avc1 / 0x31637661), yuv420p(progressive), 832x480, q=2-31, 16 fps, 16384 tbn (default)
    Metadata:
      handler_name    : VideoHandler
      vendor_id       : [0][0][0][0]
      encoder         : Lavc60.31.102 libx264
    Side data:
      cpb: bitrate max/min/avg: 0/0/0 buffer size: 0 vbv_delay: N/A
frame=    0 fps=0.0 q=0.0 size=       0kB time=N/A bitrate=N/A speed=N/A    [out#0/mp4 @ 0x5887f638e100] video:2255kB audio:0kB subtitle:0kB other streams:0kB global headers:0kB muxing overhead: 0.124322%
frame=  165 fps=0.0 q=-1.0 Lsize=    2258kB time=00:00:10.12 bitrate=1826.9kbits/s speed=15.3x    
[libx264 @ 0x5887f638f600] frame I:1     Avg QP:23.46  size:105739
[libx264 @ 0x5887f638f600] frame P:47    Avg QP:23.84  size: 34200
[libx264 @ 0x5887f638f600] frame B:117   Avg QP:27.98  size:  5090
[libx264 @ 0x5887f638f600] consecutive B-frames:  1.8% 10.9%  0.0% 87.3%
[libx264 @ 0x5887f638f600] mb I  I16..4:  2.9% 34.0% 63.0%
[libx264 @ 0x5887f638f600] mb P  I16..4:  0.9%  4.6%  1.4%  P16..4: 36.4% 31.4% 21.7%  0.0%  0.0%    skip: 3.6%
[libx264 @ 0x5887f638f600] mb B  I16..4:  0.1%  0.2%  0.1%  B16..8: 49.4%  9.0%  3.5%  direct: 3.0%  skip:34.9%  L0:47.8% L1:38.9% BI:13.3%
[libx264 @ 0x5887f638f600] 8x8 transform intra:58.6% inter:56.3%
[libx264 @ 0x5887f638f600] coded y,uvDC,uvAC intra: 79.9% 96.8% 76.7% inter: 26.2% 32.8% 10.7%
[libx264 @ 0x5887f638f600] i16 v,h,dc,p:  4% 39%  9% 48%
[libx264 @ 0x5887f638f600] i8 v,h,dc,ddl,ddr,vr,hd,vl,hu:  9% 31% 19%  4%  5%  5%  8%  5% 13%
[libx264 @ 0x5887f638f600] i4 v,h,dc,ddl,ddr,vr,hd,vl,hu: 16% 17% 14%  8%  9% 10%  8%  9%  9%
[libx264 @ 0x5887f638f600] i8c dc,h,v,p: 41% 33% 11% 15%
[libx264 @ 0x5887f638f600] Weighted P-Frames: Y:42.6% UV:14.9%
[libx264 @ 0x5887f638f600] ref P L0: 53.0% 26.8% 14.2%  4.5%  1.6%
[libx264 @ 0x5887f638f600] ref B L0: 91.8%  7.1%  1.1%
[libx264 @ 0x5887f638f600] ref B L1: 99.0%  1.0%
[libx264 @ 0x5887f638f600] kb/s:1790.95
ffmpeg version 6.1.1-3ubuntu5 Copyright (c) 2000-2023 the FFmpeg developers
  built with gcc 13 (Ubuntu 13.2.0-23ubuntu3)
  configuration: --prefix=/usr --extra-version=3ubuntu5 --toolchain=hardened --libdir=/usr/lib/x86_64-linux-gnu --incdir=/usr/include/x86_64-linux-gnu --arch=amd64 --enable-gpl --disable-stripping --disable-omx --enable-gnutls --enable-libaom --enable-libass --enable-libbs2b --enable-libcaca --enable-libcdio --enable-libcodec2 --enable-libdav1d --enable-libflite --enable-libfontconfig --enable-libfreetype --enable-libfribidi --enable-libglslang --enable-libgme --enable-libgsm --enable-libharfbuzz --enable-libmp3lame --enable-libmysofa --enable-libopenjpeg --enable-libopenmpt --enable-libopus --enable-librubberband --enable-libshine --enable-libsnappy --enable-libsoxr --enable-libspeex --enable-libtheora --enable-libtwolame --enable-libvidstab --enable-libvorbis --enable-libvpx --enable-libwebp --enable-libx265 --enable-libxml2 --enable-libxvid --enable-libzimg --enable-openal --enable-opencl --enable-opengl --disable-sndio --enable-libvpl --disable-libmfx --enable-libdc1394 --enable-libdrm --enable-libiec61883 --enable-chromaprint --enable-frei0r --enable-ladspa --enable-libbluray --enable-libjack --enable-libpulse --enable-librabbitmq --enable-librist --enable-libsrt --enable-libssh --enable-libsvtav1 --enable-libx264 --enable-libzmq --enable-libzvbi --enable-lv2 --enable-sdl2 --enable-libplacebo --enable-librav1e --enable-pocketsphinx --enable-librsvg --enable-libjxl --enable-shared
  libavutil      58. 29.100 / 58. 29.100
  libavcodec     60. 31.102 / 60. 31.102
  libavformat    60. 16.100 / 60. 16.100
  libavdevice    60.  3.100 / 60.  3.100
  libavfilter     9. 12.100 /  9. 12.100
  libswscale      7.  5.100 /  7.  5.100
  libswresample   4. 12.100 /  4. 12.100
  libpostproc    57.  3.100 / 57.  3.100
Input #0, mov,mp4,m4a,3gp,3g2,mj2, from '/data/vaishak/combined-kv-quant/results/runs/backfill_flowcache_soft_prune_int4_5f5a998802bd_10s/videos/FLOWCACHE_SOFT_PRUNE_INT4/prompt_0006_seed_6.mp4':
  Metadata:
    major_brand     : isom
    minor_version   : 512
    compatible_brands: isomiso2avc1mp41
    encoder         : Lavf61.1.100
  Duration: 00:00:10.31, start: 0.000000, bitrate: 1054 kb/s
  Stream #0:0[0x1](und): Video: h264 (High) (avc1 / 0x31637661), yuv420p(progressive), 832x480, 1052 kb/s, 16 fps, 16 tbr, 16384 tbn (default)
    Metadata:
      handler_name    : VideoHandler
      vendor_id       : [0][0][0][0]
Stream mapping:
  Stream #0:0 -> #0:0 (h264 (native) -> h264 (libx264))
Press [q] to stop, [?] for help
[libx264 @ 0x648178d945c0] using cpu capabilities: MMX2 SSE2Fast SSSE3 SSE4.2 AVX FMA3 BMI2 AVX2
[libx264 @ 0x648178d945c0] profile High, level 3.0, 4:2:0, 8-bit
[libx264 @ 0x648178d945c0] 264 - core 164 r3108 31e19f9 - H.264/MPEG-4 AVC codec - Copyleft 2003-2023 - http://www.videolan.org/x264.html - options: cabac=1 ref=3 deblock=1:0:0 analyse=0x3:0x113 me=hex subme=7 psy=1 psy_rd=1.00:0.00 mixed_ref=1 me_range=16 chroma_me=1 trellis=1 8x8dct=1 cqm=0 deadzone=21,11 fast_pskip=1 chroma_qp_offset=-2 threads=15 lookahead_threads=2 sliced_threads=0 nr=0 decimate=1 interlaced=0 bluray_compat=0 constrained_intra=0 bframes=3 b_pyramid=2 b_adapt=1 b_bias=0 direct=1 weightb=1 open_gop=0 weightp=2 keyint=250 keyint_min=16 scenecut=40 intra_refresh=0 rc_lookahead=40 rc=crf mbtree=1 crf=23.0 qcomp=0.60 qpmin=0 qpmax=69 qpstep=4 ip_ratio=1.40 aq=1:1.00
Output #0, mp4, to '/data/vaishak/combined-kv-quant/results/combined/backfills/drift/moviegen/6e4410e813d22e54_FLOWCACHE_SOFT_PRUNE_INT4/FLOWCACHE_SOFT_PRUNE_INT4_frames_165/prompt_0006_seed_6.mp4':
  Metadata:
    major_brand     : isom
    minor_version   : 512
    compatible_brands: isomiso2avc1mp41
    encoder         : Lavf60.16.100
  Stream #0:0(und): Video: h264 (avc1 / 0x31637661), yuv420p(progressive), 832x480, q=2-31, 16 fps, 16384 tbn (default)
    Metadata:
      handler_name    : VideoHandler
      vendor_id       : [0][0][0][0]
      encoder         : Lavc60.31.102 libx264
    Side data:
      cpb: bitrate max/min/avg: 0/0/0 buffer size: 0 vbv_delay: N/A
frame=    0 fps=0.0 q=0.0 size=       0kB time=N/A bitrate=N/A speed=N/A    [out#0/mp4 @ 0x648178d13000] video:1472kB audio:0kB subtitle:0kB other streams:0kB global headers:0kB muxing overhead: 0.188046%
frame=  165 fps=0.0 q=-1.0 Lsize=    1475kB time=00:00:10.12 bitrate=1193.4kbits/s speed=16.8x    
[libx264 @ 0x648178d945c0] frame I:2     Avg QP:19.48  size: 40458
[libx264 @ 0x648178d945c0] frame P:50    Avg QP:21.41  size: 19371
[libx264 @ 0x648178d945c0] frame B:113   Avg QP:24.52  size:  4048
[libx264 @ 0x648178d945c0] consecutive B-frames:  3.6% 14.5%  1.8% 80.0%
[libx264 @ 0x648178d945c0] mb I  I16..4: 28.5% 54.4% 17.1%
[libx264 @ 0x648178d945c0] mb P  I16..4:  5.6%  6.8%  1.2%  P16..4: 48.0% 16.3% 10.6%  0.0%  0.0%    skip:11.5%
[libx264 @ 0x648178d945c0] mb B  I16..4:  1.0%  0.9%  0.0%  B16..8: 37.6%  5.3%  2.0%  direct: 3.9%  skip:49.3%  L0:46.0% L1:44.3% BI: 9.7%
[libx264 @ 0x648178d945c0] 8x8 transform intra:50.2% inter:69.3%
[libx264 @ 0x648178d945c0] coded y,uvDC,uvAC intra: 38.3% 85.2% 23.5% inter: 17.6% 28.7% 2.2%
[libx264 @ 0x648178d945c0] i16 v,h,dc,p: 11% 20%  7% 63%
[libx264 @ 0x648178d945c0] i8 v,h,dc,ddl,ddr,vr,hd,vl,hu: 19% 22% 25%  5%  7%  6%  7%  5%  5%
[libx264 @ 0x648178d945c0] i4 v,h,dc,ddl,ddr,vr,hd,vl,hu: 13% 12% 12%  4% 20% 13% 14%  5%  6%
[libx264 @ 0x648178d945c0] i8c dc,h,v,p: 44% 24% 16% 16%
[libx264 @ 0x648178d945c0] Weighted P-Frames: Y:28.0% UV:24.0%
[libx264 @ 0x648178d945c0] ref P L0: 60.2% 13.8% 18.1%  6.3%  1.5%
[libx264 @ 0x648178d945c0] ref B L0: 90.0%  7.7%  2.3%
[libx264 @ 0x648178d945c0] ref B L1: 97.4%  2.6%
[libx264 @ 0x648178d945c0] kb/s:1169.01
ffmpeg version 6.1.1-3ubuntu5 Copyright (c) 2000-2023 the FFmpeg developers
  built with gcc 13 (Ubuntu 13.2.0-23ubuntu3)
  configuration: --prefix=/usr --extra-version=3ubuntu5 --toolchain=hardened --libdir=/usr/lib/x86_64-linux-gnu --incdir=/usr/include/x86_64-linux-gnu --arch=amd64 --enable-gpl --disable-stripping --disable-omx --enable-gnutls --enable-libaom --enable-libass --enable-libbs2b --enable-libcaca --enable-libcdio --enable-libcodec2 --enable-libdav1d --enable-libflite --enable-libfontconfig --enable-libfreetype --enable-libfribidi --enable-libglslang --enable-libgme --enable-libgsm --enable-libharfbuzz --enable-libmp3lame --enable-libmysofa --enable-libopenjpeg --enable-libopenmpt --enable-libopus --enable-librubberband --enable-libshine --enable-libsnappy --enable-libsoxr --enable-libspeex --enable-libtheora --enable-libtwolame --enable-libvidstab --enable-libvorbis --enable-libvpx --enable-libwebp --enable-libx265 --enable-libxml2 --enable-libxvid --enable-libzimg --enable-openal --enable-opencl --enable-opengl --disable-sndio --enable-libvpl --disable-libmfx --enable-libdc1394 --enable-libdrm --enable-libiec61883 --enable-chromaprint --enable-frei0r --enable-ladspa --enable-libbluray --enable-libjack --enable-libpulse --enable-librabbitmq --enable-librist --enable-libsrt --enable-libssh --enable-libsvtav1 --enable-libx264 --enable-libzmq --enable-libzvbi --enable-lv2 --enable-sdl2 --enable-libplacebo --enable-librav1e --enable-pocketsphinx --enable-librsvg --enable-libjxl --enable-shared
  libavutil      58. 29.100 / 58. 29.100
  libavcodec     60. 31.102 / 60. 31.102
  libavformat    60. 16.100 / 60. 16.100
  libavdevice    60.  3.100 / 60.  3.100
  libavfilter     9. 12.100 /  9. 12.100
  libswscale      7.  5.100 /  7.  5.100
  libswresample   4. 12.100 /  4. 12.100
  libpostproc    57.  3.100 / 57.  3.100
Input #0, mov,mp4,m4a,3gp,3g2,mj2, from '/data/vaishak/combined-kv-quant/results/runs/backfill_flowcache_soft_prune_int4_5f5a998802bd_10s/videos/FLOWCACHE_SOFT_PRUNE_INT4/prompt_0007_seed_7.mp4':
  Metadata:
    major_brand     : isom
    minor_version   : 512
    compatible_brands: isomiso2avc1mp41
    encoder         : Lavf61.1.100
  Duration: 00:00:10.31, start: 0.000000, bitrate: 1000 kb/s
  Stream #0:0[0x1](und): Video: h264 (High) (avc1 / 0x31637661), yuv420p(progressive), 832x480, 998 kb/s, 16 fps, 16 tbr, 16384 tbn (default)
    Metadata:
      handler_name    : VideoHandler
      vendor_id       : [0][0][0][0]
Stream mapping:
  Stream #0:0 -> #0:0 (h264 (native) -> h264 (libx264))
Press [q] to stop, [?] for help
[libx264 @ 0x59918bd83c80] using cpu capabilities: MMX2 SSE2Fast SSSE3 SSE4.2 AVX FMA3 BMI2 AVX2
[libx264 @ 0x59918bd83c80] profile High, level 3.0, 4:2:0, 8-bit
[libx264 @ 0x59918bd83c80] 264 - core 164 r3108 31e19f9 - H.264/MPEG-4 AVC codec - Copyleft 2003-2023 - http://www.videolan.org/x264.html - options: cabac=1 ref=3 deblock=1:0:0 analyse=0x3:0x113 me=hex subme=7 psy=1 psy_rd=1.00:0.00 mixed_ref=1 me_range=16 chroma_me=1 trellis=1 8x8dct=1 cqm=0 deadzone=21,11 fast_pskip=1 chroma_qp_offset=-2 threads=15 lookahead_threads=2 sliced_threads=0 nr=0 decimate=1 interlaced=0 bluray_compat=0 constrained_intra=0 bframes=3 b_pyramid=2 b_adapt=1 b_bias=0 direct=1 weightb=1 open_gop=0 weightp=2 keyint=250 keyint_min=16 scenecut=40 intra_refresh=0 rc_lookahead=40 rc=crf mbtree=1 crf=23.0 qcomp=0.60 qpmin=0 qpmax=69 qpstep=4 ip_ratio=1.40 aq=1:1.00
Output #0, mp4, to '/data/vaishak/combined-kv-quant/results/combined/backfills/drift/moviegen/6e4410e813d22e54_FLOWCACHE_SOFT_PRUNE_INT4/FLOWCACHE_SOFT_PRUNE_INT4_frames_165/prompt_0007_seed_7.mp4':
  Metadata:
    major_brand     : isom
    minor_version   : 512
    compatible_brands: isomiso2avc1mp41
    encoder         : Lavf60.16.100
  Stream #0:0(und): Video: h264 (avc1 / 0x31637661), yuv420p(progressive), 832x480, q=2-31, 16 fps, 16384 tbn (default)
    Metadata:
      handler_name    : VideoHandler
      vendor_id       : [0][0][0][0]
      encoder         : Lavc60.31.102 libx264
    Side data:
      cpb: bitrate max/min/avg: 0/0/0 buffer size: 0 vbv_delay: N/A
frame=    0 fps=0.0 q=0.0 size=       0kB time=N/A bitrate=N/A speed=N/A    [out#0/mp4 @ 0x59918bd01000] video:1428kB audio:0kB subtitle:0kB other streams:0kB global headers:0kB muxing overhead: 0.192988%
frame=  165 fps=0.0 q=-1.0 Lsize=    1431kB time=00:00:10.12 bitrate=1158.0kbits/s speed=14.4x    
[libx264 @ 0x59918bd83c80] frame I:1     Avg QP:23.17  size: 40739
[libx264 @ 0x59918bd83c80] frame P:51    Avg QP:23.48  size: 18794
[libx264 @ 0x59918bd83c80] frame B:113   Avg QP:27.10  size:  4096
[libx264 @ 0x59918bd83c80] consecutive B-frames:  3.0% 14.5%  7.3% 75.2%
[libx264 @ 0x59918bd83c80] mb I  I16..4:  8.1% 61.2% 30.8%
[libx264 @ 0x59918bd83c80] mb P  I16..4:  2.9%  9.3%  1.5%  P16..4: 40.9% 25.6% 12.0%  0.0%  0.0%    skip: 7.7%
[libx264 @ 0x59918bd83c80] mb B  I16..4:  0.7%  2.6%  0.1%  B16..8: 40.8%  9.8%  2.3%  direct: 2.8%  skip:41.0%  L0:43.5% L1:42.6% BI:13.9%
[libx264 @ 0x59918bd83c80] 8x8 transform intra:70.1% inter:67.4%
[libx264 @ 0x59918bd83c80] coded y,uvDC,uvAC intra: 59.5% 83.0% 23.2% inter: 23.9% 25.1% 1.1%
[libx264 @ 0x59918bd83c80] i16 v,h,dc,p:  3% 49%  1% 47%
[libx264 @ 0x59918bd83c80] i8 v,h,dc,ddl,ddr,vr,hd,vl,hu: 12% 34% 12%  5%  7%  6% 11%  5%  9%
[libx264 @ 0x59918bd83c80] i4 v,h,dc,ddl,ddr,vr,hd,vl,hu: 13% 29% 13%  5%  8%  7% 11%  5%  9%
[libx264 @ 0x59918bd83c80] i8c dc,h,v,p: 36% 44% 10% 10%
[libx264 @ 0x59918bd83c80] Weighted P-Frames: Y:23.5% UV:9.8%
[libx264 @ 0x59918bd83c80] ref P L0: 53.5% 25.0% 14.0%  6.0%  1.5%
[libx264 @ 0x59918bd83c80] ref B L0: 91.2%  7.0%  1.8%
[libx264 @ 0x59918bd83c80] ref B L1: 97.9%  2.1%
[libx264 @ 0x59918bd83c80] kb/s:1134.23
ffmpeg version 6.1.1-3ubuntu5 Copyright (c) 2000-2023 the FFmpeg developers
  built with gcc 13 (Ubuntu 13.2.0-23ubuntu3)
  configuration: --prefix=/usr --extra-version=3ubuntu5 --toolchain=hardened --libdir=/usr/lib/x86_64-linux-gnu --incdir=/usr/include/x86_64-linux-gnu --arch=amd64 --enable-gpl --disable-stripping --disable-omx --enable-gnutls --enable-libaom --enable-libass --enable-libbs2b --enable-libcaca --enable-libcdio --enable-libcodec2 --enable-libdav1d --enable-libflite --enable-libfontconfig --enable-libfreetype --enable-libfribidi --enable-libglslang --enable-libgme --enable-libgsm --enable-libharfbuzz --enable-libmp3lame --enable-libmysofa --enable-libopenjpeg --enable-libopenmpt --enable-libopus --enable-librubberband --enable-libshine --enable-libsnappy --enable-libsoxr --enable-libspeex --enable-libtheora --enable-libtwolame --enable-libvidstab --enable-libvorbis --enable-libvpx --enable-libwebp --enable-libx265 --enable-libxml2 --enable-libxvid --enable-libzimg --enable-openal --enable-opencl --enable-opengl --disable-sndio --enable-libvpl --disable-libmfx --enable-libdc1394 --enable-libdrm --enable-libiec61883 --enable-chromaprint --enable-frei0r --enable-ladspa --enable-libbluray --enable-libjack --enable-libpulse --enable-librabbitmq --enable-librist --enable-libsrt --enable-libssh --enable-libsvtav1 --enable-libx264 --enable-libzmq --enable-libzvbi --enable-lv2 --enable-sdl2 --enable-libplacebo --enable-librav1e --enable-pocketsphinx --enable-librsvg --enable-libjxl --enable-shared
  libavutil      58. 29.100 / 58. 29.100
  libavcodec     60. 31.102 / 60. 31.102
  libavformat    60. 16.100 / 60. 16.100
  libavdevice    60.  3.100 / 60.  3.100
  libavfilter     9. 12.100 /  9. 12.100
  libswscale      7.  5.100 /  7.  5.100
  libswresample   4. 12.100 /  4. 12.100
  libpostproc    57.  3.100 / 57.  3.100
Input #0, mov,mp4,m4a,3gp,3g2,mj2, from '/data/vaishak/combined-kv-quant/results/runs/backfill_flowcache_soft_prune_int4_5f5a998802bd_10s/videos/FLOWCACHE_SOFT_PRUNE_INT4/prompt_0008_seed_8.mp4':
  Metadata:
    major_brand     : isom
    minor_version   : 512
    compatible_brands: isomiso2avc1mp41
    encoder         : Lavf61.1.100
  Duration: 00:00:10.31, start: 0.000000, bitrate: 980 kb/s
  Stream #0:0[0x1](und): Video: h264 (High) (avc1 / 0x31637661), yuv420p(progressive), 832x480, 978 kb/s, 16 fps, 16 tbr, 16384 tbn (default)
    Metadata:
      handler_name    : VideoHandler
      vendor_id       : [0][0][0][0]
Stream mapping:
  Stream #0:0 -> #0:0 (h264 (native) -> h264 (libx264))
Press [q] to stop, [?] for help
[libx264 @ 0x55be61c362c0] using cpu capabilities: MMX2 SSE2Fast SSSE3 SSE4.2 AVX FMA3 BMI2 AVX2
[libx264 @ 0x55be61c362c0] profile High, level 3.0, 4:2:0, 8-bit
[libx264 @ 0x55be61c362c0] 264 - core 164 r3108 31e19f9 - H.264/MPEG-4 AVC codec - Copyleft 2003-2023 - http://www.videolan.org/x264.html - options: cabac=1 ref=3 deblock=1:0:0 analyse=0x3:0x113 me=hex subme=7 psy=1 psy_rd=1.00:0.00 mixed_ref=1 me_range=16 chroma_me=1 trellis=1 8x8dct=1 cqm=0 deadzone=21,11 fast_pskip=1 chroma_qp_offset=-2 threads=15 lookahead_threads=2 sliced_threads=0 nr=0 decimate=1 interlaced=0 bluray_compat=0 constrained_intra=0 bframes=3 b_pyramid=2 b_adapt=1 b_bias=0 direct=1 weightb=1 open_gop=0 weightp=2 keyint=250 keyint_min=16 scenecut=40 intra_refresh=0 rc_lookahead=40 rc=crf mbtree=1 crf=23.0 qcomp=0.60 qpmin=0 qpmax=69 qpstep=4 ip_ratio=1.40 aq=1:1.00
Output #0, mp4, to '/data/vaishak/combined-kv-quant/results/combined/backfills/drift/moviegen/6e4410e813d22e54_FLOWCACHE_SOFT_PRUNE_INT4/FLOWCACHE_SOFT_PRUNE_INT4_frames_165/prompt_0008_seed_8.mp4':
  Metadata:
    major_brand     : isom
    minor_version   : 512
    compatible_brands: isomiso2avc1mp41
    encoder         : Lavf60.16.100
  Stream #0:0(und): Video: h264 (avc1 / 0x31637661), yuv420p(progressive), 832x480, q=2-31, 16 fps, 16384 tbn (default)
    Metadata:
      handler_name    : VideoHandler
      vendor_id       : [0][0][0][0]
      encoder         : Lavc60.31.102 libx264
    Side data:
      cpb: bitrate max/min/avg: 0/0/0 buffer size: 0 vbv_delay: N/A
frame=    0 fps=0.0 q=0.0 size=       0kB time=N/A bitrate=N/A speed=N/A    [out#0/mp4 @ 0x55be61bafd40] video:957kB audio:0kB subtitle:0kB other streams:0kB global headers:0kB muxing overhead: 0.283610%
frame=  165 fps=0.0 q=-1.0 Lsize=     960kB time=00:00:10.12 bitrate= 776.4kbits/s speed=16.6x    
[libx264 @ 0x55be61c362c0] frame I:2     Avg QP:19.46  size: 50158
[libx264 @ 0x55be61c362c0] frame P:61    Avg QP:21.75  size: 11809
[libx264 @ 0x55be61c362c0] frame B:102   Avg QP:25.38  size:  1554
[libx264 @ 0x55be61c362c0] consecutive B-frames:  7.3% 27.9%  9.1% 55.8%
[libx264 @ 0x55be61c362c0] mb I  I16..4:  6.5% 60.8% 32.7%
[libx264 @ 0x55be61c362c0] mb P  I16..4:  0.9%  2.8%  0.7%  P16..4: 48.1% 21.6% 11.0%  0.0%  0.0%    skip:14.9%
[libx264 @ 0x55be61c362c0] mb B  I16..4:  0.1%  0.1%  0.0%  B16..8: 35.5%  2.4%  0.5%  direct: 2.4%  skip:59.0%  L0:47.6% L1:44.1% BI: 8.3%
[libx264 @ 0x55be61c362c0] 8x8 transform intra:62.4% inter:63.5%
[libx264 @ 0x55be61c362c0] coded y,uvDC,uvAC intra: 69.5% 87.0% 49.0% inter: 17.3% 25.3% 0.7%
[libx264 @ 0x55be61c362c0] i16 v,h,dc,p:  7% 37%  7% 49%
[libx264 @ 0x55be61c362c0] i8 v,h,dc,ddl,ddr,vr,hd,vl,hu: 12% 23% 16%  5% 10%  8% 12%  6%  8%
[libx264 @ 0x55be61c362c0] i4 v,h,dc,ddl,ddr,vr,hd,vl,hu: 14% 22% 14%  7% 12%  8% 10%  6%  8%
[libx264 @ 0x55be61c362c0] i8c dc,h,v,p: 43% 28% 14% 15%
[libx264 @ 0x55be61c362c0] Weighted P-Frames: Y:31.1% UV:21.3%
[libx264 @ 0x55be61c362c0] ref P L0: 60.6% 22.6% 12.3%  3.3%  1.2%
[libx264 @ 0x55be61c362c0] ref B L0: 92.1%  7.2%  0.6%
[libx264 @ 0x55be61c362c0] ref B L1: 98.5%  1.5%
[libx264 @ 0x55be61c362c0] kb/s:759.60
ffmpeg version 6.1.1-3ubuntu5 Copyright (c) 2000-2023 the FFmpeg developers
  built with gcc 13 (Ubuntu 13.2.0-23ubuntu3)
  configuration: --prefix=/usr --extra-version=3ubuntu5 --toolchain=hardened --libdir=/usr/lib/x86_64-linux-gnu --incdir=/usr/include/x86_64-linux-gnu --arch=amd64 --enable-gpl --disable-stripping --disable-omx --enable-gnutls --enable-libaom --enable-libass --enable-libbs2b --enable-libcaca --enable-libcdio --enable-libcodec2 --enable-libdav1d --enable-libflite --enable-libfontconfig --enable-libfreetype --enable-libfribidi --enable-libglslang --enable-libgme --enable-libgsm --enable-libharfbuzz --enable-libmp3lame --enable-libmysofa --enable-libopenjpeg --enable-libopenmpt --enable-libopus --enable-librubberband --enable-libshine --enable-libsnappy --enable-libsoxr --enable-libspeex --enable-libtheora --enable-libtwolame --enable-libvidstab --enable-libvorbis --enable-libvpx --enable-libwebp --enable-libx265 --enable-libxml2 --enable-libxvid --enable-libzimg --enable-openal --enable-opencl --enable-opengl --disable-sndio --enable-libvpl --disable-libmfx --enable-libdc1394 --enable-libdrm --enable-libiec61883 --enable-chromaprint --enable-frei0r --enable-ladspa --enable-libbluray --enable-libjack --enable-libpulse --enable-librabbitmq --enable-librist --enable-libsrt --enable-libssh --enable-libsvtav1 --enable-libx264 --enable-libzmq --enable-libzvbi --enable-lv2 --enable-sdl2 --enable-libplacebo --enable-librav1e --enable-pocketsphinx --enable-librsvg --enable-libjxl --enable-shared
  libavutil      58. 29.100 / 58. 29.100
  libavcodec     60. 31.102 / 60. 31.102
  libavformat    60. 16.100 / 60. 16.100
  libavdevice    60.  3.100 / 60.  3.100
  libavfilter     9. 12.100 /  9. 12.100
  libswscale      7.  5.100 /  7.  5.100
  libswresample   4. 12.100 /  4. 12.100
  libpostproc    57.  3.100 / 57.  3.100
Input #0, mov,mp4,m4a,3gp,3g2,mj2, from '/data/vaishak/combined-kv-quant/results/runs/backfill_flowcache_soft_prune_int4_5f5a998802bd_10s/videos/FLOWCACHE_SOFT_PRUNE_INT4/prompt_0009_seed_9.mp4':
  Metadata:
    major_brand     : isom
    minor_version   : 512
    compatible_brands: isomiso2avc1mp41
    encoder         : Lavf61.1.100
  Duration: 00:00:10.31, start: 0.000000, bitrate: 1033 kb/s
  Stream #0:0[0x1](und): Video: h264 (High) (avc1 / 0x31637661), yuv420p(progressive), 832x480, 1031 kb/s, 16 fps, 16 tbr, 16384 tbn (default)
    Metadata:
      handler_name    : VideoHandler
      vendor_id       : [0][0][0][0]
Stream mapping:
  Stream #0:0 -> #0:0 (h264 (native) -> h264 (libx264))
Press [q] to stop, [?] for help
[libx264 @ 0x5bbfafae2340] using cpu capabilities: MMX2 SSE2Fast SSSE3 SSE4.2 AVX FMA3 BMI2 AVX2
[libx264 @ 0x5bbfafae2340] profile High, level 3.0, 4:2:0, 8-bit
[libx264 @ 0x5bbfafae2340] 264 - core 164 r3108 31e19f9 - H.264/MPEG-4 AVC codec - Copyleft 2003-2023 - http://www.videolan.org/x264.html - options: cabac=1 ref=3 deblock=1:0:0 analyse=0x3:0x113 me=hex subme=7 psy=1 psy_rd=1.00:0.00 mixed_ref=1 me_range=16 chroma_me=1 trellis=1 8x8dct=1 cqm=0 deadzone=21,11 fast_pskip=1 chroma_qp_offset=-2 threads=15 lookahead_threads=2 sliced_threads=0 nr=0 decimate=1 interlaced=0 bluray_compat=0 constrained_intra=0 bframes=3 b_pyramid=2 b_adapt=1 b_bias=0 direct=1 weightb=1 open_gop=0 weightp=2 keyint=250 keyint_min=16 scenecut=40 intra_refresh=0 rc_lookahead=40 rc=crf mbtree=1 crf=23.0 qcomp=0.60 qpmin=0 qpmax=69 qpstep=4 ip_ratio=1.40 aq=1:1.00
Output #0, mp4, to '/data/vaishak/combined-kv-quant/results/combined/backfills/drift/moviegen/6e4410e813d22e54_FLOWCACHE_SOFT_PRUNE_INT4/FLOWCACHE_SOFT_PRUNE_INT4_frames_165/prompt_0009_seed_9.mp4':
  Metadata:
    major_brand     : isom
    minor_version   : 512
    compatible_brands: isomiso2avc1mp41
    encoder         : Lavf60.16.100
  Stream #0:0(und): Video: h264 (avc1 / 0x31637661), yuv420p(progressive), 832x480, q=2-31, 16 fps, 16384 tbn (default)
    Metadata:
      handler_name    : VideoHandler
      vendor_id       : [0][0][0][0]
      encoder         : Lavc60.31.102 libx264
    Side data:
      cpb: bitrate max/min/avg: 0/0/0 buffer size: 0 vbv_delay: N/A
frame=    0 fps=0.0 q=0.0 size=       0kB time=N/A bitrate=N/A speed=N/A    [out#0/mp4 @ 0x5bbfafa56d40] video:1759kB audio:0kB subtitle:0kB other streams:0kB global headers:0kB muxing overhead: 0.155217%
frame=  165 fps=0.0 q=-1.0 Lsize=    1761kB time=00:00:10.12 bitrate=1425.0kbits/s speed=14.9x    
[libx264 @ 0x5bbfafae2340] frame I:2     Avg QP:21.15  size: 58436
[libx264 @ 0x5bbfafae2340] frame P:50    Avg QP:23.08  size: 23372
[libx264 @ 0x5bbfafae2340] frame B:113   Avg QP:27.12  size:  4554
[libx264 @ 0x5bbfafae2340] consecutive B-frames:  4.8%  7.3% 12.7% 75.2%
[libx264 @ 0x5bbfafae2340] mb I  I16..4:  4.1% 64.5% 31.4%
[libx264 @ 0x5bbfafae2340] mb P  I16..4:  1.3%  7.7%  2.0%  P16..4: 40.0% 25.9% 15.0%  0.0%  0.0%    skip: 8.1%
[libx264 @ 0x5bbfafae2340] mb B  I16..4:  0.2%  0.5%  0.1%  B16..8: 45.5%  7.6%  2.9%  direct: 3.5%  skip:39.7%  L0:47.8% L1:42.1% BI:10.0%
[libx264 @ 0x5bbfafae2340] 8x8 transform intra:67.2% inter:61.1%
[libx264 @ 0x5bbfafae2340] coded y,uvDC,uvAC intra: 74.5% 58.7% 9.8% inter: 25.1% 11.4% 0.0%
[libx264 @ 0x5bbfafae2340] i16 v,h,dc,p: 17% 40% 18% 26%
[libx264 @ 0x5bbfafae2340] i8 v,h,dc,ddl,ddr,vr,hd,vl,hu: 15% 29% 20%  4%  5%  5%  9%  5%  9%
[libx264 @ 0x5bbfafae2340] i4 v,h,dc,ddl,ddr,vr,hd,vl,hu: 18% 23% 14%  5%  8%  7% 12%  5%  8%
[libx264 @ 0x5bbfafae2340] i8c dc,h,v,p: 55% 24% 17%  4%
[libx264 @ 0x5bbfafae2340] Weighted P-Frames: Y:44.0% UV:18.0%
[libx264 @ 0x5bbfafae2340] ref P L0: 56.0% 25.3% 13.0%  4.4%  1.3%
[libx264 @ 0x5bbfafae2340] ref B L0: 91.3%  7.4%  1.3%
[libx264 @ 0x5bbfafae2340] ref B L1: 97.9%  2.1%
[libx264 @ 0x5bbfafae2340] kb/s:1396.38
[rank0]:[W310 23:03:34.749306205 ProcessGroupNCCL.cpp:4115] [PG ID 0 PG GUID 0 Rank 0]  using GPU 0 to perform barrier as devices used by this process are currently unknown. This can potentially cause a hang if this rank to GPU mapping is incorrect.Specify device_ids in barrier() to force use of a particular device,or call init_process_group() with a device_id.
/home/suraj/miniforge3/envs/qvg_sf_eval/lib/python3.10/site-packages/clip/clip.py:6: UserWarning: pkg_resources is deprecated as an API. See https://setuptools.pypa.io/en/latest/pkg_resources.html. The pkg_resources package is slated for removal as early as 2025-11-30. Refrain from using this package or pin to Setuptools<81.
  from pkg_resources import packaging
/home/suraj/miniforge3/envs/qvg_sf_eval/lib/python3.10/site-packages/timm/models/layers/__init__.py:48: FutureWarning: Importing from timm.models.layers is deprecated, please import via timm.layers
  warnings.warn(f"Importing from {__name__} is deprecated, please import via timm.layers", FutureWarning)
/home/suraj/miniforge3/envs/qvg_sf_eval/lib/python3.10/site-packages/pyiqa/archs/arch_util.py:118: FutureWarning: You are using `torch.load` with `weights_only=False` (the current default value), which uses the default pickle module implicitly. It is possible to construct malicious pickle data which will execute arbitrary code during unpickling (See https://github.com/pytorch/pytorch/blob/main/SECURITY.md#untrusted-models for more details). In a future release, the default value for `weights_only` will be flipped to `True`. This limits the functions that could be executed during unpickling. Arbitrary objects will no longer be allowed to be loaded via this mode unless they are explicitly allowlisted by the user via `torch.serialization.add_safe_globals`. We recommend you start setting `weights_only=True` for any use case where you don't have full control of the loaded file. Please open an issue on GitHub for any issues related to this experimental feature.
  state_dict = torch.load(model_path, map_location=torch.device("cpu"))
args: Namespace(output_path='/data/vaishak/combined-kv-quant/results/combined/backfills/drift/moviegen/6e4410e813d22e54_FLOWCACHE_SOFT_PRUNE_INT4/vbench_FLOWCACHE_SOFT_PRUNE_INT4_165', full_json_dir='/data/vaishak/combined-kv-quant/third_party/VBench/vbench/VBench_full_info.json', videos_path='/data/vaishak/combined-kv-quant/results/combined/backfills/drift/moviegen/6e4410e813d22e54_FLOWCACHE_SOFT_PRUNE_INT4/FLOWCACHE_SOFT_PRUNE_INT4_frames_165', dimension=['imaging_quality'], load_ckpt_from_local=None, read_frame=None, mode='custom_input', prompt='None', prompt_file='/data/vaishak/combined-kv-quant/results/combined/backfills/drift/moviegen/6e4410e813d22e54_FLOWCACHE_SOFT_PRUNE_INT4/prompt_map_165.json', category=None, imaging_quality_preprocessing_mode='longer')
start evaluation
Evaluation meta data saved to /data/vaishak/combined-kv-quant/results/combined/backfills/drift/moviegen/6e4410e813d22e54_FLOWCACHE_SOFT_PRUNE_INT4/vbench_FLOWCACHE_SOFT_PRUNE_INT4_165/results_2026-03-10-23:03:34_full_info.json
cur_full_info_path: /data/vaishak/combined-kv-quant/results/combined/backfills/drift/moviegen/6e4410e813d22e54_FLOWCACHE_SOFT_PRUNE_INT4/vbench_FLOWCACHE_SOFT_PRUNE_INT4_165/results_2026-03-10-23:03:34_full_info.json
Loading pretrained model MUSIQ from /home/vaishak/.cache/vbench/pyiqa_model/musiq_spaq_ckpt-358bb6af.pth
  0%|          | 0/10 [00:00<?, ?it/s] 10%|█         | 1/10 [00:04<00:43,  4.78s/it] 20%|██        | 2/10 [00:09<00:38,  4.75s/it] 30%|███       | 3/10 [00:14<00:33,  4.83s/it] 40%|████      | 4/10 [00:19<00:28,  4.78s/it] 50%|█████     | 5/10 [00:22<00:21,  4.29s/it] 60%|██████    | 6/10 [00:25<00:15,  3.91s/it] 70%|███████   | 7/10 [00:28<00:11,  3.70s/it] 80%|████████  | 8/10 [00:32<00:07,  3.51s/it] 90%|█████████ | 9/10 [00:35<00:03,  3.41s/it]100%|██████████| 10/10 [00:38<00:00,  3.37s/it]100%|██████████| 10/10 [00:38<00:00,  3.86s/it]
Evaluation results saved to /data/vaishak/combined-kv-quant/results/combined/backfills/drift/moviegen/6e4410e813d22e54_FLOWCACHE_SOFT_PRUNE_INT4/vbench_FLOWCACHE_SOFT_PRUNE_INT4_165/results_2026-03-10-23:03:34_eval_results.json
done
[rank0]:[W310 23:04:15.469627680 ProcessGroupNCCL.cpp:1250] Warning: WARNING: process group has NOT been destroyed before we destruct ProcessGroupNCCL. On normal program exit, the application should call destroy_process_group to ensure that any pending NCCL operations have finished in this process. In rare cases this process can exit before this point and block the progress of another member of the process group. This constraint has always been present,  but this warning has only been added since PyTorch 2.4 (function operator())
{
  "method": "FLOWCACHE_SOFT_PRUNE_INT4",
  "frame_step": 165,
  "max_frames": 165,
  "curve": [
    {
      "frame_cap": 165,
      "imaging_quality": [
        0.7382993720545913,
        [
          {
            "video_path": "/data/vaishak/combined-kv-quant/results/combined/backfills/drift/moviegen/6e4410e813d22e54_FLOWCACHE_SOFT_PRUNE_INT4/FLOWCACHE_SOFT_PRUNE_INT4_frames_165/prompt_0007_seed_7.mp4",
            "video_results": 76.980625036991
          },
          {
            "video_path": "/data/vaishak/combined-kv-quant/results/combined/backfills/drift/moviegen/6e4410e813d22e54_FLOWCACHE_SOFT_PRUNE_INT4/FLOWCACHE_SOFT_PRUNE_INT4_frames_165/prompt_0006_seed_6.mp4",
            "video_results": 68.61229562470407
          },
          {
            "video_path": "/data/vaishak/combined-kv-quant/results/combined/backfills/drift/moviegen/6e4410e813d22e54_FLOWCACHE_SOFT_PRUNE_INT4/FLOWCACHE_SOFT_PRUNE_INT4_frames_165/prompt_0004_seed_4.mp4",
            "video_results": 70.18669186216412
          },
          {
            "video_path": "/data/vaishak/combined-kv-quant/results/combined/backfills/drift/moviegen/6e4410e813d22e54_FLOWCACHE_SOFT_PRUNE_INT4/FLOWCACHE_SOFT_PRUNE_INT4_frames_165/prompt_0003_seed_3.mp4",
            "video_results": 76.65487721761068
          },
          {
            "video_path": "/data/vaishak/combined-kv-quant/results/combined/backfills/drift/moviegen/6e4410e813d22e54_FLOWCACHE_SOFT_PRUNE_INT4/FLOWCACHE_SOFT_PRUNE_INT4_frames_165/prompt_0005_seed_5.mp4",
            "video_results": 77.82174668745562
          },
          {
            "video_path": "/data/vaishak/combined-kv-quant/results/combined/backfills/drift/moviegen/6e4410e813d22e54_FLOWCACHE_SOFT_PRUNE_INT4/FLOWCACHE_SOFT_PRUNE_INT4_frames_165/prompt_0002_seed_2.mp4",
            "video_results": 71.69899331295129
          },
          {
            "video_path": "/data/vaishak/combined-kv-quant/results/combined/backfills/drift/moviegen/6e4410e813d22e54_FLOWCACHE_SOFT_PRUNE_INT4/FLOWCACHE_SOFT_PRUNE_INT4_frames_165/prompt_0001_seed_1.mp4",
            "video_results": 75.6296322446881
          },
          {
            "video_path": "/data/vaishak/combined-kv-quant/results/combined/backfills/drift/moviegen/6e4410e813d22e54_FLOWCACHE_SOFT_PRUNE_INT4/FLOWCACHE_SOFT_PRUNE_INT4_frames_165/prompt_0009_seed_9.mp4",
            "video_results": 74.52994010231711
          },
          {
            "video_path": "/data/vaishak/combined-kv-quant/results/combined/backfills/drift/moviegen/6e4410e813d22e54_FLOWCACHE_SOFT_PRUNE_INT4/FLOWCACHE_SOFT_PRUNE_INT4_frames_165/prompt_0008_seed_8.mp4",
            "video_results": 78.3597626657197
          },
          {
            "video_path": "/data/vaishak/combined-kv-quant/results/combined/backfills/drift/moviegen/6e4410e813d22e54_FLOWCACHE_SOFT_PRUNE_INT4/FLOWCACHE_SOFT_PRUNE_INT4_frames_165/prompt_0000_seed_0.mp4",
            "video_results": 67.82480729998964
          }
        ]
      ]
    }
  ]
}
ffmpeg version 6.1.1-3ubuntu5 Copyright (c) 2000-2023 the FFmpeg developers
  built with gcc 13 (Ubuntu 13.2.0-23ubuntu3)
  configuration: --prefix=/usr --extra-version=3ubuntu5 --toolchain=hardened --libdir=/usr/lib/x86_64-linux-gnu --incdir=/usr/include/x86_64-linux-gnu --arch=amd64 --enable-gpl --disable-stripping --disable-omx --enable-gnutls --enable-libaom --enable-libass --enable-libbs2b --enable-libcaca --enable-libcdio --enable-libcodec2 --enable-libdav1d --enable-libflite --enable-libfontconfig --enable-libfreetype --enable-libfribidi --enable-libglslang --enable-libgme --enable-libgsm --enable-libharfbuzz --enable-libmp3lame --enable-libmysofa --enable-libopenjpeg --enable-libopenmpt --enable-libopus --enable-librubberband --enable-libshine --enable-libsnappy --enable-libsoxr --enable-libspeex --enable-libtheora --enable-libtwolame --enable-libvidstab --enable-libvorbis --enable-libvpx --enable-libwebp --enable-libx265 --enable-libxml2 --enable-libxvid --enable-libzimg --enable-openal --enable-opencl --enable-opengl --disable-sndio --enable-libvpl --disable-libmfx --enable-libdc1394 --enable-libdrm --enable-libiec61883 --enable-chromaprint --enable-frei0r --enable-ladspa --enable-libbluray --enable-libjack --enable-libpulse --enable-librabbitmq --enable-librist --enable-libsrt --enable-libssh --enable-libsvtav1 --enable-libx264 --enable-libzmq --enable-libzvbi --enable-lv2 --enable-sdl2 --enable-libplacebo --enable-librav1e --enable-pocketsphinx --enable-librsvg --enable-libjxl --enable-shared
  libavutil      58. 29.100 / 58. 29.100
  libavcodec     60. 31.102 / 60. 31.102
  libavformat    60. 16.100 / 60. 16.100
  libavdevice    60.  3.100 / 60.  3.100
  libavfilter     9. 12.100 /  9. 12.100
  libswscale      7.  5.100 /  7.  5.100
  libswresample   4. 12.100 /  4. 12.100
  libpostproc    57.  3.100 / 57.  3.100
Input #0, mov,mp4,m4a,3gp,3g2,mj2, from '/data/vaishak/combined-kv-quant/results/runs/backfill_prq_int2_c800cfa2a981_10s/videos/PRQ_INT2/prompt_0000_seed_0.mp4':
  Metadata:
    major_brand     : isom
    minor_version   : 512
    compatible_brands: isomiso2avc1mp41
    encoder         : Lavf61.1.100
  Duration: 00:00:10.31, start: 0.000000, bitrate: 998 kb/s
  Stream #0:0[0x1](und): Video: h264 (High) (avc1 / 0x31637661), yuv420p(progressive), 832x480, 996 kb/s, 16 fps, 16 tbr, 16384 tbn (default)
    Metadata:
      handler_name    : VideoHandler
      vendor_id       : [0][0][0][0]
Stream mapping:
  Stream #0:0 -> #0:0 (h264 (native) -> h264 (libx264))
Press [q] to stop, [?] for help
[libx264 @ 0x57c45e557640] using cpu capabilities: MMX2 SSE2Fast SSSE3 SSE4.2 AVX FMA3 BMI2 AVX2
[libx264 @ 0x57c45e557640] profile High, level 3.0, 4:2:0, 8-bit
[libx264 @ 0x57c45e557640] 264 - core 164 r3108 31e19f9 - H.264/MPEG-4 AVC codec - Copyleft 2003-2023 - http://www.videolan.org/x264.html - options: cabac=1 ref=3 deblock=1:0:0 analyse=0x3:0x113 me=hex subme=7 psy=1 psy_rd=1.00:0.00 mixed_ref=1 me_range=16 chroma_me=1 trellis=1 8x8dct=1 cqm=0 deadzone=21,11 fast_pskip=1 chroma_qp_offset=-2 threads=15 lookahead_threads=2 sliced_threads=0 nr=0 decimate=1 interlaced=0 bluray_compat=0 constrained_intra=0 bframes=3 b_pyramid=2 b_adapt=1 b_bias=0 direct=1 weightb=1 open_gop=0 weightp=2 keyint=250 keyint_min=16 scenecut=40 intra_refresh=0 rc_lookahead=40 rc=crf mbtree=1 crf=23.0 qcomp=0.60 qpmin=0 qpmax=69 qpstep=4 ip_ratio=1.40 aq=1:1.00
Output #0, mp4, to '/data/vaishak/combined-kv-quant/results/combined/backfills/drift/moviegen/67ab5d27db8adde6_PRQ_INT2/PRQ_INT2_frames_165/prompt_0000_seed_0.mp4':
  Metadata:
    major_brand     : isom
    minor_version   : 512
    compatible_brands: isomiso2avc1mp41
    encoder         : Lavf60.16.100
  Stream #0:0(und): Video: h264 (avc1 / 0x31637661), yuv420p(progressive), 832x480, q=2-31, 16 fps, 16384 tbn (default)
    Metadata:
      handler_name    : VideoHandler
      vendor_id       : [0][0][0][0]
      encoder         : Lavc60.31.102 libx264
    Side data:
      cpb: bitrate max/min/avg: 0/0/0 buffer size: 0 vbv_delay: N/A
frame=    0 fps=0.0 q=0.0 size=       0kB time=N/A bitrate=N/A speed=N/A    [out#0/mp4 @ 0x57c45e556140] video:1484kB audio:0kB subtitle:0kB other streams:0kB global headers:0kB muxing overhead: 0.185732%
frame=  165 fps=0.0 q=-1.0 Lsize=    1487kB time=00:00:10.12 bitrate=1203.2kbits/s speed=  17x    
[libx264 @ 0x57c45e557640] frame I:1     Avg QP:23.55  size: 66934
[libx264 @ 0x57c45e557640] frame P:52    Avg QP:23.71  size: 18690
[libx264 @ 0x57c45e557640] frame B:112   Avg QP:28.24  size:  4290
[libx264 @ 0x57c45e557640] consecutive B-frames:  1.8% 20.6%  7.3% 70.3%
[libx264 @ 0x57c45e557640] mb I  I16..4:  1.9% 57.1% 41.0%
[libx264 @ 0x57c45e557640] mb P  I16..4:  1.5%  7.1%  2.2%  P16..4: 40.3% 30.7% 14.3%  0.0%  0.0%    skip: 3.9%
[libx264 @ 0x57c45e557640] mb B  I16..4:  0.2%  0.5%  0.2%  B16..8: 45.3% 10.0%  2.2%  direct: 2.9%  skip:38.6%  L0:38.3% L1:45.1% BI:16.6%
[libx264 @ 0x57c45e557640] 8x8 transform intra:63.4% inter:68.3%
[libx264 @ 0x57c45e557640] coded y,uvDC,uvAC intra: 69.1% 91.3% 64.4% inter: 25.0% 31.4% 6.2%
[libx264 @ 0x57c45e557640] i16 v,h,dc,p: 49% 12% 10% 30%
[libx264 @ 0x57c45e557640] i8 v,h,dc,ddl,ddr,vr,hd,vl,hu: 34% 14% 14%  4%  5% 10%  5%  7%  7%
[libx264 @ 0x57c45e557640] i4 v,h,dc,ddl,ddr,vr,hd,vl,hu: 37% 13% 12%  5%  5% 10%  6%  7%  4%
[libx264 @ 0x57c45e557640] i8c dc,h,v,p: 32% 14% 40% 14%
[libx264 @ 0x57c45e557640] Weighted P-Frames: Y:9.6% UV:7.7%
[libx264 @ 0x57c45e557640] ref P L0: 55.1% 29.1% 12.2%  3.3%  0.3%
[libx264 @ 0x57c45e557640] ref B L0: 95.2%  4.2%  0.7%
[libx264 @ 0x57c45e557640] ref B L1: 99.0%  1.0%
[libx264 @ 0x57c45e557640] kb/s:1178.57
ffmpeg version 6.1.1-3ubuntu5 Copyright (c) 2000-2023 the FFmpeg developers
  built with gcc 13 (Ubuntu 13.2.0-23ubuntu3)
  configuration: --prefix=/usr --extra-version=3ubuntu5 --toolchain=hardened --libdir=/usr/lib/x86_64-linux-gnu --incdir=/usr/include/x86_64-linux-gnu --arch=amd64 --enable-gpl --disable-stripping --disable-omx --enable-gnutls --enable-libaom --enable-libass --enable-libbs2b --enable-libcaca --enable-libcdio --enable-libcodec2 --enable-libdav1d --enable-libflite --enable-libfontconfig --enable-libfreetype --enable-libfribidi --enable-libglslang --enable-libgme --enable-libgsm --enable-libharfbuzz --enable-libmp3lame --enable-libmysofa --enable-libopenjpeg --enable-libopenmpt --enable-libopus --enable-librubberband --enable-libshine --enable-libsnappy --enable-libsoxr --enable-libspeex --enable-libtheora --enable-libtwolame --enable-libvidstab --enable-libvorbis --enable-libvpx --enable-libwebp --enable-libx265 --enable-libxml2 --enable-libxvid --enable-libzimg --enable-openal --enable-opencl --enable-opengl --disable-sndio --enable-libvpl --disable-libmfx --enable-libdc1394 --enable-libdrm --enable-libiec61883 --enable-chromaprint --enable-frei0r --enable-ladspa --enable-libbluray --enable-libjack --enable-libpulse --enable-librabbitmq --enable-librist --enable-libsrt --enable-libssh --enable-libsvtav1 --enable-libx264 --enable-libzmq --enable-libzvbi --enable-lv2 --enable-sdl2 --enable-libplacebo --enable-librav1e --enable-pocketsphinx --enable-librsvg --enable-libjxl --enable-shared
  libavutil      58. 29.100 / 58. 29.100
  libavcodec     60. 31.102 / 60. 31.102
  libavformat    60. 16.100 / 60. 16.100
  libavdevice    60.  3.100 / 60.  3.100
  libavfilter     9. 12.100 /  9. 12.100
  libswscale      7.  5.100 /  7.  5.100
  libswresample   4. 12.100 /  4. 12.100
  libpostproc    57.  3.100 / 57.  3.100
Input #0, mov,mp4,m4a,3gp,3g2,mj2, from '/data/vaishak/combined-kv-quant/results/runs/backfill_prq_int2_c800cfa2a981_10s/videos/PRQ_INT2/prompt_0001_seed_1.mp4':
  Metadata:
    major_brand     : isom
    minor_version   : 512
    compatible_brands: isomiso2avc1mp41
    encoder         : Lavf61.1.100
  Duration: 00:00:10.31, start: 0.000000, bitrate: 945 kb/s
  Stream #0:0[0x1](und): Video: h264 (High) (avc1 / 0x31637661), yuv420p(progressive), 832x480, 943 kb/s, 16 fps, 16 tbr, 16384 tbn (default)
    Metadata:
      handler_name    : VideoHandler
      vendor_id       : [0][0][0][0]
Stream mapping:
  Stream #0:0 -> #0:0 (h264 (native) -> h264 (libx264))
Press [q] to stop, [?] for help
[libx264 @ 0x5aef12909280] using cpu capabilities: MMX2 SSE2Fast SSSE3 SSE4.2 AVX FMA3 BMI2 AVX2
[libx264 @ 0x5aef12909280] profile High, level 3.0, 4:2:0, 8-bit
[libx264 @ 0x5aef12909280] 264 - core 164 r3108 31e19f9 - H.264/MPEG-4 AVC codec - Copyleft 2003-2023 - http://www.videolan.org/x264.html - options: cabac=1 ref=3 deblock=1:0:0 analyse=0x3:0x113 me=hex subme=7 psy=1 psy_rd=1.00:0.00 mixed_ref=1 me_range=16 chroma_me=1 trellis=1 8x8dct=1 cqm=0 deadzone=21,11 fast_pskip=1 chroma_qp_offset=-2 threads=15 lookahead_threads=2 sliced_threads=0 nr=0 decimate=1 interlaced=0 bluray_compat=0 constrained_intra=0 bframes=3 b_pyramid=2 b_adapt=1 b_bias=0 direct=1 weightb=1 open_gop=0 weightp=2 keyint=250 keyint_min=16 scenecut=40 intra_refresh=0 rc_lookahead=40 rc=crf mbtree=1 crf=23.0 qcomp=0.60 qpmin=0 qpmax=69 qpstep=4 ip_ratio=1.40 aq=1:1.00
Output #0, mp4, to '/data/vaishak/combined-kv-quant/results/combined/backfills/drift/moviegen/67ab5d27db8adde6_PRQ_INT2/PRQ_INT2_frames_165/prompt_0001_seed_1.mp4':
  Metadata:
    major_brand     : isom
    minor_version   : 512
    compatible_brands: isomiso2avc1mp41
    encoder         : Lavf60.16.100
  Stream #0:0(und): Video: h264 (avc1 / 0x31637661), yuv420p(progressive), 832x480, q=2-31, 16 fps, 16384 tbn (default)
    Metadata:
      handler_name    : VideoHandler
      vendor_id       : [0][0][0][0]
      encoder         : Lavc60.31.102 libx264
    Side data:
      cpb: bitrate max/min/avg: 0/0/0 buffer size: 0 vbv_delay: N/A
frame=    0 fps=0.0 q=0.0 size=       0kB time=N/A bitrate=N/A speed=N/A    [out#0/mp4 @ 0x5aef1287c140] video:1466kB audio:0kB subtitle:0kB other streams:0kB global headers:0kB muxing overhead: 0.189623%
frame=  165 fps=0.0 q=-1.0 Lsize=    1469kB time=00:00:10.12 bitrate=1188.5kbits/s speed=17.2x    
[libx264 @ 0x5aef12909280] frame I:1     Avg QP:22.33  size: 66696
[libx264 @ 0x5aef12909280] frame P:46    Avg QP:22.14  size: 22790
[libx264 @ 0x5aef12909280] frame B:118   Avg QP:26.53  size:  3268
[libx264 @ 0x5aef12909280] consecutive B-frames:  1.2%  9.7%  1.8% 87.3%
[libx264 @ 0x5aef12909280] mb I  I16..4:  0.3% 64.0% 35.6%
[libx264 @ 0x5aef12909280] mb P  I16..4:  0.5%  2.4%  0.6%  P16..4: 42.3% 29.2% 16.9%  0.0%  0.0%    skip: 8.1%
[libx264 @ 0x5aef12909280] mb B  I16..4:  0.0%  0.0%  0.0%  B16..8: 49.1%  6.0%  1.8%  direct: 1.8%  skip:41.2%  L0:38.0% L1:51.4% BI:10.7%
[libx264 @ 0x5aef12909280] 8x8 transform intra:66.0% inter:62.2%
[libx264 @ 0x5aef12909280] coded y,uvDC,uvAC intra: 78.3% 85.0% 54.0% inter: 21.7% 16.7% 0.5%
[libx264 @ 0x5aef12909280] i16 v,h,dc,p: 19% 44% 15% 21%
[libx264 @ 0x5aef12909280] i8 v,h,dc,ddl,ddr,vr,hd,vl,hu: 11% 27% 20%  5%  6%  6% 11%  6% 10%
[libx264 @ 0x5aef12909280] i4 v,h,dc,ddl,ddr,vr,hd,vl,hu: 11% 24% 13%  6%  8%  7% 13%  6% 10%
[libx264 @ 0x5aef12909280] i8c dc,h,v,p: 43% 33% 12% 12%
[libx264 @ 0x5aef12909280] Weighted P-Frames: Y:17.4% UV:4.3%
[libx264 @ 0x5aef12909280] ref P L0: 55.5% 28.0% 13.0%  2.9%  0.6%
[libx264 @ 0x5aef12909280] ref B L0: 94.3%  5.0%  0.7%
[libx264 @ 0x5aef12909280] ref B L1: 98.8%  1.2%
[libx264 @ 0x5aef12909280] kb/s:1164.19
ffmpeg version 6.1.1-3ubuntu5 Copyright (c) 2000-2023 the FFmpeg developers
  built with gcc 13 (Ubuntu 13.2.0-23ubuntu3)
  configuration: --prefix=/usr --extra-version=3ubuntu5 --toolchain=hardened --libdir=/usr/lib/x86_64-linux-gnu --incdir=/usr/include/x86_64-linux-gnu --arch=amd64 --enable-gpl --disable-stripping --disable-omx --enable-gnutls --enable-libaom --enable-libass --enable-libbs2b --enable-libcaca --enable-libcdio --enable-libcodec2 --enable-libdav1d --enable-libflite --enable-libfontconfig --enable-libfreetype --enable-libfribidi --enable-libglslang --enable-libgme --enable-libgsm --enable-libharfbuzz --enable-libmp3lame --enable-libmysofa --enable-libopenjpeg --enable-libopenmpt --enable-libopus --enable-librubberband --enable-libshine --enable-libsnappy --enable-libsoxr --enable-libspeex --enable-libtheora --enable-libtwolame --enable-libvidstab --enable-libvorbis --enable-libvpx --enable-libwebp --enable-libx265 --enable-libxml2 --enable-libxvid --enable-libzimg --enable-openal --enable-opencl --enable-opengl --disable-sndio --enable-libvpl --disable-libmfx --enable-libdc1394 --enable-libdrm --enable-libiec61883 --enable-chromaprint --enable-frei0r --enable-ladspa --enable-libbluray --enable-libjack --enable-libpulse --enable-librabbitmq --enable-librist --enable-libsrt --enable-libssh --enable-libsvtav1 --enable-libx264 --enable-libzmq --enable-libzvbi --enable-lv2 --enable-sdl2 --enable-libplacebo --enable-librav1e --enable-pocketsphinx --enable-librsvg --enable-libjxl --enable-shared
  libavutil      58. 29.100 / 58. 29.100
  libavcodec     60. 31.102 / 60. 31.102
  libavformat    60. 16.100 / 60. 16.100
  libavdevice    60.  3.100 / 60.  3.100
  libavfilter     9. 12.100 /  9. 12.100
  libswscale      7.  5.100 /  7.  5.100
  libswresample   4. 12.100 /  4. 12.100
  libpostproc    57.  3.100 / 57.  3.100
Input #0, mov,mp4,m4a,3gp,3g2,mj2, from '/data/vaishak/combined-kv-quant/results/runs/backfill_prq_int2_c800cfa2a981_10s/videos/PRQ_INT2/prompt_0002_seed_2.mp4':
  Metadata:
    major_brand     : isom
    minor_version   : 512
    compatible_brands: isomiso2avc1mp41
    encoder         : Lavf61.1.100
  Duration: 00:00:10.31, start: 0.000000, bitrate: 991 kb/s
  Stream #0:0[0x1](und): Video: h264 (High) (avc1 / 0x31637661), yuv420p(progressive), 832x480, 989 kb/s, 16 fps, 16 tbr, 16384 tbn (default)
    Metadata:
      handler_name    : VideoHandler
      vendor_id       : [0][0][0][0]
Stream mapping:
  Stream #0:0 -> #0:0 (h264 (native) -> h264 (libx264))
Press [q] to stop, [?] for help
[libx264 @ 0x568dc1c55280] using cpu capabilities: MMX2 SSE2Fast SSSE3 SSE4.2 AVX FMA3 BMI2 AVX2
[libx264 @ 0x568dc1c55280] profile High, level 3.0, 4:2:0, 8-bit
[libx264 @ 0x568dc1c55280] 264 - core 164 r3108 31e19f9 - H.264/MPEG-4 AVC codec - Copyleft 2003-2023 - http://www.videolan.org/x264.html - options: cabac=1 ref=3 deblock=1:0:0 analyse=0x3:0x113 me=hex subme=7 psy=1 psy_rd=1.00:0.00 mixed_ref=1 me_range=16 chroma_me=1 trellis=1 8x8dct=1 cqm=0 deadzone=21,11 fast_pskip=1 chroma_qp_offset=-2 threads=15 lookahead_threads=2 sliced_threads=0 nr=0 decimate=1 interlaced=0 bluray_compat=0 constrained_intra=0 bframes=3 b_pyramid=2 b_adapt=1 b_bias=0 direct=1 weightb=1 open_gop=0 weightp=2 keyint=250 keyint_min=16 scenecut=40 intra_refresh=0 rc_lookahead=40 rc=crf mbtree=1 crf=23.0 qcomp=0.60 qpmin=0 qpmax=69 qpstep=4 ip_ratio=1.40 aq=1:1.00
Output #0, mp4, to '/data/vaishak/combined-kv-quant/results/combined/backfills/drift/moviegen/67ab5d27db8adde6_PRQ_INT2/PRQ_INT2_frames_165/prompt_0002_seed_2.mp4':
  Metadata:
    major_brand     : isom
    minor_version   : 512
    compatible_brands: isomiso2avc1mp41
    encoder         : Lavf60.16.100
  Stream #0:0(und): Video: h264 (avc1 / 0x31637661), yuv420p(progressive), 832x480, q=2-31, 16 fps, 16384 tbn (default)
    Metadata:
      handler_name    : VideoHandler
      vendor_id       : [0][0][0][0]
      encoder         : Lavc60.31.102 libx264
    Side data:
      cpb: bitrate max/min/avg: 0/0/0 buffer size: 0 vbv_delay: N/A
frame=    0 fps=0.0 q=0.0 size=       0kB time=N/A bitrate=N/A speed=N/A    [out#0/mp4 @ 0x568dc1c54140] video:1196kB audio:0kB subtitle:0kB other streams:0kB global headers:0kB muxing overhead: 0.233212%
frame=  165 fps=0.0 q=-1.0 Lsize=    1198kB time=00:00:10.12 bitrate= 969.5kbits/s speed=17.5x    
[libx264 @ 0x568dc1c55280] frame I:1     Avg QP:21.52  size: 27185
[libx264 @ 0x568dc1c55280] frame P:43    Avg QP:21.90  size: 15704
[libx264 @ 0x568dc1c55280] frame B:121   Avg QP:25.22  size:  4306
[libx264 @ 0x568dc1c55280] consecutive B-frames:  0.6%  4.8%  0.0% 94.5%
[libx264 @ 0x568dc1c55280] mb I  I16..4: 34.9% 45.1% 20.1%
[libx264 @ 0x568dc1c55280] mb P  I16..4:  4.5%  7.1%  1.2%  P16..4: 45.2% 20.5% 10.2%  0.0%  0.0%    skip:11.3%
[libx264 @ 0x568dc1c55280] mb B  I16..4:  0.2%  0.3%  0.1%  B16..8: 42.9% 10.1%  2.3%  direct: 2.6%  skip:41.6%  L0:39.9% L1:49.2% BI:10.8%
[libx264 @ 0x568dc1c55280] 8x8 transform intra:53.7% inter:70.0%
[libx264 @ 0x568dc1c55280] coded y,uvDC,uvAC intra: 55.0% 68.5% 22.3% inter: 18.8% 24.9% 3.5%
[libx264 @ 0x568dc1c55280] i16 v,h,dc,p:  4% 44%  3% 50%
[libx264 @ 0x568dc1c55280] i8 v,h,dc,ddl,ddr,vr,hd,vl,hu:  8% 27% 17%  7%  6%  5% 11%  6% 13%
[libx264 @ 0x568dc1c55280] i4 v,h,dc,ddl,ddr,vr,hd,vl,hu: 16% 28% 14%  6%  7%  6% 11%  5%  8%
[libx264 @ 0x568dc1c55280] i8c dc,h,v,p: 45% 36% 13%  6%
[libx264 @ 0x568dc1c55280] Weighted P-Frames: Y:27.9% UV:20.9%
[libx264 @ 0x568dc1c55280] ref P L0: 57.4% 15.9% 16.7%  8.1%  1.9%
[libx264 @ 0x568dc1c55280] ref B L0: 90.9%  7.6%  1.5%
[libx264 @ 0x568dc1c55280] ref B L1: 98.1%  1.9%
[libx264 @ 0x568dc1c55280] kb/s:949.15
ffmpeg version 6.1.1-3ubuntu5 Copyright (c) 2000-2023 the FFmpeg developers
  built with gcc 13 (Ubuntu 13.2.0-23ubuntu3)
  configuration: --prefix=/usr --extra-version=3ubuntu5 --toolchain=hardened --libdir=/usr/lib/x86_64-linux-gnu --incdir=/usr/include/x86_64-linux-gnu --arch=amd64 --enable-gpl --disable-stripping --disable-omx --enable-gnutls --enable-libaom --enable-libass --enable-libbs2b --enable-libcaca --enable-libcdio --enable-libcodec2 --enable-libdav1d --enable-libflite --enable-libfontconfig --enable-libfreetype --enable-libfribidi --enable-libglslang --enable-libgme --enable-libgsm --enable-libharfbuzz --enable-libmp3lame --enable-libmysofa --enable-libopenjpeg --enable-libopenmpt --enable-libopus --enable-librubberband --enable-libshine --enable-libsnappy --enable-libsoxr --enable-libspeex --enable-libtheora --enable-libtwolame --enable-libvidstab --enable-libvorbis --enable-libvpx --enable-libwebp --enable-libx265 --enable-libxml2 --enable-libxvid --enable-libzimg --enable-openal --enable-opencl --enable-opengl --disable-sndio --enable-libvpl --disable-libmfx --enable-libdc1394 --enable-libdrm --enable-libiec61883 --enable-chromaprint --enable-frei0r --enable-ladspa --enable-libbluray --enable-libjack --enable-libpulse --enable-librabbitmq --enable-librist --enable-libsrt --enable-libssh --enable-libsvtav1 --enable-libx264 --enable-libzmq --enable-libzvbi --enable-lv2 --enable-sdl2 --enable-libplacebo --enable-librav1e --enable-pocketsphinx --enable-librsvg --enable-libjxl --enable-shared
  libavutil      58. 29.100 / 58. 29.100
  libavcodec     60. 31.102 / 60. 31.102
  libavformat    60. 16.100 / 60. 16.100
  libavdevice    60.  3.100 / 60.  3.100
  libavfilter     9. 12.100 /  9. 12.100
  libswscale      7.  5.100 /  7.  5.100
  libswresample   4. 12.100 /  4. 12.100
  libpostproc    57.  3.100 / 57.  3.100
Input #0, mov,mp4,m4a,3gp,3g2,mj2, from '/data/vaishak/combined-kv-quant/results/runs/backfill_prq_int2_c800cfa2a981_10s/videos/PRQ_INT2/prompt_0003_seed_3.mp4':
  Metadata:
    major_brand     : isom
    minor_version   : 512
    compatible_brands: isomiso2avc1mp41
    encoder         : Lavf61.1.100
  Duration: 00:00:10.31, start: 0.000000, bitrate: 958 kb/s
  Stream #0:0[0x1](und): Video: h264 (High) (avc1 / 0x31637661), yuv420p(progressive), 832x480, 956 kb/s, 16 fps, 16 tbr, 16384 tbn (default)
    Metadata:
      handler_name    : VideoHandler
      vendor_id       : [0][0][0][0]
Stream mapping:
  Stream #0:0 -> #0:0 (h264 (native) -> h264 (libx264))
Press [q] to stop, [?] for help
[libx264 @ 0x55a4f8813440] using cpu capabilities: MMX2 SSE2Fast SSSE3 SSE4.2 AVX FMA3 BMI2 AVX2
[libx264 @ 0x55a4f8813440] profile High, level 3.0, 4:2:0, 8-bit
[libx264 @ 0x55a4f8813440] 264 - core 164 r3108 31e19f9 - H.264/MPEG-4 AVC codec - Copyleft 2003-2023 - http://www.videolan.org/x264.html - options: cabac=1 ref=3 deblock=1:0:0 analyse=0x3:0x113 me=hex subme=7 psy=1 psy_rd=1.00:0.00 mixed_ref=1 me_range=16 chroma_me=1 trellis=1 8x8dct=1 cqm=0 deadzone=21,11 fast_pskip=1 chroma_qp_offset=-2 threads=15 lookahead_threads=2 sliced_threads=0 nr=0 decimate=1 interlaced=0 bluray_compat=0 constrained_intra=0 bframes=3 b_pyramid=2 b_adapt=1 b_bias=0 direct=1 weightb=1 open_gop=0 weightp=2 keyint=250 keyint_min=16 scenecut=40 intra_refresh=0 rc_lookahead=40 rc=crf mbtree=1 crf=23.0 qcomp=0.60 qpmin=0 qpmax=69 qpstep=4 ip_ratio=1.40 aq=1:1.00
Output #0, mp4, to '/data/vaishak/combined-kv-quant/results/combined/backfills/drift/moviegen/67ab5d27db8adde6_PRQ_INT2/PRQ_INT2_frames_165/prompt_0003_seed_3.mp4':
  Metadata:
    major_brand     : isom
    minor_version   : 512
    compatible_brands: isomiso2avc1mp41
    encoder         : Lavf60.16.100
  Stream #0:0(und): Video: h264 (avc1 / 0x31637661), yuv420p(progressive), 832x480, q=2-31, 16 fps, 16384 tbn (default)
    Metadata:
      handler_name    : VideoHandler
      vendor_id       : [0][0][0][0]
      encoder         : Lavc60.31.102 libx264
    Side data:
      cpb: bitrate max/min/avg: 0/0/0 buffer size: 0 vbv_delay: N/A
frame=    0 fps=0.0 q=0.0 size=       0kB time=N/A bitrate=N/A speed=N/A    [out#0/mp4 @ 0x55a4f8812040] video:1802kB audio:0kB subtitle:0kB other streams:0kB global headers:0kB muxing overhead: 0.153652%
frame=  165 fps=0.0 q=-1.0 Lsize=    1805kB time=00:00:10.12 bitrate=1460.1kbits/s speed=14.1x    
[libx264 @ 0x55a4f8813440] frame I:2     Avg QP:21.77  size: 58358
[libx264 @ 0x55a4f8813440] frame P:42    Avg QP:23.56  size: 26135
[libx264 @ 0x55a4f8813440] frame B:121   Avg QP:26.47  size:  5207
[libx264 @ 0x55a4f8813440] consecutive B-frames:  1.8%  0.0%  3.6% 94.5%
[libx264 @ 0x55a4f8813440] mb I  I16..4: 13.8% 59.3% 27.0%
[libx264 @ 0x55a4f8813440] mb P  I16..4:  1.7%  8.5%  1.9%  P16..4: 40.0% 27.5% 14.7%  0.0%  0.0%    skip: 5.8%
[libx264 @ 0x55a4f8813440] mb B  I16..4:  0.1%  0.1%  0.0%  B16..8: 49.8%  9.8%  2.9%  direct: 3.1%  skip:34.2%  L0:37.4% L1:51.3% BI:11.3%
[libx264 @ 0x55a4f8813440] 8x8 transform intra:67.0% inter:62.8%
[libx264 @ 0x55a4f8813440] coded y,uvDC,uvAC intra: 80.5% 90.8% 55.0% inter: 25.8% 25.1% 1.5%
[libx264 @ 0x55a4f8813440] i16 v,h,dc,p:  2% 49%  3% 46%
[libx264 @ 0x55a4f8813440] i8 v,h,dc,ddl,ddr,vr,hd,vl,hu:  9% 21% 13%  7% 10%  7% 14%  9% 11%
[libx264 @ 0x55a4f8813440] i4 v,h,dc,ddl,ddr,vr,hd,vl,hu: 10% 20% 12%  7% 11%  8% 15%  7% 10%
[libx264 @ 0x55a4f8813440] i8c dc,h,v,p: 38% 30% 14% 18%
[libx264 @ 0x55a4f8813440] Weighted P-Frames: Y:45.2% UV:38.1%
[libx264 @ 0x55a4f8813440] ref P L0: 50.6% 26.2% 16.2%  5.3%  1.6%
[libx264 @ 0x55a4f8813440] ref B L0: 95.8%  3.7%  0.5%
[libx264 @ 0x55a4f8813440] ref B L1: 98.5%  1.5%
[libx264 @ 0x55a4f8813440] kb/s:1430.80
ffmpeg version 6.1.1-3ubuntu5 Copyright (c) 2000-2023 the FFmpeg developers
  built with gcc 13 (Ubuntu 13.2.0-23ubuntu3)
  configuration: --prefix=/usr --extra-version=3ubuntu5 --toolchain=hardened --libdir=/usr/lib/x86_64-linux-gnu --incdir=/usr/include/x86_64-linux-gnu --arch=amd64 --enable-gpl --disable-stripping --disable-omx --enable-gnutls --enable-libaom --enable-libass --enable-libbs2b --enable-libcaca --enable-libcdio --enable-libcodec2 --enable-libdav1d --enable-libflite --enable-libfontconfig --enable-libfreetype --enable-libfribidi --enable-libglslang --enable-libgme --enable-libgsm --enable-libharfbuzz --enable-libmp3lame --enable-libmysofa --enable-libopenjpeg --enable-libopenmpt --enable-libopus --enable-librubberband --enable-libshine --enable-libsnappy --enable-libsoxr --enable-libspeex --enable-libtheora --enable-libtwolame --enable-libvidstab --enable-libvorbis --enable-libvpx --enable-libwebp --enable-libx265 --enable-libxml2 --enable-libxvid --enable-libzimg --enable-openal --enable-opencl --enable-opengl --disable-sndio --enable-libvpl --disable-libmfx --enable-libdc1394 --enable-libdrm --enable-libiec61883 --enable-chromaprint --enable-frei0r --enable-ladspa --enable-libbluray --enable-libjack --enable-libpulse --enable-librabbitmq --enable-librist --enable-libsrt --enable-libssh --enable-libsvtav1 --enable-libx264 --enable-libzmq --enable-libzvbi --enable-lv2 --enable-sdl2 --enable-libplacebo --enable-librav1e --enable-pocketsphinx --enable-librsvg --enable-libjxl --enable-shared
  libavutil      58. 29.100 / 58. 29.100
  libavcodec     60. 31.102 / 60. 31.102
  libavformat    60. 16.100 / 60. 16.100
  libavdevice    60.  3.100 / 60.  3.100
  libavfilter     9. 12.100 /  9. 12.100
  libswscale      7.  5.100 /  7.  5.100
  libswresample   4. 12.100 /  4. 12.100
  libpostproc    57.  3.100 / 57.  3.100
Input #0, mov,mp4,m4a,3gp,3g2,mj2, from '/data/vaishak/combined-kv-quant/results/runs/backfill_prq_int2_c800cfa2a981_10s/videos/PRQ_INT2/prompt_0004_seed_4.mp4':
  Metadata:
    major_brand     : isom
    minor_version   : 512
    compatible_brands: isomiso2avc1mp41
    encoder         : Lavf61.1.100
  Duration: 00:00:10.31, start: 0.000000, bitrate: 1034 kb/s
  Stream #0:0[0x1](und): Video: h264 (High) (avc1 / 0x31637661), yuv420p(progressive), 832x480, 1032 kb/s, 16 fps, 16 tbr, 16384 tbn (default)
    Metadata:
      handler_name    : VideoHandler
      vendor_id       : [0][0][0][0]
Stream mapping:
  Stream #0:0 -> #0:0 (h264 (native) -> h264 (libx264))
Press [q] to stop, [?] for help
[libx264 @ 0x567f38766240] using cpu capabilities: MMX2 SSE2Fast SSSE3 SSE4.2 AVX FMA3 BMI2 AVX2
[libx264 @ 0x567f38766240] profile High, level 3.0, 4:2:0, 8-bit
[libx264 @ 0x567f38766240] 264 - core 164 r3108 31e19f9 - H.264/MPEG-4 AVC codec - Copyleft 2003-2023 - http://www.videolan.org/x264.html - options: cabac=1 ref=3 deblock=1:0:0 analyse=0x3:0x113 me=hex subme=7 psy=1 psy_rd=1.00:0.00 mixed_ref=1 me_range=16 chroma_me=1 trellis=1 8x8dct=1 cqm=0 deadzone=21,11 fast_pskip=1 chroma_qp_offset=-2 threads=15 lookahead_threads=2 sliced_threads=0 nr=0 decimate=1 interlaced=0 bluray_compat=0 constrained_intra=0 bframes=3 b_pyramid=2 b_adapt=1 b_bias=0 direct=1 weightb=1 open_gop=0 weightp=2 keyint=250 keyint_min=16 scenecut=40 intra_refresh=0 rc_lookahead=40 rc=crf mbtree=1 crf=23.0 qcomp=0.60 qpmin=0 qpmax=69 qpstep=4 ip_ratio=1.40 aq=1:1.00
Output #0, mp4, to '/data/vaishak/combined-kv-quant/results/combined/backfills/drift/moviegen/67ab5d27db8adde6_PRQ_INT2/PRQ_INT2_frames_165/prompt_0004_seed_4.mp4':
  Metadata:
    major_brand     : isom
    minor_version   : 512
    compatible_brands: isomiso2avc1mp41
    encoder         : Lavf60.16.100
  Stream #0:0(und): Video: h264 (avc1 / 0x31637661), yuv420p(progressive), 832x480, q=2-31, 16 fps, 16384 tbn (default)
    Metadata:
      handler_name    : VideoHandler
      vendor_id       : [0][0][0][0]
      encoder         : Lavc60.31.102 libx264
    Side data:
      cpb: bitrate max/min/avg: 0/0/0 buffer size: 0 vbv_delay: N/A
frame=    0 fps=0.0 q=0.0 size=       0kB time=N/A bitrate=N/A speed=N/A    [out#0/mp4 @ 0x567f386e5040] video:813kB audio:0kB subtitle:0kB other streams:0kB global headers:0kB muxing overhead: 0.340039%
frame=  165 fps=0.0 q=-1.0 Lsize=     816kB time=00:00:10.12 bitrate= 660.1kbits/s speed=19.6x    
[libx264 @ 0x567f38766240] frame I:1     Avg QP:20.28  size: 36239
[libx264 @ 0x567f38766240] frame P:43    Avg QP:21.29  size: 12457
[libx264 @ 0x567f38766240] frame B:121   Avg QP:25.85  size:  2148
[libx264 @ 0x567f38766240] consecutive B-frames:  1.2%  2.4%  1.8% 94.5%
[libx264 @ 0x567f38766240] mb I  I16..4: 17.8% 63.4% 18.8%
[libx264 @ 0x567f38766240] mb P  I16..4:  1.7%  2.4%  0.6%  P16..4: 48.4% 21.9% 11.5%  0.0%  0.0%    skip:13.5%
[libx264 @ 0x567f38766240] mb B  I16..4:  0.4%  0.6%  0.1%  B16..8: 33.3%  4.6%  0.8%  direct: 2.0%  skip:58.1%  L0:45.4% L1:45.4% BI: 9.2%
[libx264 @ 0x567f38766240] 8x8 transform intra:54.6% inter:73.4%
[libx264 @ 0x567f38766240] coded y,uvDC,uvAC intra: 48.6% 83.9% 41.4% inter: 14.5% 23.8% 1.5%
[libx264 @ 0x567f38766240] i16 v,h,dc,p: 25% 44%  3% 28%
[libx264 @ 0x567f38766240] i8 v,h,dc,ddl,ddr,vr,hd,vl,hu: 25% 27% 15%  4%  5%  7%  6%  6%  5%
[libx264 @ 0x567f38766240] i4 v,h,dc,ddl,ddr,vr,hd,vl,hu: 20% 21% 13%  5% 10%  9%  9%  7%  5%
[libx264 @ 0x567f38766240] i8c dc,h,v,p: 28% 33% 24% 15%
[libx264 @ 0x567f38766240] Weighted P-Frames: Y:37.2% UV:23.3%
[libx264 @ 0x567f38766240] ref P L0: 55.1% 18.4% 16.6%  7.6%  2.3%
[libx264 @ 0x567f38766240] ref B L0: 89.5%  8.0%  2.4%
[libx264 @ 0x567f38766240] ref B L1: 97.3%  2.7%
[libx264 @ 0x567f38766240] kb/s:645.32
ffmpeg version 6.1.1-3ubuntu5 Copyright (c) 2000-2023 the FFmpeg developers
  built with gcc 13 (Ubuntu 13.2.0-23ubuntu3)
  configuration: --prefix=/usr --extra-version=3ubuntu5 --toolchain=hardened --libdir=/usr/lib/x86_64-linux-gnu --incdir=/usr/include/x86_64-linux-gnu --arch=amd64 --enable-gpl --disable-stripping --disable-omx --enable-gnutls --enable-libaom --enable-libass --enable-libbs2b --enable-libcaca --enable-libcdio --enable-libcodec2 --enable-libdav1d --enable-libflite --enable-libfontconfig --enable-libfreetype --enable-libfribidi --enable-libglslang --enable-libgme --enable-libgsm --enable-libharfbuzz --enable-libmp3lame --enable-libmysofa --enable-libopenjpeg --enable-libopenmpt --enable-libopus --enable-librubberband --enable-libshine --enable-libsnappy --enable-libsoxr --enable-libspeex --enable-libtheora --enable-libtwolame --enable-libvidstab --enable-libvorbis --enable-libvpx --enable-libwebp --enable-libx265 --enable-libxml2 --enable-libxvid --enable-libzimg --enable-openal --enable-opencl --enable-opengl --disable-sndio --enable-libvpl --disable-libmfx --enable-libdc1394 --enable-libdrm --enable-libiec61883 --enable-chromaprint --enable-frei0r --enable-ladspa --enable-libbluray --enable-libjack --enable-libpulse --enable-librabbitmq --enable-librist --enable-libsrt --enable-libssh --enable-libsvtav1 --enable-libx264 --enable-libzmq --enable-libzvbi --enable-lv2 --enable-sdl2 --enable-libplacebo --enable-librav1e --enable-pocketsphinx --enable-librsvg --enable-libjxl --enable-shared
  libavutil      58. 29.100 / 58. 29.100
  libavcodec     60. 31.102 / 60. 31.102
  libavformat    60. 16.100 / 60. 16.100
  libavdevice    60.  3.100 / 60.  3.100
  libavfilter     9. 12.100 /  9. 12.100
  libswscale      7.  5.100 /  7.  5.100
  libswresample   4. 12.100 /  4. 12.100
  libpostproc    57.  3.100 / 57.  3.100
Input #0, mov,mp4,m4a,3gp,3g2,mj2, from '/data/vaishak/combined-kv-quant/results/runs/backfill_prq_int2_c800cfa2a981_10s/videos/PRQ_INT2/prompt_0005_seed_5.mp4':
  Metadata:
    major_brand     : isom
    minor_version   : 512
    compatible_brands: isomiso2avc1mp41
    encoder         : Lavf61.1.100
  Duration: 00:00:10.31, start: 0.000000, bitrate: 996 kb/s
  Stream #0:0[0x1](und): Video: h264 (High) (avc1 / 0x31637661), yuv420p(progressive), 832x480, 994 kb/s, 16 fps, 16 tbr, 16384 tbn (default)
    Metadata:
      handler_name    : VideoHandler
      vendor_id       : [0][0][0][0]
Stream mapping:
  Stream #0:0 -> #0:0 (h264 (native) -> h264 (libx264))
Press [q] to stop, [?] for help
[libx264 @ 0x62761c03d640] using cpu capabilities: MMX2 SSE2Fast SSSE3 SSE4.2 AVX FMA3 BMI2 AVX2
[libx264 @ 0x62761c03d640] profile High, level 3.0, 4:2:0, 8-bit
[libx264 @ 0x62761c03d640] 264 - core 164 r3108 31e19f9 - H.264/MPEG-4 AVC codec - Copyleft 2003-2023 - http://www.videolan.org/x264.html - options: cabac=1 ref=3 deblock=1:0:0 analyse=0x3:0x113 me=hex subme=7 psy=1 psy_rd=1.00:0.00 mixed_ref=1 me_range=16 chroma_me=1 trellis=1 8x8dct=1 cqm=0 deadzone=21,11 fast_pskip=1 chroma_qp_offset=-2 threads=15 lookahead_threads=2 sliced_threads=0 nr=0 decimate=1 interlaced=0 bluray_compat=0 constrained_intra=0 bframes=3 b_pyramid=2 b_adapt=1 b_bias=0 direct=1 weightb=1 open_gop=0 weightp=2 keyint=250 keyint_min=16 scenecut=40 intra_refresh=0 rc_lookahead=40 rc=crf mbtree=1 crf=23.0 qcomp=0.60 qpmin=0 qpmax=69 qpstep=4 ip_ratio=1.40 aq=1:1.00
Output #0, mp4, to '/data/vaishak/combined-kv-quant/results/combined/backfills/drift/moviegen/67ab5d27db8adde6_PRQ_INT2/PRQ_INT2_frames_165/prompt_0005_seed_5.mp4':
  Metadata:
    major_brand     : isom
    minor_version   : 512
    compatible_brands: isomiso2avc1mp41
    encoder         : Lavf60.16.100
  Stream #0:0(und): Video: h264 (avc1 / 0x31637661), yuv420p(progressive), 832x480, q=2-31, 16 fps, 16384 tbn (default)
    Metadata:
      handler_name    : VideoHandler
      vendor_id       : [0][0][0][0]
      encoder         : Lavc60.31.102 libx264
    Side data:
      cpb: bitrate max/min/avg: 0/0/0 buffer size: 0 vbv_delay: N/A
frame=    0 fps=0.0 q=0.0 size=       0kB time=N/A bitrate=N/A speed=N/A    [out#0/mp4 @ 0x62761c03c140] video:1507kB audio:0kB subtitle:0kB other streams:0kB global headers:0kB muxing overhead: 0.184987%
frame=  165 fps=0.0 q=-1.0 Lsize=    1510kB time=00:00:10.12 bitrate=1221.7kbits/s speed=15.8x    
[libx264 @ 0x62761c03d640] frame I:1     Avg QP:23.31  size:106993
[libx264 @ 0x62761c03d640] frame P:41    Avg QP:23.83  size: 25901
[libx264 @ 0x62761c03d640] frame B:123   Avg QP:27.87  size:  3038
[libx264 @ 0x62761c03d640] consecutive B-frames:  0.6%  0.0%  0.0% 99.4%
[libx264 @ 0x62761c03d640] mb I  I16..4:  3.6% 32.3% 64.1%
[libx264 @ 0x62761c03d640] mb P  I16..4:  1.4%  4.9%  1.6%  P16..4: 37.4% 31.5% 20.6%  0.0%  0.0%    skip: 2.5%
[libx264 @ 0x62761c03d640] mb B  I16..4:  0.0%  0.1%  0.0%  B16..8: 48.5%  7.0%  1.8%  direct: 1.6%  skip:41.0%  L0:24.6% L1:64.0% BI:11.4%
[libx264 @ 0x62761c03d640] 8x8 transform intra:55.1% inter:55.1%
[libx264 @ 0x62761c03d640] coded y,uvDC,uvAC intra: 72.2% 94.1% 69.0% inter: 17.9% 26.0% 9.7%
[libx264 @ 0x62761c03d640] i16 v,h,dc,p:  4% 38%  9% 49%
[libx264 @ 0x62761c03d640] i8 v,h,dc,ddl,ddr,vr,hd,vl,hu:  9% 29% 24%  3%  4%  4%  9%  3% 15%
[libx264 @ 0x62761c03d640] i4 v,h,dc,ddl,ddr,vr,hd,vl,hu: 17% 18% 17%  6%  7%  9%  8%  8%  9%
[libx264 @ 0x62761c03d640] i8c dc,h,v,p: 48% 31%  9% 13%
[libx264 @ 0x62761c03d640] Weighted P-Frames: Y:56.1% UV:29.3%
[libx264 @ 0x62761c03d640] ref P L0: 49.7% 24.3% 14.2%  8.0%  3.9%
[libx264 @ 0x62761c03d640] ref B L0: 95.1%  3.7%  1.2%
[libx264 @ 0x62761c03d640] ref B L1: 95.8%  4.2%
[libx264 @ 0x62761c03d640] kb/s:1196.73
ffmpeg version 6.1.1-3ubuntu5 Copyright (c) 2000-2023 the FFmpeg developers
  built with gcc 13 (Ubuntu 13.2.0-23ubuntu3)
  configuration: --prefix=/usr --extra-version=3ubuntu5 --toolchain=hardened --libdir=/usr/lib/x86_64-linux-gnu --incdir=/usr/include/x86_64-linux-gnu --arch=amd64 --enable-gpl --disable-stripping --disable-omx --enable-gnutls --enable-libaom --enable-libass --enable-libbs2b --enable-libcaca --enable-libcdio --enable-libcodec2 --enable-libdav1d --enable-libflite --enable-libfontconfig --enable-libfreetype --enable-libfribidi --enable-libglslang --enable-libgme --enable-libgsm --enable-libharfbuzz --enable-libmp3lame --enable-libmysofa --enable-libopenjpeg --enable-libopenmpt --enable-libopus --enable-librubberband --enable-libshine --enable-libsnappy --enable-libsoxr --enable-libspeex --enable-libtheora --enable-libtwolame --enable-libvidstab --enable-libvorbis --enable-libvpx --enable-libwebp --enable-libx265 --enable-libxml2 --enable-libxvid --enable-libzimg --enable-openal --enable-opencl --enable-opengl --disable-sndio --enable-libvpl --disable-libmfx --enable-libdc1394 --enable-libdrm --enable-libiec61883 --enable-chromaprint --enable-frei0r --enable-ladspa --enable-libbluray --enable-libjack --enable-libpulse --enable-librabbitmq --enable-librist --enable-libsrt --enable-libssh --enable-libsvtav1 --enable-libx264 --enable-libzmq --enable-libzvbi --enable-lv2 --enable-sdl2 --enable-libplacebo --enable-librav1e --enable-pocketsphinx --enable-librsvg --enable-libjxl --enable-shared
  libavutil      58. 29.100 / 58. 29.100
  libavcodec     60. 31.102 / 60. 31.102
  libavformat    60. 16.100 / 60. 16.100
  libavdevice    60.  3.100 / 60.  3.100
  libavfilter     9. 12.100 /  9. 12.100
  libswscale      7.  5.100 /  7.  5.100
  libswresample   4. 12.100 /  4. 12.100
  libpostproc    57.  3.100 / 57.  3.100
Input #0, mov,mp4,m4a,3gp,3g2,mj2, from '/data/vaishak/combined-kv-quant/results/runs/backfill_prq_int2_c800cfa2a981_10s/videos/PRQ_INT2/prompt_0006_seed_6.mp4':
  Metadata:
    major_brand     : isom
    minor_version   : 512
    compatible_brands: isomiso2avc1mp41
    encoder         : Lavf61.1.100
  Duration: 00:00:10.31, start: 0.000000, bitrate: 1053 kb/s
  Stream #0:0[0x1](und): Video: h264 (High) (avc1 / 0x31637661), yuv420p(progressive), 832x480, 1051 kb/s, 16 fps, 16 tbr, 16384 tbn (default)
    Metadata:
      handler_name    : VideoHandler
      vendor_id       : [0][0][0][0]
Stream mapping:
  Stream #0:0 -> #0:0 (h264 (native) -> h264 (libx264))
Press [q] to stop, [?] for help
[libx264 @ 0x55903d972640] using cpu capabilities: MMX2 SSE2Fast SSSE3 SSE4.2 AVX FMA3 BMI2 AVX2
[libx264 @ 0x55903d972640] profile High, level 3.0, 4:2:0, 8-bit
[libx264 @ 0x55903d972640] 264 - core 164 r3108 31e19f9 - H.264/MPEG-4 AVC codec - Copyleft 2003-2023 - http://www.videolan.org/x264.html - options: cabac=1 ref=3 deblock=1:0:0 analyse=0x3:0x113 me=hex subme=7 psy=1 psy_rd=1.00:0.00 mixed_ref=1 me_range=16 chroma_me=1 trellis=1 8x8dct=1 cqm=0 deadzone=21,11 fast_pskip=1 chroma_qp_offset=-2 threads=15 lookahead_threads=2 sliced_threads=0 nr=0 decimate=1 interlaced=0 bluray_compat=0 constrained_intra=0 bframes=3 b_pyramid=2 b_adapt=1 b_bias=0 direct=1 weightb=1 open_gop=0 weightp=2 keyint=250 keyint_min=16 scenecut=40 intra_refresh=0 rc_lookahead=40 rc=crf mbtree=1 crf=23.0 qcomp=0.60 qpmin=0 qpmax=69 qpstep=4 ip_ratio=1.40 aq=1:1.00
Output #0, mp4, to '/data/vaishak/combined-kv-quant/results/combined/backfills/drift/moviegen/67ab5d27db8adde6_PRQ_INT2/PRQ_INT2_frames_165/prompt_0006_seed_6.mp4':
  Metadata:
    major_brand     : isom
    minor_version   : 512
    compatible_brands: isomiso2avc1mp41
    encoder         : Lavf60.16.100
  Stream #0:0(und): Video: h264 (avc1 / 0x31637661), yuv420p(progressive), 832x480, q=2-31, 16 fps, 16384 tbn (default)
    Metadata:
      handler_name    : VideoHandler
      vendor_id       : [0][0][0][0]
      encoder         : Lavc60.31.102 libx264
    Side data:
      cpb: bitrate max/min/avg: 0/0/0 buffer size: 0 vbv_delay: N/A
frame=    0 fps=0.0 q=0.0 size=       0kB time=N/A bitrate=N/A speed=N/A    [out#0/mp4 @ 0x55903d971140] video:1265kB audio:0kB subtitle:0kB other streams:0kB global headers:0kB muxing overhead: 0.219473%
frame=  165 fps=0.0 q=-1.0 Lsize=    1268kB time=00:00:10.12 bitrate=1025.8kbits/s speed=18.4x    
[libx264 @ 0x55903d972640] frame I:2     Avg QP:19.33  size: 40334
[libx264 @ 0x55903d972640] frame P:45    Avg QP:20.86  size: 17581
[libx264 @ 0x55903d972640] frame B:118   Avg QP:24.48  size:  3584
[libx264 @ 0x55903d972640] consecutive B-frames:  2.4%  6.1%  1.8% 89.7%
[libx264 @ 0x55903d972640] mb I  I16..4: 28.6% 52.9% 18.5%
[libx264 @ 0x55903d972640] mb P  I16..4:  2.3%  3.8%  0.7%  P16..4: 52.3% 17.5% 10.7%  0.0%  0.0%    skip:12.8%
[libx264 @ 0x55903d972640] mb B  I16..4:  0.4%  0.4%  0.0%  B16..8: 38.2%  5.5%  1.6%  direct: 2.7%  skip:51.3%  L0:35.8% L1:52.5% BI:11.7%
[libx264 @ 0x55903d972640] 8x8 transform intra:54.0% inter:69.1%
[libx264 @ 0x55903d972640] coded y,uvDC,uvAC intra: 48.3% 86.2% 31.2% inter: 15.0% 24.1% 2.9%
[libx264 @ 0x55903d972640] i16 v,h,dc,p: 11% 19%  7% 63%
[libx264 @ 0x55903d972640] i8 v,h,dc,ddl,ddr,vr,hd,vl,hu: 15% 20% 24%  6%  8%  6%  9%  5%  6%
[libx264 @ 0x55903d972640] i4 v,h,dc,ddl,ddr,vr,hd,vl,hu: 12% 11% 14%  5% 18% 13% 14%  6%  7%
[libx264 @ 0x55903d972640] i8c dc,h,v,p: 45% 24% 15% 16%
[libx264 @ 0x55903d972640] Weighted P-Frames: Y:17.8% UV:13.3%
[libx264 @ 0x55903d972640] ref P L0: 55.4% 13.3% 21.2%  8.7%  1.5%
[libx264 @ 0x55903d972640] ref B L0: 90.3%  8.1%  1.6%
[libx264 @ 0x55903d972640] ref B L1: 97.3%  2.7%
[libx264 @ 0x55903d972640] kb/s:1004.36
ffmpeg version 6.1.1-3ubuntu5 Copyright (c) 2000-2023 the FFmpeg developers
  built with gcc 13 (Ubuntu 13.2.0-23ubuntu3)
  configuration: --prefix=/usr --extra-version=3ubuntu5 --toolchain=hardened --libdir=/usr/lib/x86_64-linux-gnu --incdir=/usr/include/x86_64-linux-gnu --arch=amd64 --enable-gpl --disable-stripping --disable-omx --enable-gnutls --enable-libaom --enable-libass --enable-libbs2b --enable-libcaca --enable-libcdio --enable-libcodec2 --enable-libdav1d --enable-libflite --enable-libfontconfig --enable-libfreetype --enable-libfribidi --enable-libglslang --enable-libgme --enable-libgsm --enable-libharfbuzz --enable-libmp3lame --enable-libmysofa --enable-libopenjpeg --enable-libopenmpt --enable-libopus --enable-librubberband --enable-libshine --enable-libsnappy --enable-libsoxr --enable-libspeex --enable-libtheora --enable-libtwolame --enable-libvidstab --enable-libvorbis --enable-libvpx --enable-libwebp --enable-libx265 --enable-libxml2 --enable-libxvid --enable-libzimg --enable-openal --enable-opencl --enable-opengl --disable-sndio --enable-libvpl --disable-libmfx --enable-libdc1394 --enable-libdrm --enable-libiec61883 --enable-chromaprint --enable-frei0r --enable-ladspa --enable-libbluray --enable-libjack --enable-libpulse --enable-librabbitmq --enable-librist --enable-libsrt --enable-libssh --enable-libsvtav1 --enable-libx264 --enable-libzmq --enable-libzvbi --enable-lv2 --enable-sdl2 --enable-libplacebo --enable-librav1e --enable-pocketsphinx --enable-librsvg --enable-libjxl --enable-shared
  libavutil      58. 29.100 / 58. 29.100
  libavcodec     60. 31.102 / 60. 31.102
  libavformat    60. 16.100 / 60. 16.100
  libavdevice    60.  3.100 / 60.  3.100
  libavfilter     9. 12.100 /  9. 12.100
  libswscale      7.  5.100 /  7.  5.100
  libswresample   4. 12.100 /  4. 12.100
  libpostproc    57.  3.100 / 57.  3.100
Input #0, mov,mp4,m4a,3gp,3g2,mj2, from '/data/vaishak/combined-kv-quant/results/runs/backfill_prq_int2_c800cfa2a981_10s/videos/PRQ_INT2/prompt_0007_seed_7.mp4':
  Metadata:
    major_brand     : isom
    minor_version   : 512
    compatible_brands: isomiso2avc1mp41
    encoder         : Lavf61.1.100
  Duration: 00:00:10.31, start: 0.000000, bitrate: 970 kb/s
  Stream #0:0[0x1](und): Video: h264 (High) (avc1 / 0x31637661), yuv420p(progressive), 832x480, 968 kb/s, 16 fps, 16 tbr, 16384 tbn (default)
    Metadata:
      handler_name    : VideoHandler
      vendor_id       : [0][0][0][0]
Stream mapping:
  Stream #0:0 -> #0:0 (h264 (native) -> h264 (libx264))
Press [q] to stop, [?] for help
[libx264 @ 0x5aa3935b1640] using cpu capabilities: MMX2 SSE2Fast SSSE3 SSE4.2 AVX FMA3 BMI2 AVX2
[libx264 @ 0x5aa3935b1640] profile High, level 3.0, 4:2:0, 8-bit
[libx264 @ 0x5aa3935b1640] 264 - core 164 r3108 31e19f9 - H.264/MPEG-4 AVC codec - Copyleft 2003-2023 - http://www.videolan.org/x264.html - options: cabac=1 ref=3 deblock=1:0:0 analyse=0x3:0x113 me=hex subme=7 psy=1 psy_rd=1.00:0.00 mixed_ref=1 me_range=16 chroma_me=1 trellis=1 8x8dct=1 cqm=0 deadzone=21,11 fast_pskip=1 chroma_qp_offset=-2 threads=15 lookahead_threads=2 sliced_threads=0 nr=0 decimate=1 interlaced=0 bluray_compat=0 constrained_intra=0 bframes=3 b_pyramid=2 b_adapt=1 b_bias=0 direct=1 weightb=1 open_gop=0 weightp=2 keyint=250 keyint_min=16 scenecut=40 intra_refresh=0 rc_lookahead=40 rc=crf mbtree=1 crf=23.0 qcomp=0.60 qpmin=0 qpmax=69 qpstep=4 ip_ratio=1.40 aq=1:1.00
Output #0, mp4, to '/data/vaishak/combined-kv-quant/results/combined/backfills/drift/moviegen/67ab5d27db8adde6_PRQ_INT2/PRQ_INT2_frames_165/prompt_0007_seed_7.mp4':
  Metadata:
    major_brand     : isom
    minor_version   : 512
    compatible_brands: isomiso2avc1mp41
    encoder         : Lavf60.16.100
  Stream #0:0(und): Video: h264 (avc1 / 0x31637661), yuv420p(progressive), 832x480, q=2-31, 16 fps, 16384 tbn (default)
    Metadata:
      handler_name    : VideoHandler
      vendor_id       : [0][0][0][0]
      encoder         : Lavc60.31.102 libx264
    Side data:
      cpb: bitrate max/min/avg: 0/0/0 buffer size: 0 vbv_delay: N/A
frame=    0 fps=0.0 q=0.0 size=       0kB time=N/A bitrate=N/A speed=N/A    [out#0/mp4 @ 0x5aa3935b0140] video:1252kB audio:0kB subtitle:0kB other streams:0kB global headers:0kB muxing overhead: 0.222649%
frame=  165 fps=0.0 q=-1.0 Lsize=    1255kB time=00:00:10.12 bitrate=1015.4kbits/s speed=17.9x    
[libx264 @ 0x5aa3935b1640] frame I:1     Avg QP:22.97  size: 41533
[libx264 @ 0x5aa3935b1640] frame P:42    Avg QP:22.94  size: 17933
[libx264 @ 0x5aa3935b1640] frame B:122   Avg QP:27.15  size:  3991
[libx264 @ 0x5aa3935b1640] consecutive B-frames:  0.6%  2.4%  0.0% 97.0%
[libx264 @ 0x5aa3935b1640] mb I  I16..4:  8.2% 60.5% 31.3%
[libx264 @ 0x5aa3935b1640] mb P  I16..4:  3.0% 11.7%  0.9%  P16..4: 37.3% 25.6% 13.6%  0.0%  0.0%    skip: 7.9%
[libx264 @ 0x5aa3935b1640] mb B  I16..4:  1.0%  4.9%  0.1%  B16..8: 38.5% 10.1%  2.0%  direct: 2.2%  skip:41.3%  L0:38.2% L1:47.5% BI:14.3%
[libx264 @ 0x5aa3935b1640] 8x8 transform intra:77.4% inter:67.5%
[libx264 @ 0x5aa3935b1640] coded y,uvDC,uvAC intra: 58.5% 82.5% 20.0% inter: 19.5% 22.5% 1.6%
[libx264 @ 0x5aa3935b1640] i16 v,h,dc,p:  5% 39%  2% 55%
[libx264 @ 0x5aa3935b1640] i8 v,h,dc,ddl,ddr,vr,hd,vl,hu: 15% 28% 11%  5%  8%  8% 10%  7%  8%
[libx264 @ 0x5aa3935b1640] i4 v,h,dc,ddl,ddr,vr,hd,vl,hu: 18% 28% 13%  5%  8%  7% 10%  5%  6%
[libx264 @ 0x5aa3935b1640] i8c dc,h,v,p: 36% 38% 12% 14%
[libx264 @ 0x5aa3935b1640] Weighted P-Frames: Y:19.0% UV:11.9%
[libx264 @ 0x5aa3935b1640] ref P L0: 49.7% 22.6% 16.4%  9.4%  1.9%
[libx264 @ 0x5aa3935b1640] ref B L0: 90.3%  7.4%  2.3%
[libx264 @ 0x5aa3935b1640] ref B L1: 96.8%  3.2%
[libx264 @ 0x5aa3935b1640] kb/s:994.21
ffmpeg version 6.1.1-3ubuntu5 Copyright (c) 2000-2023 the FFmpeg developers
  built with gcc 13 (Ubuntu 13.2.0-23ubuntu3)
  configuration: --prefix=/usr --extra-version=3ubuntu5 --toolchain=hardened --libdir=/usr/lib/x86_64-linux-gnu --incdir=/usr/include/x86_64-linux-gnu --arch=amd64 --enable-gpl --disable-stripping --disable-omx --enable-gnutls --enable-libaom --enable-libass --enable-libbs2b --enable-libcaca --enable-libcdio --enable-libcodec2 --enable-libdav1d --enable-libflite --enable-libfontconfig --enable-libfreetype --enable-libfribidi --enable-libglslang --enable-libgme --enable-libgsm --enable-libharfbuzz --enable-libmp3lame --enable-libmysofa --enable-libopenjpeg --enable-libopenmpt --enable-libopus --enable-librubberband --enable-libshine --enable-libsnappy --enable-libsoxr --enable-libspeex --enable-libtheora --enable-libtwolame --enable-libvidstab --enable-libvorbis --enable-libvpx --enable-libwebp --enable-libx265 --enable-libxml2 --enable-libxvid --enable-libzimg --enable-openal --enable-opencl --enable-opengl --disable-sndio --enable-libvpl --disable-libmfx --enable-libdc1394 --enable-libdrm --enable-libiec61883 --enable-chromaprint --enable-frei0r --enable-ladspa --enable-libbluray --enable-libjack --enable-libpulse --enable-librabbitmq --enable-librist --enable-libsrt --enable-libssh --enable-libsvtav1 --enable-libx264 --enable-libzmq --enable-libzvbi --enable-lv2 --enable-sdl2 --enable-libplacebo --enable-librav1e --enable-pocketsphinx --enable-librsvg --enable-libjxl --enable-shared
  libavutil      58. 29.100 / 58. 29.100
  libavcodec     60. 31.102 / 60. 31.102
  libavformat    60. 16.100 / 60. 16.100
  libavdevice    60.  3.100 / 60.  3.100
  libavfilter     9. 12.100 /  9. 12.100
  libswscale      7.  5.100 /  7.  5.100
  libswresample   4. 12.100 /  4. 12.100
  libpostproc    57.  3.100 / 57.  3.100
Input #0, mov,mp4,m4a,3gp,3g2,mj2, from '/data/vaishak/combined-kv-quant/results/runs/backfill_prq_int2_c800cfa2a981_10s/videos/PRQ_INT2/prompt_0008_seed_8.mp4':
  Metadata:
    major_brand     : isom
    minor_version   : 512
    compatible_brands: isomiso2avc1mp41
    encoder         : Lavf61.1.100
  Duration: 00:00:10.31, start: 0.000000, bitrate: 1068 kb/s
  Stream #0:0[0x1](und): Video: h264 (High) (avc1 / 0x31637661), yuv420p(progressive), 832x480, 1066 kb/s, 16 fps, 16 tbr, 16384 tbn (default)
    Metadata:
      handler_name    : VideoHandler
      vendor_id       : [0][0][0][0]
Stream mapping:
  Stream #0:0 -> #0:0 (h264 (native) -> h264 (libx264))
Press [q] to stop, [?] for help
[libx264 @ 0x6244999cdbc0] using cpu capabilities: MMX2 SSE2Fast SSSE3 SSE4.2 AVX FMA3 BMI2 AVX2
[libx264 @ 0x6244999cdbc0] profile High, level 3.0, 4:2:0, 8-bit
[libx264 @ 0x6244999cdbc0] 264 - core 164 r3108 31e19f9 - H.264/MPEG-4 AVC codec - Copyleft 2003-2023 - http://www.videolan.org/x264.html - options: cabac=1 ref=3 deblock=1:0:0 analyse=0x3:0x113 me=hex subme=7 psy=1 psy_rd=1.00:0.00 mixed_ref=1 me_range=16 chroma_me=1 trellis=1 8x8dct=1 cqm=0 deadzone=21,11 fast_pskip=1 chroma_qp_offset=-2 threads=15 lookahead_threads=2 sliced_threads=0 nr=0 decimate=1 interlaced=0 bluray_compat=0 constrained_intra=0 bframes=3 b_pyramid=2 b_adapt=1 b_bias=0 direct=1 weightb=1 open_gop=0 weightp=2 keyint=250 keyint_min=16 scenecut=40 intra_refresh=0 rc_lookahead=40 rc=crf mbtree=1 crf=23.0 qcomp=0.60 qpmin=0 qpmax=69 qpstep=4 ip_ratio=1.40 aq=1:1.00
Output #0, mp4, to '/data/vaishak/combined-kv-quant/results/combined/backfills/drift/moviegen/67ab5d27db8adde6_PRQ_INT2/PRQ_INT2_frames_165/prompt_0008_seed_8.mp4':
  Metadata:
    major_brand     : isom
    minor_version   : 512
    compatible_brands: isomiso2avc1mp41
    encoder         : Lavf60.16.100
  Stream #0:0(und): Video: h264 (avc1 / 0x31637661), yuv420p(progressive), 832x480, q=2-31, 16 fps, 16384 tbn (default)
    Metadata:
      handler_name    : VideoHandler
      vendor_id       : [0][0][0][0]
      encoder         : Lavc60.31.102 libx264
    Side data:
      cpb: bitrate max/min/avg: 0/0/0 buffer size: 0 vbv_delay: N/A
frame=    0 fps=0.0 q=0.0 size=       0kB time=N/A bitrate=N/A speed=N/A    [out#0/mp4 @ 0x624499945040] video:729kB audio:0kB subtitle:0kB other streams:0kB global headers:0kB muxing overhead: 0.379172%
frame=  165 fps=0.0 q=-1.0 Lsize=     732kB time=00:00:10.12 bitrate= 592.2kbits/s speed=20.4x    
[libx264 @ 0x6244999cdbc0] frame I:1     Avg QP:19.29  size: 52039
[libx264 @ 0x6244999cdbc0] frame P:47    Avg QP:20.80  size: 11380
[libx264 @ 0x6244999cdbc0] frame B:117   Avg QP:25.29  size:  1359
[libx264 @ 0x6244999cdbc0] consecutive B-frames:  1.2% 12.1%  1.8% 84.8%
[libx264 @ 0x6244999cdbc0] mb I  I16..4:  7.8% 53.4% 38.8%
[libx264 @ 0x6244999cdbc0] mb P  I16..4:  0.7%  1.4%  0.2%  P16..4: 49.7% 23.1% 13.2%  0.0%  0.0%    skip:11.6%
[libx264 @ 0x6244999cdbc0] mb B  I16..4:  0.0%  0.1%  0.0%  B16..8: 37.5%  2.1%  0.4%  direct: 1.7%  skip:58.2%  L0:43.9% L1:49.1% BI: 7.0%
[libx264 @ 0x6244999cdbc0] 8x8 transform intra:56.7% inter:64.6%
[libx264 @ 0x6244999cdbc0] coded y,uvDC,uvAC intra: 60.6% 84.8% 49.0% inter: 14.3% 21.8% 0.9%
[libx264 @ 0x6244999cdbc0] i16 v,h,dc,p: 12% 38% 14% 36%
[libx264 @ 0x6244999cdbc0] i8 v,h,dc,ddl,ddr,vr,hd,vl,hu: 13% 22% 22%  4%  9%  7% 10%  6%  8%
[libx264 @ 0x6244999cdbc0] i4 v,h,dc,ddl,ddr,vr,hd,vl,hu: 16% 21% 14%  6% 12%  8% 10%  6%  7%
[libx264 @ 0x6244999cdbc0] i8c dc,h,v,p: 47% 27% 13% 12%
[libx264 @ 0x6244999cdbc0] Weighted P-Frames: Y:42.6% UV:25.5%
[libx264 @ 0x6244999cdbc0] ref P L0: 55.0% 22.5% 13.1%  5.9%  3.6%
[libx264 @ 0x6244999cdbc0] ref B L0: 89.6%  7.5%  2.8%
[libx264 @ 0x6244999cdbc0] ref B L1: 96.9%  3.1%
[libx264 @ 0x6244999cdbc0] kb/s:578.67
ffmpeg version 6.1.1-3ubuntu5 Copyright (c) 2000-2023 the FFmpeg developers
  built with gcc 13 (Ubuntu 13.2.0-23ubuntu3)
  configuration: --prefix=/usr --extra-version=3ubuntu5 --toolchain=hardened --libdir=/usr/lib/x86_64-linux-gnu --incdir=/usr/include/x86_64-linux-gnu --arch=amd64 --enable-gpl --disable-stripping --disable-omx --enable-gnutls --enable-libaom --enable-libass --enable-libbs2b --enable-libcaca --enable-libcdio --enable-libcodec2 --enable-libdav1d --enable-libflite --enable-libfontconfig --enable-libfreetype --enable-libfribidi --enable-libglslang --enable-libgme --enable-libgsm --enable-libharfbuzz --enable-libmp3lame --enable-libmysofa --enable-libopenjpeg --enable-libopenmpt --enable-libopus --enable-librubberband --enable-libshine --enable-libsnappy --enable-libsoxr --enable-libspeex --enable-libtheora --enable-libtwolame --enable-libvidstab --enable-libvorbis --enable-libvpx --enable-libwebp --enable-libx265 --enable-libxml2 --enable-libxvid --enable-libzimg --enable-openal --enable-opencl --enable-opengl --disable-sndio --enable-libvpl --disable-libmfx --enable-libdc1394 --enable-libdrm --enable-libiec61883 --enable-chromaprint --enable-frei0r --enable-ladspa --enable-libbluray --enable-libjack --enable-libpulse --enable-librabbitmq --enable-librist --enable-libsrt --enable-libssh --enable-libsvtav1 --enable-libx264 --enable-libzmq --enable-libzvbi --enable-lv2 --enable-sdl2 --enable-libplacebo --enable-librav1e --enable-pocketsphinx --enable-librsvg --enable-libjxl --enable-shared
  libavutil      58. 29.100 / 58. 29.100
  libavcodec     60. 31.102 / 60. 31.102
  libavformat    60. 16.100 / 60. 16.100
  libavdevice    60.  3.100 / 60.  3.100
  libavfilter     9. 12.100 /  9. 12.100
  libswscale      7.  5.100 /  7.  5.100
  libswresample   4. 12.100 /  4. 12.100
  libpostproc    57.  3.100 / 57.  3.100
Input #0, mov,mp4,m4a,3gp,3g2,mj2, from '/data/vaishak/combined-kv-quant/results/runs/backfill_prq_int2_c800cfa2a981_10s/videos/PRQ_INT2/prompt_0009_seed_9.mp4':
  Metadata:
    major_brand     : isom
    minor_version   : 512
    compatible_brands: isomiso2avc1mp41
    encoder         : Lavf61.1.100
  Duration: 00:00:10.31, start: 0.000000, bitrate: 957 kb/s
  Stream #0:0[0x1](und): Video: h264 (High) (avc1 / 0x31637661), yuv420p(progressive), 832x480, 955 kb/s, 16 fps, 16 tbr, 16384 tbn (default)
    Metadata:
      handler_name    : VideoHandler
      vendor_id       : [0][0][0][0]
Stream mapping:
  Stream #0:0 -> #0:0 (h264 (native) -> h264 (libx264))
Press [q] to stop, [?] for help
[libx264 @ 0x6504b9043580] using cpu capabilities: MMX2 SSE2Fast SSSE3 SSE4.2 AVX FMA3 BMI2 AVX2
[libx264 @ 0x6504b9043580] profile High, level 3.0, 4:2:0, 8-bit
[libx264 @ 0x6504b9043580] 264 - core 164 r3108 31e19f9 - H.264/MPEG-4 AVC codec - Copyleft 2003-2023 - http://www.videolan.org/x264.html - options: cabac=1 ref=3 deblock=1:0:0 analyse=0x3:0x113 me=hex subme=7 psy=1 psy_rd=1.00:0.00 mixed_ref=1 me_range=16 chroma_me=1 trellis=1 8x8dct=1 cqm=0 deadzone=21,11 fast_pskip=1 chroma_qp_offset=-2 threads=15 lookahead_threads=2 sliced_threads=0 nr=0 decimate=1 interlaced=0 bluray_compat=0 constrained_intra=0 bframes=3 b_pyramid=2 b_adapt=1 b_bias=0 direct=1 weightb=1 open_gop=0 weightp=2 keyint=250 keyint_min=16 scenecut=40 intra_refresh=0 rc_lookahead=40 rc=crf mbtree=1 crf=23.0 qcomp=0.60 qpmin=0 qpmax=69 qpstep=4 ip_ratio=1.40 aq=1:1.00
Output #0, mp4, to '/data/vaishak/combined-kv-quant/results/combined/backfills/drift/moviegen/67ab5d27db8adde6_PRQ_INT2/PRQ_INT2_frames_165/prompt_0009_seed_9.mp4':
  Metadata:
    major_brand     : isom
    minor_version   : 512
    compatible_brands: isomiso2avc1mp41
    encoder         : Lavf60.16.100
  Stream #0:0(und): Video: h264 (avc1 / 0x31637661), yuv420p(progressive), 832x480, q=2-31, 16 fps, 16384 tbn (default)
    Metadata:
      handler_name    : VideoHandler
      vendor_id       : [0][0][0][0]
      encoder         : Lavc60.31.102 libx264
    Side data:
      cpb: bitrate max/min/avg: 0/0/0 buffer size: 0 vbv_delay: N/A
frame=    0 fps=0.0 q=0.0 size=       0kB time=N/A bitrate=N/A speed=N/A    [out#0/mp4 @ 0x6504b8fb6040] video:1548kB audio:0kB subtitle:0kB other streams:0kB global headers:0kB muxing overhead: 0.179632%
frame=  165 fps=0.0 q=-1.0 Lsize=    1551kB time=00:00:10.12 bitrate=1254.5kbits/s speed=  18x    
[libx264 @ 0x6504b9043580] frame I:1     Avg QP:22.16  size: 67904
[libx264 @ 0x6504b9043580] frame P:43    Avg QP:22.13  size: 25024
[libx264 @ 0x6504b9043580] frame B:121   Avg QP:27.31  size:  3639
[libx264 @ 0x6504b9043580] consecutive B-frames:  1.2%  2.4%  1.8% 94.5%
[libx264 @ 0x6504b9043580] mb I  I16..4:  2.4% 56.3% 41.3%
[libx264 @ 0x6504b9043580] mb P  I16..4:  0.6%  3.6%  1.9%  P16..4: 38.8% 29.5% 18.4%  0.0%  0.0%    skip: 7.3%
[libx264 @ 0x6504b9043580] mb B  I16..4:  0.0%  0.2%  0.1%  B16..8: 48.7%  7.3%  2.4%  direct: 2.1%  skip:39.2%  L0:47.1% L1:41.2% BI:11.8%
[libx264 @ 0x6504b9043580] 8x8 transform intra:57.7% inter:57.3%
[libx264 @ 0x6504b9043580] coded y,uvDC,uvAC intra: 81.3% 57.6% 16.4% inter: 21.8% 10.4% 0.0%
[libx264 @ 0x6504b9043580] i16 v,h,dc,p: 17% 32% 24% 27%
[libx264 @ 0x6504b9043580] i8 v,h,dc,ddl,ddr,vr,hd,vl,hu: 12% 30% 19%  4%  5%  5% 10%  4% 11%
[libx264 @ 0x6504b9043580] i4 v,h,dc,ddl,ddr,vr,hd,vl,hu: 15% 27% 14%  5%  7%  6% 11%  5% 10%
[libx264 @ 0x6504b9043580] i8c dc,h,v,p: 58% 23% 16%  4%
[libx264 @ 0x6504b9043580] Weighted P-Frames: Y:20.9% UV:2.3%
[libx264 @ 0x6504b9043580] ref P L0: 53.2% 28.6% 12.9%  4.3%  0.9%
[libx264 @ 0x6504b9043580] ref B L0: 91.9%  6.4%  1.7%
[libx264 @ 0x6504b9043580] ref B L1: 99.2%  0.8%
[libx264 @ 0x6504b9043580] kb/s:1228.97
[rank0]:[W310 23:04:29.287048457 ProcessGroupNCCL.cpp:4115] [PG ID 0 PG GUID 0 Rank 0]  using GPU 0 to perform barrier as devices used by this process are currently unknown. This can potentially cause a hang if this rank to GPU mapping is incorrect.Specify device_ids in barrier() to force use of a particular device,or call init_process_group() with a device_id.
/home/suraj/miniforge3/envs/qvg_sf_eval/lib/python3.10/site-packages/clip/clip.py:6: UserWarning: pkg_resources is deprecated as an API. See https://setuptools.pypa.io/en/latest/pkg_resources.html. The pkg_resources package is slated for removal as early as 2025-11-30. Refrain from using this package or pin to Setuptools<81.
  from pkg_resources import packaging
/home/suraj/miniforge3/envs/qvg_sf_eval/lib/python3.10/site-packages/timm/models/layers/__init__.py:48: FutureWarning: Importing from timm.models.layers is deprecated, please import via timm.layers
  warnings.warn(f"Importing from {__name__} is deprecated, please import via timm.layers", FutureWarning)
/home/suraj/miniforge3/envs/qvg_sf_eval/lib/python3.10/site-packages/pyiqa/archs/arch_util.py:118: FutureWarning: You are using `torch.load` with `weights_only=False` (the current default value), which uses the default pickle module implicitly. It is possible to construct malicious pickle data which will execute arbitrary code during unpickling (See https://github.com/pytorch/pytorch/blob/main/SECURITY.md#untrusted-models for more details). In a future release, the default value for `weights_only` will be flipped to `True`. This limits the functions that could be executed during unpickling. Arbitrary objects will no longer be allowed to be loaded via this mode unless they are explicitly allowlisted by the user via `torch.serialization.add_safe_globals`. We recommend you start setting `weights_only=True` for any use case where you don't have full control of the loaded file. Please open an issue on GitHub for any issues related to this experimental feature.
  state_dict = torch.load(model_path, map_location=torch.device("cpu"))
args: Namespace(output_path='/data/vaishak/combined-kv-quant/results/combined/backfills/drift/moviegen/67ab5d27db8adde6_PRQ_INT2/vbench_PRQ_INT2_165', full_json_dir='/data/vaishak/combined-kv-quant/third_party/VBench/vbench/VBench_full_info.json', videos_path='/data/vaishak/combined-kv-quant/results/combined/backfills/drift/moviegen/67ab5d27db8adde6_PRQ_INT2/PRQ_INT2_frames_165', dimension=['imaging_quality'], load_ckpt_from_local=None, read_frame=None, mode='custom_input', prompt='None', prompt_file='/data/vaishak/combined-kv-quant/results/combined/backfills/drift/moviegen/67ab5d27db8adde6_PRQ_INT2/prompt_map_165.json', category=None, imaging_quality_preprocessing_mode='longer')
start evaluation
Evaluation meta data saved to /data/vaishak/combined-kv-quant/results/combined/backfills/drift/moviegen/67ab5d27db8adde6_PRQ_INT2/vbench_PRQ_INT2_165/results_2026-03-10-23:04:28_full_info.json
cur_full_info_path: /data/vaishak/combined-kv-quant/results/combined/backfills/drift/moviegen/67ab5d27db8adde6_PRQ_INT2/vbench_PRQ_INT2_165/results_2026-03-10-23:04:28_full_info.json
Loading pretrained model MUSIQ from /home/vaishak/.cache/vbench/pyiqa_model/musiq_spaq_ckpt-358bb6af.pth
  0%|          | 0/10 [00:00<?, ?it/s] 10%|█         | 1/10 [00:04<00:39,  4.43s/it] 20%|██        | 2/10 [00:08<00:34,  4.26s/it] 30%|███       | 3/10 [00:12<00:29,  4.22s/it] 40%|████      | 4/10 [00:16<00:25,  4.19s/it] 50%|█████     | 5/10 [00:20<00:20,  4.02s/it] 60%|██████    | 6/10 [00:23<00:15,  3.76s/it] 70%|███████   | 7/10 [00:27<00:10,  3.60s/it] 80%|████████  | 8/10 [00:30<00:06,  3.50s/it] 90%|█████████ | 9/10 [00:33<00:03,  3.40s/it]100%|██████████| 10/10 [00:36<00:00,  3.39s/it]100%|██████████| 10/10 [00:36<00:00,  3.69s/it]
Evaluation results saved to /data/vaishak/combined-kv-quant/results/combined/backfills/drift/moviegen/67ab5d27db8adde6_PRQ_INT2/vbench_PRQ_INT2_165/results_2026-03-10-23:04:28_eval_results.json
done
[rank0]:[W310 23:05:08.299994587 ProcessGroupNCCL.cpp:1250] Warning: WARNING: process group has NOT been destroyed before we destruct ProcessGroupNCCL. On normal program exit, the application should call destroy_process_group to ensure that any pending NCCL operations have finished in this process. In rare cases this process can exit before this point and block the progress of another member of the process group. This constraint has always been present,  but this warning has only been added since PyTorch 2.4 (function operator())
{
  "method": "PRQ_INT2",
  "frame_step": 165,
  "max_frames": 165,
  "curve": [
    {
      "frame_cap": 165,
      "imaging_quality": [
        0.7395909836277818,
        [
          {
            "video_path": "/data/vaishak/combined-kv-quant/results/combined/backfills/drift/moviegen/67ab5d27db8adde6_PRQ_INT2/PRQ_INT2_frames_165/prompt_0007_seed_7.mp4",
            "video_results": 76.30881380023378
          },
          {
            "video_path": "/data/vaishak/combined-kv-quant/results/combined/backfills/drift/moviegen/67ab5d27db8adde6_PRQ_INT2/PRQ_INT2_frames_165/prompt_0006_seed_6.mp4",
            "video_results": 69.19947144479463
          },
          {
            "video_path": "/data/vaishak/combined-kv-quant/results/combined/backfills/drift/moviegen/67ab5d27db8adde6_PRQ_INT2/PRQ_INT2_frames_165/prompt_0004_seed_4.mp4",
            "video_results": 71.16602038759174
          },
          {
            "video_path": "/data/vaishak/combined-kv-quant/results/combined/backfills/drift/moviegen/67ab5d27db8adde6_PRQ_INT2/PRQ_INT2_frames_165/prompt_0003_seed_3.mp4",
            "video_results": 75.80403479373817
          },
          {
            "video_path": "/data/vaishak/combined-kv-quant/results/combined/backfills/drift/moviegen/67ab5d27db8adde6_PRQ_INT2/PRQ_INT2_frames_165/prompt_0005_seed_5.mp4",
            "video_results": 78.16313213001598
          },
          {
            "video_path": "/data/vaishak/combined-kv-quant/results/combined/backfills/drift/moviegen/67ab5d27db8adde6_PRQ_INT2/PRQ_INT2_frames_165/prompt_0002_seed_2.mp4",
            "video_results": 73.49194719719165
          },
          {
            "video_path": "/data/vaishak/combined-kv-quant/results/combined/backfills/drift/moviegen/67ab5d27db8adde6_PRQ_INT2/PRQ_INT2_frames_165/prompt_0001_seed_1.mp4",
            "video_results": 76.67253237637607
          },
          {
            "video_path": "/data/vaishak/combined-kv-quant/results/combined/backfills/drift/moviegen/67ab5d27db8adde6_PRQ_INT2/PRQ_INT2_frames_165/prompt_0009_seed_9.mp4",
            "video_results": 71.86911736690637
          },
          {
            "video_path": "/data/vaishak/combined-kv-quant/results/combined/backfills/drift/moviegen/67ab5d27db8adde6_PRQ_INT2/PRQ_INT2_frames_165/prompt_0008_seed_8.mp4",
            "video_results": 78.04941332267992
          },
          {
            "video_path": "/data/vaishak/combined-kv-quant/results/combined/backfills/drift/moviegen/67ab5d27db8adde6_PRQ_INT2/PRQ_INT2_frames_165/prompt_0000_seed_0.mp4",
            "video_results": 68.86650080825343
          }
        ]
      ]
    }
  ]
}
$ /home/suraj/miniforge3/envs/qvg_sf_eval/bin/python /data/vaishak/combined-kv-quant/scripts/04_eval_drift_curve.py --method KIVI_INT2 --videos-dir /data/suraj/kv-quant-longhorizon/results/runs/1773110004_presentation_moviegen_fullmatrix/videos/KIVI_INT2 --prompt-file /data/vaishak/combined-kv-quant/prompts/MovieGenVideoBench_extended.txt --frame-step 165 --max-frames 165 --work-dir /data/vaishak/combined-kv-quant/results/combined/backfills/drift/moviegen/af58a401e639e869_KIVI_INT2 --output /data/vaishak/combined-kv-quant/results/combined/backfills/drift/moviegen/af58a401e639e869_KIVI_INT2.json
$ /home/suraj/miniforge3/envs/qvg_sf_eval/bin/python /data/vaishak/combined-kv-quant/scripts/04_eval_drift_curve.py --method KIVI_INT4 --videos-dir /data/suraj/kv-quant-longhorizon/results/runs/1773110004_presentation_moviegen_fullmatrix/videos/KIVI_INT4 --prompt-file /data/vaishak/combined-kv-quant/prompts/MovieGenVideoBench_extended.txt --frame-step 165 --max-frames 165 --work-dir /data/vaishak/combined-kv-quant/results/combined/backfills/drift/moviegen/9e64fe6810cd765d_KIVI_INT4 --output /data/vaishak/combined-kv-quant/results/combined/backfills/drift/moviegen/9e64fe6810cd765d_KIVI_INT4.json
$ /home/suraj/miniforge3/envs/qvg_sf_eval/bin/python /data/vaishak/combined-kv-quant/scripts/04_eval_drift_curve.py --method KIVI_K2_V4 --videos-dir /data/suraj/kv-quant-longhorizon/results/runs/1773110004_presentation_moviegen_fullmatrix/videos/KIVI_K2_V4 --prompt-file /data/vaishak/combined-kv-quant/prompts/MovieGenVideoBench_extended.txt --frame-step 165 --max-frames 165 --work-dir /data/vaishak/combined-kv-quant/results/combined/backfills/drift/moviegen/a863dfd141d557e1_KIVI_K2_V4 --output /data/vaishak/combined-kv-quant/results/combined/backfills/drift/moviegen/a863dfd141d557e1_KIVI_K2_V4.json
$ /home/suraj/miniforge3/envs/qvg_sf_eval/bin/python /data/vaishak/combined-kv-quant/scripts/04_eval_drift_curve.py --method FLOWCACHE_PRUNE_INT4 --videos-dir /data/vaishak/combined-kv-quant/results/runs/backfill_flowcache_prune_int4_27bbc04277fe_10s/videos/FLOWCACHE_PRUNE_INT4 --prompt-file /data/vaishak/combined-kv-quant/prompts/MovieGenVideoBench_extended.txt --frame-step 165 --max-frames 165 --work-dir /data/vaishak/combined-kv-quant/results/combined/backfills/drift/moviegen/e48121ee371df766_FLOWCACHE_PRUNE_INT4 --output /data/vaishak/combined-kv-quant/results/combined/backfills/drift/moviegen/e48121ee371df766_FLOWCACHE_PRUNE_INT4.json
$ /home/suraj/miniforge3/envs/qvg_sf_eval/bin/python /data/vaishak/combined-kv-quant/scripts/04_eval_drift_curve.py --method FLOWCACHE_SOFT_PRUNE_INT2 --videos-dir /data/vaishak/combined-kv-quant/results/runs/backfill_flowcache_soft_prune_int2_24b7f6c1cfbb_10s/videos/FLOWCACHE_SOFT_PRUNE_INT2 --prompt-file /data/vaishak/combined-kv-quant/prompts/MovieGenVideoBench_extended.txt --frame-step 165 --max-frames 165 --work-dir /data/vaishak/combined-kv-quant/results/combined/backfills/drift/moviegen/42567fb8425cc7c3_FLOWCACHE_SOFT_PRUNE_INT2 --output /data/vaishak/combined-kv-quant/results/combined/backfills/drift/moviegen/42567fb8425cc7c3_FLOWCACHE_SOFT_PRUNE_INT2.json
$ /home/suraj/miniforge3/envs/qvg_sf_eval/bin/python /data/vaishak/combined-kv-quant/scripts/04_eval_drift_curve.py --method FLOWCACHE_SOFT_PRUNE_INT4 --videos-dir /data/vaishak/combined-kv-quant/results/runs/backfill_flowcache_soft_prune_int4_5f5a998802bd_10s/videos/FLOWCACHE_SOFT_PRUNE_INT4 --prompt-file /data/vaishak/combined-kv-quant/prompts/MovieGenVideoBench_extended.txt --frame-step 165 --max-frames 165 --work-dir /data/vaishak/combined-kv-quant/results/combined/backfills/drift/moviegen/6e4410e813d22e54_FLOWCACHE_SOFT_PRUNE_INT4 --output /data/vaishak/combined-kv-quant/results/combined/backfills/drift/moviegen/6e4410e813d22e54_FLOWCACHE_SOFT_PRUNE_INT4.json
$ /home/suraj/miniforge3/envs/qvg_sf_eval/bin/python /data/vaishak/combined-kv-quant/scripts/04_eval_drift_curve.py --method PRQ_INT2 --videos-dir /data/vaishak/combined-kv-quant/results/runs/backfill_prq_int2_c800cfa2a981_10s/videos/PRQ_INT2 --prompt-file /data/vaishak/combined-kv-quant/prompts/MovieGenVideoBench_extended.txt --frame-step 165 --max-frames 165 --work-dir /data/vaishak/combined-kv-quant/results/combined/backfills/drift/moviegen/67ab5d27db8adde6_PRQ_INT2 --output /data/vaishak/combined-kv-quant/results/combined/backfills/drift/moviegen/67ab5d27db8adde6_PRQ_INT2.json
[drift-backfill] summary results/combined/backfills/drift_gpu3_summary.json
