ffmpeg version 6.1.1-3ubuntu5 Copyright (c) 2000-2023 the FFmpeg developers
  built with gcc 13 (Ubuntu 13.2.0-23ubuntu3)
  configuration: --prefix=/usr --extra-version=3ubuntu5 --toolchain=hardened --libdir=/usr/lib/x86_64-linux-gnu --incdir=/usr/include/x86_64-linux-gnu --arch=amd64 --enable-gpl --disable-stripping --disable-omx --enable-gnutls --enable-libaom --enable-libass --enable-libbs2b --enable-libcaca --enable-libcdio --enable-libcodec2 --enable-libdav1d --enable-libflite --enable-libfontconfig --enable-libfreetype --enable-libfribidi --enable-libglslang --enable-libgme --enable-libgsm --enable-libharfbuzz --enable-libmp3lame --enable-libmysofa --enable-libopenjpeg --enable-libopenmpt --enable-libopus --enable-librubberband --enable-libshine --enable-libsnappy --enable-libsoxr --enable-libspeex --enable-libtheora --enable-libtwolame --enable-libvidstab --enable-libvorbis --enable-libvpx --enable-libwebp --enable-libx265 --enable-libxml2 --enable-libxvid --enable-libzimg --enable-openal --enable-opencl --enable-opengl --disable-sndio --enable-libvpl --disable-libmfx --enable-libdc1394 --enable-libdrm --enable-libiec61883 --enable-chromaprint --enable-frei0r --enable-ladspa --enable-libbluray --enable-libjack --enable-libpulse --enable-librabbitmq --enable-librist --enable-libsrt --enable-libssh --enable-libsvtav1 --enable-libx264 --enable-libzmq --enable-libzvbi --enable-lv2 --enable-sdl2 --enable-libplacebo --enable-librav1e --enable-pocketsphinx --enable-librsvg --enable-libjxl --enable-shared
  libavutil      58. 29.100 / 58. 29.100
  libavcodec     60. 31.102 / 60. 31.102
  libavformat    60. 16.100 / 60. 16.100
  libavdevice    60.  3.100 / 60.  3.100
  libavfilter     9. 12.100 /  9. 12.100
  libswscale      7.  5.100 /  7.  5.100
  libswresample   4. 12.100 /  4. 12.100
  libpostproc    57.  3.100 / 57.  3.100
Input #0, mov,mp4,m4a,3gp,3g2,mj2, from '/data/suraj/kv-quant-longhorizon/results/runs/1773110004_presentation_moviegen_fullmatrix/videos/RTN_INT4/prompt_0000_seed_0.mp4':
  Metadata:
    major_brand     : isom
    minor_version   : 512
    compatible_brands: isomiso2avc1mp41
    encoder         : Lavf61.1.100
  Duration: 00:00:10.31, start: 0.000000, bitrate: 1045 kb/s
  Stream #0:0[0x1](und): Video: h264 (High) (avc1 / 0x31637661), yuv420p(progressive), 832x480, 1043 kb/s, 16 fps, 16 tbr, 16384 tbn (default)
    Metadata:
      handler_name    : VideoHandler
      vendor_id       : [0][0][0][0]
Stream mapping:
  Stream #0:0 -> #0:0 (h264 (native) -> h264 (libx264))
Press [q] to stop, [?] for help
[libx264 @ 0x55be67f1d2c0] using cpu capabilities: MMX2 SSE2Fast SSSE3 SSE4.2 AVX FMA3 BMI2 AVX2
[libx264 @ 0x55be67f1d2c0] profile High, level 3.0, 4:2:0, 8-bit
[libx264 @ 0x55be67f1d2c0] 264 - core 164 r3108 31e19f9 - H.264/MPEG-4 AVC codec - Copyleft 2003-2023 - http://www.videolan.org/x264.html - options: cabac=1 ref=3 deblock=1:0:0 analyse=0x3:0x113 me=hex subme=7 psy=1 psy_rd=1.00:0.00 mixed_ref=1 me_range=16 chroma_me=1 trellis=1 8x8dct=1 cqm=0 deadzone=21,11 fast_pskip=1 chroma_qp_offset=-2 threads=15 lookahead_threads=2 sliced_threads=0 nr=0 decimate=1 interlaced=0 bluray_compat=0 constrained_intra=0 bframes=3 b_pyramid=2 b_adapt=1 b_bias=0 direct=1 weightb=1 open_gop=0 weightp=2 keyint=250 keyint_min=16 scenecut=40 intra_refresh=0 rc_lookahead=40 rc=crf mbtree=1 crf=23.0 qcomp=0.60 qpmin=0 qpmax=69 qpstep=4 ip_ratio=1.40 aq=1:1.00
Output #0, mp4, to '/data/vaishak/combined-kv-quant/results/combined/backfills/drift/moviegen/9525a239d810abd5_RTN_INT4/RTN_INT4_frames_165/prompt_0000_seed_0.mp4':
  Metadata:
    major_brand     : isom
    minor_version   : 512
    compatible_brands: isomiso2avc1mp41
    encoder         : Lavf60.16.100
  Stream #0:0(und): Video: h264 (avc1 / 0x31637661), yuv420p(progressive), 832x480, q=2-31, 16 fps, 16384 tbn (default)
    Metadata:
      handler_name    : VideoHandler
      vendor_id       : [0][0][0][0]
      encoder         : Lavc60.31.102 libx264
    Side data:
      cpb: bitrate max/min/avg: 0/0/0 buffer size: 0 vbv_delay: N/A
frame=    0 fps=0.0 q=0.0 size=       0kB time=N/A bitrate=N/A speed=N/A    [out#0/mp4 @ 0x55be67e90100] video:1702kB audio:0kB subtitle:0kB other streams:0kB global headers:0kB muxing overhead: 0.163850%
frame=  165 fps=0.0 q=-1.0 Lsize=    1704kB time=00:00:10.12 bitrate=1379.0kbits/s speed=15.1x    
[libx264 @ 0x55be67f1d2c0] frame I:1     Avg QP:23.64  size: 66190
[libx264 @ 0x55be67f1d2c0] frame P:44    Avg QP:23.87  size: 21844
[libx264 @ 0x55be67f1d2c0] frame B:120   Avg QP:27.57  size:  5953
[libx264 @ 0x55be67f1d2c0] consecutive B-frames:  1.8%  3.6%  0.0% 94.5%
[libx264 @ 0x55be67f1d2c0] mb I  I16..4:  2.1% 57.2% 40.8%
[libx264 @ 0x55be67f1d2c0] mb P  I16..4:  1.9% 14.4%  3.8%  P16..4: 37.8% 28.3% 11.2%  0.0%  0.0%    skip: 2.7%
[libx264 @ 0x55be67f1d2c0] mb B  I16..4:  0.2%  1.2%  0.4%  B16..8: 46.8% 12.2%  2.9%  direct: 4.1%  skip:32.2%  L0:49.1% L1:35.7% BI:15.2%
[libx264 @ 0x55be67f1d2c0] 8x8 transform intra:69.0% inter:70.6%
[libx264 @ 0x55be67f1d2c0] coded y,uvDC,uvAC intra: 76.9% 91.3% 55.3% inter: 28.5% 31.3% 3.8%
[libx264 @ 0x55be67f1d2c0] i16 v,h,dc,p: 40% 14% 10% 35%
[libx264 @ 0x55be67f1d2c0] i8 v,h,dc,ddl,ddr,vr,hd,vl,hu: 28% 14% 13%  5%  6% 10%  7%  9%  8%
[libx264 @ 0x55be67f1d2c0] i4 v,h,dc,ddl,ddr,vr,hd,vl,hu: 30% 13% 13%  6%  7% 10%  7%  9%  6%
[libx264 @ 0x55be67f1d2c0] i8c dc,h,v,p: 36% 14% 35% 15%
[libx264 @ 0x55be67f1d2c0] Weighted P-Frames: Y:11.4% UV:9.1%
[libx264 @ 0x55be67f1d2c0] ref P L0: 52.9% 28.4% 12.8%  4.9%  1.0%
[libx264 @ 0x55be67f1d2c0] ref B L0: 93.4%  5.3%  1.3%
[libx264 @ 0x55be67f1d2c0] ref B L1: 99.2%  0.8%
[libx264 @ 0x55be67f1d2c0] kb/s:1351.18
ffmpeg version 6.1.1-3ubuntu5 Copyright (c) 2000-2023 the FFmpeg developers
  built with gcc 13 (Ubuntu 13.2.0-23ubuntu3)
  configuration: --prefix=/usr --extra-version=3ubuntu5 --toolchain=hardened --libdir=/usr/lib/x86_64-linux-gnu --incdir=/usr/include/x86_64-linux-gnu --arch=amd64 --enable-gpl --disable-stripping --disable-omx --enable-gnutls --enable-libaom --enable-libass --enable-libbs2b --enable-libcaca --enable-libcdio --enable-libcodec2 --enable-libdav1d --enable-libflite --enable-libfontconfig --enable-libfreetype --enable-libfribidi --enable-libglslang --enable-libgme --enable-libgsm --enable-libharfbuzz --enable-libmp3lame --enable-libmysofa --enable-libopenjpeg --enable-libopenmpt --enable-libopus --enable-librubberband --enable-libshine --enable-libsnappy --enable-libsoxr --enable-libspeex --enable-libtheora --enable-libtwolame --enable-libvidstab --enable-libvorbis --enable-libvpx --enable-libwebp --enable-libx265 --enable-libxml2 --enable-libxvid --enable-libzimg --enable-openal --enable-opencl --enable-opengl --disable-sndio --enable-libvpl --disable-libmfx --enable-libdc1394 --enable-libdrm --enable-libiec61883 --enable-chromaprint --enable-frei0r --enable-ladspa --enable-libbluray --enable-libjack --enable-libpulse --enable-librabbitmq --enable-librist --enable-libsrt --enable-libssh --enable-libsvtav1 --enable-libx264 --enable-libzmq --enable-libzvbi --enable-lv2 --enable-sdl2 --enable-libplacebo --enable-librav1e --enable-pocketsphinx --enable-librsvg --enable-libjxl --enable-shared
  libavutil      58. 29.100 / 58. 29.100
  libavcodec     60. 31.102 / 60. 31.102
  libavformat    60. 16.100 / 60. 16.100
  libavdevice    60.  3.100 / 60.  3.100
  libavfilter     9. 12.100 /  9. 12.100
  libswscale      7.  5.100 /  7.  5.100
  libswresample   4. 12.100 /  4. 12.100
  libpostproc    57.  3.100 / 57.  3.100
Input #0, mov,mp4,m4a,3gp,3g2,mj2, from '/data/suraj/kv-quant-longhorizon/results/runs/1773110004_presentation_moviegen_fullmatrix/videos/RTN_INT4/prompt_0001_seed_1.mp4':
  Metadata:
    major_brand     : isom
    minor_version   : 512
    compatible_brands: isomiso2avc1mp41
    encoder         : Lavf61.1.100
  Duration: 00:00:10.31, start: 0.000000, bitrate: 1022 kb/s
  Stream #0:0[0x1](und): Video: h264 (High) (avc1 / 0x31637661), yuv420p(progressive), 832x480, 1020 kb/s, 16 fps, 16 tbr, 16384 tbn (default)
    Metadata:
      handler_name    : VideoHandler
      vendor_id       : [0][0][0][0]
Stream mapping:
  Stream #0:0 -> #0:0 (h264 (native) -> h264 (libx264))
Press [q] to stop, [?] for help
[libx264 @ 0x5a508e04f580] using cpu capabilities: MMX2 SSE2Fast SSSE3 SSE4.2 AVX FMA3 BMI2 AVX2
[libx264 @ 0x5a508e04f580] profile High, level 3.0, 4:2:0, 8-bit
[libx264 @ 0x5a508e04f580] 264 - core 164 r3108 31e19f9 - H.264/MPEG-4 AVC codec - Copyleft 2003-2023 - http://www.videolan.org/x264.html - options: cabac=1 ref=3 deblock=1:0:0 analyse=0x3:0x113 me=hex subme=7 psy=1 psy_rd=1.00:0.00 mixed_ref=1 me_range=16 chroma_me=1 trellis=1 8x8dct=1 cqm=0 deadzone=21,11 fast_pskip=1 chroma_qp_offset=-2 threads=15 lookahead_threads=2 sliced_threads=0 nr=0 decimate=1 interlaced=0 bluray_compat=0 constrained_intra=0 bframes=3 b_pyramid=2 b_adapt=1 b_bias=0 direct=1 weightb=1 open_gop=0 weightp=2 keyint=250 keyint_min=16 scenecut=40 intra_refresh=0 rc_lookahead=40 rc=crf mbtree=1 crf=23.0 qcomp=0.60 qpmin=0 qpmax=69 qpstep=4 ip_ratio=1.40 aq=1:1.00
Output #0, mp4, to '/data/vaishak/combined-kv-quant/results/combined/backfills/drift/moviegen/9525a239d810abd5_RTN_INT4/RTN_INT4_frames_165/prompt_0001_seed_1.mp4':
  Metadata:
    major_brand     : isom
    minor_version   : 512
    compatible_brands: isomiso2avc1mp41
    encoder         : Lavf60.16.100
  Stream #0:0(und): Video: h264 (avc1 / 0x31637661), yuv420p(progressive), 832x480, q=2-31, 16 fps, 16384 tbn (default)
    Metadata:
      handler_name    : VideoHandler
      vendor_id       : [0][0][0][0]
      encoder         : Lavc60.31.102 libx264
    Side data:
      cpb: bitrate max/min/avg: 0/0/0 buffer size: 0 vbv_delay: N/A
frame=    0 fps=0.0 q=0.0 size=       0kB time=N/A bitrate=N/A speed=N/A    [out#0/mp4 @ 0x5a508dfc3d40] video:1737kB audio:0kB subtitle:0kB other streams:0kB global headers:0kB muxing overhead: 0.159580%
frame=  165 fps=0.0 q=-1.0 Lsize=    1740kB time=00:00:10.12 bitrate=1407.9kbits/s speed=16.6x    
[libx264 @ 0x5a508e04f580] frame I:1     Avg QP:22.38  size: 66239
[libx264 @ 0x5a508e04f580] frame P:47    Avg QP:22.62  size: 24715
[libx264 @ 0x5a508e04f580] frame B:117   Avg QP:26.30  size:  4705
[libx264 @ 0x5a508e04f580] consecutive B-frames:  0.6% 13.3%  3.6% 82.4%
[libx264 @ 0x5a508e04f580] mb I  I16..4:  0.6% 64.8% 34.6%
[libx264 @ 0x5a508e04f580] mb P  I16..4:  0.6%  3.4%  0.8%  P16..4: 43.7% 29.0% 16.3%  0.0%  0.0%    skip: 6.2%
[libx264 @ 0x5a508e04f580] mb B  I16..4:  0.0%  0.0%  0.0%  B16..8: 50.9%  7.8%  2.9%  direct: 2.4%  skip:36.0%  L0:39.8% L1:49.2% BI:11.0%
[libx264 @ 0x5a508e04f580] 8x8 transform intra:69.0% inter:63.6%
[libx264 @ 0x5a508e04f580] coded y,uvDC,uvAC intra: 82.8% 85.5% 45.3% inter: 25.8% 18.3% 0.2%
[libx264 @ 0x5a508e04f580] i16 v,h,dc,p: 13% 40% 16% 31%
[libx264 @ 0x5a508e04f580] i8 v,h,dc,ddl,ddr,vr,hd,vl,hu: 10% 26% 18%  5%  7%  6% 12%  6% 10%
[libx264 @ 0x5a508e04f580] i4 v,h,dc,ddl,ddr,vr,hd,vl,hu: 10% 24% 13%  7%  9%  7% 13%  7% 11%
[libx264 @ 0x5a508e04f580] i8c dc,h,v,p: 43% 34% 12% 11%
[libx264 @ 0x5a508e04f580] Weighted P-Frames: Y:25.5% UV:0.0%
[libx264 @ 0x5a508e04f580] ref P L0: 52.9% 28.3% 14.2%  4.0%  0.6%
[libx264 @ 0x5a508e04f580] ref B L0: 95.5%  4.1%  0.4%
[libx264 @ 0x5a508e04f580] ref B L1: 98.6%  1.4%
[libx264 @ 0x5a508e04f580] kb/s:1379.57
ffmpeg version 6.1.1-3ubuntu5 Copyright (c) 2000-2023 the FFmpeg developers
  built with gcc 13 (Ubuntu 13.2.0-23ubuntu3)
  configuration: --prefix=/usr --extra-version=3ubuntu5 --toolchain=hardened --libdir=/usr/lib/x86_64-linux-gnu --incdir=/usr/include/x86_64-linux-gnu --arch=amd64 --enable-gpl --disable-stripping --disable-omx --enable-gnutls --enable-libaom --enable-libass --enable-libbs2b --enable-libcaca --enable-libcdio --enable-libcodec2 --enable-libdav1d --enable-libflite --enable-libfontconfig --enable-libfreetype --enable-libfribidi --enable-libglslang --enable-libgme --enable-libgsm --enable-libharfbuzz --enable-libmp3lame --enable-libmysofa --enable-libopenjpeg --enable-libopenmpt --enable-libopus --enable-librubberband --enable-libshine --enable-libsnappy --enable-libsoxr --enable-libspeex --enable-libtheora --enable-libtwolame --enable-libvidstab --enable-libvorbis --enable-libvpx --enable-libwebp --enable-libx265 --enable-libxml2 --enable-libxvid --enable-libzimg --enable-openal --enable-opencl --enable-opengl --disable-sndio --enable-libvpl --disable-libmfx --enable-libdc1394 --enable-libdrm --enable-libiec61883 --enable-chromaprint --enable-frei0r --enable-ladspa --enable-libbluray --enable-libjack --enable-libpulse --enable-librabbitmq --enable-librist --enable-libsrt --enable-libssh --enable-libsvtav1 --enable-libx264 --enable-libzmq --enable-libzvbi --enable-lv2 --enable-sdl2 --enable-libplacebo --enable-librav1e --enable-pocketsphinx --enable-librsvg --enable-libjxl --enable-shared
  libavutil      58. 29.100 / 58. 29.100
  libavcodec     60. 31.102 / 60. 31.102
  libavformat    60. 16.100 / 60. 16.100
  libavdevice    60.  3.100 / 60.  3.100
  libavfilter     9. 12.100 /  9. 12.100
  libswscale      7.  5.100 /  7.  5.100
  libswresample   4. 12.100 /  4. 12.100
  libpostproc    57.  3.100 / 57.  3.100
Input #0, mov,mp4,m4a,3gp,3g2,mj2, from '/data/suraj/kv-quant-longhorizon/results/runs/1773110004_presentation_moviegen_fullmatrix/videos/RTN_INT4/prompt_0002_seed_2.mp4':
  Metadata:
    major_brand     : isom
    minor_version   : 512
    compatible_brands: isomiso2avc1mp41
    encoder         : Lavf61.1.100
  Duration: 00:00:10.31, start: 0.000000, bitrate: 1032 kb/s
  Stream #0:0[0x1](und): Video: h264 (High) (avc1 / 0x31637661), yuv420p(progressive), 832x480, 1030 kb/s, 16 fps, 16 tbr, 16384 tbn (default)
    Metadata:
      handler_name    : VideoHandler
      vendor_id       : [0][0][0][0]
Stream mapping:
  Stream #0:0 -> #0:0 (h264 (native) -> h264 (libx264))
Press [q] to stop, [?] for help
[libx264 @ 0x5a517f6cd400] using cpu capabilities: MMX2 SSE2Fast SSSE3 SSE4.2 AVX FMA3 BMI2 AVX2
[libx264 @ 0x5a517f6cd400] profile High, level 3.0, 4:2:0, 8-bit
[libx264 @ 0x5a517f6cd400] 264 - core 164 r3108 31e19f9 - H.264/MPEG-4 AVC codec - Copyleft 2003-2023 - http://www.videolan.org/x264.html - options: cabac=1 ref=3 deblock=1:0:0 analyse=0x3:0x113 me=hex subme=7 psy=1 psy_rd=1.00:0.00 mixed_ref=1 me_range=16 chroma_me=1 trellis=1 8x8dct=1 cqm=0 deadzone=21,11 fast_pskip=1 chroma_qp_offset=-2 threads=15 lookahead_threads=2 sliced_threads=0 nr=0 decimate=1 interlaced=0 bluray_compat=0 constrained_intra=0 bframes=3 b_pyramid=2 b_adapt=1 b_bias=0 direct=1 weightb=1 open_gop=0 weightp=2 keyint=250 keyint_min=16 scenecut=40 intra_refresh=0 rc_lookahead=40 rc=crf mbtree=1 crf=23.0 qcomp=0.60 qpmin=0 qpmax=69 qpstep=4 ip_ratio=1.40 aq=1:1.00
Output #0, mp4, to '/data/vaishak/combined-kv-quant/results/combined/backfills/drift/moviegen/9525a239d810abd5_RTN_INT4/RTN_INT4_frames_165/prompt_0002_seed_2.mp4':
  Metadata:
    major_brand     : isom
    minor_version   : 512
    compatible_brands: isomiso2avc1mp41
    encoder         : Lavf60.16.100
  Stream #0:0(und): Video: h264 (avc1 / 0x31637661), yuv420p(progressive), 832x480, q=2-31, 16 fps, 16384 tbn (default)
    Metadata:
      handler_name    : VideoHandler
      vendor_id       : [0][0][0][0]
      encoder         : Lavc60.31.102 libx264
    Side data:
      cpb: bitrate max/min/avg: 0/0/0 buffer size: 0 vbv_delay: N/A
frame=    0 fps=0.0 q=0.0 size=       0kB time=N/A bitrate=N/A speed=N/A    [out#0/mp4 @ 0x5a517f6cc000] video:1416kB audio:0kB subtitle:0kB other streams:0kB global headers:0kB muxing overhead: 0.196582%
frame=  165 fps=0.0 q=-1.0 Lsize=    1419kB time=00:00:10.12 bitrate=1148.2kbits/s speed=17.3x    
[libx264 @ 0x5a517f6cd400] frame I:2     Avg QP:20.43  size: 29188
[libx264 @ 0x5a517f6cd400] frame P:42    Avg QP:22.27  size: 17123
[libx264 @ 0x5a517f6cd400] frame B:121   Avg QP:25.20  size:  5554
[libx264 @ 0x5a517f6cd400] consecutive B-frames:  1.2%  2.4%  1.8% 94.5%
[libx264 @ 0x5a517f6cd400] mb I  I16..4: 32.2% 53.1% 14.7%
[libx264 @ 0x5a517f6cd400] mb P  I16..4:  5.0% 11.7%  2.7%  P16..4: 44.3% 18.0%  7.8%  0.0%  0.0%    skip:10.6%
[libx264 @ 0x5a517f6cd400] mb B  I16..4:  0.2%  0.8%  0.3%  B16..8: 42.2% 10.1%  2.6%  direct: 2.9%  skip:40.9%  L0:41.9% L1:48.5% BI: 9.6%
[libx264 @ 0x5a517f6cd400] 8x8 transform intra:58.9% inter:68.3%
[libx264 @ 0x5a517f6cd400] coded y,uvDC,uvAC intra: 65.6% 72.6% 32.3% inter: 20.7% 25.1% 3.5%
[libx264 @ 0x5a517f6cd400] i16 v,h,dc,p:  3% 46%  2% 49%
[libx264 @ 0x5a517f6cd400] i8 v,h,dc,ddl,ddr,vr,hd,vl,hu: 12% 24% 16%  6%  7%  7% 10%  6% 11%
[libx264 @ 0x5a517f6cd400] i4 v,h,dc,ddl,ddr,vr,hd,vl,hu: 16% 21% 13%  6% 10%  9% 11%  6%  8%
[libx264 @ 0x5a517f6cd400] i8c dc,h,v,p: 42% 33% 16%  8%
[libx264 @ 0x5a517f6cd400] Weighted P-Frames: Y:23.8% UV:16.7%
[libx264 @ 0x5a517f6cd400] ref P L0: 56.9% 15.0% 17.4%  8.9%  1.8%
[libx264 @ 0x5a517f6cd400] ref B L0: 90.6%  7.5%  1.9%
[libx264 @ 0x5a517f6cd400] ref B L1: 98.3%  1.7%
[libx264 @ 0x5a517f6cd400] kb/s:1124.53
ffmpeg version 6.1.1-3ubuntu5 Copyright (c) 2000-2023 the FFmpeg developers
  built with gcc 13 (Ubuntu 13.2.0-23ubuntu3)
  configuration: --prefix=/usr --extra-version=3ubuntu5 --toolchain=hardened --libdir=/usr/lib/x86_64-linux-gnu --incdir=/usr/include/x86_64-linux-gnu --arch=amd64 --enable-gpl --disable-stripping --disable-omx --enable-gnutls --enable-libaom --enable-libass --enable-libbs2b --enable-libcaca --enable-libcdio --enable-libcodec2 --enable-libdav1d --enable-libflite --enable-libfontconfig --enable-libfreetype --enable-libfribidi --enable-libglslang --enable-libgme --enable-libgsm --enable-libharfbuzz --enable-libmp3lame --enable-libmysofa --enable-libopenjpeg --enable-libopenmpt --enable-libopus --enable-librubberband --enable-libshine --enable-libsnappy --enable-libsoxr --enable-libspeex --enable-libtheora --enable-libtwolame --enable-libvidstab --enable-libvorbis --enable-libvpx --enable-libwebp --enable-libx265 --enable-libxml2 --enable-libxvid --enable-libzimg --enable-openal --enable-opencl --enable-opengl --disable-sndio --enable-libvpl --disable-libmfx --enable-libdc1394 --enable-libdrm --enable-libiec61883 --enable-chromaprint --enable-frei0r --enable-ladspa --enable-libbluray --enable-libjack --enable-libpulse --enable-librabbitmq --enable-librist --enable-libsrt --enable-libssh --enable-libsvtav1 --enable-libx264 --enable-libzmq --enable-libzvbi --enable-lv2 --enable-sdl2 --enable-libplacebo --enable-librav1e --enable-pocketsphinx --enable-librsvg --enable-libjxl --enable-shared
  libavutil      58. 29.100 / 58. 29.100
  libavcodec     60. 31.102 / 60. 31.102
  libavformat    60. 16.100 / 60. 16.100
  libavdevice    60.  3.100 / 60.  3.100
  libavfilter     9. 12.100 /  9. 12.100
  libswscale      7.  5.100 /  7.  5.100
  libswresample   4. 12.100 /  4. 12.100
  libpostproc    57.  3.100 / 57.  3.100
Input #0, mov,mp4,m4a,3gp,3g2,mj2, from '/data/suraj/kv-quant-longhorizon/results/runs/1773110004_presentation_moviegen_fullmatrix/videos/RTN_INT4/prompt_0003_seed_3.mp4':
  Metadata:
    major_brand     : isom
    minor_version   : 512
    compatible_brands: isomiso2avc1mp41
    encoder         : Lavf61.1.100
  Duration: 00:00:10.31, start: 0.000000, bitrate: 1016 kb/s
  Stream #0:0[0x1](und): Video: h264 (High) (avc1 / 0x31637661), yuv420p(progressive), 832x480, 1014 kb/s, 16 fps, 16 tbr, 16384 tbn (default)
    Metadata:
      handler_name    : VideoHandler
      vendor_id       : [0][0][0][0]
Stream mapping:
  Stream #0:0 -> #0:0 (h264 (native) -> h264 (libx264))
Press [q] to stop, [?] for help
[libx264 @ 0x5f1b7dcfa400] using cpu capabilities: MMX2 SSE2Fast SSSE3 SSE4.2 AVX FMA3 BMI2 AVX2
[libx264 @ 0x5f1b7dcfa400] profile High, level 3.0, 4:2:0, 8-bit
[libx264 @ 0x5f1b7dcfa400] 264 - core 164 r3108 31e19f9 - H.264/MPEG-4 AVC codec - Copyleft 2003-2023 - http://www.videolan.org/x264.html - options: cabac=1 ref=3 deblock=1:0:0 analyse=0x3:0x113 me=hex subme=7 psy=1 psy_rd=1.00:0.00 mixed_ref=1 me_range=16 chroma_me=1 trellis=1 8x8dct=1 cqm=0 deadzone=21,11 fast_pskip=1 chroma_qp_offset=-2 threads=15 lookahead_threads=2 sliced_threads=0 nr=0 decimate=1 interlaced=0 bluray_compat=0 constrained_intra=0 bframes=3 b_pyramid=2 b_adapt=1 b_bias=0 direct=1 weightb=1 open_gop=0 weightp=2 keyint=250 keyint_min=16 scenecut=40 intra_refresh=0 rc_lookahead=40 rc=crf mbtree=1 crf=23.0 qcomp=0.60 qpmin=0 qpmax=69 qpstep=4 ip_ratio=1.40 aq=1:1.00
Output #0, mp4, to '/data/vaishak/combined-kv-quant/results/combined/backfills/drift/moviegen/9525a239d810abd5_RTN_INT4/RTN_INT4_frames_165/prompt_0003_seed_3.mp4':
  Metadata:
    major_brand     : isom
    minor_version   : 512
    compatible_brands: isomiso2avc1mp41
    encoder         : Lavf60.16.100
  Stream #0:0(und): Video: h264 (avc1 / 0x31637661), yuv420p(progressive), 832x480, q=2-31, 16 fps, 16384 tbn (default)
    Metadata:
      handler_name    : VideoHandler
      vendor_id       : [0][0][0][0]
      encoder         : Lavc60.31.102 libx264
    Side data:
      cpb: bitrate max/min/avg: 0/0/0 buffer size: 0 vbv_delay: N/A
frame=    0 fps=0.0 q=0.0 size=       0kB time=N/A bitrate=N/A speed=N/A    [out#0/mp4 @ 0x5f1b7dcf9000] video:2024kB audio:0kB subtitle:0kB other streams:0kB global headers:0kB muxing overhead: 0.138352%
frame=  165 fps=0.0 q=-1.0 Lsize=    2026kB time=00:00:10.12 bitrate=1639.6kbits/s speed=14.2x    
[libx264 @ 0x5f1b7dcfa400] frame I:2     Avg QP:21.85  size: 55628
[libx264 @ 0x5f1b7dcfa400] frame P:42    Avg QP:24.13  size: 27727
[libx264 @ 0x5f1b7dcfa400] frame B:121   Avg QP:26.43  size:  6577
[libx264 @ 0x5f1b7dcfa400] consecutive B-frames:  1.8%  1.2%  0.0% 97.0%
[libx264 @ 0x5f1b7dcfa400] mb I  I16..4: 14.0% 61.3% 24.8%
[libx264 @ 0x5f1b7dcfa400] mb P  I16..4:  1.9% 16.4%  3.4%  P16..4: 37.3% 24.0% 11.7%  0.0%  0.0%    skip: 5.3%
[libx264 @ 0x5f1b7dcfa400] mb B  I16..4:  0.1%  0.3%  0.1%  B16..8: 49.9% 11.3%  3.7%  direct: 3.6%  skip:31.1%  L0:35.6% L1:54.1% BI:10.2%
[libx264 @ 0x5f1b7dcfa400] 8x8 transform intra:72.7% inter:64.7%
[libx264 @ 0x5f1b7dcfa400] coded y,uvDC,uvAC intra: 85.9% 87.2% 43.1% inter: 29.1% 25.6% 0.9%
[libx264 @ 0x5f1b7dcfa400] i16 v,h,dc,p:  1% 46%  2% 51%
[libx264 @ 0x5f1b7dcfa400] i8 v,h,dc,ddl,ddr,vr,hd,vl,hu:  9% 19% 14%  7%  9%  7% 13%  9% 11%
[libx264 @ 0x5f1b7dcfa400] i4 v,h,dc,ddl,ddr,vr,hd,vl,hu: 10% 19% 13%  8% 11%  8% 14%  7% 10%
[libx264 @ 0x5f1b7dcfa400] i8c dc,h,v,p: 41% 27% 15% 17%
[libx264 @ 0x5f1b7dcfa400] Weighted P-Frames: Y:35.7% UV:21.4%
[libx264 @ 0x5f1b7dcfa400] ref P L0: 50.2% 24.0% 17.3%  6.6%  2.0%
[libx264 @ 0x5f1b7dcfa400] ref B L0: 95.7%  3.7%  0.7%
[libx264 @ 0x5f1b7dcfa400] ref B L1: 98.5%  1.5%
[libx264 @ 0x5f1b7dcfa400] kb/s:1607.03
ffmpeg version 6.1.1-3ubuntu5 Copyright (c) 2000-2023 the FFmpeg developers
  built with gcc 13 (Ubuntu 13.2.0-23ubuntu3)
  configuration: --prefix=/usr --extra-version=3ubuntu5 --toolchain=hardened --libdir=/usr/lib/x86_64-linux-gnu --incdir=/usr/include/x86_64-linux-gnu --arch=amd64 --enable-gpl --disable-stripping --disable-omx --enable-gnutls --enable-libaom --enable-libass --enable-libbs2b --enable-libcaca --enable-libcdio --enable-libcodec2 --enable-libdav1d --enable-libflite --enable-libfontconfig --enable-libfreetype --enable-libfribidi --enable-libglslang --enable-libgme --enable-libgsm --enable-libharfbuzz --enable-libmp3lame --enable-libmysofa --enable-libopenjpeg --enable-libopenmpt --enable-libopus --enable-librubberband --enable-libshine --enable-libsnappy --enable-libsoxr --enable-libspeex --enable-libtheora --enable-libtwolame --enable-libvidstab --enable-libvorbis --enable-libvpx --enable-libwebp --enable-libx265 --enable-libxml2 --enable-libxvid --enable-libzimg --enable-openal --enable-opencl --enable-opengl --disable-sndio --enable-libvpl --disable-libmfx --enable-libdc1394 --enable-libdrm --enable-libiec61883 --enable-chromaprint --enable-frei0r --enable-ladspa --enable-libbluray --enable-libjack --enable-libpulse --enable-librabbitmq --enable-librist --enable-libsrt --enable-libssh --enable-libsvtav1 --enable-libx264 --enable-libzmq --enable-libzvbi --enable-lv2 --enable-sdl2 --enable-libplacebo --enable-librav1e --enable-pocketsphinx --enable-librsvg --enable-libjxl --enable-shared
  libavutil      58. 29.100 / 58. 29.100
  libavcodec     60. 31.102 / 60. 31.102
  libavformat    60. 16.100 / 60. 16.100
  libavdevice    60.  3.100 / 60.  3.100
  libavfilter     9. 12.100 /  9. 12.100
  libswscale      7.  5.100 /  7.  5.100
  libswresample   4. 12.100 /  4. 12.100
  libpostproc    57.  3.100 / 57.  3.100
Input #0, mov,mp4,m4a,3gp,3g2,mj2, from '/data/suraj/kv-quant-longhorizon/results/runs/1773110004_presentation_moviegen_fullmatrix/videos/RTN_INT4/prompt_0004_seed_4.mp4':
  Metadata:
    major_brand     : isom
    minor_version   : 512
    compatible_brands: isomiso2avc1mp41
    encoder         : Lavf61.1.100
  Duration: 00:00:10.31, start: 0.000000, bitrate: 1098 kb/s
  Stream #0:0[0x1](und): Video: h264 (High) (avc1 / 0x31637661), yuv420p(progressive), 832x480, 1096 kb/s, 16 fps, 16 tbr, 16384 tbn (default)
    Metadata:
      handler_name    : VideoHandler
      vendor_id       : [0][0][0][0]
Stream mapping:
  Stream #0:0 -> #0:0 (h264 (native) -> h264 (libx264))
Press [q] to stop, [?] for help
[libx264 @ 0x5a85d3b3ee40] using cpu capabilities: MMX2 SSE2Fast SSSE3 SSE4.2 AVX FMA3 BMI2 AVX2
[libx264 @ 0x5a85d3b3ee40] profile High, level 3.0, 4:2:0, 8-bit
[libx264 @ 0x5a85d3b3ee40] 264 - core 164 r3108 31e19f9 - H.264/MPEG-4 AVC codec - Copyleft 2003-2023 - http://www.videolan.org/x264.html - options: cabac=1 ref=3 deblock=1:0:0 analyse=0x3:0x113 me=hex subme=7 psy=1 psy_rd=1.00:0.00 mixed_ref=1 me_range=16 chroma_me=1 trellis=1 8x8dct=1 cqm=0 deadzone=21,11 fast_pskip=1 chroma_qp_offset=-2 threads=15 lookahead_threads=2 sliced_threads=0 nr=0 decimate=1 interlaced=0 bluray_compat=0 constrained_intra=0 bframes=3 b_pyramid=2 b_adapt=1 b_bias=0 direct=1 weightb=1 open_gop=0 weightp=2 keyint=250 keyint_min=16 scenecut=40 intra_refresh=0 rc_lookahead=40 rc=crf mbtree=1 crf=23.0 qcomp=0.60 qpmin=0 qpmax=69 qpstep=4 ip_ratio=1.40 aq=1:1.00
Output #0, mp4, to '/data/vaishak/combined-kv-quant/results/combined/backfills/drift/moviegen/9525a239d810abd5_RTN_INT4/RTN_INT4_frames_165/prompt_0004_seed_4.mp4':
  Metadata:
    major_brand     : isom
    minor_version   : 512
    compatible_brands: isomiso2avc1mp41
    encoder         : Lavf60.16.100
  Stream #0:0(und): Video: h264 (avc1 / 0x31637661), yuv420p(progressive), 832x480, q=2-31, 16 fps, 16384 tbn (default)
    Metadata:
      handler_name    : VideoHandler
      vendor_id       : [0][0][0][0]
      encoder         : Lavc60.31.102 libx264
    Side data:
      cpb: bitrate max/min/avg: 0/0/0 buffer size: 0 vbv_delay: N/A
frame=    0 fps=0.0 q=0.0 size=       0kB time=N/A bitrate=N/A speed=N/A    [out#0/mp4 @ 0x5a85d3abe000] video:1013kB audio:0kB subtitle:0kB other streams:0kB global headers:0kB muxing overhead: 0.272493%
frame=  165 fps=0.0 q=-1.0 Lsize=    1016kB time=00:00:10.12 bitrate= 822.0kbits/s speed=  19x    
[libx264 @ 0x5a85d3b3ee40] frame I:2     Avg QP:20.23  size: 35948
[libx264 @ 0x5a85d3b3ee40] frame P:44    Avg QP:21.54  size: 14135
[libx264 @ 0x5a85d3b3ee40] frame B:119   Avg QP:25.68  size:  2882
[libx264 @ 0x5a85d3b3ee40] consecutive B-frames:  1.8%  4.8%  3.6% 89.7%
[libx264 @ 0x5a85d3b3ee40] mb I  I16..4: 16.1% 67.2% 16.8%
[libx264 @ 0x5a85d3b3ee40] mb P  I16..4:  1.5%  3.3%  0.7%  P16..4: 49.3% 23.0% 11.0%  0.0%  0.0%    skip:11.3%
[libx264 @ 0x5a85d3b3ee40] mb B  I16..4:  0.2%  0.4%  0.1%  B16..8: 35.2%  5.9%  1.3%  direct: 2.1%  skip:54.7%  L0:48.2% L1:43.0% BI: 8.8%
[libx264 @ 0x5a85d3b3ee40] 8x8 transform intra:61.7% inter:72.9%
[libx264 @ 0x5a85d3b3ee40] coded y,uvDC,uvAC intra: 63.5% 88.6% 49.2% inter: 16.5% 26.0% 1.4%
[libx264 @ 0x5a85d3b3ee40] i16 v,h,dc,p: 23% 37%  3% 36%
[libx264 @ 0x5a85d3b3ee40] i8 v,h,dc,ddl,ddr,vr,hd,vl,hu: 20% 27% 13%  5%  6%  7%  7%  8%  7%
[libx264 @ 0x5a85d3b3ee40] i4 v,h,dc,ddl,ddr,vr,hd,vl,hu: 14% 22% 11%  6% 12%  9% 12%  7%  7%
[libx264 @ 0x5a85d3b3ee40] i8c dc,h,v,p: 28% 31% 23% 18%
[libx264 @ 0x5a85d3b3ee40] Weighted P-Frames: Y:27.3% UV:15.9%
[libx264 @ 0x5a85d3b3ee40] ref P L0: 56.4% 17.3% 16.6%  8.2%  1.4%
[libx264 @ 0x5a85d3b3ee40] ref B L0: 90.3%  7.8%  1.9%
[libx264 @ 0x5a85d3b3ee40] ref B L1: 96.6%  3.4%
[libx264 @ 0x5a85d3b3ee40] kb/s:804.28
ffmpeg version 6.1.1-3ubuntu5 Copyright (c) 2000-2023 the FFmpeg developers
  built with gcc 13 (Ubuntu 13.2.0-23ubuntu3)
  configuration: --prefix=/usr --extra-version=3ubuntu5 --toolchain=hardened --libdir=/usr/lib/x86_64-linux-gnu --incdir=/usr/include/x86_64-linux-gnu --arch=amd64 --enable-gpl --disable-stripping --disable-omx --enable-gnutls --enable-libaom --enable-libass --enable-libbs2b --enable-libcaca --enable-libcdio --enable-libcodec2 --enable-libdav1d --enable-libflite --enable-libfontconfig --enable-libfreetype --enable-libfribidi --enable-libglslang --enable-libgme --enable-libgsm --enable-libharfbuzz --enable-libmp3lame --enable-libmysofa --enable-libopenjpeg --enable-libopenmpt --enable-libopus --enable-librubberband --enable-libshine --enable-libsnappy --enable-libsoxr --enable-libspeex --enable-libtheora --enable-libtwolame --enable-libvidstab --enable-libvorbis --enable-libvpx --enable-libwebp --enable-libx265 --enable-libxml2 --enable-libxvid --enable-libzimg --enable-openal --enable-opencl --enable-opengl --disable-sndio --enable-libvpl --disable-libmfx --enable-libdc1394 --enable-libdrm --enable-libiec61883 --enable-chromaprint --enable-frei0r --enable-ladspa --enable-libbluray --enable-libjack --enable-libpulse --enable-librabbitmq --enable-librist --enable-libsrt --enable-libssh --enable-libsvtav1 --enable-libx264 --enable-libzmq --enable-libzvbi --enable-lv2 --enable-sdl2 --enable-libplacebo --enable-librav1e --enable-pocketsphinx --enable-librsvg --enable-libjxl --enable-shared
  libavutil      58. 29.100 / 58. 29.100
  libavcodec     60. 31.102 / 60. 31.102
  libavformat    60. 16.100 / 60. 16.100
  libavdevice    60.  3.100 / 60.  3.100
  libavfilter     9. 12.100 /  9. 12.100
  libswscale      7.  5.100 /  7.  5.100
  libswresample   4. 12.100 /  4. 12.100
  libpostproc    57.  3.100 / 57.  3.100
Input #0, mov,mp4,m4a,3gp,3g2,mj2, from '/data/suraj/kv-quant-longhorizon/results/runs/1773110004_presentation_moviegen_fullmatrix/videos/RTN_INT4/prompt_0005_seed_5.mp4':
  Metadata:
    major_brand     : isom
    minor_version   : 512
    compatible_brands: isomiso2avc1mp41
    encoder         : Lavf61.1.100
  Duration: 00:00:10.31, start: 0.000000, bitrate: 1022 kb/s
  Stream #0:0[0x1](und): Video: h264 (High) (avc1 / 0x31637661), yuv420p(progressive), 832x480, 1019 kb/s, 16 fps, 16 tbr, 16384 tbn (default)
    Metadata:
      handler_name    : VideoHandler
      vendor_id       : [0][0][0][0]
Stream mapping:
  Stream #0:0 -> #0:0 (h264 (native) -> h264 (libx264))
Press [q] to stop, [?] for help
[libx264 @ 0x5b7b003617c0] using cpu capabilities: MMX2 SSE2Fast SSSE3 SSE4.2 AVX FMA3 BMI2 AVX2
[libx264 @ 0x5b7b003617c0] profile High, level 3.0, 4:2:0, 8-bit
[libx264 @ 0x5b7b003617c0] 264 - core 164 r3108 31e19f9 - H.264/MPEG-4 AVC codec - Copyleft 2003-2023 - http://www.videolan.org/x264.html - options: cabac=1 ref=3 deblock=1:0:0 analyse=0x3:0x113 me=hex subme=7 psy=1 psy_rd=1.00:0.00 mixed_ref=1 me_range=16 chroma_me=1 trellis=1 8x8dct=1 cqm=0 deadzone=21,11 fast_pskip=1 chroma_qp_offset=-2 threads=15 lookahead_threads=2 sliced_threads=0 nr=0 decimate=1 interlaced=0 bluray_compat=0 constrained_intra=0 bframes=3 b_pyramid=2 b_adapt=1 b_bias=0 direct=1 weightb=1 open_gop=0 weightp=2 keyint=250 keyint_min=16 scenecut=40 intra_refresh=0 rc_lookahead=40 rc=crf mbtree=1 crf=23.0 qcomp=0.60 qpmin=0 qpmax=69 qpstep=4 ip_ratio=1.40 aq=1:1.00
Output #0, mp4, to '/data/vaishak/combined-kv-quant/results/combined/backfills/drift/moviegen/9525a239d810abd5_RTN_INT4/RTN_INT4_frames_165/prompt_0005_seed_5.mp4':
  Metadata:
    major_brand     : isom
    minor_version   : 512
    compatible_brands: isomiso2avc1mp41
    encoder         : Lavf60.16.100
  Stream #0:0(und): Video: h264 (avc1 / 0x31637661), yuv420p(progressive), 832x480, q=2-31, 16 fps, 16384 tbn (default)
    Metadata:
      handler_name    : VideoHandler
      vendor_id       : [0][0][0][0]
      encoder         : Lavc60.31.102 libx264
    Side data:
      cpb: bitrate max/min/avg: 0/0/0 buffer size: 0 vbv_delay: N/A
frame=    0 fps=0.0 q=0.0 size=       0kB time=N/A bitrate=N/A speed=N/A    [out#0/mp4 @ 0x5b7b002ca000] video:1953kB audio:0kB subtitle:0kB other streams:0kB global headers:0kB muxing overhead: 0.142743%
frame=  165 fps=0.0 q=-1.0 Lsize=    1956kB time=00:00:10.12 bitrate=1582.6kbits/s speed=16.2x    
[libx264 @ 0x5b7b003617c0] frame I:1     Avg QP:23.39  size:106261
[libx264 @ 0x5b7b003617c0] frame P:41    Avg QP:24.06  size: 31963
[libx264 @ 0x5b7b003617c0] frame B:123   Avg QP:27.55  size:  4737
[libx264 @ 0x5b7b003617c0] consecutive B-frames:  0.6%  0.0%  0.0% 99.4%
[libx264 @ 0x5b7b003617c0] mb I  I16..4:  2.8% 33.7% 63.5%
[libx264 @ 0x5b7b003617c0] mb P  I16..4:  1.4%  6.8%  1.2%  P16..4: 35.9% 32.5% 20.7%  0.0%  0.0%    skip: 1.5%
[libx264 @ 0x5b7b003617c0] mb B  I16..4:  0.1%  0.2%  0.0%  B16..8: 52.5%  9.3%  2.8%  direct: 2.9%  skip:32.2%  L0:30.1% L1:57.5% BI:12.4%
[libx264 @ 0x5b7b003617c0] 8x8 transform intra:64.5% inter:60.4%
[libx264 @ 0x5b7b003617c0] coded y,uvDC,uvAC intra: 76.6% 96.3% 69.3% inter: 25.1% 32.1% 9.1%
[libx264 @ 0x5b7b003617c0] i16 v,h,dc,p:  3% 38% 11% 48%
[libx264 @ 0x5b7b003617c0] i8 v,h,dc,ddl,ddr,vr,hd,vl,hu:  6% 32% 23%  4%  3%  3%  8%  3% 19%
[libx264 @ 0x5b7b003617c0] i4 v,h,dc,ddl,ddr,vr,hd,vl,hu: 15% 19% 15%  7%  8%  9%  9%  8% 10%
[libx264 @ 0x5b7b003617c0] i8c dc,h,v,p: 43% 33%  8% 16%
[libx264 @ 0x5b7b003617c0] Weighted P-Frames: Y:51.2% UV:22.0%
[libx264 @ 0x5b7b003617c0] ref P L0: 45.3% 24.7% 17.6%  9.4%  3.0%
[libx264 @ 0x5b7b003617c0] ref B L0: 93.2%  5.7%  1.1%
[libx264 @ 0x5b7b003617c0] ref B L1: 97.0%  3.0%
[libx264 @ 0x5b7b003617c0] kb/s:1551.06
ffmpeg version 6.1.1-3ubuntu5 Copyright (c) 2000-2023 the FFmpeg developers
  built with gcc 13 (Ubuntu 13.2.0-23ubuntu3)
  configuration: --prefix=/usr --extra-version=3ubuntu5 --toolchain=hardened --libdir=/usr/lib/x86_64-linux-gnu --incdir=/usr/include/x86_64-linux-gnu --arch=amd64 --enable-gpl --disable-stripping --disable-omx --enable-gnutls --enable-libaom --enable-libass --enable-libbs2b --enable-libcaca --enable-libcdio --enable-libcodec2 --enable-libdav1d --enable-libflite --enable-libfontconfig --enable-libfreetype --enable-libfribidi --enable-libglslang --enable-libgme --enable-libgsm --enable-libharfbuzz --enable-libmp3lame --enable-libmysofa --enable-libopenjpeg --enable-libopenmpt --enable-libopus --enable-librubberband --enable-libshine --enable-libsnappy --enable-libsoxr --enable-libspeex --enable-libtheora --enable-libtwolame --enable-libvidstab --enable-libvorbis --enable-libvpx --enable-libwebp --enable-libx265 --enable-libxml2 --enable-libxvid --enable-libzimg --enable-openal --enable-opencl --enable-opengl --disable-sndio --enable-libvpl --disable-libmfx --enable-libdc1394 --enable-libdrm --enable-libiec61883 --enable-chromaprint --enable-frei0r --enable-ladspa --enable-libbluray --enable-libjack --enable-libpulse --enable-librabbitmq --enable-librist --enable-libsrt --enable-libssh --enable-libsvtav1 --enable-libx264 --enable-libzmq --enable-libzvbi --enable-lv2 --enable-sdl2 --enable-libplacebo --enable-librav1e --enable-pocketsphinx --enable-librsvg --enable-libjxl --enable-shared
  libavutil      58. 29.100 / 58. 29.100
  libavcodec     60. 31.102 / 60. 31.102
  libavformat    60. 16.100 / 60. 16.100
  libavdevice    60.  3.100 / 60.  3.100
  libavfilter     9. 12.100 /  9. 12.100
  libswscale      7.  5.100 /  7.  5.100
  libswresample   4. 12.100 /  4. 12.100
  libpostproc    57.  3.100 / 57.  3.100
Input #0, mov,mp4,m4a,3gp,3g2,mj2, from '/data/suraj/kv-quant-longhorizon/results/runs/1773110004_presentation_moviegen_fullmatrix/videos/RTN_INT4/prompt_0006_seed_6.mp4':
  Metadata:
    major_brand     : isom
    minor_version   : 512
    compatible_brands: isomiso2avc1mp41
    encoder         : Lavf61.1.100
  Duration: 00:00:10.31, start: 0.000000, bitrate: 1061 kb/s
  Stream #0:0[0x1](und): Video: h264 (High) (avc1 / 0x31637661), yuv420p(progressive), 832x480, 1059 kb/s, 16 fps, 16 tbr, 16384 tbn (default)
    Metadata:
      handler_name    : VideoHandler
      vendor_id       : [0][0][0][0]
Stream mapping:
  Stream #0:0 -> #0:0 (h264 (native) -> h264 (libx264))
Press [q] to stop, [?] for help
[libx264 @ 0x56ce7e12a680] using cpu capabilities: MMX2 SSE2Fast SSSE3 SSE4.2 AVX FMA3 BMI2 AVX2
[libx264 @ 0x56ce7e12a680] profile High, level 3.0, 4:2:0, 8-bit
[libx264 @ 0x56ce7e12a680] 264 - core 164 r3108 31e19f9 - H.264/MPEG-4 AVC codec - Copyleft 2003-2023 - http://www.videolan.org/x264.html - options: cabac=1 ref=3 deblock=1:0:0 analyse=0x3:0x113 me=hex subme=7 psy=1 psy_rd=1.00:0.00 mixed_ref=1 me_range=16 chroma_me=1 trellis=1 8x8dct=1 cqm=0 deadzone=21,11 fast_pskip=1 chroma_qp_offset=-2 threads=15 lookahead_threads=2 sliced_threads=0 nr=0 decimate=1 interlaced=0 bluray_compat=0 constrained_intra=0 bframes=3 b_pyramid=2 b_adapt=1 b_bias=0 direct=1 weightb=1 open_gop=0 weightp=2 keyint=250 keyint_min=16 scenecut=40 intra_refresh=0 rc_lookahead=40 rc=crf mbtree=1 crf=23.0 qcomp=0.60 qpmin=0 qpmax=69 qpstep=4 ip_ratio=1.40 aq=1:1.00
Output #0, mp4, to '/data/vaishak/combined-kv-quant/results/combined/backfills/drift/moviegen/9525a239d810abd5_RTN_INT4/RTN_INT4_frames_165/prompt_0006_seed_6.mp4':
  Metadata:
    major_brand     : isom
    minor_version   : 512
    compatible_brands: isomiso2avc1mp41
    encoder         : Lavf60.16.100
  Stream #0:0(und): Video: h264 (avc1 / 0x31637661), yuv420p(progressive), 832x480, q=2-31, 16 fps, 16384 tbn (default)
    Metadata:
      handler_name    : VideoHandler
      vendor_id       : [0][0][0][0]
      encoder         : Lavc60.31.102 libx264
    Side data:
      cpb: bitrate max/min/avg: 0/0/0 buffer size: 0 vbv_delay: N/A
frame=    0 fps=0.0 q=0.0 size=       0kB time=N/A bitrate=N/A speed=N/A    [out#0/mp4 @ 0x56ce7e0a9100] video:1387kB audio:0kB subtitle:0kB other streams:0kB global headers:0kB muxing overhead: 0.200145%
frame=  165 fps=0.0 q=-1.0 Lsize=    1390kB time=00:00:10.12 bitrate=1124.6kbits/s speed=18.9x    
[libx264 @ 0x56ce7e12a680] frame I:2     Avg QP:19.63  size: 39240
[libx264 @ 0x56ce7e12a680] frame P:43    Avg QP:21.29  size: 18598
[libx264 @ 0x56ce7e12a680] frame B:120   Avg QP:24.23  size:  4513
[libx264 @ 0x56ce7e12a680] consecutive B-frames:  2.4%  1.2%  1.8% 94.5%
[libx264 @ 0x56ce7e12a680] mb I  I16..4: 29.5% 54.5% 16.0%
[libx264 @ 0x56ce7e12a680] mb P  I16..4:  6.1%  9.3%  1.3%  P16..4: 48.8% 15.0%  8.9%  0.0%  0.0%    skip:10.6%
[libx264 @ 0x56ce7e12a680] mb B  I16..4:  0.8%  0.8%  0.0%  B16..8: 38.6%  5.5%  1.9%  direct: 4.4%  skip:47.8%  L0:33.9% L1:55.8% BI:10.3%
[libx264 @ 0x56ce7e12a680] 8x8 transform intra:54.1% inter:70.6%
[libx264 @ 0x56ce7e12a680] coded y,uvDC,uvAC intra: 42.2% 87.5% 24.5% inter: 16.1% 27.0% 2.2%
[libx264 @ 0x56ce7e12a680] i16 v,h,dc,p: 12% 19%  8% 60%
[libx264 @ 0x56ce7e12a680] i8 v,h,dc,ddl,ddr,vr,hd,vl,hu: 18% 20% 26%  5%  8%  6%  7%  5%  6%
[libx264 @ 0x56ce7e12a680] i4 v,h,dc,ddl,ddr,vr,hd,vl,hu: 11%  9% 12%  5% 23% 14% 14%  6%  6%
[libx264 @ 0x56ce7e12a680] i8c dc,h,v,p: 43% 25% 16% 17%
[libx264 @ 0x56ce7e12a680] Weighted P-Frames: Y:16.3% UV:14.0%
[libx264 @ 0x56ce7e12a680] ref P L0: 51.9% 11.2% 23.8% 11.2%  1.9%
[libx264 @ 0x56ce7e12a680] ref B L0: 87.9%  9.7%  2.4%
[libx264 @ 0x56ce7e12a680] ref B L1: 97.1%  2.9%
[libx264 @ 0x56ce7e12a680] kb/s:1101.40
ffmpeg version 6.1.1-3ubuntu5 Copyright (c) 2000-2023 the FFmpeg developers
  built with gcc 13 (Ubuntu 13.2.0-23ubuntu3)
  configuration: --prefix=/usr --extra-version=3ubuntu5 --toolchain=hardened --libdir=/usr/lib/x86_64-linux-gnu --incdir=/usr/include/x86_64-linux-gnu --arch=amd64 --enable-gpl --disable-stripping --disable-omx --enable-gnutls --enable-libaom --enable-libass --enable-libbs2b --enable-libcaca --enable-libcdio --enable-libcodec2 --enable-libdav1d --enable-libflite --enable-libfontconfig --enable-libfreetype --enable-libfribidi --enable-libglslang --enable-libgme --enable-libgsm --enable-libharfbuzz --enable-libmp3lame --enable-libmysofa --enable-libopenjpeg --enable-libopenmpt --enable-libopus --enable-librubberband --enable-libshine --enable-libsnappy --enable-libsoxr --enable-libspeex --enable-libtheora --enable-libtwolame --enable-libvidstab --enable-libvorbis --enable-libvpx --enable-libwebp --enable-libx265 --enable-libxml2 --enable-libxvid --enable-libzimg --enable-openal --enable-opencl --enable-opengl --disable-sndio --enable-libvpl --disable-libmfx --enable-libdc1394 --enable-libdrm --enable-libiec61883 --enable-chromaprint --enable-frei0r --enable-ladspa --enable-libbluray --enable-libjack --enable-libpulse --enable-librabbitmq --enable-librist --enable-libsrt --enable-libssh --enable-libsvtav1 --enable-libx264 --enable-libzmq --enable-libzvbi --enable-lv2 --enable-sdl2 --enable-libplacebo --enable-librav1e --enable-pocketsphinx --enable-librsvg --enable-libjxl --enable-shared
  libavutil      58. 29.100 / 58. 29.100
  libavcodec     60. 31.102 / 60. 31.102
  libavformat    60. 16.100 / 60. 16.100
  libavdevice    60.  3.100 / 60.  3.100
  libavfilter     9. 12.100 /  9. 12.100
  libswscale      7.  5.100 /  7.  5.100
  libswresample   4. 12.100 /  4. 12.100
  libpostproc    57.  3.100 / 57.  3.100
Input #0, mov,mp4,m4a,3gp,3g2,mj2, from '/data/suraj/kv-quant-longhorizon/results/runs/1773110004_presentation_moviegen_fullmatrix/videos/RTN_INT4/prompt_0007_seed_7.mp4':
  Metadata:
    major_brand     : isom
    minor_version   : 512
    compatible_brands: isomiso2avc1mp41
    encoder         : Lavf61.1.100
  Duration: 00:00:10.31, start: 0.000000, bitrate: 1009 kb/s
  Stream #0:0[0x1](und): Video: h264 (High) (avc1 / 0x31637661), yuv420p(progressive), 832x480, 1007 kb/s, 16 fps, 16 tbr, 16384 tbn (default)
    Metadata:
      handler_name    : VideoHandler
      vendor_id       : [0][0][0][0]
Stream mapping:
  Stream #0:0 -> #0:0 (h264 (native) -> h264 (libx264))
Press [q] to stop, [?] for help
[libx264 @ 0x62574ba55600] using cpu capabilities: MMX2 SSE2Fast SSSE3 SSE4.2 AVX FMA3 BMI2 AVX2
[libx264 @ 0x62574ba55600] profile High, level 3.0, 4:2:0, 8-bit
[libx264 @ 0x62574ba55600] 264 - core 164 r3108 31e19f9 - H.264/MPEG-4 AVC codec - Copyleft 2003-2023 - http://www.videolan.org/x264.html - options: cabac=1 ref=3 deblock=1:0:0 analyse=0x3:0x113 me=hex subme=7 psy=1 psy_rd=1.00:0.00 mixed_ref=1 me_range=16 chroma_me=1 trellis=1 8x8dct=1 cqm=0 deadzone=21,11 fast_pskip=1 chroma_qp_offset=-2 threads=15 lookahead_threads=2 sliced_threads=0 nr=0 decimate=1 interlaced=0 bluray_compat=0 constrained_intra=0 bframes=3 b_pyramid=2 b_adapt=1 b_bias=0 direct=1 weightb=1 open_gop=0 weightp=2 keyint=250 keyint_min=16 scenecut=40 intra_refresh=0 rc_lookahead=40 rc=crf mbtree=1 crf=23.0 qcomp=0.60 qpmin=0 qpmax=69 qpstep=4 ip_ratio=1.40 aq=1:1.00
Output #0, mp4, to '/data/vaishak/combined-kv-quant/results/combined/backfills/drift/moviegen/9525a239d810abd5_RTN_INT4/RTN_INT4_frames_165/prompt_0007_seed_7.mp4':
  Metadata:
    major_brand     : isom
    minor_version   : 512
    compatible_brands: isomiso2avc1mp41
    encoder         : Lavf60.16.100
  Stream #0:0(und): Video: h264 (avc1 / 0x31637661), yuv420p(progressive), 832x480, q=2-31, 16 fps, 16384 tbn (default)
    Metadata:
      handler_name    : VideoHandler
      vendor_id       : [0][0][0][0]
      encoder         : Lavc60.31.102 libx264
    Side data:
      cpb: bitrate max/min/avg: 0/0/0 buffer size: 0 vbv_delay: N/A
frame=    0 fps=0.0 q=0.0 size=       0kB time=N/A bitrate=N/A speed=N/A    [out#0/mp4 @ 0x62574ba54100] video:1402kB audio:0kB subtitle:0kB other streams:0kB global headers:0kB muxing overhead: 0.197218%
frame=  165 fps=0.0 q=-1.0 Lsize=    1405kB time=00:00:10.12 bitrate=1136.4kbits/s speed=17.2x    
[libx264 @ 0x62574ba55600] frame I:1     Avg QP:23.12  size: 41006
[libx264 @ 0x62574ba55600] frame P:44    Avg QP:23.27  size: 19495
[libx264 @ 0x62574ba55600] frame B:120   Avg QP:26.92  size:  4467
[libx264 @ 0x62574ba55600] consecutive B-frames:  1.2%  3.6%  5.5% 89.7%
[libx264 @ 0x62574ba55600] mb I  I16..4:  9.2% 60.9% 29.9%
[libx264 @ 0x62574ba55600] mb P  I16..4:  2.6% 11.7%  1.4%  P16..4: 40.1% 26.2% 11.6%  0.0%  0.0%    skip: 6.4%
[libx264 @ 0x62574ba55600] mb B  I16..4:  0.8%  4.4%  0.1%  B16..8: 40.0% 10.4%  2.1%  direct: 2.8%  skip:39.4%  L0:41.7% L1:44.6% BI:13.7%
[libx264 @ 0x62574ba55600] 8x8 transform intra:77.8% inter:69.5%
[libx264 @ 0x62574ba55600] coded y,uvDC,uvAC intra: 62.5% 84.1% 20.0% inter: 23.6% 25.7% 1.1%
[libx264 @ 0x62574ba55600] i16 v,h,dc,p:  3% 40%  1% 56%
[libx264 @ 0x62574ba55600] i8 v,h,dc,ddl,ddr,vr,hd,vl,hu: 13% 30% 11%  5%  8%  7% 11%  6%  9%
[libx264 @ 0x62574ba55600] i4 v,h,dc,ddl,ddr,vr,hd,vl,hu: 15% 29% 13%  5%  8%  7% 12%  5%  7%
[libx264 @ 0x62574ba55600] i8c dc,h,v,p: 36% 40% 11% 12%
[libx264 @ 0x62574ba55600] Weighted P-Frames: Y:13.6% UV:4.5%
[libx264 @ 0x62574ba55600] ref P L0: 50.3% 23.2% 16.6%  8.7%  1.2%
[libx264 @ 0x62574ba55600] ref B L0: 89.6%  7.8%  2.5%
[libx264 @ 0x62574ba55600] ref B L1: 97.5%  2.5%
[libx264 @ 0x62574ba55600] kb/s:1113.04
ffmpeg version 6.1.1-3ubuntu5 Copyright (c) 2000-2023 the FFmpeg developers
  built with gcc 13 (Ubuntu 13.2.0-23ubuntu3)
  configuration: --prefix=/usr --extra-version=3ubuntu5 --toolchain=hardened --libdir=/usr/lib/x86_64-linux-gnu --incdir=/usr/include/x86_64-linux-gnu --arch=amd64 --enable-gpl --disable-stripping --disable-omx --enable-gnutls --enable-libaom --enable-libass --enable-libbs2b --enable-libcaca --enable-libcdio --enable-libcodec2 --enable-libdav1d --enable-libflite --enable-libfontconfig --enable-libfreetype --enable-libfribidi --enable-libglslang --enable-libgme --enable-libgsm --enable-libharfbuzz --enable-libmp3lame --enable-libmysofa --enable-libopenjpeg --enable-libopenmpt --enable-libopus --enable-librubberband --enable-libshine --enable-libsnappy --enable-libsoxr --enable-libspeex --enable-libtheora --enable-libtwolame --enable-libvidstab --enable-libvorbis --enable-libvpx --enable-libwebp --enable-libx265 --enable-libxml2 --enable-libxvid --enable-libzimg --enable-openal --enable-opencl --enable-opengl --disable-sndio --enable-libvpl --disable-libmfx --enable-libdc1394 --enable-libdrm --enable-libiec61883 --enable-chromaprint --enable-frei0r --enable-ladspa --enable-libbluray --enable-libjack --enable-libpulse --enable-librabbitmq --enable-librist --enable-libsrt --enable-libssh --enable-libsvtav1 --enable-libx264 --enable-libzmq --enable-libzvbi --enable-lv2 --enable-sdl2 --enable-libplacebo --enable-librav1e --enable-pocketsphinx --enable-librsvg --enable-libjxl --enable-shared
  libavutil      58. 29.100 / 58. 29.100
  libavcodec     60. 31.102 / 60. 31.102
  libavformat    60. 16.100 / 60. 16.100
  libavdevice    60.  3.100 / 60.  3.100
  libavfilter     9. 12.100 /  9. 12.100
  libswscale      7.  5.100 /  7.  5.100
  libswresample   4. 12.100 /  4. 12.100
  libpostproc    57.  3.100 / 57.  3.100
Input #0, mov,mp4,m4a,3gp,3g2,mj2, from '/data/suraj/kv-quant-longhorizon/results/runs/1773110004_presentation_moviegen_fullmatrix/videos/RTN_INT4/prompt_0008_seed_8.mp4':
  Metadata:
    major_brand     : isom
    minor_version   : 512
    compatible_brands: isomiso2avc1mp41
    encoder         : Lavf61.1.100
  Duration: 00:00:10.31, start: 0.000000, bitrate: 1029 kb/s
  Stream #0:0[0x1](und): Video: h264 (High) (avc1 / 0x31637661), yuv420p(progressive), 832x480, 1026 kb/s, 16 fps, 16 tbr, 16384 tbn (default)
    Metadata:
      handler_name    : VideoHandler
      vendor_id       : [0][0][0][0]
Stream mapping:
  Stream #0:0 -> #0:0 (h264 (native) -> h264 (libx264))
Press [q] to stop, [?] for help
[libx264 @ 0x64da8c90aa40] using cpu capabilities: MMX2 SSE2Fast SSSE3 SSE4.2 AVX FMA3 BMI2 AVX2
[libx264 @ 0x64da8c90aa40] profile High, level 3.0, 4:2:0, 8-bit
[libx264 @ 0x64da8c90aa40] 264 - core 164 r3108 31e19f9 - H.264/MPEG-4 AVC codec - Copyleft 2003-2023 - http://www.videolan.org/x264.html - options: cabac=1 ref=3 deblock=1:0:0 analyse=0x3:0x113 me=hex subme=7 psy=1 psy_rd=1.00:0.00 mixed_ref=1 me_range=16 chroma_me=1 trellis=1 8x8dct=1 cqm=0 deadzone=21,11 fast_pskip=1 chroma_qp_offset=-2 threads=15 lookahead_threads=2 sliced_threads=0 nr=0 decimate=1 interlaced=0 bluray_compat=0 constrained_intra=0 bframes=3 b_pyramid=2 b_adapt=1 b_bias=0 direct=1 weightb=1 open_gop=0 weightp=2 keyint=250 keyint_min=16 scenecut=40 intra_refresh=0 rc_lookahead=40 rc=crf mbtree=1 crf=23.0 qcomp=0.60 qpmin=0 qpmax=69 qpstep=4 ip_ratio=1.40 aq=1:1.00
Output #0, mp4, to '/data/vaishak/combined-kv-quant/results/combined/backfills/drift/moviegen/9525a239d810abd5_RTN_INT4/RTN_INT4_frames_165/prompt_0008_seed_8.mp4':
  Metadata:
    major_brand     : isom
    minor_version   : 512
    compatible_brands: isomiso2avc1mp41
    encoder         : Lavf60.16.100
  Stream #0:0(und): Video: h264 (avc1 / 0x31637661), yuv420p(progressive), 832x480, q=2-31, 16 fps, 16384 tbn (default)
    Metadata:
      handler_name    : VideoHandler
      vendor_id       : [0][0][0][0]
      encoder         : Lavc60.31.102 libx264
    Side data:
      cpb: bitrate max/min/avg: 0/0/0 buffer size: 0 vbv_delay: N/A
frame=    0 fps=0.0 q=0.0 size=       0kB time=N/A bitrate=N/A speed=N/A    [out#0/mp4 @ 0x64da8c882000] video:795kB audio:0kB subtitle:0kB other streams:0kB global headers:0kB muxing overhead: 0.343661%
frame=  165 fps=0.0 q=-1.0 Lsize=     798kB time=00:00:10.12 bitrate= 645.7kbits/s speed=20.3x    
[libx264 @ 0x64da8c90aa40] frame I:1     Avg QP:19.41  size: 50494
[libx264 @ 0x64da8c90aa40] frame P:50    Avg QP:20.95  size: 11952
[libx264 @ 0x64da8c90aa40] frame B:114   Avg QP:25.37  size:  1454
[libx264 @ 0x64da8c90aa40] consecutive B-frames:  2.4% 13.3%  9.1% 75.2%
[libx264 @ 0x64da8c90aa40] mb I  I16..4:  8.3% 53.5% 38.3%
[libx264 @ 0x64da8c90aa40] mb P  I16..4:  0.6%  1.2%  0.3%  P16..4: 49.2% 23.3% 13.1%  0.0%  0.0%    skip:12.3%
[libx264 @ 0x64da8c90aa40] mb B  I16..4:  0.0%  0.0%  0.0%  B16..8: 36.4%  2.4%  0.5%  direct: 1.8%  skip:58.8%  L0:45.1% L1:47.0% BI: 7.9%
[libx264 @ 0x64da8c90aa40] 8x8 transform intra:55.5% inter:64.6%
[libx264 @ 0x64da8c90aa40] coded y,uvDC,uvAC intra: 65.5% 87.2% 53.2% inter: 15.2% 22.7% 0.7%
[libx264 @ 0x64da8c90aa40] i16 v,h,dc,p: 11% 42% 10% 36%
[libx264 @ 0x64da8c90aa40] i8 v,h,dc,ddl,ddr,vr,hd,vl,hu: 12% 22% 19%  4%  9%  7% 11%  7%  8%
[libx264 @ 0x64da8c90aa40] i4 v,h,dc,ddl,ddr,vr,hd,vl,hu: 15% 21% 15%  7% 12%  8%  9%  6%  7%
[libx264 @ 0x64da8c90aa40] i8c dc,h,v,p: 45% 28% 13% 14%
[libx264 @ 0x64da8c90aa40] Weighted P-Frames: Y:26.0% UV:14.0%
[libx264 @ 0x64da8c90aa40] ref P L0: 59.1% 23.0% 12.3%  4.5%  1.0%
[libx264 @ 0x64da8c90aa40] ref B L0: 92.5%  6.2%  1.4%
[libx264 @ 0x64da8c90aa40] ref B L1: 98.2%  1.8%
[libx264 @ 0x64da8c90aa40] kb/s:631.29
ffmpeg version 6.1.1-3ubuntu5 Copyright (c) 2000-2023 the FFmpeg developers
  built with gcc 13 (Ubuntu 13.2.0-23ubuntu3)
  configuration: --prefix=/usr --extra-version=3ubuntu5 --toolchain=hardened --libdir=/usr/lib/x86_64-linux-gnu --incdir=/usr/include/x86_64-linux-gnu --arch=amd64 --enable-gpl --disable-stripping --disable-omx --enable-gnutls --enable-libaom --enable-libass --enable-libbs2b --enable-libcaca --enable-libcdio --enable-libcodec2 --enable-libdav1d --enable-libflite --enable-libfontconfig --enable-libfreetype --enable-libfribidi --enable-libglslang --enable-libgme --enable-libgsm --enable-libharfbuzz --enable-libmp3lame --enable-libmysofa --enable-libopenjpeg --enable-libopenmpt --enable-libopus --enable-librubberband --enable-libshine --enable-libsnappy --enable-libsoxr --enable-libspeex --enable-libtheora --enable-libtwolame --enable-libvidstab --enable-libvorbis --enable-libvpx --enable-libwebp --enable-libx265 --enable-libxml2 --enable-libxvid --enable-libzimg --enable-openal --enable-opencl --enable-opengl --disable-sndio --enable-libvpl --disable-libmfx --enable-libdc1394 --enable-libdrm --enable-libiec61883 --enable-chromaprint --enable-frei0r --enable-ladspa --enable-libbluray --enable-libjack --enable-libpulse --enable-librabbitmq --enable-librist --enable-libsrt --enable-libssh --enable-libsvtav1 --enable-libx264 --enable-libzmq --enable-libzvbi --enable-lv2 --enable-sdl2 --enable-libplacebo --enable-librav1e --enable-pocketsphinx --enable-librsvg --enable-libjxl --enable-shared
  libavutil      58. 29.100 / 58. 29.100
  libavcodec     60. 31.102 / 60. 31.102
  libavformat    60. 16.100 / 60. 16.100
  libavdevice    60.  3.100 / 60.  3.100
  libavfilter     9. 12.100 /  9. 12.100
  libswscale      7.  5.100 /  7.  5.100
  libswresample   4. 12.100 /  4. 12.100
  libpostproc    57.  3.100 / 57.  3.100
Input #0, mov,mp4,m4a,3gp,3g2,mj2, from '/data/suraj/kv-quant-longhorizon/results/runs/1773110004_presentation_moviegen_fullmatrix/videos/RTN_INT4/prompt_0009_seed_9.mp4':
  Metadata:
    major_brand     : isom
    minor_version   : 512
    compatible_brands: isomiso2avc1mp41
    encoder         : Lavf61.1.100
  Duration: 00:00:10.31, start: 0.000000, bitrate: 1023 kb/s
  Stream #0:0[0x1](und): Video: h264 (High) (avc1 / 0x31637661), yuv420p(progressive), 832x480, 1021 kb/s, 16 fps, 16 tbr, 16384 tbn (default)
    Metadata:
      handler_name    : VideoHandler
      vendor_id       : [0][0][0][0]
Stream mapping:
  Stream #0:0 -> #0:0 (h264 (native) -> h264 (libx264))
Press [q] to stop, [?] for help
[libx264 @ 0x55a0f6170240] using cpu capabilities: MMX2 SSE2Fast SSSE3 SSE4.2 AVX FMA3 BMI2 AVX2
[libx264 @ 0x55a0f6170240] profile High, level 3.0, 4:2:0, 8-bit
[libx264 @ 0x55a0f6170240] 264 - core 164 r3108 31e19f9 - H.264/MPEG-4 AVC codec - Copyleft 2003-2023 - http://www.videolan.org/x264.html - options: cabac=1 ref=3 deblock=1:0:0 analyse=0x3:0x113 me=hex subme=7 psy=1 psy_rd=1.00:0.00 mixed_ref=1 me_range=16 chroma_me=1 trellis=1 8x8dct=1 cqm=0 deadzone=21,11 fast_pskip=1 chroma_qp_offset=-2 threads=15 lookahead_threads=2 sliced_threads=0 nr=0 decimate=1 interlaced=0 bluray_compat=0 constrained_intra=0 bframes=3 b_pyramid=2 b_adapt=1 b_bias=0 direct=1 weightb=1 open_gop=0 weightp=2 keyint=250 keyint_min=16 scenecut=40 intra_refresh=0 rc_lookahead=40 rc=crf mbtree=1 crf=23.0 qcomp=0.60 qpmin=0 qpmax=69 qpstep=4 ip_ratio=1.40 aq=1:1.00
Output #0, mp4, to '/data/vaishak/combined-kv-quant/results/combined/backfills/drift/moviegen/9525a239d810abd5_RTN_INT4/RTN_INT4_frames_165/prompt_0009_seed_9.mp4':
  Metadata:
    major_brand     : isom
    minor_version   : 512
    compatible_brands: isomiso2avc1mp41
    encoder         : Lavf60.16.100
  Stream #0:0(und): Video: h264 (avc1 / 0x31637661), yuv420p(progressive), 832x480, q=2-31, 16 fps, 16384 tbn (default)
    Metadata:
      handler_name    : VideoHandler
      vendor_id       : [0][0][0][0]
      encoder         : Lavc60.31.102 libx264
    Side data:
      cpb: bitrate max/min/avg: 0/0/0 buffer size: 0 vbv_delay: N/A
frame=    0 fps=0.0 q=0.0 size=       0kB time=N/A bitrate=N/A speed=N/A    [out#0/mp4 @ 0x55a0f60e3000] video:1818kB audio:0kB subtitle:0kB other streams:0kB global headers:0kB muxing overhead: 0.152474%
frame=  165 fps=0.0 q=-1.0 Lsize=    1821kB time=00:00:10.12 bitrate=1473.4kbits/s speed=16.7x    
[libx264 @ 0x55a0f6170240] frame I:1     Avg QP:22.21  size: 67423
[libx264 @ 0x55a0f6170240] frame P:44    Avg QP:22.62  size: 27741
[libx264 @ 0x55a0f6170240] frame B:120   Avg QP:27.13  size:  4777
[libx264 @ 0x55a0f6170240] consecutive B-frames:  1.8%  2.4%  3.6% 92.1%
[libx264 @ 0x55a0f6170240] mb I  I16..4:  2.6% 57.6% 39.8%
[libx264 @ 0x55a0f6170240] mb P  I16..4:  0.7%  4.7%  2.1%  P16..4: 39.8% 29.7% 17.1%  0.0%  0.0%    skip: 5.8%
[libx264 @ 0x55a0f6170240] mb B  I16..4:  0.1%  0.2%  0.1%  B16..8: 49.8%  8.3%  3.0%  direct: 2.7%  skip:35.7%  L0:48.9% L1:39.1% BI:12.1%
[libx264 @ 0x55a0f6170240] 8x8 transform intra:60.8% inter:59.3%
[libx264 @ 0x55a0f6170240] coded y,uvDC,uvAC intra: 83.6% 61.6% 14.2% inter: 25.6% 11.3% 0.0%
[libx264 @ 0x55a0f6170240] i16 v,h,dc,p: 13% 32% 23% 32%
[libx264 @ 0x55a0f6170240] i8 v,h,dc,ddl,ddr,vr,hd,vl,hu: 12% 27% 17%  4%  6%  5% 10%  6% 12%
[libx264 @ 0x55a0f6170240] i4 v,h,dc,ddl,ddr,vr,hd,vl,hu: 14% 26% 14%  6%  7%  6% 12%  5% 10%
[libx264 @ 0x55a0f6170240] i8c dc,h,v,p: 57% 24% 15%  5%
[libx264 @ 0x55a0f6170240] Weighted P-Frames: Y:34.1% UV:0.0%
[libx264 @ 0x55a0f6170240] ref P L0: 50.5% 27.8% 15.2%  5.1%  1.4%
[libx264 @ 0x55a0f6170240] ref B L0: 91.7%  6.6%  1.7%
[libx264 @ 0x55a0f6170240] ref B L1: 99.1%  0.9%
[libx264 @ 0x55a0f6170240] kb/s:1443.89
[rank0]:[W310 22:56:45.300229808 ProcessGroupNCCL.cpp:4115] [PG ID 0 PG GUID 0 Rank 0]  using GPU 0 to perform barrier as devices used by this process are currently unknown. This can potentially cause a hang if this rank to GPU mapping is incorrect.Specify device_ids in barrier() to force use of a particular device,or call init_process_group() with a device_id.
/home/suraj/miniforge3/envs/qvg_sf_eval/lib/python3.10/site-packages/clip/clip.py:6: UserWarning: pkg_resources is deprecated as an API. See https://setuptools.pypa.io/en/latest/pkg_resources.html. The pkg_resources package is slated for removal as early as 2025-11-30. Refrain from using this package or pin to Setuptools<81.
  from pkg_resources import packaging
/home/suraj/miniforge3/envs/qvg_sf_eval/lib/python3.10/site-packages/timm/models/layers/__init__.py:48: FutureWarning: Importing from timm.models.layers is deprecated, please import via timm.layers
  warnings.warn(f"Importing from {__name__} is deprecated, please import via timm.layers", FutureWarning)
/home/suraj/miniforge3/envs/qvg_sf_eval/lib/python3.10/site-packages/pyiqa/archs/arch_util.py:118: FutureWarning: You are using `torch.load` with `weights_only=False` (the current default value), which uses the default pickle module implicitly. It is possible to construct malicious pickle data which will execute arbitrary code during unpickling (See https://github.com/pytorch/pytorch/blob/main/SECURITY.md#untrusted-models for more details). In a future release, the default value for `weights_only` will be flipped to `True`. This limits the functions that could be executed during unpickling. Arbitrary objects will no longer be allowed to be loaded via this mode unless they are explicitly allowlisted by the user via `torch.serialization.add_safe_globals`. We recommend you start setting `weights_only=True` for any use case where you don't have full control of the loaded file. Please open an issue on GitHub for any issues related to this experimental feature.
  state_dict = torch.load(model_path, map_location=torch.device("cpu"))
args: Namespace(output_path='/data/vaishak/combined-kv-quant/results/combined/backfills/drift/moviegen/9525a239d810abd5_RTN_INT4/vbench_RTN_INT4_165', full_json_dir='/data/vaishak/combined-kv-quant/third_party/VBench/vbench/VBench_full_info.json', videos_path='/data/vaishak/combined-kv-quant/results/combined/backfills/drift/moviegen/9525a239d810abd5_RTN_INT4/RTN_INT4_frames_165', dimension=['imaging_quality'], load_ckpt_from_local=None, read_frame=None, mode='custom_input', prompt='None', prompt_file='/data/vaishak/combined-kv-quant/results/combined/backfills/drift/moviegen/9525a239d810abd5_RTN_INT4/prompt_map_165.json', category=None, imaging_quality_preprocessing_mode='longer')
start evaluation
Evaluation meta data saved to /data/vaishak/combined-kv-quant/results/combined/backfills/drift/moviegen/9525a239d810abd5_RTN_INT4/vbench_RTN_INT4_165/results_2026-03-10-22:56:44_full_info.json
cur_full_info_path: /data/vaishak/combined-kv-quant/results/combined/backfills/drift/moviegen/9525a239d810abd5_RTN_INT4/vbench_RTN_INT4_165/results_2026-03-10-22:56:44_full_info.json
Loading pretrained model MUSIQ from /home/vaishak/.cache/vbench/pyiqa_model/musiq_spaq_ckpt-358bb6af.pth
  0%|          | 0/10 [00:00<?, ?it/s] 10%|█         | 1/10 [00:03<00:29,  3.26s/it] 20%|██        | 2/10 [00:06<00:24,  3.10s/it] 30%|███       | 3/10 [00:09<00:21,  3.03s/it] 40%|████      | 4/10 [00:12<00:18,  3.03s/it] 50%|█████     | 5/10 [00:15<00:15,  3.03s/it] 60%|██████    | 6/10 [00:18<00:12,  3.01s/it] 70%|███████   | 7/10 [00:21<00:09,  3.01s/it] 80%|████████  | 8/10 [00:24<00:06,  3.00s/it] 90%|█████████ | 9/10 [00:27<00:02,  2.96s/it]100%|██████████| 10/10 [00:30<00:00,  2.96s/it]100%|██████████| 10/10 [00:30<00:00,  3.01s/it]
Evaluation results saved to /data/vaishak/combined-kv-quant/results/combined/backfills/drift/moviegen/9525a239d810abd5_RTN_INT4/vbench_RTN_INT4_165/results_2026-03-10-22:56:44_eval_results.json
done
[rank0]:[W310 22:57:17.563565469 ProcessGroupNCCL.cpp:1250] Warning: WARNING: process group has NOT been destroyed before we destruct ProcessGroupNCCL. On normal program exit, the application should call destroy_process_group to ensure that any pending NCCL operations have finished in this process. In rare cases this process can exit before this point and block the progress of another member of the process group. This constraint has always been present,  but this warning has only been added since PyTorch 2.4 (function operator())
{
  "method": "RTN_INT4",
  "frame_step": 165,
  "max_frames": 165,
  "curve": [
    {
      "frame_cap": 165,
      "imaging_quality": [
        0.7341040733568596,
        [
          {
            "video_path": "/data/vaishak/combined-kv-quant/results/combined/backfills/drift/moviegen/9525a239d810abd5_RTN_INT4/RTN_INT4_frames_165/prompt_0007_seed_7.mp4",
            "video_results": 77.20903459028764
          },
          {
            "video_path": "/data/vaishak/combined-kv-quant/results/combined/backfills/drift/moviegen/9525a239d810abd5_RTN_INT4/RTN_INT4_frames_165/prompt_0006_seed_6.mp4",
            "video_results": 67.62174779718572
          },
          {
            "video_path": "/data/vaishak/combined-kv-quant/results/combined/backfills/drift/moviegen/9525a239d810abd5_RTN_INT4/RTN_INT4_frames_165/prompt_0004_seed_4.mp4",
            "video_results": 69.95874372540098
          },
          {
            "video_path": "/data/vaishak/combined-kv-quant/results/combined/backfills/drift/moviegen/9525a239d810abd5_RTN_INT4/RTN_INT4_frames_165/prompt_0003_seed_3.mp4",
            "video_results": 73.88646554657907
          },
          {
            "video_path": "/data/vaishak/combined-kv-quant/results/combined/backfills/drift/moviegen/9525a239d810abd5_RTN_INT4/RTN_INT4_frames_165/prompt_0005_seed_5.mp4",
            "video_results": 77.50859065200343
          },
          {
            "video_path": "/data/vaishak/combined-kv-quant/results/combined/backfills/drift/moviegen/9525a239d810abd5_RTN_INT4/RTN_INT4_frames_165/prompt_0002_seed_2.mp4",
            "video_results": 72.84784832578717
          },
          {
            "video_path": "/data/vaishak/combined-kv-quant/results/combined/backfills/drift/moviegen/9525a239d810abd5_RTN_INT4/RTN_INT4_frames_165/prompt_0001_seed_1.mp4",
            "video_results": 74.93865666244969
          },
          {
            "video_path": "/data/vaishak/combined-kv-quant/results/combined/backfills/drift/moviegen/9525a239d810abd5_RTN_INT4/RTN_INT4_frames_165/prompt_0009_seed_9.mp4",
            "video_results": 75.90723479299834
          },
          {
            "video_path": "/data/vaishak/combined-kv-quant/results/combined/backfills/drift/moviegen/9525a239d810abd5_RTN_INT4/RTN_INT4_frames_165/prompt_0008_seed_8.mp4",
            "video_results": 78.07796991521661
          },
          {
            "video_path": "/data/vaishak/combined-kv-quant/results/combined/backfills/drift/moviegen/9525a239d810abd5_RTN_INT4/RTN_INT4_frames_165/prompt_0000_seed_0.mp4",
            "video_results": 66.14778134895093
          }
        ]
      ]
    }
  ]
}
ffmpeg version 6.1.1-3ubuntu5 Copyright (c) 2000-2023 the FFmpeg developers
  built with gcc 13 (Ubuntu 13.2.0-23ubuntu3)
  configuration: --prefix=/usr --extra-version=3ubuntu5 --toolchain=hardened --libdir=/usr/lib/x86_64-linux-gnu --incdir=/usr/include/x86_64-linux-gnu --arch=amd64 --enable-gpl --disable-stripping --disable-omx --enable-gnutls --enable-libaom --enable-libass --enable-libbs2b --enable-libcaca --enable-libcdio --enable-libcodec2 --enable-libdav1d --enable-libflite --enable-libfontconfig --enable-libfreetype --enable-libfribidi --enable-libglslang --enable-libgme --enable-libgsm --enable-libharfbuzz --enable-libmp3lame --enable-libmysofa --enable-libopenjpeg --enable-libopenmpt --enable-libopus --enable-librubberband --enable-libshine --enable-libsnappy --enable-libsoxr --enable-libspeex --enable-libtheora --enable-libtwolame --enable-libvidstab --enable-libvorbis --enable-libvpx --enable-libwebp --enable-libx265 --enable-libxml2 --enable-libxvid --enable-libzimg --enable-openal --enable-opencl --enable-opengl --disable-sndio --enable-libvpl --disable-libmfx --enable-libdc1394 --enable-libdrm --enable-libiec61883 --enable-chromaprint --enable-frei0r --enable-ladspa --enable-libbluray --enable-libjack --enable-libpulse --enable-librabbitmq --enable-librist --enable-libsrt --enable-libssh --enable-libsvtav1 --enable-libx264 --enable-libzmq --enable-libzvbi --enable-lv2 --enable-sdl2 --enable-libplacebo --enable-librav1e --enable-pocketsphinx --enable-librsvg --enable-libjxl --enable-shared
  libavutil      58. 29.100 / 58. 29.100
  libavcodec     60. 31.102 / 60. 31.102
  libavformat    60. 16.100 / 60. 16.100
  libavdevice    60.  3.100 / 60.  3.100
  libavfilter     9. 12.100 /  9. 12.100
  libswscale      7.  5.100 /  7.  5.100
  libswresample   4. 12.100 /  4. 12.100
  libpostproc    57.  3.100 / 57.  3.100
Input #0, mov,mp4,m4a,3gp,3g2,mj2, from '/data/suraj/kv-quant-longhorizon/results/runs/1773110004_presentation_moviegen_fullmatrix/videos/RTN_K2_V4/prompt_0000_seed_0.mp4':
  Metadata:
    major_brand     : isom
    minor_version   : 512
    compatible_brands: isomiso2avc1mp41
    encoder         : Lavf61.1.100
  Duration: 00:00:10.31, start: 0.000000, bitrate: 1133 kb/s
  Stream #0:0[0x1](und): Video: h264 (High) (avc1 / 0x31637661), yuv420p(progressive), 832x480, 1131 kb/s, 16 fps, 16 tbr, 16384 tbn (default)
    Metadata:
      handler_name    : VideoHandler
      vendor_id       : [0][0][0][0]
Stream mapping:
  Stream #0:0 -> #0:0 (h264 (native) -> h264 (libx264))
Press [q] to stop, [?] for help
[libx264 @ 0x570f691e51c0] using cpu capabilities: MMX2 SSE2Fast SSSE3 SSE4.2 AVX FMA3 BMI2 AVX2
[libx264 @ 0x570f691e51c0] profile High, level 3.0, 4:2:0, 8-bit
[libx264 @ 0x570f691e51c0] 264 - core 164 r3108 31e19f9 - H.264/MPEG-4 AVC codec - Copyleft 2003-2023 - http://www.videolan.org/x264.html - options: cabac=1 ref=3 deblock=1:0:0 analyse=0x3:0x113 me=hex subme=7 psy=1 psy_rd=1.00:0.00 mixed_ref=1 me_range=16 chroma_me=1 trellis=1 8x8dct=1 cqm=0 deadzone=21,11 fast_pskip=1 chroma_qp_offset=-2 threads=15 lookahead_threads=2 sliced_threads=0 nr=0 decimate=1 interlaced=0 bluray_compat=0 constrained_intra=0 bframes=3 b_pyramid=2 b_adapt=1 b_bias=0 direct=1 weightb=1 open_gop=0 weightp=2 keyint=250 keyint_min=16 scenecut=40 intra_refresh=0 rc_lookahead=40 rc=crf mbtree=1 crf=23.0 qcomp=0.60 qpmin=0 qpmax=69 qpstep=4 ip_ratio=1.40 aq=1:1.00
Output #0, mp4, to '/data/vaishak/combined-kv-quant/results/combined/backfills/drift/moviegen/e3b640f716c419c4_RTN_K2_V4/RTN_K2_V4_frames_165/prompt_0000_seed_0.mp4':
  Metadata:
    major_brand     : isom
    minor_version   : 512
    compatible_brands: isomiso2avc1mp41
    encoder         : Lavf60.16.100
  Stream #0:0(und): Video: h264 (avc1 / 0x31637661), yuv420p(progressive), 832x480, q=2-31, 16 fps, 16384 tbn (default)
    Metadata:
      handler_name    : VideoHandler
      vendor_id       : [0][0][0][0]
      encoder         : Lavc60.31.102 libx264
    Side data:
      cpb: bitrate max/min/avg: 0/0/0 buffer size: 0 vbv_delay: N/A
frame=    0 fps=0.0 q=0.0 size=       0kB time=N/A bitrate=N/A speed=N/A    frame=   80 fps=0.0 q=27.0 size=    1024kB time=00:00:04.87 bitrate=1720.8kbits/s speed=9.26x    [out#0/mp4 @ 0x570f69159000] video:2350kB audio:0kB subtitle:0kB other streams:0kB global headers:0kB muxing overhead: 0.118460%
frame=  165 fps=0.0 q=-1.0 Lsize=    2353kB time=00:00:10.12 bitrate=1903.9kbits/s speed=12.9x    
[libx264 @ 0x570f691e51c0] frame I:2     Avg QP:23.30  size: 52966
[libx264 @ 0x570f691e51c0] frame P:43    Avg QP:25.44  size: 26400
[libx264 @ 0x570f691e51c0] frame B:120   Avg QP:27.75  size:  9708
[libx264 @ 0x570f691e51c0] consecutive B-frames:  1.8%  2.4%  3.6% 92.1%
[libx264 @ 0x570f691e51c0] mb I  I16..4:  1.3% 70.8% 27.9%
[libx264 @ 0x570f691e51c0] mb P  I16..4:  0.8% 20.3%  3.2%  P16..4: 37.1% 25.8% 11.0%  0.0%  0.0%    skip: 1.9%
[libx264 @ 0x570f691e51c0] mb B  I16..4:  0.1%  2.5%  0.5%  B16..8: 47.3% 14.6%  4.7%  direct: 6.0%  skip:24.2%  L0:56.2% L1:31.1% BI:12.6%
[libx264 @ 0x570f691e51c0] 8x8 transform intra:81.3% inter:75.0%
[libx264 @ 0x570f691e51c0] coded y,uvDC,uvAC intra: 90.0% 92.1% 59.7% inter: 38.9% 37.6% 4.3%
[libx264 @ 0x570f691e51c0] i16 v,h,dc,p: 23% 21%  6% 51%
[libx264 @ 0x570f691e51c0] i8 v,h,dc,ddl,ddr,vr,hd,vl,hu: 17% 16% 13%  7%  8%  9% 10%  9% 12%
[libx264 @ 0x570f691e51c0] i4 v,h,dc,ddl,ddr,vr,hd,vl,hu: 20% 17% 12%  7%  8%  9% 10%  8%  9%
[libx264 @ 0x570f691e51c0] i8c dc,h,v,p: 36% 20% 24% 21%
[libx264 @ 0x570f691e51c0] Weighted P-Frames: Y:46.5% UV:34.9%
[libx264 @ 0x570f691e51c0] ref P L0: 43.2% 20.2% 19.0% 12.7%  4.8%
[libx264 @ 0x570f691e51c0] ref B L0: 85.8% 10.7%  3.5%
[libx264 @ 0x570f691e51c0] ref B L1: 97.7%  2.3%
[libx264 @ 0x570f691e51c0] kb/s:1866.50
ffmpeg version 6.1.1-3ubuntu5 Copyright (c) 2000-2023 the FFmpeg developers
  built with gcc 13 (Ubuntu 13.2.0-23ubuntu3)
  configuration: --prefix=/usr --extra-version=3ubuntu5 --toolchain=hardened --libdir=/usr/lib/x86_64-linux-gnu --incdir=/usr/include/x86_64-linux-gnu --arch=amd64 --enable-gpl --disable-stripping --disable-omx --enable-gnutls --enable-libaom --enable-libass --enable-libbs2b --enable-libcaca --enable-libcdio --enable-libcodec2 --enable-libdav1d --enable-libflite --enable-libfontconfig --enable-libfreetype --enable-libfribidi --enable-libglslang --enable-libgme --enable-libgsm --enable-libharfbuzz --enable-libmp3lame --enable-libmysofa --enable-libopenjpeg --enable-libopenmpt --enable-libopus --enable-librubberband --enable-libshine --enable-libsnappy --enable-libsoxr --enable-libspeex --enable-libtheora --enable-libtwolame --enable-libvidstab --enable-libvorbis --enable-libvpx --enable-libwebp --enable-libx265 --enable-libxml2 --enable-libxvid --enable-libzimg --enable-openal --enable-opencl --enable-opengl --disable-sndio --enable-libvpl --disable-libmfx --enable-libdc1394 --enable-libdrm --enable-libiec61883 --enable-chromaprint --enable-frei0r --enable-ladspa --enable-libbluray --enable-libjack --enable-libpulse --enable-librabbitmq --enable-librist --enable-libsrt --enable-libssh --enable-libsvtav1 --enable-libx264 --enable-libzmq --enable-libzvbi --enable-lv2 --enable-sdl2 --enable-libplacebo --enable-librav1e --enable-pocketsphinx --enable-librsvg --enable-libjxl --enable-shared
  libavutil      58. 29.100 / 58. 29.100
  libavcodec     60. 31.102 / 60. 31.102
  libavformat    60. 16.100 / 60. 16.100
  libavdevice    60.  3.100 / 60.  3.100
  libavfilter     9. 12.100 /  9. 12.100
  libswscale      7.  5.100 /  7.  5.100
  libswresample   4. 12.100 /  4. 12.100
  libpostproc    57.  3.100 / 57.  3.100
Input #0, mov,mp4,m4a,3gp,3g2,mj2, from '/data/suraj/kv-quant-longhorizon/results/runs/1773110004_presentation_moviegen_fullmatrix/videos/RTN_K2_V4/prompt_0001_seed_1.mp4':
  Metadata:
    major_brand     : isom
    minor_version   : 512
    compatible_brands: isomiso2avc1mp41
    encoder         : Lavf61.1.100
  Duration: 00:00:10.31, start: 0.000000, bitrate: 1085 kb/s
  Stream #0:0[0x1](und): Video: h264 (High) (avc1 / 0x31637661), yuv420p(progressive), 832x480, 1083 kb/s, 16 fps, 16 tbr, 16384 tbn (default)
    Metadata:
      handler_name    : VideoHandler
      vendor_id       : [0][0][0][0]
Stream mapping:
  Stream #0:0 -> #0:0 (h264 (native) -> h264 (libx264))
Press [q] to stop, [?] for help
[libx264 @ 0x558059c2a140] using cpu capabilities: MMX2 SSE2Fast SSSE3 SSE4.2 AVX FMA3 BMI2 AVX2
[libx264 @ 0x558059c2a140] profile High, level 3.0, 4:2:0, 8-bit
[libx264 @ 0x558059c2a140] 264 - core 164 r3108 31e19f9 - H.264/MPEG-4 AVC codec - Copyleft 2003-2023 - http://www.videolan.org/x264.html - options: cabac=1 ref=3 deblock=1:0:0 analyse=0x3:0x113 me=hex subme=7 psy=1 psy_rd=1.00:0.00 mixed_ref=1 me_range=16 chroma_me=1 trellis=1 8x8dct=1 cqm=0 deadzone=21,11 fast_pskip=1 chroma_qp_offset=-2 threads=15 lookahead_threads=2 sliced_threads=0 nr=0 decimate=1 interlaced=0 bluray_compat=0 constrained_intra=0 bframes=3 b_pyramid=2 b_adapt=1 b_bias=0 direct=1 weightb=1 open_gop=0 weightp=2 keyint=250 keyint_min=16 scenecut=40 intra_refresh=0 rc_lookahead=40 rc=crf mbtree=1 crf=23.0 qcomp=0.60 qpmin=0 qpmax=69 qpstep=4 ip_ratio=1.40 aq=1:1.00
Output #0, mp4, to '/data/vaishak/combined-kv-quant/results/combined/backfills/drift/moviegen/e3b640f716c419c4_RTN_K2_V4/RTN_K2_V4_frames_165/prompt_0001_seed_1.mp4':
  Metadata:
    major_brand     : isom
    minor_version   : 512
    compatible_brands: isomiso2avc1mp41
    encoder         : Lavf60.16.100
  Stream #0:0(und): Video: h264 (avc1 / 0x31637661), yuv420p(progressive), 832x480, q=2-31, 16 fps, 16384 tbn (default)
    Metadata:
      handler_name    : VideoHandler
      vendor_id       : [0][0][0][0]
      encoder         : Lavc60.31.102 libx264
    Side data:
      cpb: bitrate max/min/avg: 0/0/0 buffer size: 0 vbv_delay: N/A
frame=    0 fps=0.0 q=0.0 size=       0kB time=N/A bitrate=N/A speed=N/A    [out#0/mp4 @ 0x558059b9fd40] video:2293kB audio:0kB subtitle:0kB other streams:0kB global headers:0kB muxing overhead: 0.121078%
frame=  165 fps=0.0 q=-1.0 Lsize=    2296kB time=00:00:10.12 bitrate=1857.5kbits/s speed=14.2x    
[libx264 @ 0x558059c2a140] frame I:9     Avg QP:21.01  size: 40806
[libx264 @ 0x558059c2a140] frame P:49    Avg QP:24.33  size: 24155
[libx264 @ 0x558059c2a140] frame B:107   Avg QP:25.85  size:  7444
[libx264 @ 0x558059c2a140] consecutive B-frames:  9.7% 10.9%  1.8% 77.6%
[libx264 @ 0x558059c2a140] mb I  I16..4:  9.4% 79.9% 10.7%
[libx264 @ 0x558059c2a140] mb P  I16..4:  4.3% 24.9%  2.3%  P16..4: 38.1% 17.9%  8.0%  0.0%  0.0%    skip: 4.5%
[libx264 @ 0x558059c2a140] mb B  I16..4:  0.7%  1.5%  0.1%  B16..8: 50.0% 10.7%  3.7%  direct: 3.6%  skip:29.7%  L0:48.7% L1:42.1% BI: 9.2%
[libx264 @ 0x558059c2a140] 8x8 transform intra:78.0% inter:73.1%
[libx264 @ 0x558059c2a140] coded y,uvDC,uvAC intra: 76.0% 86.1% 29.7% inter: 28.8% 30.5% 0.4%
[libx264 @ 0x558059c2a140] i16 v,h,dc,p:  4% 48%  5% 42%
[libx264 @ 0x558059c2a140] i8 v,h,dc,ddl,ddr,vr,hd,vl,hu:  9% 30% 21%  5%  6%  5%  8%  5% 10%
[libx264 @ 0x558059c2a140] i4 v,h,dc,ddl,ddr,vr,hd,vl,hu: 11% 24% 15%  7%  8%  6% 11%  7% 11%
[libx264 @ 0x558059c2a140] i8c dc,h,v,p: 29% 49%  7% 15%
[libx264 @ 0x558059c2a140] Weighted P-Frames: Y:28.6% UV:16.3%
[libx264 @ 0x558059c2a140] ref P L0: 58.2% 15.0% 18.3%  7.3%  1.2%
[libx264 @ 0x558059c2a140] ref B L0: 82.7% 14.9%  2.4%
[libx264 @ 0x558059c2a140] ref B L1: 98.8%  1.2%
[libx264 @ 0x558059c2a140] kb/s:1820.99
ffmpeg version 6.1.1-3ubuntu5 Copyright (c) 2000-2023 the FFmpeg developers
  built with gcc 13 (Ubuntu 13.2.0-23ubuntu3)
  configuration: --prefix=/usr --extra-version=3ubuntu5 --toolchain=hardened --libdir=/usr/lib/x86_64-linux-gnu --incdir=/usr/include/x86_64-linux-gnu --arch=amd64 --enable-gpl --disable-stripping --disable-omx --enable-gnutls --enable-libaom --enable-libass --enable-libbs2b --enable-libcaca --enable-libcdio --enable-libcodec2 --enable-libdav1d --enable-libflite --enable-libfontconfig --enable-libfreetype --enable-libfribidi --enable-libglslang --enable-libgme --enable-libgsm --enable-libharfbuzz --enable-libmp3lame --enable-libmysofa --enable-libopenjpeg --enable-libopenmpt --enable-libopus --enable-librubberband --enable-libshine --enable-libsnappy --enable-libsoxr --enable-libspeex --enable-libtheora --enable-libtwolame --enable-libvidstab --enable-libvorbis --enable-libvpx --enable-libwebp --enable-libx265 --enable-libxml2 --enable-libxvid --enable-libzimg --enable-openal --enable-opencl --enable-opengl --disable-sndio --enable-libvpl --disable-libmfx --enable-libdc1394 --enable-libdrm --enable-libiec61883 --enable-chromaprint --enable-frei0r --enable-ladspa --enable-libbluray --enable-libjack --enable-libpulse --enable-librabbitmq --enable-librist --enable-libsrt --enable-libssh --enable-libsvtav1 --enable-libx264 --enable-libzmq --enable-libzvbi --enable-lv2 --enable-sdl2 --enable-libplacebo --enable-librav1e --enable-pocketsphinx --enable-librsvg --enable-libjxl --enable-shared
  libavutil      58. 29.100 / 58. 29.100
  libavcodec     60. 31.102 / 60. 31.102
  libavformat    60. 16.100 / 60. 16.100
  libavdevice    60.  3.100 / 60.  3.100
  libavfilter     9. 12.100 /  9. 12.100
  libswscale      7.  5.100 /  7.  5.100
  libswresample   4. 12.100 /  4. 12.100
  libpostproc    57.  3.100 / 57.  3.100
Input #0, mov,mp4,m4a,3gp,3g2,mj2, from '/data/suraj/kv-quant-longhorizon/results/runs/1773110004_presentation_moviegen_fullmatrix/videos/RTN_K2_V4/prompt_0002_seed_2.mp4':
  Metadata:
    major_brand     : isom
    minor_version   : 512
    compatible_brands: isomiso2avc1mp41
    encoder         : Lavf61.1.100
  Duration: 00:00:10.31, start: 0.000000, bitrate: 1146 kb/s
  Stream #0:0[0x1](und): Video: h264 (High) (avc1 / 0x31637661), yuv420p(progressive), 832x480, 1143 kb/s, 16 fps, 16 tbr, 16384 tbn (default)
    Metadata:
      handler_name    : VideoHandler
      vendor_id       : [0][0][0][0]
Stream mapping:
  Stream #0:0 -> #0:0 (h264 (native) -> h264 (libx264))
Press [q] to stop, [?] for help
[libx264 @ 0x64dee6729a40] using cpu capabilities: MMX2 SSE2Fast SSSE3 SSE4.2 AVX FMA3 BMI2 AVX2
[libx264 @ 0x64dee6729a40] profile High, level 3.0, 4:2:0, 8-bit
[libx264 @ 0x64dee6729a40] 264 - core 164 r3108 31e19f9 - H.264/MPEG-4 AVC codec - Copyleft 2003-2023 - http://www.videolan.org/x264.html - options: cabac=1 ref=3 deblock=1:0:0 analyse=0x3:0x113 me=hex subme=7 psy=1 psy_rd=1.00:0.00 mixed_ref=1 me_range=16 chroma_me=1 trellis=1 8x8dct=1 cqm=0 deadzone=21,11 fast_pskip=1 chroma_qp_offset=-2 threads=15 lookahead_threads=2 sliced_threads=0 nr=0 decimate=1 interlaced=0 bluray_compat=0 constrained_intra=0 bframes=3 b_pyramid=2 b_adapt=1 b_bias=0 direct=1 weightb=1 open_gop=0 weightp=2 keyint=250 keyint_min=16 scenecut=40 intra_refresh=0 rc_lookahead=40 rc=crf mbtree=1 crf=23.0 qcomp=0.60 qpmin=0 qpmax=69 qpstep=4 ip_ratio=1.40 aq=1:1.00
Output #0, mp4, to '/data/vaishak/combined-kv-quant/results/combined/backfills/drift/moviegen/e3b640f716c419c4_RTN_K2_V4/RTN_K2_V4_frames_165/prompt_0002_seed_2.mp4':
  Metadata:
    major_brand     : isom
    minor_version   : 512
    compatible_brands: isomiso2avc1mp41
    encoder         : Lavf60.16.100
  Stream #0:0(und): Video: h264 (avc1 / 0x31637661), yuv420p(progressive), 832x480, q=2-31, 16 fps, 16384 tbn (default)
    Metadata:
      handler_name    : VideoHandler
      vendor_id       : [0][0][0][0]
      encoder         : Lavc60.31.102 libx264
    Side data:
      cpb: bitrate max/min/avg: 0/0/0 buffer size: 0 vbv_delay: N/A
frame=    0 fps=0.0 q=0.0 size=       0kB time=N/A bitrate=N/A speed=N/A    [out#0/mp4 @ 0x64dee6646d00] video:1929kB audio:0kB subtitle:0kB other streams:0kB global headers:0kB muxing overhead: 0.139874%
frame=  165 fps=0.0 q=-1.0 Lsize=    1932kB time=00:00:10.12 bitrate=1563.0kbits/s speed=15.1x    
[libx264 @ 0x64dee6729a40] frame I:17    Avg QP:20.31  size: 23950
[libx264 @ 0x64dee6729a40] frame P:43    Avg QP:23.95  size: 14024
[libx264 @ 0x64dee6729a40] frame B:105   Avg QP:25.28  size:  9185
[libx264 @ 0x64dee6729a40] consecutive B-frames: 11.5%  2.4% 25.5% 60.6%
[libx264 @ 0x64dee6729a40] mb I  I16..4: 33.5% 57.6%  8.9%
[libx264 @ 0x64dee6729a40] mb P  I16..4: 11.3% 19.5%  2.8%  P16..4: 41.3% 11.9%  4.7%  0.0%  0.0%    skip: 8.5%
[libx264 @ 0x64dee6729a40] mb B  I16..4:  0.3%  3.3%  1.1%  B16..8: 35.7% 10.4%  3.9%  direct: 6.4%  skip:39.0%  L0:48.4% L1:41.4% BI:10.2%
[libx264 @ 0x64dee6729a40] 8x8 transform intra:59.4% inter:75.4%
[libx264 @ 0x64dee6729a40] coded y,uvDC,uvAC intra: 61.1% 81.0% 36.7% inter: 24.9% 34.4% 3.2%
[libx264 @ 0x64dee6729a40] i16 v,h,dc,p:  1% 50%  1% 48%
[libx264 @ 0x64dee6729a40] i8 v,h,dc,ddl,ddr,vr,hd,vl,hu: 10% 28% 15%  6%  8%  6% 11%  6% 11%
[libx264 @ 0x64dee6729a40] i4 v,h,dc,ddl,ddr,vr,hd,vl,hu: 13% 24% 12%  7% 10%  7% 11%  6% 10%
[libx264 @ 0x64dee6729a40] i8c dc,h,v,p: 31% 39% 11% 19%
[libx264 @ 0x64dee6729a40] Weighted P-Frames: Y:16.3% UV:7.0%
[libx264 @ 0x64dee6729a40] ref P L0: 64.0%  9.3% 14.8% 10.1%  1.8%
[libx264 @ 0x64dee6729a40] ref B L0: 86.9% 10.2%  2.9%
[libx264 @ 0x64dee6729a40] ref B L1: 96.0%  4.0%
[libx264 @ 0x64dee6729a40] kb/s:1531.85
ffmpeg version 6.1.1-3ubuntu5 Copyright (c) 2000-2023 the FFmpeg developers
  built with gcc 13 (Ubuntu 13.2.0-23ubuntu3)
  configuration: --prefix=/usr --extra-version=3ubuntu5 --toolchain=hardened --libdir=/usr/lib/x86_64-linux-gnu --incdir=/usr/include/x86_64-linux-gnu --arch=amd64 --enable-gpl --disable-stripping --disable-omx --enable-gnutls --enable-libaom --enable-libass --enable-libbs2b --enable-libcaca --enable-libcdio --enable-libcodec2 --enable-libdav1d --enable-libflite --enable-libfontconfig --enable-libfreetype --enable-libfribidi --enable-libglslang --enable-libgme --enable-libgsm --enable-libharfbuzz --enable-libmp3lame --enable-libmysofa --enable-libopenjpeg --enable-libopenmpt --enable-libopus --enable-librubberband --enable-libshine --enable-libsnappy --enable-libsoxr --enable-libspeex --enable-libtheora --enable-libtwolame --enable-libvidstab --enable-libvorbis --enable-libvpx --enable-libwebp --enable-libx265 --enable-libxml2 --enable-libxvid --enable-libzimg --enable-openal --enable-opencl --enable-opengl --disable-sndio --enable-libvpl --disable-libmfx --enable-libdc1394 --enable-libdrm --enable-libiec61883 --enable-chromaprint --enable-frei0r --enable-ladspa --enable-libbluray --enable-libjack --enable-libpulse --enable-librabbitmq --enable-librist --enable-libsrt --enable-libssh --enable-libsvtav1 --enable-libx264 --enable-libzmq --enable-libzvbi --enable-lv2 --enable-sdl2 --enable-libplacebo --enable-librav1e --enable-pocketsphinx --enable-librsvg --enable-libjxl --enable-shared
  libavutil      58. 29.100 / 58. 29.100
  libavcodec     60. 31.102 / 60. 31.102
  libavformat    60. 16.100 / 60. 16.100
  libavdevice    60.  3.100 / 60.  3.100
  libavfilter     9. 12.100 /  9. 12.100
  libswscale      7.  5.100 /  7.  5.100
  libswresample   4. 12.100 /  4. 12.100
  libpostproc    57.  3.100 / 57.  3.100
Input #0, mov,mp4,m4a,3gp,3g2,mj2, from '/data/suraj/kv-quant-longhorizon/results/runs/1773110004_presentation_moviegen_fullmatrix/videos/RTN_K2_V4/prompt_0003_seed_3.mp4':
  Metadata:
    major_brand     : isom
    minor_version   : 512
    compatible_brands: isomiso2avc1mp41
    encoder         : Lavf61.1.100
  Duration: 00:00:10.31, start: 0.000000, bitrate: 1067 kb/s
  Stream #0:0[0x1](und): Video: h264 (High) (avc1 / 0x31637661), yuv420p(progressive), 832x480, 1065 kb/s, 16 fps, 16 tbr, 16384 tbn (default)
    Metadata:
      handler_name    : VideoHandler
      vendor_id       : [0][0][0][0]
Stream mapping:
  Stream #0:0 -> #0:0 (h264 (native) -> h264 (libx264))
Press [q] to stop, [?] for help
[libx264 @ 0x61329cf4eac0] using cpu capabilities: MMX2 SSE2Fast SSSE3 SSE4.2 AVX FMA3 BMI2 AVX2
[libx264 @ 0x61329cf4eac0] profile High, level 3.0, 4:2:0, 8-bit
[libx264 @ 0x61329cf4eac0] 264 - core 164 r3108 31e19f9 - H.264/MPEG-4 AVC codec - Copyleft 2003-2023 - http://www.videolan.org/x264.html - options: cabac=1 ref=3 deblock=1:0:0 analyse=0x3:0x113 me=hex subme=7 psy=1 psy_rd=1.00:0.00 mixed_ref=1 me_range=16 chroma_me=1 trellis=1 8x8dct=1 cqm=0 deadzone=21,11 fast_pskip=1 chroma_qp_offset=-2 threads=15 lookahead_threads=2 sliced_threads=0 nr=0 decimate=1 interlaced=0 bluray_compat=0 constrained_intra=0 bframes=3 b_pyramid=2 b_adapt=1 b_bias=0 direct=1 weightb=1 open_gop=0 weightp=2 keyint=250 keyint_min=16 scenecut=40 intra_refresh=0 rc_lookahead=40 rc=crf mbtree=1 crf=23.0 qcomp=0.60 qpmin=0 qpmax=69 qpstep=4 ip_ratio=1.40 aq=1:1.00
Output #0, mp4, to '/data/vaishak/combined-kv-quant/results/combined/backfills/drift/moviegen/e3b640f716c419c4_RTN_K2_V4/RTN_K2_V4_frames_165/prompt_0003_seed_3.mp4':
  Metadata:
    major_brand     : isom
    minor_version   : 512
    compatible_brands: isomiso2avc1mp41
    encoder         : Lavf60.16.100
  Stream #0:0(und): Video: h264 (avc1 / 0x31637661), yuv420p(progressive), 832x480, q=2-31, 16 fps, 16384 tbn (default)
    Metadata:
      handler_name    : VideoHandler
      vendor_id       : [0][0][0][0]
      encoder         : Lavc60.31.102 libx264
    Side data:
      cpb: bitrate max/min/avg: 0/0/0 buffer size: 0 vbv_delay: N/A
frame=    0 fps=0.0 q=0.0 size=       0kB time=N/A bitrate=N/A speed=N/A    [out#0/mp4 @ 0x61329ceb4d00] video:2322kB audio:0kB subtitle:0kB other streams:0kB global headers:0kB muxing overhead: 0.118031%
frame=  165 fps=0.0 q=-1.0 Lsize=    2325kB time=00:00:10.12 bitrate=1881.3kbits/s speed=  14x    
[libx264 @ 0x61329cf4eac0] frame I:12    Avg QP:21.71  size: 38703
[libx264 @ 0x61329cf4eac0] frame P:45    Avg QP:24.96  size: 21673
[libx264 @ 0x61329cf4eac0] frame B:108   Avg QP:26.26  size:  8683
[libx264 @ 0x61329cf4eac0] consecutive B-frames:  9.7%  3.6% 16.4% 70.3%
[libx264 @ 0x61329cf4eac0] mb I  I16..4: 12.4% 73.5% 14.1%
[libx264 @ 0x61329cf4eac0] mb P  I16..4:  3.2% 20.3%  2.4%  P16..4: 40.6% 18.8%  7.7%  0.0%  0.0%    skip: 7.0%
[libx264 @ 0x61329cf4eac0] mb B  I16..4:  0.1%  2.2%  0.4%  B16..8: 45.6% 10.8%  3.8%  direct: 4.2%  skip:33.0%  L0:49.1% L1:41.4% BI: 9.5%
[libx264 @ 0x61329cf4eac0] 8x8 transform intra:76.5% inter:76.5%
[libx264 @ 0x61329cf4eac0] coded y,uvDC,uvAC intra: 83.2% 92.6% 57.6% inter: 32.4% 34.4% 2.4%
[libx264 @ 0x61329cf4eac0] i16 v,h,dc,p:  2% 51%  5% 42%
[libx264 @ 0x61329cf4eac0] i8 v,h,dc,ddl,ddr,vr,hd,vl,hu: 10% 19% 16%  7%  9%  8% 11%  8% 11%
[libx264 @ 0x61329cf4eac0] i4 v,h,dc,ddl,ddr,vr,hd,vl,hu: 12% 23% 12%  7% 10%  8% 12%  7% 10%
[libx264 @ 0x61329cf4eac0] i8c dc,h,v,p: 35% 32% 13% 20%
[libx264 @ 0x61329cf4eac0] Weighted P-Frames: Y:26.7% UV:13.3%
[libx264 @ 0x61329cf4eac0] ref P L0: 59.7% 15.8% 14.7%  7.7%  2.0%
[libx264 @ 0x61329cf4eac0] ref B L0: 88.5%  9.1%  2.4%
[libx264 @ 0x61329cf4eac0] ref B L1: 97.9%  2.1%
[libx264 @ 0x61329cf4eac0] kb/s:1844.36
ffmpeg version 6.1.1-3ubuntu5 Copyright (c) 2000-2023 the FFmpeg developers
  built with gcc 13 (Ubuntu 13.2.0-23ubuntu3)
  configuration: --prefix=/usr --extra-version=3ubuntu5 --toolchain=hardened --libdir=/usr/lib/x86_64-linux-gnu --incdir=/usr/include/x86_64-linux-gnu --arch=amd64 --enable-gpl --disable-stripping --disable-omx --enable-gnutls --enable-libaom --enable-libass --enable-libbs2b --enable-libcaca --enable-libcdio --enable-libcodec2 --enable-libdav1d --enable-libflite --enable-libfontconfig --enable-libfreetype --enable-libfribidi --enable-libglslang --enable-libgme --enable-libgsm --enable-libharfbuzz --enable-libmp3lame --enable-libmysofa --enable-libopenjpeg --enable-libopenmpt --enable-libopus --enable-librubberband --enable-libshine --enable-libsnappy --enable-libsoxr --enable-libspeex --enable-libtheora --enable-libtwolame --enable-libvidstab --enable-libvorbis --enable-libvpx --enable-libwebp --enable-libx265 --enable-libxml2 --enable-libxvid --enable-libzimg --enable-openal --enable-opencl --enable-opengl --disable-sndio --enable-libvpl --disable-libmfx --enable-libdc1394 --enable-libdrm --enable-libiec61883 --enable-chromaprint --enable-frei0r --enable-ladspa --enable-libbluray --enable-libjack --enable-libpulse --enable-librabbitmq --enable-librist --enable-libsrt --enable-libssh --enable-libsvtav1 --enable-libx264 --enable-libzmq --enable-libzvbi --enable-lv2 --enable-sdl2 --enable-libplacebo --enable-librav1e --enable-pocketsphinx --enable-librsvg --enable-libjxl --enable-shared
  libavutil      58. 29.100 / 58. 29.100
  libavcodec     60. 31.102 / 60. 31.102
  libavformat    60. 16.100 / 60. 16.100
  libavdevice    60.  3.100 / 60.  3.100
  libavfilter     9. 12.100 /  9. 12.100
  libswscale      7.  5.100 /  7.  5.100
  libswresample   4. 12.100 /  4. 12.100
  libpostproc    57.  3.100 / 57.  3.100
Input #0, mov,mp4,m4a,3gp,3g2,mj2, from '/data/suraj/kv-quant-longhorizon/results/runs/1773110004_presentation_moviegen_fullmatrix/videos/RTN_K2_V4/prompt_0004_seed_4.mp4':
  Metadata:
    major_brand     : isom
    minor_version   : 512
    compatible_brands: isomiso2avc1mp41
    encoder         : Lavf61.1.100
  Duration: 00:00:10.31, start: 0.000000, bitrate: 1071 kb/s
  Stream #0:0[0x1](und): Video: h264 (High) (avc1 / 0x31637661), yuv420p(progressive), 832x480, 1069 kb/s, 16 fps, 16 tbr, 16384 tbn (default)
    Metadata:
      handler_name    : VideoHandler
      vendor_id       : [0][0][0][0]
Stream mapping:
  Stream #0:0 -> #0:0 (h264 (native) -> h264 (libx264))
Press [q] to stop, [?] for help
[libx264 @ 0x5e4f616ab700] using cpu capabilities: MMX2 SSE2Fast SSSE3 SSE4.2 AVX FMA3 BMI2 AVX2
[libx264 @ 0x5e4f616ab700] profile High, level 3.0, 4:2:0, 8-bit
[libx264 @ 0x5e4f616ab700] 264 - core 164 r3108 31e19f9 - H.264/MPEG-4 AVC codec - Copyleft 2003-2023 - http://www.videolan.org/x264.html - options: cabac=1 ref=3 deblock=1:0:0 analyse=0x3:0x113 me=hex subme=7 psy=1 psy_rd=1.00:0.00 mixed_ref=1 me_range=16 chroma_me=1 trellis=1 8x8dct=1 cqm=0 deadzone=21,11 fast_pskip=1 chroma_qp_offset=-2 threads=15 lookahead_threads=2 sliced_threads=0 nr=0 decimate=1 interlaced=0 bluray_compat=0 constrained_intra=0 bframes=3 b_pyramid=2 b_adapt=1 b_bias=0 direct=1 weightb=1 open_gop=0 weightp=2 keyint=250 keyint_min=16 scenecut=40 intra_refresh=0 rc_lookahead=40 rc=crf mbtree=1 crf=23.0 qcomp=0.60 qpmin=0 qpmax=69 qpstep=4 ip_ratio=1.40 aq=1:1.00
Output #0, mp4, to '/data/vaishak/combined-kv-quant/results/combined/backfills/drift/moviegen/e3b640f716c419c4_RTN_K2_V4/RTN_K2_V4_frames_165/prompt_0004_seed_4.mp4':
  Metadata:
    major_brand     : isom
    minor_version   : 512
    compatible_brands: isomiso2avc1mp41
    encoder         : Lavf60.16.100
  Stream #0:0(und): Video: h264 (avc1 / 0x31637661), yuv420p(progressive), 832x480, q=2-31, 16 fps, 16384 tbn (default)
    Metadata:
      handler_name    : VideoHandler
      vendor_id       : [0][0][0][0]
      encoder         : Lavc60.31.102 libx264
    Side data:
      cpb: bitrate max/min/avg: 0/0/0 buffer size: 0 vbv_delay: N/A
frame=    0 fps=0.0 q=0.0 size=       0kB time=N/A bitrate=N/A speed=N/A    [out#0/mp4 @ 0x5e4f6162b000] video:1189kB audio:0kB subtitle:0kB other streams:0kB global headers:0kB muxing overhead: 0.234497%
frame=  165 fps=0.0 q=-1.0 Lsize=    1192kB time=00:00:10.12 bitrate= 964.2kbits/s speed=14.8x    
[libx264 @ 0x5e4f616ab700] frame I:3     Avg QP:20.02  size: 32948
[libx264 @ 0x5e4f616ab700] frame P:43    Avg QP:22.36  size: 14698
[libx264 @ 0x5e4f616ab700] frame B:119   Avg QP:24.67  size:  4084
[libx264 @ 0x5e4f616ab700] consecutive B-frames:  2.4%  3.6%  1.8% 92.1%
[libx264 @ 0x5e4f616ab700] mb I  I16..4: 15.3% 73.9% 10.8%
[libx264 @ 0x5e4f616ab700] mb P  I16..4:  4.3%  9.0%  1.0%  P16..4: 52.9% 20.6%  7.8%  0.0%  0.0%    skip: 4.4%
[libx264 @ 0x5e4f616ab700] mb B  I16..4:  0.7%  1.1%  0.2%  B16..8: 39.7%  6.3%  1.3%  direct: 6.3%  skip:44.4%  L0:47.0% L1:44.2% BI: 8.8%
[libx264 @ 0x5e4f616ab700] 8x8 transform intra:64.7% inter:80.5%
[libx264 @ 0x5e4f616ab700] coded y,uvDC,uvAC intra: 57.4% 92.7% 55.3% inter: 21.2% 41.5% 3.0%
[libx264 @ 0x5e4f616ab700] i16 v,h,dc,p: 14% 37%  5% 45%
[libx264 @ 0x5e4f616ab700] i8 v,h,dc,ddl,ddr,vr,hd,vl,hu: 18% 30% 16%  5%  5%  7%  6%  6%  7%
[libx264 @ 0x5e4f616ab700] i4 v,h,dc,ddl,ddr,vr,hd,vl,hu: 14% 22% 11%  7% 11%  9% 11%  7%  8%
[libx264 @ 0x5e4f616ab700] i8c dc,h,v,p: 24% 34% 18% 24%
[libx264 @ 0x5e4f616ab700] Weighted P-Frames: Y:60.5% UV:58.1%
[libx264 @ 0x5e4f616ab700] ref P L0: 50.5% 15.8% 18.1% 11.4%  4.2%
[libx264 @ 0x5e4f616ab700] ref B L0: 84.5% 12.3%  3.2%
[libx264 @ 0x5e4f616ab700] ref B L1: 96.9%  3.1%
[libx264 @ 0x5e4f616ab700] kb/s:943.95
[rank0]:[W310 22:57:26.046592884 ProcessGroupNCCL.cpp:4115] [PG ID 0 PG GUID 0 Rank 0]  using GPU 0 to perform barrier as devices used by this process are currently unknown. This can potentially cause a hang if this rank to GPU mapping is incorrect.Specify device_ids in barrier() to force use of a particular device,or call init_process_group() with a device_id.
/home/suraj/miniforge3/envs/qvg_sf_eval/lib/python3.10/site-packages/clip/clip.py:6: UserWarning: pkg_resources is deprecated as an API. See https://setuptools.pypa.io/en/latest/pkg_resources.html. The pkg_resources package is slated for removal as early as 2025-11-30. Refrain from using this package or pin to Setuptools<81.
  from pkg_resources import packaging
/home/suraj/miniforge3/envs/qvg_sf_eval/lib/python3.10/site-packages/timm/models/layers/__init__.py:48: FutureWarning: Importing from timm.models.layers is deprecated, please import via timm.layers
  warnings.warn(f"Importing from {__name__} is deprecated, please import via timm.layers", FutureWarning)
/home/suraj/miniforge3/envs/qvg_sf_eval/lib/python3.10/site-packages/pyiqa/archs/arch_util.py:118: FutureWarning: You are using `torch.load` with `weights_only=False` (the current default value), which uses the default pickle module implicitly. It is possible to construct malicious pickle data which will execute arbitrary code during unpickling (See https://github.com/pytorch/pytorch/blob/main/SECURITY.md#untrusted-models for more details). In a future release, the default value for `weights_only` will be flipped to `True`. This limits the functions that could be executed during unpickling. Arbitrary objects will no longer be allowed to be loaded via this mode unless they are explicitly allowlisted by the user via `torch.serialization.add_safe_globals`. We recommend you start setting `weights_only=True` for any use case where you don't have full control of the loaded file. Please open an issue on GitHub for any issues related to this experimental feature.
  state_dict = torch.load(model_path, map_location=torch.device("cpu"))
args: Namespace(output_path='/data/vaishak/combined-kv-quant/results/combined/backfills/drift/moviegen/e3b640f716c419c4_RTN_K2_V4/vbench_RTN_K2_V4_165', full_json_dir='/data/vaishak/combined-kv-quant/third_party/VBench/vbench/VBench_full_info.json', videos_path='/data/vaishak/combined-kv-quant/results/combined/backfills/drift/moviegen/e3b640f716c419c4_RTN_K2_V4/RTN_K2_V4_frames_165', dimension=['imaging_quality'], load_ckpt_from_local=None, read_frame=None, mode='custom_input', prompt='None', prompt_file='/data/vaishak/combined-kv-quant/results/combined/backfills/drift/moviegen/e3b640f716c419c4_RTN_K2_V4/prompt_map_165.json', category=None, imaging_quality_preprocessing_mode='longer')
start evaluation
Evaluation meta data saved to /data/vaishak/combined-kv-quant/results/combined/backfills/drift/moviegen/e3b640f716c419c4_RTN_K2_V4/vbench_RTN_K2_V4_165/results_2026-03-10-22:57:26_full_info.json
cur_full_info_path: /data/vaishak/combined-kv-quant/results/combined/backfills/drift/moviegen/e3b640f716c419c4_RTN_K2_V4/vbench_RTN_K2_V4_165/results_2026-03-10-22:57:26_full_info.json
Loading pretrained model MUSIQ from /home/vaishak/.cache/vbench/pyiqa_model/musiq_spaq_ckpt-358bb6af.pth
  0%|          | 0/5 [00:00<?, ?it/s] 20%|██        | 1/5 [00:03<00:12,  3.13s/it] 40%|████      | 2/5 [00:06<00:08,  3.00s/it] 60%|██████    | 3/5 [00:08<00:05,  2.94s/it] 80%|████████  | 4/5 [00:11<00:02,  2.91s/it]100%|██████████| 5/5 [00:14<00:00,  2.90s/it]100%|██████████| 5/5 [00:14<00:00,  2.94s/it]
Evaluation results saved to /data/vaishak/combined-kv-quant/results/combined/backfills/drift/moviegen/e3b640f716c419c4_RTN_K2_V4/vbench_RTN_K2_V4_165/results_2026-03-10-22:57:26_eval_results.json
done
[rank0]:[W310 22:57:43.723134393 ProcessGroupNCCL.cpp:1250] Warning: WARNING: process group has NOT been destroyed before we destruct ProcessGroupNCCL. On normal program exit, the application should call destroy_process_group to ensure that any pending NCCL operations have finished in this process. In rare cases this process can exit before this point and block the progress of another member of the process group. This constraint has always been present,  but this warning has only been added since PyTorch 2.4 (function operator())
{
  "method": "RTN_K2_V4",
  "frame_step": 165,
  "max_frames": 165,
  "curve": [
    {
      "frame_cap": 165,
      "imaging_quality": [
        0.5241861037976814,
        [
          {
            "video_path": "/data/vaishak/combined-kv-quant/results/combined/backfills/drift/moviegen/e3b640f716c419c4_RTN_K2_V4/RTN_K2_V4_frames_165/prompt_0004_seed_4.mp4",
            "video_results": 46.59389181426077
          },
          {
            "video_path": "/data/vaishak/combined-kv-quant/results/combined/backfills/drift/moviegen/e3b640f716c419c4_RTN_K2_V4/RTN_K2_V4_frames_165/prompt_0003_seed_3.mp4",
            "video_results": 55.95185059056138
          },
          {
            "video_path": "/data/vaishak/combined-kv-quant/results/combined/backfills/drift/moviegen/e3b640f716c419c4_RTN_K2_V4/RTN_K2_V4_frames_165/prompt_0002_seed_2.mp4",
            "video_results": 58.5558518149636
          },
          {
            "video_path": "/data/vaishak/combined-kv-quant/results/combined/backfills/drift/moviegen/e3b640f716c419c4_RTN_K2_V4/RTN_K2_V4_frames_165/prompt_0001_seed_1.mp4",
            "video_results": 56.96606167879972
          },
          {
            "video_path": "/data/vaishak/combined-kv-quant/results/combined/backfills/drift/moviegen/e3b640f716c419c4_RTN_K2_V4/RTN_K2_V4_frames_165/prompt_0000_seed_0.mp4",
            "video_results": 44.025396000255235
          }
        ]
      ]
    }
  ]
}
ffmpeg version 6.1.1-3ubuntu5 Copyright (c) 2000-2023 the FFmpeg developers
  built with gcc 13 (Ubuntu 13.2.0-23ubuntu3)
  configuration: --prefix=/usr --extra-version=3ubuntu5 --toolchain=hardened --libdir=/usr/lib/x86_64-linux-gnu --incdir=/usr/include/x86_64-linux-gnu --arch=amd64 --enable-gpl --disable-stripping --disable-omx --enable-gnutls --enable-libaom --enable-libass --enable-libbs2b --enable-libcaca --enable-libcdio --enable-libcodec2 --enable-libdav1d --enable-libflite --enable-libfontconfig --enable-libfreetype --enable-libfribidi --enable-libglslang --enable-libgme --enable-libgsm --enable-libharfbuzz --enable-libmp3lame --enable-libmysofa --enable-libopenjpeg --enable-libopenmpt --enable-libopus --enable-librubberband --enable-libshine --enable-libsnappy --enable-libsoxr --enable-libspeex --enable-libtheora --enable-libtwolame --enable-libvidstab --enable-libvorbis --enable-libvpx --enable-libwebp --enable-libx265 --enable-libxml2 --enable-libxvid --enable-libzimg --enable-openal --enable-opencl --enable-opengl --disable-sndio --enable-libvpl --disable-libmfx --enable-libdc1394 --enable-libdrm --enable-libiec61883 --enable-chromaprint --enable-frei0r --enable-ladspa --enable-libbluray --enable-libjack --enable-libpulse --enable-librabbitmq --enable-librist --enable-libsrt --enable-libssh --enable-libsvtav1 --enable-libx264 --enable-libzmq --enable-libzvbi --enable-lv2 --enable-sdl2 --enable-libplacebo --enable-librav1e --enable-pocketsphinx --enable-librsvg --enable-libjxl --enable-shared
  libavutil      58. 29.100 / 58. 29.100
  libavcodec     60. 31.102 / 60. 31.102
  libavformat    60. 16.100 / 60. 16.100
  libavdevice    60.  3.100 / 60.  3.100
  libavfilter     9. 12.100 /  9. 12.100
  libswscale      7.  5.100 /  7.  5.100
  libswresample   4. 12.100 /  4. 12.100
  libpostproc    57.  3.100 / 57.  3.100
Input #0, mov,mp4,m4a,3gp,3g2,mj2, from '/data/vaishak/combined-kv-quant/results/runs/backfill_spatial_mixed_fg_kivi_int4_bg_kivi_int2_3d327a450ca5_10s/videos/SPATIAL_MIXED_FG_KIVI_INT4_BG_KIVI_INT2/prompt_0000_seed_0.mp4':
  Metadata:
    major_brand     : isom
    minor_version   : 512
    compatible_brands: isomiso2avc1mp41
    encoder         : Lavf61.1.100
  Duration: 00:00:10.31, start: 0.000000, bitrate: 962 kb/s
  Stream #0:0[0x1](und): Video: h264 (High) (avc1 / 0x31637661), yuv420p(progressive), 832x480, 960 kb/s, 16 fps, 16 tbr, 16384 tbn (default)
    Metadata:
      handler_name    : VideoHandler
      vendor_id       : [0][0][0][0]
Stream mapping:
  Stream #0:0 -> #0:0 (h264 (native) -> h264 (libx264))
Press [q] to stop, [?] for help
[libx264 @ 0x58516cd88e40] using cpu capabilities: MMX2 SSE2Fast SSSE3 SSE4.2 AVX FMA3 BMI2 AVX2
[libx264 @ 0x58516cd88e40] profile High, level 3.0, 4:2:0, 8-bit
[libx264 @ 0x58516cd88e40] 264 - core 164 r3108 31e19f9 - H.264/MPEG-4 AVC codec - Copyleft 2003-2023 - http://www.videolan.org/x264.html - options: cabac=1 ref=3 deblock=1:0:0 analyse=0x3:0x113 me=hex subme=7 psy=1 psy_rd=1.00:0.00 mixed_ref=1 me_range=16 chroma_me=1 trellis=1 8x8dct=1 cqm=0 deadzone=21,11 fast_pskip=1 chroma_qp_offset=-2 threads=15 lookahead_threads=2 sliced_threads=0 nr=0 decimate=1 interlaced=0 bluray_compat=0 constrained_intra=0 bframes=3 b_pyramid=2 b_adapt=1 b_bias=0 direct=1 weightb=1 open_gop=0 weightp=2 keyint=250 keyint_min=16 scenecut=40 intra_refresh=0 rc_lookahead=40 rc=crf mbtree=1 crf=23.0 qcomp=0.60 qpmin=0 qpmax=69 qpstep=4 ip_ratio=1.40 aq=1:1.00
Output #0, mp4, to '/data/vaishak/combined-kv-quant/results/combined/backfills/drift/moviegen/da3e13c01d2c44b9_SPATIAL_MIXED_FG_KIVI_INT4_BG_KIVI_INT2/SPATIAL_MIXED_FG_KIVI_INT4_BG_KIVI_INT2_frames_165/prompt_0000_seed_0.mp4':
  Metadata:
    major_brand     : isom
    minor_version   : 512
    compatible_brands: isomiso2avc1mp41
    encoder         : Lavf60.16.100
  Stream #0:0(und): Video: h264 (avc1 / 0x31637661), yuv420p(progressive), 832x480, q=2-31, 16 fps, 16384 tbn (default)
    Metadata:
      handler_name    : VideoHandler
      vendor_id       : [0][0][0][0]
      encoder         : Lavc60.31.102 libx264
    Side data:
      cpb: bitrate max/min/avg: 0/0/0 buffer size: 0 vbv_delay: N/A
frame=    0 fps=0.0 q=0.0 size=       0kB time=N/A bitrate=N/A speed=N/A    frame=   79 fps=0.0 q=27.0 size=     768kB time=00:00:04.81 bitrate=1307.4kbits/s speed=9.35x    [out#0/mp4 @ 0x58516ccfedc0] video:1705kB audio:0kB subtitle:0kB other streams:0kB global headers:0kB muxing overhead: 0.161039%
frame=  165 fps=0.0 q=-1.0 Lsize=    1707kB time=00:00:10.12 bitrate=1381.4kbits/s speed=13.9x    
[libx264 @ 0x58516cd88e40] frame I:16    Avg QP:20.37  size: 29048
[libx264 @ 0x58516cd88e40] frame P:52    Avg QP:23.75  size: 14943
[libx264 @ 0x58516cd88e40] frame B:97    Avg QP:25.32  size:  5186
[libx264 @ 0x58516cd88e40] consecutive B-frames: 12.1% 24.2% 12.7% 50.9%
[libx264 @ 0x58516cd88e40] mb I  I16..4:  4.2% 87.1%  8.7%
[libx264 @ 0x58516cd88e40] mb P  I16..4:  2.3% 21.6%  2.0%  P16..4: 45.3% 16.9%  5.3%  0.0%  0.0%    skip: 6.6%
[libx264 @ 0x58516cd88e40] mb B  I16..4:  0.3%  1.9%  0.1%  B16..8: 47.5%  7.1%  1.6%  direct: 6.4%  skip:35.0%  L0:55.2% L1:35.6% BI: 9.2%
[libx264 @ 0x58516cd88e40] 8x8 transform intra:85.1% inter:79.5%
[libx264 @ 0x58516cd88e40] coded y,uvDC,uvAC intra: 83.7% 81.3% 26.4% inter: 30.4% 28.2% 1.2%
[libx264 @ 0x58516cd88e40] i16 v,h,dc,p: 22% 12%  4% 62%
[libx264 @ 0x58516cd88e40] i8 v,h,dc,ddl,ddr,vr,hd,vl,hu: 23% 19% 17%  5%  6%  7%  7%  8%  8%
[libx264 @ 0x58516cd88e40] i4 v,h,dc,ddl,ddr,vr,hd,vl,hu: 25% 19% 12%  6%  7%  8%  8%  7%  7%
[libx264 @ 0x58516cd88e40] i8c dc,h,v,p: 40% 17% 31% 12%
[libx264 @ 0x58516cd88e40] Weighted P-Frames: Y:51.9% UV:38.5%
[libx264 @ 0x58516cd88e40] ref P L0: 57.8% 23.1% 14.2%  3.8%  1.2%
[libx264 @ 0x58516cd88e40] ref B L0: 91.1%  8.0%  0.9%
[libx264 @ 0x58516cd88e40] ref B L1: 98.8%  1.2%
[libx264 @ 0x58516cd88e40] kb/s:1353.58
ffmpeg version 6.1.1-3ubuntu5 Copyright (c) 2000-2023 the FFmpeg developers
  built with gcc 13 (Ubuntu 13.2.0-23ubuntu3)
  configuration: --prefix=/usr --extra-version=3ubuntu5 --toolchain=hardened --libdir=/usr/lib/x86_64-linux-gnu --incdir=/usr/include/x86_64-linux-gnu --arch=amd64 --enable-gpl --disable-stripping --disable-omx --enable-gnutls --enable-libaom --enable-libass --enable-libbs2b --enable-libcaca --enable-libcdio --enable-libcodec2 --enable-libdav1d --enable-libflite --enable-libfontconfig --enable-libfreetype --enable-libfribidi --enable-libglslang --enable-libgme --enable-libgsm --enable-libharfbuzz --enable-libmp3lame --enable-libmysofa --enable-libopenjpeg --enable-libopenmpt --enable-libopus --enable-librubberband --enable-libshine --enable-libsnappy --enable-libsoxr --enable-libspeex --enable-libtheora --enable-libtwolame --enable-libvidstab --enable-libvorbis --enable-libvpx --enable-libwebp --enable-libx265 --enable-libxml2 --enable-libxvid --enable-libzimg --enable-openal --enable-opencl --enable-opengl --disable-sndio --enable-libvpl --disable-libmfx --enable-libdc1394 --enable-libdrm --enable-libiec61883 --enable-chromaprint --enable-frei0r --enable-ladspa --enable-libbluray --enable-libjack --enable-libpulse --enable-librabbitmq --enable-librist --enable-libsrt --enable-libssh --enable-libsvtav1 --enable-libx264 --enable-libzmq --enable-libzvbi --enable-lv2 --enable-sdl2 --enable-libplacebo --enable-librav1e --enable-pocketsphinx --enable-librsvg --enable-libjxl --enable-shared
  libavutil      58. 29.100 / 58. 29.100
  libavcodec     60. 31.102 / 60. 31.102
  libavformat    60. 16.100 / 60. 16.100
  libavdevice    60.  3.100 / 60.  3.100
  libavfilter     9. 12.100 /  9. 12.100
  libswscale      7.  5.100 /  7.  5.100
  libswresample   4. 12.100 /  4. 12.100
  libpostproc    57.  3.100 / 57.  3.100
Input #0, mov,mp4,m4a,3gp,3g2,mj2, from '/data/vaishak/combined-kv-quant/results/runs/backfill_spatial_mixed_fg_kivi_int4_bg_kivi_int2_3d327a450ca5_10s/videos/SPATIAL_MIXED_FG_KIVI_INT4_BG_KIVI_INT2/prompt_0001_seed_1.mp4':
  Metadata:
    major_brand     : isom
    minor_version   : 512
    compatible_brands: isomiso2avc1mp41
    encoder         : Lavf61.1.100
  Duration: 00:00:10.31, start: 0.000000, bitrate: 1069 kb/s
  Stream #0:0[0x1](und): Video: h264 (High) (avc1 / 0x31637661), yuv420p(progressive), 832x480, 1067 kb/s, 16 fps, 16 tbr, 16384 tbn (default)
    Metadata:
      handler_name    : VideoHandler
      vendor_id       : [0][0][0][0]
Stream mapping:
  Stream #0:0 -> #0:0 (h264 (native) -> h264 (libx264))
Press [q] to stop, [?] for help
[libx264 @ 0x56fc8bd8bfc0] using cpu capabilities: MMX2 SSE2Fast SSSE3 SSE4.2 AVX FMA3 BMI2 AVX2
[libx264 @ 0x56fc8bd8bfc0] profile High, level 3.0, 4:2:0, 8-bit
[libx264 @ 0x56fc8bd8bfc0] 264 - core 164 r3108 31e19f9 - H.264/MPEG-4 AVC codec - Copyleft 2003-2023 - http://www.videolan.org/x264.html - options: cabac=1 ref=3 deblock=1:0:0 analyse=0x3:0x113 me=hex subme=7 psy=1 psy_rd=1.00:0.00 mixed_ref=1 me_range=16 chroma_me=1 trellis=1 8x8dct=1 cqm=0 deadzone=21,11 fast_pskip=1 chroma_qp_offset=-2 threads=15 lookahead_threads=2 sliced_threads=0 nr=0 decimate=1 interlaced=0 bluray_compat=0 constrained_intra=0 bframes=3 b_pyramid=2 b_adapt=1 b_bias=0 direct=1 weightb=1 open_gop=0 weightp=2 keyint=250 keyint_min=16 scenecut=40 intra_refresh=0 rc_lookahead=40 rc=crf mbtree=1 crf=23.0 qcomp=0.60 qpmin=0 qpmax=69 qpstep=4 ip_ratio=1.40 aq=1:1.00
Output #0, mp4, to '/data/vaishak/combined-kv-quant/results/combined/backfills/drift/moviegen/da3e13c01d2c44b9_SPATIAL_MIXED_FG_KIVI_INT4_BG_KIVI_INT2/SPATIAL_MIXED_FG_KIVI_INT4_BG_KIVI_INT2_frames_165/prompt_0001_seed_1.mp4':
  Metadata:
    major_brand     : isom
    minor_version   : 512
    compatible_brands: isomiso2avc1mp41
    encoder         : Lavf60.16.100
  Stream #0:0(und): Video: h264 (avc1 / 0x31637661), yuv420p(progressive), 832x480, q=2-31, 16 fps, 16384 tbn (default)
    Metadata:
      handler_name    : VideoHandler
      vendor_id       : [0][0][0][0]
      encoder         : Lavc60.31.102 libx264
    Side data:
      cpb: bitrate max/min/avg: 0/0/0 buffer size: 0 vbv_delay: N/A
frame=    0 fps=0.0 q=0.0 size=       0kB time=N/A bitrate=N/A speed=N/A    [out#0/mp4 @ 0x56fc8bd01dc0] video:1918kB audio:0kB subtitle:0kB other streams:0kB global headers:0kB muxing overhead: 0.140253%
frame=  165 fps=0.0 q=-1.0 Lsize=    1921kB time=00:00:10.12 bitrate=1554.2kbits/s speed=  14x    
[libx264 @ 0x56fc8bd8bfc0] frame I:19    Avg QP:20.23  size: 36661
[libx264 @ 0x56fc8bd8bfc0] frame P:51    Avg QP:23.77  size: 16417
[libx264 @ 0x56fc8bd8bfc0] frame B:95    Avg QP:24.95  size:  4524
[libx264 @ 0x56fc8bd8bfc0] consecutive B-frames: 15.8% 15.8% 20.0% 48.5%
[libx264 @ 0x56fc8bd8bfc0] mb I  I16..4:  4.9% 89.3%  5.8%
[libx264 @ 0x56fc8bd8bfc0] mb P  I16..4:  3.5% 20.3%  1.3%  P16..4: 43.0% 16.4%  7.8%  0.0%  0.0%    skip: 7.8%
[libx264 @ 0x56fc8bd8bfc0] mb B  I16..4:  0.4%  1.2%  0.1%  B16..8: 46.1%  6.1%  2.0%  direct: 4.9%  skip:39.3%  L0:58.4% L1:33.9% BI: 7.7%
[libx264 @ 0x56fc8bd8bfc0] 8x8 transform intra:85.3% inter:76.8%
[libx264 @ 0x56fc8bd8bfc0] coded y,uvDC,uvAC intra: 82.5% 59.9% 4.9% inter: 27.4% 17.0% 0.0%
[libx264 @ 0x56fc8bd8bfc0] i16 v,h,dc,p:  6% 31%  3% 60%
[libx264 @ 0x56fc8bd8bfc0] i8 v,h,dc,ddl,ddr,vr,hd,vl,hu: 11% 29% 21%  5%  5%  5%  8%  6% 10%
[libx264 @ 0x56fc8bd8bfc0] i4 v,h,dc,ddl,ddr,vr,hd,vl,hu: 12% 27% 14%  7%  8%  7% 11%  6%  9%
[libx264 @ 0x56fc8bd8bfc0] i8c dc,h,v,p: 49% 29% 17%  5%
[libx264 @ 0x56fc8bd8bfc0] Weighted P-Frames: Y:54.9% UV:25.5%
[libx264 @ 0x56fc8bd8bfc0] ref P L0: 57.5% 19.4% 16.7%  4.5%  1.9%
[libx264 @ 0x56fc8bd8bfc0] ref B L0: 90.9%  8.4%  0.7%
[libx264 @ 0x56fc8bd8bfc0] ref B L1: 99.1%  0.9%
[libx264 @ 0x56fc8bd8bfc0] kb/s:1523.30
ffmpeg version 6.1.1-3ubuntu5 Copyright (c) 2000-2023 the FFmpeg developers
  built with gcc 13 (Ubuntu 13.2.0-23ubuntu3)
  configuration: --prefix=/usr --extra-version=3ubuntu5 --toolchain=hardened --libdir=/usr/lib/x86_64-linux-gnu --incdir=/usr/include/x86_64-linux-gnu --arch=amd64 --enable-gpl --disable-stripping --disable-omx --enable-gnutls --enable-libaom --enable-libass --enable-libbs2b --enable-libcaca --enable-libcdio --enable-libcodec2 --enable-libdav1d --enable-libflite --enable-libfontconfig --enable-libfreetype --enable-libfribidi --enable-libglslang --enable-libgme --enable-libgsm --enable-libharfbuzz --enable-libmp3lame --enable-libmysofa --enable-libopenjpeg --enable-libopenmpt --enable-libopus --enable-librubberband --enable-libshine --enable-libsnappy --enable-libsoxr --enable-libspeex --enable-libtheora --enable-libtwolame --enable-libvidstab --enable-libvorbis --enable-libvpx --enable-libwebp --enable-libx265 --enable-libxml2 --enable-libxvid --enable-libzimg --enable-openal --enable-opencl --enable-opengl --disable-sndio --enable-libvpl --disable-libmfx --enable-libdc1394 --enable-libdrm --enable-libiec61883 --enable-chromaprint --enable-frei0r --enable-ladspa --enable-libbluray --enable-libjack --enable-libpulse --enable-librabbitmq --enable-librist --enable-libsrt --enable-libssh --enable-libsvtav1 --enable-libx264 --enable-libzmq --enable-libzvbi --enable-lv2 --enable-sdl2 --enable-libplacebo --enable-librav1e --enable-pocketsphinx --enable-librsvg --enable-libjxl --enable-shared
  libavutil      58. 29.100 / 58. 29.100
  libavcodec     60. 31.102 / 60. 31.102
  libavformat    60. 16.100 / 60. 16.100
  libavdevice    60.  3.100 / 60.  3.100
  libavfilter     9. 12.100 /  9. 12.100
  libswscale      7.  5.100 /  7.  5.100
  libswresample   4. 12.100 /  4. 12.100
  libpostproc    57.  3.100 / 57.  3.100
Input #0, mov,mp4,m4a,3gp,3g2,mj2, from '/data/vaishak/combined-kv-quant/results/runs/backfill_spatial_mixed_fg_kivi_int4_bg_kivi_int2_3d327a450ca5_10s/videos/SPATIAL_MIXED_FG_KIVI_INT4_BG_KIVI_INT2/prompt_0002_seed_2.mp4':
  Metadata:
    major_brand     : isom
    minor_version   : 512
    compatible_brands: isomiso2avc1mp41
    encoder         : Lavf61.1.100
  Duration: 00:00:10.31, start: 0.000000, bitrate: 1043 kb/s
  Stream #0:0[0x1](und): Video: h264 (High) (avc1 / 0x31637661), yuv420p(progressive), 832x480, 1041 kb/s, 16 fps, 16 tbr, 16384 tbn (default)
    Metadata:
      handler_name    : VideoHandler
      vendor_id       : [0][0][0][0]
Stream mapping:
  Stream #0:0 -> #0:0 (h264 (native) -> h264 (libx264))
Press [q] to stop, [?] for help
[libx264 @ 0x64d85a996b40] using cpu capabilities: MMX2 SSE2Fast SSSE3 SSE4.2 AVX FMA3 BMI2 AVX2
[libx264 @ 0x64d85a996b40] profile High, level 3.0, 4:2:0, 8-bit
[libx264 @ 0x64d85a996b40] 264 - core 164 r3108 31e19f9 - H.264/MPEG-4 AVC codec - Copyleft 2003-2023 - http://www.videolan.org/x264.html - options: cabac=1 ref=3 deblock=1:0:0 analyse=0x3:0x113 me=hex subme=7 psy=1 psy_rd=1.00:0.00 mixed_ref=1 me_range=16 chroma_me=1 trellis=1 8x8dct=1 cqm=0 deadzone=21,11 fast_pskip=1 chroma_qp_offset=-2 threads=15 lookahead_threads=2 sliced_threads=0 nr=0 decimate=1 interlaced=0 bluray_compat=0 constrained_intra=0 bframes=3 b_pyramid=2 b_adapt=1 b_bias=0 direct=1 weightb=1 open_gop=0 weightp=2 keyint=250 keyint_min=16 scenecut=40 intra_refresh=0 rc_lookahead=40 rc=crf mbtree=1 crf=23.0 qcomp=0.60 qpmin=0 qpmax=69 qpstep=4 ip_ratio=1.40 aq=1:1.00
Output #0, mp4, to '/data/vaishak/combined-kv-quant/results/combined/backfills/drift/moviegen/da3e13c01d2c44b9_SPATIAL_MIXED_FG_KIVI_INT4_BG_KIVI_INT2/SPATIAL_MIXED_FG_KIVI_INT4_BG_KIVI_INT2_frames_165/prompt_0002_seed_2.mp4':
  Metadata:
    major_brand     : isom
    minor_version   : 512
    compatible_brands: isomiso2avc1mp41
    encoder         : Lavf60.16.100
  Stream #0:0(und): Video: h264 (avc1 / 0x31637661), yuv420p(progressive), 832x480, q=2-31, 16 fps, 16384 tbn (default)
    Metadata:
      handler_name    : VideoHandler
      vendor_id       : [0][0][0][0]
      encoder         : Lavc60.31.102 libx264
    Side data:
      cpb: bitrate max/min/avg: 0/0/0 buffer size: 0 vbv_delay: N/A
frame=    0 fps=0.0 q=0.0 size=       0kB time=N/A bitrate=N/A speed=N/A    frame=   57 fps=0.0 q=27.0 size=     512kB time=00:00:03.43 bitrate=1220.3kbits/s speed=6.43x    [out#0/mp4 @ 0x64d85a8b3dc0] video:1542kB audio:0kB subtitle:0kB other streams:0kB global headers:0kB muxing overhead: 0.173729%
frame=  165 fps=0.0 q=-1.0 Lsize=    1545kB time=00:00:10.12 bitrate=1249.7kbits/s speed=11.2x    
[libx264 @ 0x64d85a996b40] frame I:19    Avg QP:19.44  size: 19921
[libx264 @ 0x64d85a996b40] frame P:47    Avg QP:22.83  size: 11567
[libx264 @ 0x64d85a996b40] frame B:99    Avg QP:23.68  size:  6627
[libx264 @ 0x64d85a996b40] consecutive B-frames: 14.5%  8.5% 23.6% 53.3%
[libx264 @ 0x64d85a996b40] mb I  I16..4: 23.2% 71.7%  5.2%
[libx264 @ 0x64d85a996b40] mb P  I16..4: 13.7% 29.2%  2.2%  P16..4: 36.4% 10.2%  2.9%  0.0%  0.0%    skip: 5.4%
[libx264 @ 0x64d85a996b40] mb B  I16..4:  1.4%  4.6%  0.4%  B16..8: 41.8%  9.0%  2.0%  direct: 7.8%  skip:33.0%  L0:45.1% L1:46.4% BI: 8.5%
[libx264 @ 0x64d85a996b40] 8x8 transform intra:68.6% inter:81.6%
[libx264 @ 0x64d85a996b40] coded y,uvDC,uvAC intra: 58.5% 67.1% 11.1% inter: 27.9% 35.5% 1.4%
[libx264 @ 0x64d85a996b40] i16 v,h,dc,p:  5% 42%  4% 49%
[libx264 @ 0x64d85a996b40] i8 v,h,dc,ddl,ddr,vr,hd,vl,hu: 13% 34% 18%  5%  5%  4%  7%  5%  9%
[libx264 @ 0x64d85a996b40] i4 v,h,dc,ddl,ddr,vr,hd,vl,hu: 15% 30% 12%  6%  8%  6% 10%  5%  8%
[libx264 @ 0x64d85a996b40] i8c dc,h,v,p: 42% 35% 16%  8%
[libx264 @ 0x64d85a996b40] Weighted P-Frames: Y:23.4% UV:21.3%
[libx264 @ 0x64d85a996b40] ref P L0: 66.1% 13.2% 14.6%  5.6%  0.6%
[libx264 @ 0x64d85a996b40] ref B L0: 87.5% 10.5%  2.0%
[libx264 @ 0x64d85a996b40] ref B L1: 96.4%  3.6%
[libx264 @ 0x64d85a996b40] kb/s:1224.31
ffmpeg version 6.1.1-3ubuntu5 Copyright (c) 2000-2023 the FFmpeg developers
  built with gcc 13 (Ubuntu 13.2.0-23ubuntu3)
  configuration: --prefix=/usr --extra-version=3ubuntu5 --toolchain=hardened --libdir=/usr/lib/x86_64-linux-gnu --incdir=/usr/include/x86_64-linux-gnu --arch=amd64 --enable-gpl --disable-stripping --disable-omx --enable-gnutls --enable-libaom --enable-libass --enable-libbs2b --enable-libcaca --enable-libcdio --enable-libcodec2 --enable-libdav1d --enable-libflite --enable-libfontconfig --enable-libfreetype --enable-libfribidi --enable-libglslang --enable-libgme --enable-libgsm --enable-libharfbuzz --enable-libmp3lame --enable-libmysofa --enable-libopenjpeg --enable-libopenmpt --enable-libopus --enable-librubberband --enable-libshine --enable-libsnappy --enable-libsoxr --enable-libspeex --enable-libtheora --enable-libtwolame --enable-libvidstab --enable-libvorbis --enable-libvpx --enable-libwebp --enable-libx265 --enable-libxml2 --enable-libxvid --enable-libzimg --enable-openal --enable-opencl --enable-opengl --disable-sndio --enable-libvpl --disable-libmfx --enable-libdc1394 --enable-libdrm --enable-libiec61883 --enable-chromaprint --enable-frei0r --enable-ladspa --enable-libbluray --enable-libjack --enable-libpulse --enable-librabbitmq --enable-librist --enable-libsrt --enable-libssh --enable-libsvtav1 --enable-libx264 --enable-libzmq --enable-libzvbi --enable-lv2 --enable-sdl2 --enable-libplacebo --enable-librav1e --enable-pocketsphinx --enable-librsvg --enable-libjxl --enable-shared
  libavutil      58. 29.100 / 58. 29.100
  libavcodec     60. 31.102 / 60. 31.102
  libavformat    60. 16.100 / 60. 16.100
  libavdevice    60.  3.100 / 60.  3.100
  libavfilter     9. 12.100 /  9. 12.100
  libswscale      7.  5.100 /  7.  5.100
  libswresample   4. 12.100 /  4. 12.100
  libpostproc    57.  3.100 / 57.  3.100
Input #0, mov,mp4,m4a,3gp,3g2,mj2, from '/data/vaishak/combined-kv-quant/results/runs/backfill_spatial_mixed_fg_kivi_int4_bg_kivi_int2_3d327a450ca5_10s/videos/SPATIAL_MIXED_FG_KIVI_INT4_BG_KIVI_INT2/prompt_0003_seed_3.mp4':
  Metadata:
    major_brand     : isom
    minor_version   : 512
    compatible_brands: isomiso2avc1mp41
    encoder         : Lavf61.1.100
  Duration: 00:00:10.31, start: 0.000000, bitrate: 985 kb/s
  Stream #0:0[0x1](und): Video: h264 (High) (avc1 / 0x31637661), yuv420p(progressive), 832x480, 983 kb/s, 16 fps, 16 tbr, 16384 tbn (default)
    Metadata:
      handler_name    : VideoHandler
      vendor_id       : [0][0][0][0]
Stream mapping:
  Stream #0:0 -> #0:0 (h264 (native) -> h264 (libx264))
Press [q] to stop, [?] for help
[libx264 @ 0x5c0487ebbb00] using cpu capabilities: MMX2 SSE2Fast SSSE3 SSE4.2 AVX FMA3 BMI2 AVX2
[libx264 @ 0x5c0487ebbb00] profile High, level 3.0, 4:2:0, 8-bit
[libx264 @ 0x5c0487ebbb00] 264 - core 164 r3108 31e19f9 - H.264/MPEG-4 AVC codec - Copyleft 2003-2023 - http://www.videolan.org/x264.html - options: cabac=1 ref=3 deblock=1:0:0 analyse=0x3:0x113 me=hex subme=7 psy=1 psy_rd=1.00:0.00 mixed_ref=1 me_range=16 chroma_me=1 trellis=1 8x8dct=1 cqm=0 deadzone=21,11 fast_pskip=1 chroma_qp_offset=-2 threads=15 lookahead_threads=2 sliced_threads=0 nr=0 decimate=1 interlaced=0 bluray_compat=0 constrained_intra=0 bframes=3 b_pyramid=2 b_adapt=1 b_bias=0 direct=1 weightb=1 open_gop=0 weightp=2 keyint=250 keyint_min=16 scenecut=40 intra_refresh=0 rc_lookahead=40 rc=crf mbtree=1 crf=23.0 qcomp=0.60 qpmin=0 qpmax=69 qpstep=4 ip_ratio=1.40 aq=1:1.00
Output #0, mp4, to '/data/vaishak/combined-kv-quant/results/combined/backfills/drift/moviegen/da3e13c01d2c44b9_SPATIAL_MIXED_FG_KIVI_INT4_BG_KIVI_INT2/SPATIAL_MIXED_FG_KIVI_INT4_BG_KIVI_INT2_frames_165/prompt_0003_seed_3.mp4':
  Metadata:
    major_brand     : isom
    minor_version   : 512
    compatible_brands: isomiso2avc1mp41
    encoder         : Lavf60.16.100
  Stream #0:0(und): Video: h264 (avc1 / 0x31637661), yuv420p(progressive), 832x480, q=2-31, 16 fps, 16384 tbn (default)
    Metadata:
      handler_name    : VideoHandler
      vendor_id       : [0][0][0][0]
      encoder         : Lavc60.31.102 libx264
    Side data:
      cpb: bitrate max/min/avg: 0/0/0 buffer size: 0 vbv_delay: N/A
frame=    0 fps=0.0 q=0.0 size=       0kB time=N/A bitrate=N/A speed=N/A    [out#0/mp4 @ 0x5c0487e31dc0] video:1743kB audio:0kB subtitle:0kB other streams:0kB global headers:0kB muxing overhead: 0.157234%
frame=  165 fps=0.0 q=-1.0 Lsize=    1746kB time=00:00:10.12 bitrate=1412.8kbits/s speed=14.3x    
[libx264 @ 0x5c0487ebbb00] frame I:16    Avg QP:20.67  size: 30515
[libx264 @ 0x5c0487ebbb00] frame P:55    Avg QP:23.77  size: 14795
[libx264 @ 0x5c0487ebbb00] frame B:94    Avg QP:24.93  size:  5134
[libx264 @ 0x5c0487ebbb00] consecutive B-frames: 16.4% 19.4% 10.9% 53.3%
[libx264 @ 0x5c0487ebbb00] mb I  I16..4:  7.9% 82.7%  9.4%
[libx264 @ 0x5c0487ebbb00] mb P  I16..4:  4.2% 23.6%  2.2%  P16..4: 41.8% 14.7%  5.3%  0.0%  0.0%    skip: 8.2%
[libx264 @ 0x5c0487ebbb00] mb B  I16..4:  0.6%  2.0%  0.2%  B16..8: 46.0%  6.6%  1.5%  direct: 6.1%  skip:37.1%  L0:52.6% L1:39.7% BI: 7.7%
[libx264 @ 0x5c0487ebbb00] 8x8 transform intra:80.2% inter:78.6%
[libx264 @ 0x5c0487ebbb00] coded y,uvDC,uvAC intra: 79.8% 77.3% 11.7% inter: 30.7% 26.9% 0.0%
[libx264 @ 0x5c0487ebbb00] i16 v,h,dc,p:  4% 46%  4% 46%
[libx264 @ 0x5c0487ebbb00] i8 v,h,dc,ddl,ddr,vr,hd,vl,hu: 11% 38% 15%  4%  5%  4%  8%  5%  9%
[libx264 @ 0x5c0487ebbb00] i4 v,h,dc,ddl,ddr,vr,hd,vl,hu: 10% 38% 11%  5%  7%  5% 12%  4%  9%
[libx264 @ 0x5c0487ebbb00] i8c dc,h,v,p: 39% 30% 19% 11%
[libx264 @ 0x5c0487ebbb00] Weighted P-Frames: Y:30.9% UV:29.1%
[libx264 @ 0x5c0487ebbb00] ref P L0: 62.6% 22.3% 10.8%  3.2%  1.1%
[libx264 @ 0x5c0487ebbb00] ref B L0: 91.7%  7.6%  0.8%
[libx264 @ 0x5c0487ebbb00] ref B L1: 98.9%  1.1%
[libx264 @ 0x5c0487ebbb00] kb/s:1384.38
ffmpeg version 6.1.1-3ubuntu5 Copyright (c) 2000-2023 the FFmpeg developers
  built with gcc 13 (Ubuntu 13.2.0-23ubuntu3)
  configuration: --prefix=/usr --extra-version=3ubuntu5 --toolchain=hardened --libdir=/usr/lib/x86_64-linux-gnu --incdir=/usr/include/x86_64-linux-gnu --arch=amd64 --enable-gpl --disable-stripping --disable-omx --enable-gnutls --enable-libaom --enable-libass --enable-libbs2b --enable-libcaca --enable-libcdio --enable-libcodec2 --enable-libdav1d --enable-libflite --enable-libfontconfig --enable-libfreetype --enable-libfribidi --enable-libglslang --enable-libgme --enable-libgsm --enable-libharfbuzz --enable-libmp3lame --enable-libmysofa --enable-libopenjpeg --enable-libopenmpt --enable-libopus --enable-librubberband --enable-libshine --enable-libsnappy --enable-libsoxr --enable-libspeex --enable-libtheora --enable-libtwolame --enable-libvidstab --enable-libvorbis --enable-libvpx --enable-libwebp --enable-libx265 --enable-libxml2 --enable-libxvid --enable-libzimg --enable-openal --enable-opencl --enable-opengl --disable-sndio --enable-libvpl --disable-libmfx --enable-libdc1394 --enable-libdrm --enable-libiec61883 --enable-chromaprint --enable-frei0r --enable-ladspa --enable-libbluray --enable-libjack --enable-libpulse --enable-librabbitmq --enable-librist --enable-libsrt --enable-libssh --enable-libsvtav1 --enable-libx264 --enable-libzmq --enable-libzvbi --enable-lv2 --enable-sdl2 --enable-libplacebo --enable-librav1e --enable-pocketsphinx --enable-librsvg --enable-libjxl --enable-shared
  libavutil      58. 29.100 / 58. 29.100
  libavcodec     60. 31.102 / 60. 31.102
  libavformat    60. 16.100 / 60. 16.100
  libavdevice    60.  3.100 / 60.  3.100
  libavfilter     9. 12.100 /  9. 12.100
  libswscale      7.  5.100 /  7.  5.100
  libswresample   4. 12.100 /  4. 12.100
  libpostproc    57.  3.100 / 57.  3.100
Input #0, mov,mp4,m4a,3gp,3g2,mj2, from '/data/vaishak/combined-kv-quant/results/runs/backfill_spatial_mixed_fg_kivi_int4_bg_kivi_int2_3d327a450ca5_10s/videos/SPATIAL_MIXED_FG_KIVI_INT4_BG_KIVI_INT2/prompt_0004_seed_4.mp4':
  Metadata:
    major_brand     : isom
    minor_version   : 512
    compatible_brands: isomiso2avc1mp41
    encoder         : Lavf61.1.100
  Duration: 00:00:10.31, start: 0.000000, bitrate: 971 kb/s
  Stream #0:0[0x1](und): Video: h264 (High) (avc1 / 0x31637661), yuv420p(progressive), 832x480, 969 kb/s, 16 fps, 16 tbr, 16384 tbn (default)
    Metadata:
      handler_name    : VideoHandler
      vendor_id       : [0][0][0][0]
Stream mapping:
  Stream #0:0 -> #0:0 (h264 (native) -> h264 (libx264))
Press [q] to stop, [?] for help
[libx264 @ 0x60a2ee8d8400] using cpu capabilities: MMX2 SSE2Fast SSSE3 SSE4.2 AVX FMA3 BMI2 AVX2
[libx264 @ 0x60a2ee8d8400] profile High, level 3.0, 4:2:0, 8-bit
[libx264 @ 0x60a2ee8d8400] 264 - core 164 r3108 31e19f9 - H.264/MPEG-4 AVC codec - Copyleft 2003-2023 - http://www.videolan.org/x264.html - options: cabac=1 ref=3 deblock=1:0:0 analyse=0x3:0x113 me=hex subme=7 psy=1 psy_rd=1.00:0.00 mixed_ref=1 me_range=16 chroma_me=1 trellis=1 8x8dct=1 cqm=0 deadzone=21,11 fast_pskip=1 chroma_qp_offset=-2 threads=15 lookahead_threads=2 sliced_threads=0 nr=0 decimate=1 interlaced=0 bluray_compat=0 constrained_intra=0 bframes=3 b_pyramid=2 b_adapt=1 b_bias=0 direct=1 weightb=1 open_gop=0 weightp=2 keyint=250 keyint_min=16 scenecut=40 intra_refresh=0 rc_lookahead=40 rc=crf mbtree=1 crf=23.0 qcomp=0.60 qpmin=0 qpmax=69 qpstep=4 ip_ratio=1.40 aq=1:1.00
Output #0, mp4, to '/data/vaishak/combined-kv-quant/results/combined/backfills/drift/moviegen/da3e13c01d2c44b9_SPATIAL_MIXED_FG_KIVI_INT4_BG_KIVI_INT2/SPATIAL_MIXED_FG_KIVI_INT4_BG_KIVI_INT2_frames_165/prompt_0004_seed_4.mp4':
  Metadata:
    major_brand     : isom
    minor_version   : 512
    compatible_brands: isomiso2avc1mp41
    encoder         : Lavf60.16.100
  Stream #0:0(und): Video: h264 (avc1 / 0x31637661), yuv420p(progressive), 832x480, q=2-31, 16 fps, 16384 tbn (default)
    Metadata:
      handler_name    : VideoHandler
      vendor_id       : [0][0][0][0]
      encoder         : Lavc60.31.102 libx264
    Side data:
      cpb: bitrate max/min/avg: 0/0/0 buffer size: 0 vbv_delay: N/A
frame=    0 fps=0.0 q=0.0 size=       0kB time=N/A bitrate=N/A speed=N/A    [out#0/mp4 @ 0x60a2ee859dc0] video:1129kB audio:0kB subtitle:0kB other streams:0kB global headers:0kB muxing overhead: 0.240780%
frame=  165 fps=0.0 q=-1.0 Lsize=    1131kB time=00:00:10.12 bitrate= 915.4kbits/s speed=16.3x    
[libx264 @ 0x60a2ee8d8400] frame I:17    Avg QP:18.86  size: 18267
[libx264 @ 0x60a2ee8d8400] frame P:55    Avg QP:21.89  size:  9001
[libx264 @ 0x60a2ee8d8400] frame B:93    Avg QP:23.08  size:  3759
[libx264 @ 0x60a2ee8d8400] consecutive B-frames: 15.2% 25.5% 10.9% 48.5%
[libx264 @ 0x60a2ee8d8400] mb I  I16..4: 17.4% 79.0%  3.7%
[libx264 @ 0x60a2ee8d8400] mb P  I16..4:  9.9% 19.8%  0.9%  P16..4: 49.1% 11.4%  3.1%  0.0%  0.0%    skip: 5.8%
[libx264 @ 0x60a2ee8d8400] mb B  I16..4:  1.9%  3.4%  0.2%  B16..8: 33.9%  4.1%  0.6%  direct:10.9%  skip:45.0%  L0:44.4% L1:48.2% BI: 7.4%
[libx264 @ 0x60a2ee8d8400] 8x8 transform intra:70.5% inter:84.8%
[libx264 @ 0x60a2ee8d8400] coded y,uvDC,uvAC intra: 52.5% 84.2% 25.5% inter: 21.6% 45.5% 0.5%
[libx264 @ 0x60a2ee8d8400] i16 v,h,dc,p: 23% 27%  6% 43%
[libx264 @ 0x60a2ee8d8400] i8 v,h,dc,ddl,ddr,vr,hd,vl,hu: 24% 30% 18%  4%  4%  5%  5%  5%  5%
[libx264 @ 0x60a2ee8d8400] i4 v,h,dc,ddl,ddr,vr,hd,vl,hu: 22% 26% 15%  6%  7%  7%  7%  6%  5%
[libx264 @ 0x60a2ee8d8400] i8c dc,h,v,p: 38% 27% 23% 12%
[libx264 @ 0x60a2ee8d8400] Weighted P-Frames: Y:69.1% UV:67.3%
[libx264 @ 0x60a2ee8d8400] ref P L0: 64.3% 16.3% 10.2%  6.2%  3.1%
[libx264 @ 0x60a2ee8d8400] ref B L0: 88.9%  8.9%  2.1%
[libx264 @ 0x60a2ee8d8400] ref B L1: 96.6%  3.4%
[libx264 @ 0x60a2ee8d8400] kb/s:896.10
ffmpeg version 6.1.1-3ubuntu5 Copyright (c) 2000-2023 the FFmpeg developers
  built with gcc 13 (Ubuntu 13.2.0-23ubuntu3)
  configuration: --prefix=/usr --extra-version=3ubuntu5 --toolchain=hardened --libdir=/usr/lib/x86_64-linux-gnu --incdir=/usr/include/x86_64-linux-gnu --arch=amd64 --enable-gpl --disable-stripping --disable-omx --enable-gnutls --enable-libaom --enable-libass --enable-libbs2b --enable-libcaca --enable-libcdio --enable-libcodec2 --enable-libdav1d --enable-libflite --enable-libfontconfig --enable-libfreetype --enable-libfribidi --enable-libglslang --enable-libgme --enable-libgsm --enable-libharfbuzz --enable-libmp3lame --enable-libmysofa --enable-libopenjpeg --enable-libopenmpt --enable-libopus --enable-librubberband --enable-libshine --enable-libsnappy --enable-libsoxr --enable-libspeex --enable-libtheora --enable-libtwolame --enable-libvidstab --enable-libvorbis --enable-libvpx --enable-libwebp --enable-libx265 --enable-libxml2 --enable-libxvid --enable-libzimg --enable-openal --enable-opencl --enable-opengl --disable-sndio --enable-libvpl --disable-libmfx --enable-libdc1394 --enable-libdrm --enable-libiec61883 --enable-chromaprint --enable-frei0r --enable-ladspa --enable-libbluray --enable-libjack --enable-libpulse --enable-librabbitmq --enable-librist --enable-libsrt --enable-libssh --enable-libsvtav1 --enable-libx264 --enable-libzmq --enable-libzvbi --enable-lv2 --enable-sdl2 --enable-libplacebo --enable-librav1e --enable-pocketsphinx --enable-librsvg --enable-libjxl --enable-shared
  libavutil      58. 29.100 / 58. 29.100
  libavcodec     60. 31.102 / 60. 31.102
  libavformat    60. 16.100 / 60. 16.100
  libavdevice    60.  3.100 / 60.  3.100
  libavfilter     9. 12.100 /  9. 12.100
  libswscale      7.  5.100 /  7.  5.100
  libswresample   4. 12.100 /  4. 12.100
  libpostproc    57.  3.100 / 57.  3.100
Input #0, mov,mp4,m4a,3gp,3g2,mj2, from '/data/vaishak/combined-kv-quant/results/runs/backfill_spatial_mixed_fg_kivi_int4_bg_kivi_int2_3d327a450ca5_10s/videos/SPATIAL_MIXED_FG_KIVI_INT4_BG_KIVI_INT2/prompt_0005_seed_5.mp4':
  Metadata:
    major_brand     : isom
    minor_version   : 512
    compatible_brands: isomiso2avc1mp41
    encoder         : Lavf61.1.100
  Duration: 00:00:10.31, start: 0.000000, bitrate: 1174 kb/s
  Stream #0:0[0x1](und): Video: h264 (High) (avc1 / 0x31637661), yuv420p(progressive), 832x480, 1172 kb/s, 16 fps, 16 tbr, 16384 tbn (default)
    Metadata:
      handler_name    : VideoHandler
      vendor_id       : [0][0][0][0]
Stream mapping:
  Stream #0:0 -> #0:0 (h264 (native) -> h264 (libx264))
Press [q] to stop, [?] for help
[libx264 @ 0x55d7b1fe7740] using cpu capabilities: MMX2 SSE2Fast SSSE3 SSE4.2 AVX FMA3 BMI2 AVX2
[libx264 @ 0x55d7b1fe7740] profile High, level 3.0, 4:2:0, 8-bit
[libx264 @ 0x55d7b1fe7740] 264 - core 164 r3108 31e19f9 - H.264/MPEG-4 AVC codec - Copyleft 2003-2023 - http://www.videolan.org/x264.html - options: cabac=1 ref=3 deblock=1:0:0 analyse=0x3:0x113 me=hex subme=7 psy=1 psy_rd=1.00:0.00 mixed_ref=1 me_range=16 chroma_me=1 trellis=1 8x8dct=1 cqm=0 deadzone=21,11 fast_pskip=1 chroma_qp_offset=-2 threads=15 lookahead_threads=2 sliced_threads=0 nr=0 decimate=1 interlaced=0 bluray_compat=0 constrained_intra=0 bframes=3 b_pyramid=2 b_adapt=1 b_bias=0 direct=1 weightb=1 open_gop=0 weightp=2 keyint=250 keyint_min=16 scenecut=40 intra_refresh=0 rc_lookahead=40 rc=crf mbtree=1 crf=23.0 qcomp=0.60 qpmin=0 qpmax=69 qpstep=4 ip_ratio=1.40 aq=1:1.00
Output #0, mp4, to '/data/vaishak/combined-kv-quant/results/combined/backfills/drift/moviegen/da3e13c01d2c44b9_SPATIAL_MIXED_FG_KIVI_INT4_BG_KIVI_INT2/SPATIAL_MIXED_FG_KIVI_INT4_BG_KIVI_INT2_frames_165/prompt_0005_seed_5.mp4':
  Metadata:
    major_brand     : isom
    minor_version   : 512
    compatible_brands: isomiso2avc1mp41
    encoder         : Lavf60.16.100
  Stream #0:0(und): Video: h264 (avc1 / 0x31637661), yuv420p(progressive), 832x480, q=2-31, 16 fps, 16384 tbn (default)
    Metadata:
      handler_name    : VideoHandler
      vendor_id       : [0][0][0][0]
      encoder         : Lavc60.31.102 libx264
    Side data:
      cpb: bitrate max/min/avg: 0/0/0 buffer size: 0 vbv_delay: N/A
frame=    0 fps=0.0 q=0.0 size=       0kB time=N/A bitrate=N/A speed=N/A    [out#0/mp4 @ 0x55d7b1f53dc0] video:2648kB audio:0kB subtitle:0kB other streams:0kB global headers:0kB muxing overhead: 0.102177%
frame=  165 fps=0.0 q=-1.0 Lsize=    2651kB time=00:00:10.12 bitrate=2145.0kbits/s speed=15.7x    
[libx264 @ 0x55d7b1fe7740] frame I:15    Avg QP:22.67  size: 66566
[libx264 @ 0x55d7b1fe7740] frame P:49    Avg QP:26.27  size: 25019
[libx264 @ 0x55d7b1fe7740] frame B:101   Avg QP:27.77  size:  4820
[libx264 @ 0x55d7b1fe7740] consecutive B-frames: 11.5% 13.3% 21.8% 53.3%
[libx264 @ 0x55d7b1fe7740] mb I  I16..4:  2.7% 84.9% 12.4%
[libx264 @ 0x55d7b1fe7740] mb P  I16..4:  1.7% 12.7%  1.1%  P16..4: 40.3% 21.4% 15.1%  0.0%  0.0%    skip: 7.8%
[libx264 @ 0x55d7b1fe7740] mb B  I16..4:  0.2%  0.7%  0.1%  B16..8: 50.6%  5.7%  2.6%  direct: 3.2%  skip:36.9%  L0:50.2% L1:43.1% BI: 6.6%
[libx264 @ 0x55d7b1fe7740] 8x8 transform intra:83.4% inter:79.4%
[libx264 @ 0x55d7b1fe7740] coded y,uvDC,uvAC intra: 87.0% 92.8% 69.2% inter: 24.6% 28.3% 3.5%
[libx264 @ 0x55d7b1fe7740] i16 v,h,dc,p: 15% 38% 12% 35%
[libx264 @ 0x55d7b1fe7740] i8 v,h,dc,ddl,ddr,vr,hd,vl,hu: 13% 20% 30%  6%  4%  6%  5%  8%  8%
[libx264 @ 0x55d7b1fe7740] i4 v,h,dc,ddl,ddr,vr,hd,vl,hu: 16% 20% 15%  7%  8%  9%  7%  8%  8%
[libx264 @ 0x55d7b1fe7740] i8c dc,h,v,p: 36% 35% 14% 15%
[libx264 @ 0x55d7b1fe7740] Weighted P-Frames: Y:44.9% UV:40.8%
[libx264 @ 0x55d7b1fe7740] ref P L0: 66.1% 16.6% 12.9%  3.6%  0.8%
[libx264 @ 0x55d7b1fe7740] ref B L0: 95.5%  4.0%  0.5%
[libx264 @ 0x55d7b1fe7740] ref B L1: 98.8%  1.2%
[libx264 @ 0x55d7b1fe7740] kb/s:2103.28
ffmpeg version 6.1.1-3ubuntu5 Copyright (c) 2000-2023 the FFmpeg developers
  built with gcc 13 (Ubuntu 13.2.0-23ubuntu3)
  configuration: --prefix=/usr --extra-version=3ubuntu5 --toolchain=hardened --libdir=/usr/lib/x86_64-linux-gnu --incdir=/usr/include/x86_64-linux-gnu --arch=amd64 --enable-gpl --disable-stripping --disable-omx --enable-gnutls --enable-libaom --enable-libass --enable-libbs2b --enable-libcaca --enable-libcdio --enable-libcodec2 --enable-libdav1d --enable-libflite --enable-libfontconfig --enable-libfreetype --enable-libfribidi --enable-libglslang --enable-libgme --enable-libgsm --enable-libharfbuzz --enable-libmp3lame --enable-libmysofa --enable-libopenjpeg --enable-libopenmpt --enable-libopus --enable-librubberband --enable-libshine --enable-libsnappy --enable-libsoxr --enable-libspeex --enable-libtheora --enable-libtwolame --enable-libvidstab --enable-libvorbis --enable-libvpx --enable-libwebp --enable-libx265 --enable-libxml2 --enable-libxvid --enable-libzimg --enable-openal --enable-opencl --enable-opengl --disable-sndio --enable-libvpl --disable-libmfx --enable-libdc1394 --enable-libdrm --enable-libiec61883 --enable-chromaprint --enable-frei0r --enable-ladspa --enable-libbluray --enable-libjack --enable-libpulse --enable-librabbitmq --enable-librist --enable-libsrt --enable-libssh --enable-libsvtav1 --enable-libx264 --enable-libzmq --enable-libzvbi --enable-lv2 --enable-sdl2 --enable-libplacebo --enable-librav1e --enable-pocketsphinx --enable-librsvg --enable-libjxl --enable-shared
  libavutil      58. 29.100 / 58. 29.100
  libavcodec     60. 31.102 / 60. 31.102
  libavformat    60. 16.100 / 60. 16.100
  libavdevice    60.  3.100 / 60.  3.100
  libavfilter     9. 12.100 /  9. 12.100
  libswscale      7.  5.100 /  7.  5.100
  libswresample   4. 12.100 /  4. 12.100
  libpostproc    57.  3.100 / 57.  3.100
Input #0, mov,mp4,m4a,3gp,3g2,mj2, from '/data/vaishak/combined-kv-quant/results/runs/backfill_spatial_mixed_fg_kivi_int4_bg_kivi_int2_3d327a450ca5_10s/videos/SPATIAL_MIXED_FG_KIVI_INT4_BG_KIVI_INT2/prompt_0006_seed_6.mp4':
  Metadata:
    major_brand     : isom
    minor_version   : 512
    compatible_brands: isomiso2avc1mp41
    encoder         : Lavf61.1.100
  Duration: 00:00:10.31, start: 0.000000, bitrate: 937 kb/s
  Stream #0:0[0x1](und): Video: h264 (High) (avc1 / 0x31637661), yuv420p(progressive), 832x480, 935 kb/s, 16 fps, 16 tbr, 16384 tbn (default)
    Metadata:
      handler_name    : VideoHandler
      vendor_id       : [0][0][0][0]
Stream mapping:
  Stream #0:0 -> #0:0 (h264 (native) -> h264 (libx264))
Press [q] to stop, [?] for help
[libx264 @ 0x5b1f6400c280] using cpu capabilities: MMX2 SSE2Fast SSSE3 SSE4.2 AVX FMA3 BMI2 AVX2
[libx264 @ 0x5b1f6400c280] profile High, level 3.0, 4:2:0, 8-bit
[libx264 @ 0x5b1f6400c280] 264 - core 164 r3108 31e19f9 - H.264/MPEG-4 AVC codec - Copyleft 2003-2023 - http://www.videolan.org/x264.html - options: cabac=1 ref=3 deblock=1:0:0 analyse=0x3:0x113 me=hex subme=7 psy=1 psy_rd=1.00:0.00 mixed_ref=1 me_range=16 chroma_me=1 trellis=1 8x8dct=1 cqm=0 deadzone=21,11 fast_pskip=1 chroma_qp_offset=-2 threads=15 lookahead_threads=2 sliced_threads=0 nr=0 decimate=1 interlaced=0 bluray_compat=0 constrained_intra=0 bframes=3 b_pyramid=2 b_adapt=1 b_bias=0 direct=1 weightb=1 open_gop=0 weightp=2 keyint=250 keyint_min=16 scenecut=40 intra_refresh=0 rc_lookahead=40 rc=crf mbtree=1 crf=23.0 qcomp=0.60 qpmin=0 qpmax=69 qpstep=4 ip_ratio=1.40 aq=1:1.00
Output #0, mp4, to '/data/vaishak/combined-kv-quant/results/combined/backfills/drift/moviegen/da3e13c01d2c44b9_SPATIAL_MIXED_FG_KIVI_INT4_BG_KIVI_INT2/SPATIAL_MIXED_FG_KIVI_INT4_BG_KIVI_INT2_frames_165/prompt_0006_seed_6.mp4':
  Metadata:
    major_brand     : isom
    minor_version   : 512
    compatible_brands: isomiso2avc1mp41
    encoder         : Lavf60.16.100
  Stream #0:0(und): Video: h264 (avc1 / 0x31637661), yuv420p(progressive), 832x480, q=2-31, 16 fps, 16384 tbn (default)
    Metadata:
      handler_name    : VideoHandler
      vendor_id       : [0][0][0][0]
      encoder         : Lavc60.31.102 libx264
    Side data:
      cpb: bitrate max/min/avg: 0/0/0 buffer size: 0 vbv_delay: N/A
frame=    0 fps=0.0 q=0.0 size=       0kB time=N/A bitrate=N/A speed=N/A    [out#0/mp4 @ 0x5b1f63f8ce00] video:1325kB audio:0kB subtitle:0kB other streams:0kB global headers:0kB muxing overhead: 0.205638%
frame=  165 fps=0.0 q=-1.0 Lsize=    1328kB time=00:00:10.12 bitrate=1074.6kbits/s speed=18.1x    
[libx264 @ 0x5b1f6400c280] frame I:18    Avg QP:17.37  size: 24066
[libx264 @ 0x5b1f6400c280] frame P:55    Avg QP:20.60  size: 11409
[libx264 @ 0x5b1f6400c280] frame B:92    Avg QP:21.91  size:  3216
[libx264 @ 0x5b1f6400c280] consecutive B-frames: 12.1% 35.2% 16.4% 36.4%
[libx264 @ 0x5b1f6400c280] mb I  I16..4: 34.4% 61.1%  4.6%
[libx264 @ 0x5b1f6400c280] mb P  I16..4: 24.2% 26.3%  0.9%  P16..4: 29.6%  8.8%  4.6%  0.0%  0.0%    skip: 5.6%
[libx264 @ 0x5b1f6400c280] mb B  I16..4:  3.8%  4.3%  0.0%  B16..8: 32.0%  3.6%  0.9%  direct: 9.6%  skip:45.8%  L0:51.1% L1:40.7% BI: 8.2%
[libx264 @ 0x5b1f6400c280] 8x8 transform intra:54.7% inter:79.7%
[libx264 @ 0x5b1f6400c280] coded y,uvDC,uvAC intra: 27.0% 60.3% 8.7% inter: 17.1% 35.5% 0.5%
[libx264 @ 0x5b1f6400c280] i16 v,h,dc,p: 23% 29% 10% 38%
[libx264 @ 0x5b1f6400c280] i8 v,h,dc,ddl,ddr,vr,hd,vl,hu: 26% 23% 29%  3%  4%  5%  4%  3%  3%
[libx264 @ 0x5b1f6400c280] i4 v,h,dc,ddl,ddr,vr,hd,vl,hu: 16% 13% 17%  5% 15% 14% 10%  5%  5%
[libx264 @ 0x5b1f6400c280] i8c dc,h,v,p: 49% 24% 21%  6%
[libx264 @ 0x5b1f6400c280] Weighted P-Frames: Y:25.5% UV:25.5%
[libx264 @ 0x5b1f6400c280] ref P L0: 63.3% 20.8% 10.6%  4.3%  1.0%
[libx264 @ 0x5b1f6400c280] ref B L0: 93.9%  5.9%  0.2%
[libx264 @ 0x5b1f6400c280] ref B L1: 98.5%  1.5%
[libx264 @ 0x5b1f6400c280] kb/s:1052.35
ffmpeg version 6.1.1-3ubuntu5 Copyright (c) 2000-2023 the FFmpeg developers
  built with gcc 13 (Ubuntu 13.2.0-23ubuntu3)
  configuration: --prefix=/usr --extra-version=3ubuntu5 --toolchain=hardened --libdir=/usr/lib/x86_64-linux-gnu --incdir=/usr/include/x86_64-linux-gnu --arch=amd64 --enable-gpl --disable-stripping --disable-omx --enable-gnutls --enable-libaom --enable-libass --enable-libbs2b --enable-libcaca --enable-libcdio --enable-libcodec2 --enable-libdav1d --enable-libflite --enable-libfontconfig --enable-libfreetype --enable-libfribidi --enable-libglslang --enable-libgme --enable-libgsm --enable-libharfbuzz --enable-libmp3lame --enable-libmysofa --enable-libopenjpeg --enable-libopenmpt --enable-libopus --enable-librubberband --enable-libshine --enable-libsnappy --enable-libsoxr --enable-libspeex --enable-libtheora --enable-libtwolame --enable-libvidstab --enable-libvorbis --enable-libvpx --enable-libwebp --enable-libx265 --enable-libxml2 --enable-libxvid --enable-libzimg --enable-openal --enable-opencl --enable-opengl --disable-sndio --enable-libvpl --disable-libmfx --enable-libdc1394 --enable-libdrm --enable-libiec61883 --enable-chromaprint --enable-frei0r --enable-ladspa --enable-libbluray --enable-libjack --enable-libpulse --enable-librabbitmq --enable-librist --enable-libsrt --enable-libssh --enable-libsvtav1 --enable-libx264 --enable-libzmq --enable-libzvbi --enable-lv2 --enable-sdl2 --enable-libplacebo --enable-librav1e --enable-pocketsphinx --enable-librsvg --enable-libjxl --enable-shared
  libavutil      58. 29.100 / 58. 29.100
  libavcodec     60. 31.102 / 60. 31.102
  libavformat    60. 16.100 / 60. 16.100
  libavdevice    60.  3.100 / 60.  3.100
  libavfilter     9. 12.100 /  9. 12.100
  libswscale      7.  5.100 /  7.  5.100
  libswresample   4. 12.100 /  4. 12.100
  libpostproc    57.  3.100 / 57.  3.100
Input #0, mov,mp4,m4a,3gp,3g2,mj2, from '/data/vaishak/combined-kv-quant/results/runs/backfill_spatial_mixed_fg_kivi_int4_bg_kivi_int2_3d327a450ca5_10s/videos/SPATIAL_MIXED_FG_KIVI_INT4_BG_KIVI_INT2/prompt_0007_seed_7.mp4':
  Metadata:
    major_brand     : isom
    minor_version   : 512
    compatible_brands: isomiso2avc1mp41
    encoder         : Lavf61.1.100
  Duration: 00:00:10.31, start: 0.000000, bitrate: 1041 kb/s
  Stream #0:0[0x1](und): Video: h264 (High) (avc1 / 0x31637661), yuv420p(progressive), 832x480, 1039 kb/s, 16 fps, 16 tbr, 16384 tbn (default)
    Metadata:
      handler_name    : VideoHandler
      vendor_id       : [0][0][0][0]
Stream mapping:
  Stream #0:0 -> #0:0 (h264 (native) -> h264 (libx264))
Press [q] to stop, [?] for help
[libx264 @ 0x6243306517c0] using cpu capabilities: MMX2 SSE2Fast SSSE3 SSE4.2 AVX FMA3 BMI2 AVX2
[libx264 @ 0x6243306517c0] profile High, level 3.0, 4:2:0, 8-bit
[libx264 @ 0x6243306517c0] 264 - core 164 r3108 31e19f9 - H.264/MPEG-4 AVC codec - Copyleft 2003-2023 - http://www.videolan.org/x264.html - options: cabac=1 ref=3 deblock=1:0:0 analyse=0x3:0x113 me=hex subme=7 psy=1 psy_rd=1.00:0.00 mixed_ref=1 me_range=16 chroma_me=1 trellis=1 8x8dct=1 cqm=0 deadzone=21,11 fast_pskip=1 chroma_qp_offset=-2 threads=15 lookahead_threads=2 sliced_threads=0 nr=0 decimate=1 interlaced=0 bluray_compat=0 constrained_intra=0 bframes=3 b_pyramid=2 b_adapt=1 b_bias=0 direct=1 weightb=1 open_gop=0 weightp=2 keyint=250 keyint_min=16 scenecut=40 intra_refresh=0 rc_lookahead=40 rc=crf mbtree=1 crf=23.0 qcomp=0.60 qpmin=0 qpmax=69 qpstep=4 ip_ratio=1.40 aq=1:1.00
Output #0, mp4, to '/data/vaishak/combined-kv-quant/results/combined/backfills/drift/moviegen/da3e13c01d2c44b9_SPATIAL_MIXED_FG_KIVI_INT4_BG_KIVI_INT2/SPATIAL_MIXED_FG_KIVI_INT4_BG_KIVI_INT2_frames_165/prompt_0007_seed_7.mp4':
  Metadata:
    major_brand     : isom
    minor_version   : 512
    compatible_brands: isomiso2avc1mp41
    encoder         : Lavf60.16.100
  Stream #0:0(und): Video: h264 (avc1 / 0x31637661), yuv420p(progressive), 832x480, q=2-31, 16 fps, 16384 tbn (default)
    Metadata:
      handler_name    : VideoHandler
      vendor_id       : [0][0][0][0]
      encoder         : Lavc60.31.102 libx264
    Side data:
      cpb: bitrate max/min/avg: 0/0/0 buffer size: 0 vbv_delay: N/A
frame=    0 fps=0.0 q=0.0 size=       0kB time=N/A bitrate=N/A speed=N/A    [out#0/mp4 @ 0x6243305d0dc0] video:1607kB audio:0kB subtitle:0kB other streams:0kB global headers:0kB muxing overhead: 0.168360%
frame=  165 fps=0.0 q=-1.0 Lsize=    1610kB time=00:00:10.12 bitrate=1302.6kbits/s speed=15.1x    
[libx264 @ 0x6243306517c0] frame I:19    Avg QP:19.98  size: 21855
[libx264 @ 0x6243306517c0] frame P:51    Avg QP:23.73  size: 13230
[libx264 @ 0x6243306517c0] frame B:95    Avg QP:24.85  size:  5845
[libx264 @ 0x6243306517c0] consecutive B-frames: 15.8% 17.0% 16.4% 50.9%
[libx264 @ 0x6243306517c0] mb I  I16..4: 11.9% 80.8%  7.3%
[libx264 @ 0x6243306517c0] mb P  I16..4:  7.8% 30.3%  2.9%  P16..4: 38.4% 13.1%  3.3%  0.0%  0.0%    skip: 4.2%
[libx264 @ 0x6243306517c0] mb B  I16..4:  0.8%  3.6%  0.3%  B16..8: 39.8%  8.7%  1.7%  direct: 7.0%  skip:38.2%  L0:47.0% L1:43.1% BI: 9.9%
[libx264 @ 0x6243306517c0] 8x8 transform intra:77.2% inter:79.3%
[libx264 @ 0x6243306517c0] coded y,uvDC,uvAC intra: 70.4% 76.6% 12.9% inter: 29.3% 36.7% 0.2%
[libx264 @ 0x6243306517c0] i16 v,h,dc,p:  6% 47%  4% 42%
[libx264 @ 0x6243306517c0] i8 v,h,dc,ddl,ddr,vr,hd,vl,hu: 10% 41% 14%  4%  4%  3%  8%  4% 11%
[libx264 @ 0x6243306517c0] i4 v,h,dc,ddl,ddr,vr,hd,vl,hu: 11% 42% 11%  5%  6%  4% 10%  3% 10%
[libx264 @ 0x6243306517c0] i8c dc,h,v,p: 43% 35% 14%  7%
[libx264 @ 0x6243306517c0] Weighted P-Frames: Y:52.9% UV:52.9%
[libx264 @ 0x6243306517c0] ref P L0: 58.8% 19.0% 15.5%  4.6%  2.1%
[libx264 @ 0x6243306517c0] ref B L0: 87.9% 10.8%  1.3%
[libx264 @ 0x6243306517c0] ref B L1: 98.5%  1.5%
[libx264 @ 0x6243306517c0] kb/s:1276.27
ffmpeg version 6.1.1-3ubuntu5 Copyright (c) 2000-2023 the FFmpeg developers
  built with gcc 13 (Ubuntu 13.2.0-23ubuntu3)
  configuration: --prefix=/usr --extra-version=3ubuntu5 --toolchain=hardened --libdir=/usr/lib/x86_64-linux-gnu --incdir=/usr/include/x86_64-linux-gnu --arch=amd64 --enable-gpl --disable-stripping --disable-omx --enable-gnutls --enable-libaom --enable-libass --enable-libbs2b --enable-libcaca --enable-libcdio --enable-libcodec2 --enable-libdav1d --enable-libflite --enable-libfontconfig --enable-libfreetype --enable-libfribidi --enable-libglslang --enable-libgme --enable-libgsm --enable-libharfbuzz --enable-libmp3lame --enable-libmysofa --enable-libopenjpeg --enable-libopenmpt --enable-libopus --enable-librubberband --enable-libshine --enable-libsnappy --enable-libsoxr --enable-libspeex --enable-libtheora --enable-libtwolame --enable-libvidstab --enable-libvorbis --enable-libvpx --enable-libwebp --enable-libx265 --enable-libxml2 --enable-libxvid --enable-libzimg --enable-openal --enable-opencl --enable-opengl --disable-sndio --enable-libvpl --disable-libmfx --enable-libdc1394 --enable-libdrm --enable-libiec61883 --enable-chromaprint --enable-frei0r --enable-ladspa --enable-libbluray --enable-libjack --enable-libpulse --enable-librabbitmq --enable-librist --enable-libsrt --enable-libssh --enable-libsvtav1 --enable-libx264 --enable-libzmq --enable-libzvbi --enable-lv2 --enable-sdl2 --enable-libplacebo --enable-librav1e --enable-pocketsphinx --enable-librsvg --enable-libjxl --enable-shared
  libavutil      58. 29.100 / 58. 29.100
  libavcodec     60. 31.102 / 60. 31.102
  libavformat    60. 16.100 / 60. 16.100
  libavdevice    60.  3.100 / 60.  3.100
  libavfilter     9. 12.100 /  9. 12.100
  libswscale      7.  5.100 /  7.  5.100
  libswresample   4. 12.100 /  4. 12.100
  libpostproc    57.  3.100 / 57.  3.100
Input #0, mov,mp4,m4a,3gp,3g2,mj2, from '/data/vaishak/combined-kv-quant/results/runs/backfill_spatial_mixed_fg_kivi_int4_bg_kivi_int2_3d327a450ca5_10s/videos/SPATIAL_MIXED_FG_KIVI_INT4_BG_KIVI_INT2/prompt_0008_seed_8.mp4':
  Metadata:
    major_brand     : isom
    minor_version   : 512
    compatible_brands: isomiso2avc1mp41
    encoder         : Lavf61.1.100
  Duration: 00:00:10.31, start: 0.000000, bitrate: 928 kb/s
  Stream #0:0[0x1](und): Video: h264 (High) (avc1 / 0x31637661), yuv420p(progressive), 832x480, 925 kb/s, 16 fps, 16 tbr, 16384 tbn (default)
    Metadata:
      handler_name    : VideoHandler
      vendor_id       : [0][0][0][0]
Stream mapping:
  Stream #0:0 -> #0:0 (h264 (native) -> h264 (libx264))
Press [q] to stop, [?] for help
[libx264 @ 0x57adc281c9c0] using cpu capabilities: MMX2 SSE2Fast SSSE3 SSE4.2 AVX FMA3 BMI2 AVX2
[libx264 @ 0x57adc281c9c0] profile High, level 3.0, 4:2:0, 8-bit
[libx264 @ 0x57adc281c9c0] 264 - core 164 r3108 31e19f9 - H.264/MPEG-4 AVC codec - Copyleft 2003-2023 - http://www.videolan.org/x264.html - options: cabac=1 ref=3 deblock=1:0:0 analyse=0x3:0x113 me=hex subme=7 psy=1 psy_rd=1.00:0.00 mixed_ref=1 me_range=16 chroma_me=1 trellis=1 8x8dct=1 cqm=0 deadzone=21,11 fast_pskip=1 chroma_qp_offset=-2 threads=15 lookahead_threads=2 sliced_threads=0 nr=0 decimate=1 interlaced=0 bluray_compat=0 constrained_intra=0 bframes=3 b_pyramid=2 b_adapt=1 b_bias=0 direct=1 weightb=1 open_gop=0 weightp=2 keyint=250 keyint_min=16 scenecut=40 intra_refresh=0 rc_lookahead=40 rc=crf mbtree=1 crf=23.0 qcomp=0.60 qpmin=0 qpmax=69 qpstep=4 ip_ratio=1.40 aq=1:1.00
Output #0, mp4, to '/data/vaishak/combined-kv-quant/results/combined/backfills/drift/moviegen/da3e13c01d2c44b9_SPATIAL_MIXED_FG_KIVI_INT4_BG_KIVI_INT2/SPATIAL_MIXED_FG_KIVI_INT4_BG_KIVI_INT2_frames_165/prompt_0008_seed_8.mp4':
  Metadata:
    major_brand     : isom
    minor_version   : 512
    compatible_brands: isomiso2avc1mp41
    encoder         : Lavf60.16.100
  Stream #0:0(und): Video: h264 (avc1 / 0x31637661), yuv420p(progressive), 832x480, q=2-31, 16 fps, 16384 tbn (default)
    Metadata:
      handler_name    : VideoHandler
      vendor_id       : [0][0][0][0]
      encoder         : Lavc60.31.102 libx264
    Side data:
      cpb: bitrate max/min/avg: 0/0/0 buffer size: 0 vbv_delay: N/A
frame=    0 fps=0.0 q=0.0 size=       0kB time=N/A bitrate=N/A speed=N/A    [out#0/mp4 @ 0x57adc2797dc0] video:988kB audio:0kB subtitle:0kB other streams:0kB global headers:0kB muxing overhead: 0.266778%
frame=  165 fps=0.0 q=-1.0 Lsize=     991kB time=00:00:10.12 bitrate= 801.5kbits/s speed=17.2x    
[libx264 @ 0x57adc281c9c0] frame I:24    Avg QP:18.49  size: 18873
[libx264 @ 0x57adc281c9c0] frame P:56    Avg QP:21.82  size:  6915
[libx264 @ 0x57adc281c9c0] frame B:85    Avg QP:22.77  size:  2009
[libx264 @ 0x57adc281c9c0] consecutive B-frames: 20.6% 25.5% 20.0% 33.9%
[libx264 @ 0x57adc281c9c0] mb I  I16..4: 15.0% 80.0%  4.9%
[libx264 @ 0x57adc281c9c0] mb P  I16..4:  8.1% 14.9%  0.5%  P16..4: 54.6% 10.6%  2.7%  0.0%  0.0%    skip: 8.7%
[libx264 @ 0x57adc281c9c0] mb B  I16..4:  0.5%  0.5%  0.0%  B16..8: 31.7%  1.8%  0.2%  direct: 8.2%  skip:57.1%  L0:47.9% L1:46.0% BI: 6.2%
[libx264 @ 0x57adc281c9c0] 8x8 transform intra:73.7% inter:86.6%
[libx264 @ 0x57adc281c9c0] coded y,uvDC,uvAC intra: 61.0% 87.5% 24.7% inter: 17.5% 39.4% 0.1%
[libx264 @ 0x57adc281c9c0] i16 v,h,dc,p: 10% 13%  4% 73%
[libx264 @ 0x57adc281c9c0] i8 v,h,dc,ddl,ddr,vr,hd,vl,hu: 21% 22% 20%  5%  7%  7%  6%  5%  6%
[libx264 @ 0x57adc281c9c0] i4 v,h,dc,ddl,ddr,vr,hd,vl,hu: 23% 24% 14%  6%  9%  6%  8%  5%  6%
[libx264 @ 0x57adc281c9c0] i8c dc,h,v,p: 40% 17% 27% 16%
[libx264 @ 0x57adc281c9c0] Weighted P-Frames: Y:57.1% UV:55.4%
[libx264 @ 0x57adc281c9c0] ref P L0: 76.0%  9.1% 10.3%  2.9%  1.7%
[libx264 @ 0x57adc281c9c0] ref B L0: 94.1%  5.3%  0.6%
[libx264 @ 0x57adc281c9c0] ref B L1: 99.0%  1.0%
[libx264 @ 0x57adc281c9c0] kb/s:784.30
ffmpeg version 6.1.1-3ubuntu5 Copyright (c) 2000-2023 the FFmpeg developers
  built with gcc 13 (Ubuntu 13.2.0-23ubuntu3)
  configuration: --prefix=/usr --extra-version=3ubuntu5 --toolchain=hardened --libdir=/usr/lib/x86_64-linux-gnu --incdir=/usr/include/x86_64-linux-gnu --arch=amd64 --enable-gpl --disable-stripping --disable-omx --enable-gnutls --enable-libaom --enable-libass --enable-libbs2b --enable-libcaca --enable-libcdio --enable-libcodec2 --enable-libdav1d --enable-libflite --enable-libfontconfig --enable-libfreetype --enable-libfribidi --enable-libglslang --enable-libgme --enable-libgsm --enable-libharfbuzz --enable-libmp3lame --enable-libmysofa --enable-libopenjpeg --enable-libopenmpt --enable-libopus --enable-librubberband --enable-libshine --enable-libsnappy --enable-libsoxr --enable-libspeex --enable-libtheora --enable-libtwolame --enable-libvidstab --enable-libvorbis --enable-libvpx --enable-libwebp --enable-libx265 --enable-libxml2 --enable-libxvid --enable-libzimg --enable-openal --enable-opencl --enable-opengl --disable-sndio --enable-libvpl --disable-libmfx --enable-libdc1394 --enable-libdrm --enable-libiec61883 --enable-chromaprint --enable-frei0r --enable-ladspa --enable-libbluray --enable-libjack --enable-libpulse --enable-librabbitmq --enable-librist --enable-libsrt --enable-libssh --enable-libsvtav1 --enable-libx264 --enable-libzmq --enable-libzvbi --enable-lv2 --enable-sdl2 --enable-libplacebo --enable-librav1e --enable-pocketsphinx --enable-librsvg --enable-libjxl --enable-shared
  libavutil      58. 29.100 / 58. 29.100
  libavcodec     60. 31.102 / 60. 31.102
  libavformat    60. 16.100 / 60. 16.100
  libavdevice    60.  3.100 / 60.  3.100
  libavfilter     9. 12.100 /  9. 12.100
  libswscale      7.  5.100 /  7.  5.100
  libswresample   4. 12.100 /  4. 12.100
  libpostproc    57.  3.100 / 57.  3.100
Input #0, mov,mp4,m4a,3gp,3g2,mj2, from '/data/vaishak/combined-kv-quant/results/runs/backfill_spatial_mixed_fg_kivi_int4_bg_kivi_int2_3d327a450ca5_10s/videos/SPATIAL_MIXED_FG_KIVI_INT4_BG_KIVI_INT2/prompt_0009_seed_9.mp4':
  Metadata:
    major_brand     : isom
    minor_version   : 512
    compatible_brands: isomiso2avc1mp41
    encoder         : Lavf61.1.100
  Duration: 00:00:10.31, start: 0.000000, bitrate: 1071 kb/s
  Stream #0:0[0x1](und): Video: h264 (High) (avc1 / 0x31637661), yuv420p(progressive), 832x480, 1069 kb/s, 16 fps, 16 tbr, 16384 tbn (default)
    Metadata:
      handler_name    : VideoHandler
      vendor_id       : [0][0][0][0]
Stream mapping:
  Stream #0:0 -> #0:0 (h264 (native) -> h264 (libx264))
Press [q] to stop, [?] for help
[libx264 @ 0x636d1772c480] using cpu capabilities: MMX2 SSE2Fast SSSE3 SSE4.2 AVX FMA3 BMI2 AVX2
[libx264 @ 0x636d1772c480] profile High, level 3.0, 4:2:0, 8-bit
[libx264 @ 0x636d1772c480] 264 - core 164 r3108 31e19f9 - H.264/MPEG-4 AVC codec - Copyleft 2003-2023 - http://www.videolan.org/x264.html - options: cabac=1 ref=3 deblock=1:0:0 analyse=0x3:0x113 me=hex subme=7 psy=1 psy_rd=1.00:0.00 mixed_ref=1 me_range=16 chroma_me=1 trellis=1 8x8dct=1 cqm=0 deadzone=21,11 fast_pskip=1 chroma_qp_offset=-2 threads=15 lookahead_threads=2 sliced_threads=0 nr=0 decimate=1 interlaced=0 bluray_compat=0 constrained_intra=0 bframes=3 b_pyramid=2 b_adapt=1 b_bias=0 direct=1 weightb=1 open_gop=0 weightp=2 keyint=250 keyint_min=16 scenecut=40 intra_refresh=0 rc_lookahead=40 rc=crf mbtree=1 crf=23.0 qcomp=0.60 qpmin=0 qpmax=69 qpstep=4 ip_ratio=1.40 aq=1:1.00
Output #0, mp4, to '/data/vaishak/combined-kv-quant/results/combined/backfills/drift/moviegen/da3e13c01d2c44b9_SPATIAL_MIXED_FG_KIVI_INT4_BG_KIVI_INT2/SPATIAL_MIXED_FG_KIVI_INT4_BG_KIVI_INT2_frames_165/prompt_0009_seed_9.mp4':
  Metadata:
    major_brand     : isom
    minor_version   : 512
    compatible_brands: isomiso2avc1mp41
    encoder         : Lavf60.16.100
  Stream #0:0(und): Video: h264 (avc1 / 0x31637661), yuv420p(progressive), 832x480, q=2-31, 16 fps, 16384 tbn (default)
    Metadata:
      handler_name    : VideoHandler
      vendor_id       : [0][0][0][0]
      encoder         : Lavc60.31.102 libx264
    Side data:
      cpb: bitrate max/min/avg: 0/0/0 buffer size: 0 vbv_delay: N/A
frame=    0 fps=0.0 q=0.0 size=       0kB time=N/A bitrate=N/A speed=N/A    [out#0/mp4 @ 0x636d176a1dc0] video:2025kB audio:0kB subtitle:0kB other streams:0kB global headers:0kB muxing overhead: 0.134219%
frame=  165 fps=0.0 q=-1.0 Lsize=    2028kB time=00:00:10.12 bitrate=1640.5kbits/s speed=15.1x    
[libx264 @ 0x636d1772c480] frame I:17    Avg QP:20.36  size: 39198
[libx264 @ 0x636d1772c480] frame P:53    Avg QP:24.13  size: 18792
[libx264 @ 0x636d1772c480] frame B:95    Avg QP:25.87  size:  4320
[libx264 @ 0x636d1772c480] consecutive B-frames: 12.1% 26.7% 20.0% 41.2%
[libx264 @ 0x636d1772c480] mb I  I16..4:  3.1% 87.8%  9.1%
[libx264 @ 0x636d1772c480] mb P  I16..4:  1.2% 15.4%  1.6%  P16..4: 43.0% 18.3% 10.1%  0.0%  0.0%    skip:10.3%
[libx264 @ 0x636d1772c480] mb B  I16..4:  0.2%  0.8%  0.1%  B16..8: 45.1%  6.0%  2.1%  direct: 4.6%  skip:41.2%  L0:59.0% L1:31.6% BI: 9.4%
[libx264 @ 0x636d1772c480] 8x8 transform intra:86.1% inter:75.3%
[libx264 @ 0x636d1772c480] coded y,uvDC,uvAC intra: 90.3% 44.9% 1.8% inter: 30.3% 14.2% 0.0%
[libx264 @ 0x636d1772c480] i16 v,h,dc,p:  7% 47%  3% 43%
[libx264 @ 0x636d1772c480] i8 v,h,dc,ddl,ddr,vr,hd,vl,hu: 13% 34% 21%  4%  4%  5%  7%  5%  8%
[libx264 @ 0x636d1772c480] i4 v,h,dc,ddl,ddr,vr,hd,vl,hu: 14% 31% 13%  5%  7%  6% 11%  5%  9%
[libx264 @ 0x636d1772c480] i8c dc,h,v,p: 58% 23% 17%  1%
[libx264 @ 0x636d1772c480] Weighted P-Frames: Y:58.5% UV:39.6%
[libx264 @ 0x636d1772c480] ref P L0: 51.0% 28.6% 14.9%  3.5%  2.0%
[libx264 @ 0x636d1772c480] ref B L0: 92.6%  7.0%  0.5%
[libx264 @ 0x636d1772c480] ref B L1: 98.8%  1.2%
[libx264 @ 0x636d1772c480] kb/s:1607.98
[rank0]:[W310 22:57:57.235095997 ProcessGroupNCCL.cpp:4115] [PG ID 0 PG GUID 0 Rank 0]  using GPU 0 to perform barrier as devices used by this process are currently unknown. This can potentially cause a hang if this rank to GPU mapping is incorrect.Specify device_ids in barrier() to force use of a particular device,or call init_process_group() with a device_id.
/home/suraj/miniforge3/envs/qvg_sf_eval/lib/python3.10/site-packages/clip/clip.py:6: UserWarning: pkg_resources is deprecated as an API. See https://setuptools.pypa.io/en/latest/pkg_resources.html. The pkg_resources package is slated for removal as early as 2025-11-30. Refrain from using this package or pin to Setuptools<81.
  from pkg_resources import packaging
/home/suraj/miniforge3/envs/qvg_sf_eval/lib/python3.10/site-packages/timm/models/layers/__init__.py:48: FutureWarning: Importing from timm.models.layers is deprecated, please import via timm.layers
  warnings.warn(f"Importing from {__name__} is deprecated, please import via timm.layers", FutureWarning)
/home/suraj/miniforge3/envs/qvg_sf_eval/lib/python3.10/site-packages/pyiqa/archs/arch_util.py:118: FutureWarning: You are using `torch.load` with `weights_only=False` (the current default value), which uses the default pickle module implicitly. It is possible to construct malicious pickle data which will execute arbitrary code during unpickling (See https://github.com/pytorch/pytorch/blob/main/SECURITY.md#untrusted-models for more details). In a future release, the default value for `weights_only` will be flipped to `True`. This limits the functions that could be executed during unpickling. Arbitrary objects will no longer be allowed to be loaded via this mode unless they are explicitly allowlisted by the user via `torch.serialization.add_safe_globals`. We recommend you start setting `weights_only=True` for any use case where you don't have full control of the loaded file. Please open an issue on GitHub for any issues related to this experimental feature.
  state_dict = torch.load(model_path, map_location=torch.device("cpu"))
args: Namespace(output_path='/data/vaishak/combined-kv-quant/results/combined/backfills/drift/moviegen/da3e13c01d2c44b9_SPATIAL_MIXED_FG_KIVI_INT4_BG_KIVI_INT2/vbench_SPATIAL_MIXED_FG_KIVI_INT4_BG_KIVI_INT2_165', full_json_dir='/data/vaishak/combined-kv-quant/third_party/VBench/vbench/VBench_full_info.json', videos_path='/data/vaishak/combined-kv-quant/results/combined/backfills/drift/moviegen/da3e13c01d2c44b9_SPATIAL_MIXED_FG_KIVI_INT4_BG_KIVI_INT2/SPATIAL_MIXED_FG_KIVI_INT4_BG_KIVI_INT2_frames_165', dimension=['imaging_quality'], load_ckpt_from_local=None, read_frame=None, mode='custom_input', prompt='None', prompt_file='/data/vaishak/combined-kv-quant/results/combined/backfills/drift/moviegen/da3e13c01d2c44b9_SPATIAL_MIXED_FG_KIVI_INT4_BG_KIVI_INT2/prompt_map_165.json', category=None, imaging_quality_preprocessing_mode='longer')
start evaluation
Evaluation meta data saved to /data/vaishak/combined-kv-quant/results/combined/backfills/drift/moviegen/da3e13c01d2c44b9_SPATIAL_MIXED_FG_KIVI_INT4_BG_KIVI_INT2/vbench_SPATIAL_MIXED_FG_KIVI_INT4_BG_KIVI_INT2_165/results_2026-03-10-22:57:57_full_info.json
cur_full_info_path: /data/vaishak/combined-kv-quant/results/combined/backfills/drift/moviegen/da3e13c01d2c44b9_SPATIAL_MIXED_FG_KIVI_INT4_BG_KIVI_INT2/vbench_SPATIAL_MIXED_FG_KIVI_INT4_BG_KIVI_INT2_165/results_2026-03-10-22:57:57_full_info.json
Loading pretrained model MUSIQ from /home/vaishak/.cache/vbench/pyiqa_model/musiq_spaq_ckpt-358bb6af.pth
  0%|          | 0/10 [00:00<?, ?it/s] 10%|█         | 1/10 [00:03<00:29,  3.31s/it] 20%|██        | 2/10 [00:06<00:24,  3.11s/it] 30%|███       | 3/10 [00:09<00:21,  3.02s/it] 40%|████      | 4/10 [00:12<00:18,  3.01s/it] 50%|█████     | 5/10 [00:15<00:15,  3.04s/it] 60%|██████    | 6/10 [00:18<00:12,  3.01s/it] 70%|███████   | 7/10 [00:21<00:09,  3.03s/it] 80%|████████  | 8/10 [00:24<00:06,  3.02s/it] 90%|█████████ | 9/10 [00:27<00:03,  3.04s/it]100%|██████████| 10/10 [00:33<00:00,  4.00s/it]100%|██████████| 10/10 [00:33<00:00,  3.35s/it]
Evaluation results saved to /data/vaishak/combined-kv-quant/results/combined/backfills/drift/moviegen/da3e13c01d2c44b9_SPATIAL_MIXED_FG_KIVI_INT4_BG_KIVI_INT2/vbench_SPATIAL_MIXED_FG_KIVI_INT4_BG_KIVI_INT2_165/results_2026-03-10-22:57:57_eval_results.json
done
[rank0]:[W310 22:58:33.166154619 ProcessGroupNCCL.cpp:1250] Warning: WARNING: process group has NOT been destroyed before we destruct ProcessGroupNCCL. On normal program exit, the application should call destroy_process_group to ensure that any pending NCCL operations have finished in this process. In rare cases this process can exit before this point and block the progress of another member of the process group. This constraint has always been present,  but this warning has only been added since PyTorch 2.4 (function operator())
{
  "method": "SPATIAL_MIXED_FG_KIVI_INT4_BG_KIVI_INT2",
  "frame_step": 165,
  "max_frames": 165,
  "curve": [
    {
      "frame_cap": 165,
      "imaging_quality": [
        0.5209601209351511,
        [
          {
            "video_path": "/data/vaishak/combined-kv-quant/results/combined/backfills/drift/moviegen/da3e13c01d2c44b9_SPATIAL_MIXED_FG_KIVI_INT4_BG_KIVI_INT2/SPATIAL_MIXED_FG_KIVI_INT4_BG_KIVI_INT2_frames_165/prompt_0007_seed_7.mp4",
            "video_results": 59.78306155349269
          },
          {
            "video_path": "/data/vaishak/combined-kv-quant/results/combined/backfills/drift/moviegen/da3e13c01d2c44b9_SPATIAL_MIXED_FG_KIVI_INT4_BG_KIVI_INT2/SPATIAL_MIXED_FG_KIVI_INT4_BG_KIVI_INT2_frames_165/prompt_0006_seed_6.mp4",
            "video_results": 68.14768711436878
          },
          {
            "video_path": "/data/vaishak/combined-kv-quant/results/combined/backfills/drift/moviegen/da3e13c01d2c44b9_SPATIAL_MIXED_FG_KIVI_INT4_BG_KIVI_INT2/SPATIAL_MIXED_FG_KIVI_INT4_BG_KIVI_INT2_frames_165/prompt_0004_seed_4.mp4",
            "video_results": 38.4356491320061
          },
          {
            "video_path": "/data/vaishak/combined-kv-quant/results/combined/backfills/drift/moviegen/da3e13c01d2c44b9_SPATIAL_MIXED_FG_KIVI_INT4_BG_KIVI_INT2/SPATIAL_MIXED_FG_KIVI_INT4_BG_KIVI_INT2_frames_165/prompt_0003_seed_3.mp4",
            "video_results": 37.18645781314734
          },
          {
            "video_path": "/data/vaishak/combined-kv-quant/results/combined/backfills/drift/moviegen/da3e13c01d2c44b9_SPATIAL_MIXED_FG_KIVI_INT4_BG_KIVI_INT2/SPATIAL_MIXED_FG_KIVI_INT4_BG_KIVI_INT2_frames_165/prompt_0005_seed_5.mp4",
            "video_results": 59.4225849498402
          },
          {
            "video_path": "/data/vaishak/combined-kv-quant/results/combined/backfills/drift/moviegen/da3e13c01d2c44b9_SPATIAL_MIXED_FG_KIVI_INT4_BG_KIVI_INT2/SPATIAL_MIXED_FG_KIVI_INT4_BG_KIVI_INT2_frames_165/prompt_0002_seed_2.mp4",
            "video_results": 62.608310456709425
          },
          {
            "video_path": "/data/vaishak/combined-kv-quant/results/combined/backfills/drift/moviegen/da3e13c01d2c44b9_SPATIAL_MIXED_FG_KIVI_INT4_BG_KIVI_INT2/SPATIAL_MIXED_FG_KIVI_INT4_BG_KIVI_INT2_frames_165/prompt_0001_seed_1.mp4",
            "video_results": 58.276455041134
          },
          {
            "video_path": "/data/vaishak/combined-kv-quant/results/combined/backfills/drift/moviegen/da3e13c01d2c44b9_SPATIAL_MIXED_FG_KIVI_INT4_BG_KIVI_INT2/SPATIAL_MIXED_FG_KIVI_INT4_BG_KIVI_INT2_frames_165/prompt_0009_seed_9.mp4",
            "video_results": 52.84148136485707
          },
          {
            "video_path": "/data/vaishak/combined-kv-quant/results/combined/backfills/drift/moviegen/da3e13c01d2c44b9_SPATIAL_MIXED_FG_KIVI_INT4_BG_KIVI_INT2/SPATIAL_MIXED_FG_KIVI_INT4_BG_KIVI_INT2_frames_165/prompt_0008_seed_8.mp4",
            "video_results": 44.675069427490236
          },
          {
            "video_path": "/data/vaishak/combined-kv-quant/results/combined/backfills/drift/moviegen/da3e13c01d2c44b9_SPATIAL_MIXED_FG_KIVI_INT4_BG_KIVI_INT2/SPATIAL_MIXED_FG_KIVI_INT4_BG_KIVI_INT2_frames_165/prompt_0000_seed_0.mp4",
            "video_results": 39.583364082105234
          }
        ]
      ]
    }
  ]
}
ffmpeg version 6.1.1-3ubuntu5 Copyright (c) 2000-2023 the FFmpeg developers
  built with gcc 13 (Ubuntu 13.2.0-23ubuntu3)
  configuration: --prefix=/usr --extra-version=3ubuntu5 --toolchain=hardened --libdir=/usr/lib/x86_64-linux-gnu --incdir=/usr/include/x86_64-linux-gnu --arch=amd64 --enable-gpl --disable-stripping --disable-omx --enable-gnutls --enable-libaom --enable-libass --enable-libbs2b --enable-libcaca --enable-libcdio --enable-libcodec2 --enable-libdav1d --enable-libflite --enable-libfontconfig --enable-libfreetype --enable-libfribidi --enable-libglslang --enable-libgme --enable-libgsm --enable-libharfbuzz --enable-libmp3lame --enable-libmysofa --enable-libopenjpeg --enable-libopenmpt --enable-libopus --enable-librubberband --enable-libshine --enable-libsnappy --enable-libsoxr --enable-libspeex --enable-libtheora --enable-libtwolame --enable-libvidstab --enable-libvorbis --enable-libvpx --enable-libwebp --enable-libx265 --enable-libxml2 --enable-libxvid --enable-libzimg --enable-openal --enable-opencl --enable-opengl --disable-sndio --enable-libvpl --disable-libmfx --enable-libdc1394 --enable-libdrm --enable-libiec61883 --enable-chromaprint --enable-frei0r --enable-ladspa --enable-libbluray --enable-libjack --enable-libpulse --enable-librabbitmq --enable-librist --enable-libsrt --enable-libssh --enable-libsvtav1 --enable-libx264 --enable-libzmq --enable-libzvbi --enable-lv2 --enable-sdl2 --enable-libplacebo --enable-librav1e --enable-pocketsphinx --enable-librsvg --enable-libjxl --enable-shared
  libavutil      58. 29.100 / 58. 29.100
  libavcodec     60. 31.102 / 60. 31.102
  libavformat    60. 16.100 / 60. 16.100
  libavdevice    60.  3.100 / 60.  3.100
  libavfilter     9. 12.100 /  9. 12.100
  libswscale      7.  5.100 /  7.  5.100
  libswresample   4. 12.100 /  4. 12.100
  libpostproc    57.  3.100 / 57.  3.100
Input #0, mov,mp4,m4a,3gp,3g2,mj2, from '/data/vaishak/combined-kv-quant/results/runs/backfill_spatial_mixed_fg_quarot_kv_int4_bg_rtn_int2_af0e1883d58d_10s/videos/SPATIAL_MIXED_FG_QUAROT_KV_INT4_BG_RTN_INT2/prompt_0000_seed_0.mp4':
  Metadata:
    major_brand     : isom
    minor_version   : 512
    compatible_brands: isomiso2avc1mp41
    encoder         : Lavf61.1.100
  Duration: 00:00:10.31, start: 0.000000, bitrate: 1212 kb/s
  Stream #0:0[0x1](und): Video: h264 (High) (avc1 / 0x31637661), yuv420p(progressive), 832x480, 1209 kb/s, 16 fps, 16 tbr, 16384 tbn (default)
    Metadata:
      handler_name    : VideoHandler
      vendor_id       : [0][0][0][0]
Stream mapping:
  Stream #0:0 -> #0:0 (h264 (native) -> h264 (libx264))
Press [q] to stop, [?] for help
[libx264 @ 0x61322264efc0] using cpu capabilities: MMX2 SSE2Fast SSSE3 SSE4.2 AVX FMA3 BMI2 AVX2
[libx264 @ 0x61322264efc0] profile High, level 3.0, 4:2:0, 8-bit
[libx264 @ 0x61322264efc0] 264 - core 164 r3108 31e19f9 - H.264/MPEG-4 AVC codec - Copyleft 2003-2023 - http://www.videolan.org/x264.html - options: cabac=1 ref=3 deblock=1:0:0 analyse=0x3:0x113 me=hex subme=7 psy=1 psy_rd=1.00:0.00 mixed_ref=1 me_range=16 chroma_me=1 trellis=1 8x8dct=1 cqm=0 deadzone=21,11 fast_pskip=1 chroma_qp_offset=-2 threads=15 lookahead_threads=2 sliced_threads=0 nr=0 decimate=1 interlaced=0 bluray_compat=0 constrained_intra=0 bframes=3 b_pyramid=2 b_adapt=1 b_bias=0 direct=1 weightb=1 open_gop=0 weightp=2 keyint=250 keyint_min=16 scenecut=40 intra_refresh=0 rc_lookahead=40 rc=crf mbtree=1 crf=23.0 qcomp=0.60 qpmin=0 qpmax=69 qpstep=4 ip_ratio=1.40 aq=1:1.00
Output #0, mp4, to '/data/vaishak/combined-kv-quant/results/combined/backfills/drift/moviegen/77fae235a4fdc8db_SPATIAL_MIXED_FG_QUAROT_KV_INT4_BG_RTN_INT2/SPATIAL_MIXED_FG_QUAROT_KV_INT4_BG_RTN_INT2_frames_165/prompt_0000_seed_0.mp4':
  Metadata:
    major_brand     : isom
    minor_version   : 512
    compatible_brands: isomiso2avc1mp41
    encoder         : Lavf60.16.100
  Stream #0:0(und): Video: h264 (avc1 / 0x31637661), yuv420p(progressive), 832x480, q=2-31, 16 fps, 16384 tbn (default)
    Metadata:
      handler_name    : VideoHandler
      vendor_id       : [0][0][0][0]
      encoder         : Lavc60.31.102 libx264
    Side data:
      cpb: bitrate max/min/avg: 0/0/0 buffer size: 0 vbv_delay: N/A
frame=    0 fps=0.0 q=0.0 size=       0kB time=N/A bitrate=N/A speed=N/A    frame=   53 fps=0.0 q=27.0 size=     512kB time=00:00:03.18 bitrate=1316.0kbits/s speed=5.88x    [out#0/mp4 @ 0x6132225c4e40] video:2591kB audio:0kB subtitle:0kB other streams:0kB global headers:0kB muxing overhead: 0.105778%
frame=  165 fps=0.0 q=-1.0 Lsize=    2594kB time=00:00:10.12 bitrate=2099.0kbits/s speed=10.7x    
[libx264 @ 0x61322264efc0] frame I:14    Avg QP:22.86  size: 37734
[libx264 @ 0x61322264efc0] frame P:50    Avg QP:25.79  size: 24362
[libx264 @ 0x61322264efc0] frame B:101   Avg QP:27.20  size:  8976
[libx264 @ 0x61322264efc0] consecutive B-frames: 13.3% 12.1%  9.1% 65.5%
[libx264 @ 0x61322264efc0] mb I  I16..4:  1.0% 82.6% 16.4%
[libx264 @ 0x61322264efc0] mb P  I16..4:  1.0% 40.6%  5.8%  P16..4: 29.3% 14.6%  4.8%  0.0%  0.0%    skip: 3.8%
[libx264 @ 0x61322264efc0] mb B  I16..4:  0.2%  5.1%  1.0%  B16..8: 42.0% 11.5%  3.5%  direct: 8.9%  skip:27.8%  L0:52.9% L1:32.1% BI:15.1%
[libx264 @ 0x61322264efc0] 8x8 transform intra:84.0% inter:82.2%
[libx264 @ 0x61322264efc0] coded y,uvDC,uvAC intra: 92.1% 96.4% 66.9% inter: 37.5% 38.5% 4.2%
[libx264 @ 0x61322264efc0] i16 v,h,dc,p: 12% 18%  3% 67%
[libx264 @ 0x61322264efc0] i8 v,h,dc,ddl,ddr,vr,hd,vl,hu: 16% 17% 12%  6%  9%  9% 10%  9% 12%
[libx264 @ 0x61322264efc0] i4 v,h,dc,ddl,ddr,vr,hd,vl,hu: 18% 19% 10%  7% 10% 10% 10%  8%  9%
[libx264 @ 0x61322264efc0] i8c dc,h,v,p: 39% 22% 21% 18%
[libx264 @ 0x61322264efc0] Weighted P-Frames: Y:20.0% UV:18.0%
[libx264 @ 0x61322264efc0] ref P L0: 61.0% 19.8% 13.5%  5.0%  0.7%
[libx264 @ 0x61322264efc0] ref B L0: 86.7% 11.2%  2.1%
[libx264 @ 0x61322264efc0] ref B L1: 99.3%  0.7%
[libx264 @ 0x61322264efc0] kb/s:2058.08
ffmpeg version 6.1.1-3ubuntu5 Copyright (c) 2000-2023 the FFmpeg developers
  built with gcc 13 (Ubuntu 13.2.0-23ubuntu3)
  configuration: --prefix=/usr --extra-version=3ubuntu5 --toolchain=hardened --libdir=/usr/lib/x86_64-linux-gnu --incdir=/usr/include/x86_64-linux-gnu --arch=amd64 --enable-gpl --disable-stripping --disable-omx --enable-gnutls --enable-libaom --enable-libass --enable-libbs2b --enable-libcaca --enable-libcdio --enable-libcodec2 --enable-libdav1d --enable-libflite --enable-libfontconfig --enable-libfreetype --enable-libfribidi --enable-libglslang --enable-libgme --enable-libgsm --enable-libharfbuzz --enable-libmp3lame --enable-libmysofa --enable-libopenjpeg --enable-libopenmpt --enable-libopus --enable-librubberband --enable-libshine --enable-libsnappy --enable-libsoxr --enable-libspeex --enable-libtheora --enable-libtwolame --enable-libvidstab --enable-libvorbis --enable-libvpx --enable-libwebp --enable-libx265 --enable-libxml2 --enable-libxvid --enable-libzimg --enable-openal --enable-opencl --enable-opengl --disable-sndio --enable-libvpl --disable-libmfx --enable-libdc1394 --enable-libdrm --enable-libiec61883 --enable-chromaprint --enable-frei0r --enable-ladspa --enable-libbluray --enable-libjack --enable-libpulse --enable-librabbitmq --enable-librist --enable-libsrt --enable-libssh --enable-libsvtav1 --enable-libx264 --enable-libzmq --enable-libzvbi --enable-lv2 --enable-sdl2 --enable-libplacebo --enable-librav1e --enable-pocketsphinx --enable-librsvg --enable-libjxl --enable-shared
  libavutil      58. 29.100 / 58. 29.100
  libavcodec     60. 31.102 / 60. 31.102
  libavformat    60. 16.100 / 60. 16.100
  libavdevice    60.  3.100 / 60.  3.100
  libavfilter     9. 12.100 /  9. 12.100
  libswscale      7.  5.100 /  7.  5.100
  libswresample   4. 12.100 /  4. 12.100
  libpostproc    57.  3.100 / 57.  3.100
Input #0, mov,mp4,m4a,3gp,3g2,mj2, from '/data/vaishak/combined-kv-quant/results/runs/backfill_spatial_mixed_fg_quarot_kv_int4_bg_rtn_int2_af0e1883d58d_10s/videos/SPATIAL_MIXED_FG_QUAROT_KV_INT4_BG_RTN_INT2/prompt_0001_seed_1.mp4':
  Metadata:
    major_brand     : isom
    minor_version   : 512
    compatible_brands: isomiso2avc1mp41
    encoder         : Lavf61.1.100
  Duration: 00:00:10.31, start: 0.000000, bitrate: 1213 kb/s
  Stream #0:0[0x1](und): Video: h264 (High) (avc1 / 0x31637661), yuv420p(progressive), 832x480, 1211 kb/s, 16 fps, 16 tbr, 16384 tbn (default)
    Metadata:
      handler_name    : VideoHandler
      vendor_id       : [0][0][0][0]
Stream mapping:
  Stream #0:0 -> #0:0 (h264 (native) -> h264 (libx264))
Press [q] to stop, [?] for help
[libx264 @ 0x59fed684b140] using cpu capabilities: MMX2 SSE2Fast SSSE3 SSE4.2 AVX FMA3 BMI2 AVX2
[libx264 @ 0x59fed684b140] profile High, level 3.0, 4:2:0, 8-bit
[libx264 @ 0x59fed684b140] 264 - core 164 r3108 31e19f9 - H.264/MPEG-4 AVC codec - Copyleft 2003-2023 - http://www.videolan.org/x264.html - options: cabac=1 ref=3 deblock=1:0:0 analyse=0x3:0x113 me=hex subme=7 psy=1 psy_rd=1.00:0.00 mixed_ref=1 me_range=16 chroma_me=1 trellis=1 8x8dct=1 cqm=0 deadzone=21,11 fast_pskip=1 chroma_qp_offset=-2 threads=15 lookahead_threads=2 sliced_threads=0 nr=0 decimate=1 interlaced=0 bluray_compat=0 constrained_intra=0 bframes=3 b_pyramid=2 b_adapt=1 b_bias=0 direct=1 weightb=1 open_gop=0 weightp=2 keyint=250 keyint_min=16 scenecut=40 intra_refresh=0 rc_lookahead=40 rc=crf mbtree=1 crf=23.0 qcomp=0.60 qpmin=0 qpmax=69 qpstep=4 ip_ratio=1.40 aq=1:1.00
Output #0, mp4, to '/data/vaishak/combined-kv-quant/results/combined/backfills/drift/moviegen/77fae235a4fdc8db_SPATIAL_MIXED_FG_QUAROT_KV_INT4_BG_RTN_INT2/SPATIAL_MIXED_FG_QUAROT_KV_INT4_BG_RTN_INT2_frames_165/prompt_0001_seed_1.mp4':
  Metadata:
    major_brand     : isom
    minor_version   : 512
    compatible_brands: isomiso2avc1mp41
    encoder         : Lavf60.16.100
  Stream #0:0(und): Video: h264 (avc1 / 0x31637661), yuv420p(progressive), 832x480, q=2-31, 16 fps, 16384 tbn (default)
    Metadata:
      handler_name    : VideoHandler
      vendor_id       : [0][0][0][0]
      encoder         : Lavc60.31.102 libx264
    Side data:
      cpb: bitrate max/min/avg: 0/0/0 buffer size: 0 vbv_delay: N/A
frame=    0 fps=0.0 q=0.0 size=       0kB time=N/A bitrate=N/A speed=N/A    frame=   46 fps=0.0 q=27.0 size=     512kB time=00:00:02.75 bitrate=1525.3kbits/s speed=5.31x    [out#0/mp4 @ 0x59fed67c0e40] video:2414kB audio:0kB subtitle:0kB other streams:0kB global headers:0kB muxing overhead: 0.109689%
frame=  165 fps=151 q=-1.0 Lsize=    2416kB time=00:00:10.12 bitrate=1955.0kbits/s speed=9.28x    
[libx264 @ 0x59fed684b140] frame I:13    Avg QP:22.15  size: 45288
[libx264 @ 0x59fed684b140] frame P:59    Avg QP:25.21  size: 21540
[libx264 @ 0x59fed684b140] frame B:93    Avg QP:26.63  size:  6572
[libx264 @ 0x59fed684b140] consecutive B-frames: 21.2%  9.7%  3.6% 65.5%
[libx264 @ 0x59fed684b140] mb I  I16..4:  3.9% 75.7% 20.4%
[libx264 @ 0x59fed684b140] mb P  I16..4:  1.7% 22.5%  4.3%  P16..4: 39.6% 16.5%  6.6%  0.0%  0.0%    skip: 8.7%
[libx264 @ 0x59fed684b140] mb B  I16..4:  0.1%  1.1%  0.3%  B16..8: 46.4%  9.3%  3.2%  direct: 5.7%  skip:33.9%  L0:47.5% L1:39.9% BI:12.6%
[libx264 @ 0x59fed684b140] 8x8 transform intra:77.3% inter:73.8%
[libx264 @ 0x59fed684b140] coded y,uvDC,uvAC intra: 88.3% 92.8% 52.4% inter: 30.2% 29.7% 2.1%
[libx264 @ 0x59fed684b140] i16 v,h,dc,p:  4% 29%  3% 63%
[libx264 @ 0x59fed684b140] i8 v,h,dc,ddl,ddr,vr,hd,vl,hu: 10% 25% 16%  6%  8%  6% 12%  6% 13%
[libx264 @ 0x59fed684b140] i4 v,h,dc,ddl,ddr,vr,hd,vl,hu: 11% 24% 13%  7%  9%  7% 12%  6% 11%
[libx264 @ 0x59fed684b140] i8c dc,h,v,p: 37% 33% 13% 17%
[libx264 @ 0x59fed684b140] Weighted P-Frames: Y:22.0% UV:11.9%
[libx264 @ 0x59fed684b140] ref P L0: 62.0% 20.3% 12.7%  4.4%  0.5%
[libx264 @ 0x59fed684b140] ref B L0: 90.1%  8.5%  1.4%
[libx264 @ 0x59fed684b140] ref B L1: 99.5%  0.5%
[libx264 @ 0x59fed684b140] kb/s:1916.78
ffmpeg version 6.1.1-3ubuntu5 Copyright (c) 2000-2023 the FFmpeg developers
  built with gcc 13 (Ubuntu 13.2.0-23ubuntu3)
  configuration: --prefix=/usr --extra-version=3ubuntu5 --toolchain=hardened --libdir=/usr/lib/x86_64-linux-gnu --incdir=/usr/include/x86_64-linux-gnu --arch=amd64 --enable-gpl --disable-stripping --disable-omx --enable-gnutls --enable-libaom --enable-libass --enable-libbs2b --enable-libcaca --enable-libcdio --enable-libcodec2 --enable-libdav1d --enable-libflite --enable-libfontconfig --enable-libfreetype --enable-libfribidi --enable-libglslang --enable-libgme --enable-libgsm --enable-libharfbuzz --enable-libmp3lame --enable-libmysofa --enable-libopenjpeg --enable-libopenmpt --enable-libopus --enable-librubberband --enable-libshine --enable-libsnappy --enable-libsoxr --enable-libspeex --enable-libtheora --enable-libtwolame --enable-libvidstab --enable-libvorbis --enable-libvpx --enable-libwebp --enable-libx265 --enable-libxml2 --enable-libxvid --enable-libzimg --enable-openal --enable-opencl --enable-opengl --disable-sndio --enable-libvpl --disable-libmfx --enable-libdc1394 --enable-libdrm --enable-libiec61883 --enable-chromaprint --enable-frei0r --enable-ladspa --enable-libbluray --enable-libjack --enable-libpulse --enable-librabbitmq --enable-librist --enable-libsrt --enable-libssh --enable-libsvtav1 --enable-libx264 --enable-libzmq --enable-libzvbi --enable-lv2 --enable-sdl2 --enable-libplacebo --enable-librav1e --enable-pocketsphinx --enable-librsvg --enable-libjxl --enable-shared
  libavutil      58. 29.100 / 58. 29.100
  libavcodec     60. 31.102 / 60. 31.102
  libavformat    60. 16.100 / 60. 16.100
  libavdevice    60.  3.100 / 60.  3.100
  libavfilter     9. 12.100 /  9. 12.100
  libswscale      7.  5.100 /  7.  5.100
  libswresample   4. 12.100 /  4. 12.100
  libpostproc    57.  3.100 / 57.  3.100
Input #0, mov,mp4,m4a,3gp,3g2,mj2, from '/data/vaishak/combined-kv-quant/results/runs/backfill_spatial_mixed_fg_quarot_kv_int4_bg_rtn_int2_af0e1883d58d_10s/videos/SPATIAL_MIXED_FG_QUAROT_KV_INT4_BG_RTN_INT2/prompt_0002_seed_2.mp4':
  Metadata:
    major_brand     : isom
    minor_version   : 512
    compatible_brands: isomiso2avc1mp41
    encoder         : Lavf61.1.100
  Duration: 00:00:10.31, start: 0.000000, bitrate: 1133 kb/s
  Stream #0:0[0x1](und): Video: h264 (High) (avc1 / 0x31637661), yuv420p(progressive), 832x480, 1131 kb/s, 16 fps, 16 tbr, 16384 tbn (default)
    Metadata:
      handler_name    : VideoHandler
      vendor_id       : [0][0][0][0]
Stream mapping:
  Stream #0:0 -> #0:0 (h264 (native) -> h264 (libx264))
Press [q] to stop, [?] for help
[libx264 @ 0x574d0703bc00] using cpu capabilities: MMX2 SSE2Fast SSSE3 SSE4.2 AVX FMA3 BMI2 AVX2
[libx264 @ 0x574d0703bc00] profile High, level 3.0, 4:2:0, 8-bit
[libx264 @ 0x574d0703bc00] 264 - core 164 r3108 31e19f9 - H.264/MPEG-4 AVC codec - Copyleft 2003-2023 - http://www.videolan.org/x264.html - options: cabac=1 ref=3 deblock=1:0:0 analyse=0x3:0x113 me=hex subme=7 psy=1 psy_rd=1.00:0.00 mixed_ref=1 me_range=16 chroma_me=1 trellis=1 8x8dct=1 cqm=0 deadzone=21,11 fast_pskip=1 chroma_qp_offset=-2 threads=15 lookahead_threads=2 sliced_threads=0 nr=0 decimate=1 interlaced=0 bluray_compat=0 constrained_intra=0 bframes=3 b_pyramid=2 b_adapt=1 b_bias=0 direct=1 weightb=1 open_gop=0 weightp=2 keyint=250 keyint_min=16 scenecut=40 intra_refresh=0 rc_lookahead=40 rc=crf mbtree=1 crf=23.0 qcomp=0.60 qpmin=0 qpmax=69 qpstep=4 ip_ratio=1.40 aq=1:1.00
Output #0, mp4, to '/data/vaishak/combined-kv-quant/results/combined/backfills/drift/moviegen/77fae235a4fdc8db_SPATIAL_MIXED_FG_QUAROT_KV_INT4_BG_RTN_INT2/SPATIAL_MIXED_FG_QUAROT_KV_INT4_BG_RTN_INT2_frames_165/prompt_0002_seed_2.mp4':
  Metadata:
    major_brand     : isom
    minor_version   : 512
    compatible_brands: isomiso2avc1mp41
    encoder         : Lavf60.16.100
  Stream #0:0(und): Video: h264 (avc1 / 0x31637661), yuv420p(progressive), 832x480, q=2-31, 16 fps, 16384 tbn (default)
    Metadata:
      handler_name    : VideoHandler
      vendor_id       : [0][0][0][0]
      encoder         : Lavc60.31.102 libx264
    Side data:
      cpb: bitrate max/min/avg: 0/0/0 buffer size: 0 vbv_delay: N/A
frame=    0 fps=0.0 q=0.0 size=       0kB time=N/A bitrate=N/A speed=N/A    frame=   23 fps=0.0 q=27.0 size=       0kB time=00:00:01.25 bitrate=   0.3kbits/s speed=2.28x    [out#0/mp4 @ 0x574d06f58e80] video:1767kB audio:0kB subtitle:0kB other streams:0kB global headers:0kB muxing overhead: 0.151826%
frame=  165 fps=151 q=-1.0 Lsize=    1770kB time=00:00:10.12 bitrate=1431.7kbits/s speed=9.25x    
[libx264 @ 0x574d0703bc00] frame I:22    Avg QP:20.37  size: 17675
[libx264 @ 0x574d0703bc00] frame P:48    Avg QP:23.66  size: 11925
[libx264 @ 0x574d0703bc00] frame B:95    Avg QP:24.28  size:  8920
[libx264 @ 0x574d0703bc00] consecutive B-frames: 17.0% 12.1% 20.0% 50.9%
[libx264 @ 0x574d0703bc00] mb I  I16..4: 22.2% 71.3%  6.5%
[libx264 @ 0x574d0703bc00] mb P  I16..4: 13.7% 38.1%  3.3%  P16..4: 33.3%  7.4%  1.6%  0.0%  0.0%    skip: 2.6%
[libx264 @ 0x574d0703bc00] mb B  I16..4:  2.5% 12.5%  1.8%  B16..8: 38.4%  9.3%  1.6%  direct:13.3%  skip:20.6%  L0:46.6% L1:45.0% BI: 8.4%
[libx264 @ 0x574d0703bc00] 8x8 transform intra:71.2% inter:87.9%
[libx264 @ 0x574d0703bc00] coded y,uvDC,uvAC intra: 60.4% 93.8% 44.9% inter: 27.0% 61.7% 3.3%
[libx264 @ 0x574d0703bc00] i16 v,h,dc,p:  4% 35%  4% 58%
[libx264 @ 0x574d0703bc00] i8 v,h,dc,ddl,ddr,vr,hd,vl,hu: 16% 30% 14%  5%  6%  6%  9%  5%  9%
[libx264 @ 0x574d0703bc00] i4 v,h,dc,ddl,ddr,vr,hd,vl,hu: 17% 27% 10%  6%  8%  7% 10%  6%  8%
[libx264 @ 0x574d0703bc00] i8c dc,h,v,p: 31% 36% 13% 19%
[libx264 @ 0x574d0703bc00] Weighted P-Frames: Y:10.4% UV:10.4%
[libx264 @ 0x574d0703bc00] ref P L0: 64.7%  7.5% 18.5%  8.8%  0.6%
[libx264 @ 0x574d0703bc00] ref B L0: 84.1% 13.4%  2.4%
[libx264 @ 0x574d0703bc00] ref B L1: 96.7%  3.3%
[libx264 @ 0x574d0703bc00] kb/s:1403.05
ffmpeg version 6.1.1-3ubuntu5 Copyright (c) 2000-2023 the FFmpeg developers
  built with gcc 13 (Ubuntu 13.2.0-23ubuntu3)
  configuration: --prefix=/usr --extra-version=3ubuntu5 --toolchain=hardened --libdir=/usr/lib/x86_64-linux-gnu --incdir=/usr/include/x86_64-linux-gnu --arch=amd64 --enable-gpl --disable-stripping --disable-omx --enable-gnutls --enable-libaom --enable-libass --enable-libbs2b --enable-libcaca --enable-libcdio --enable-libcodec2 --enable-libdav1d --enable-libflite --enable-libfontconfig --enable-libfreetype --enable-libfribidi --enable-libglslang --enable-libgme --enable-libgsm --enable-libharfbuzz --enable-libmp3lame --enable-libmysofa --enable-libopenjpeg --enable-libopenmpt --enable-libopus --enable-librubberband --enable-libshine --enable-libsnappy --enable-libsoxr --enable-libspeex --enable-libtheora --enable-libtwolame --enable-libvidstab --enable-libvorbis --enable-libvpx --enable-libwebp --enable-libx265 --enable-libxml2 --enable-libxvid --enable-libzimg --enable-openal --enable-opencl --enable-opengl --disable-sndio --enable-libvpl --disable-libmfx --enable-libdc1394 --enable-libdrm --enable-libiec61883 --enable-chromaprint --enable-frei0r --enable-ladspa --enable-libbluray --enable-libjack --enable-libpulse --enable-librabbitmq --enable-librist --enable-libsrt --enable-libssh --enable-libsvtav1 --enable-libx264 --enable-libzmq --enable-libzvbi --enable-lv2 --enable-sdl2 --enable-libplacebo --enable-librav1e --enable-pocketsphinx --enable-librsvg --enable-libjxl --enable-shared
  libavutil      58. 29.100 / 58. 29.100
  libavcodec     60. 31.102 / 60. 31.102
  libavformat    60. 16.100 / 60. 16.100
  libavdevice    60.  3.100 / 60.  3.100
  libavfilter     9. 12.100 /  9. 12.100
  libswscale      7.  5.100 /  7.  5.100
  libswresample   4. 12.100 /  4. 12.100
  libpostproc    57.  3.100 / 57.  3.100
Input #0, mov,mp4,m4a,3gp,3g2,mj2, from '/data/vaishak/combined-kv-quant/results/runs/backfill_spatial_mixed_fg_quarot_kv_int4_bg_rtn_int2_af0e1883d58d_10s/videos/SPATIAL_MIXED_FG_QUAROT_KV_INT4_BG_RTN_INT2/prompt_0003_seed_3.mp4':
  Metadata:
    major_brand     : isom
    minor_version   : 512
    compatible_brands: isomiso2avc1mp41
    encoder         : Lavf61.1.100
  Duration: 00:00:10.31, start: 0.000000, bitrate: 1181 kb/s
  Stream #0:0[0x1](und): Video: h264 (High) (avc1 / 0x31637661), yuv420p(progressive), 832x480, 1179 kb/s, 16 fps, 16 tbr, 16384 tbn (default)
    Metadata:
      handler_name    : VideoHandler
      vendor_id       : [0][0][0][0]
Stream mapping:
  Stream #0:0 -> #0:0 (h264 (native) -> h264 (libx264))
Press [q] to stop, [?] for help
[libx264 @ 0x5a79d8e12c00] using cpu capabilities: MMX2 SSE2Fast SSSE3 SSE4.2 AVX FMA3 BMI2 AVX2
[libx264 @ 0x5a79d8e12c00] profile High, level 3.0, 4:2:0, 8-bit
[libx264 @ 0x5a79d8e12c00] 264 - core 164 r3108 31e19f9 - H.264/MPEG-4 AVC codec - Copyleft 2003-2023 - http://www.videolan.org/x264.html - options: cabac=1 ref=3 deblock=1:0:0 analyse=0x3:0x113 me=hex subme=7 psy=1 psy_rd=1.00:0.00 mixed_ref=1 me_range=16 chroma_me=1 trellis=1 8x8dct=1 cqm=0 deadzone=21,11 fast_pskip=1 chroma_qp_offset=-2 threads=15 lookahead_threads=2 sliced_threads=0 nr=0 decimate=1 interlaced=0 bluray_compat=0 constrained_intra=0 bframes=3 b_pyramid=2 b_adapt=1 b_bias=0 direct=1 weightb=1 open_gop=0 weightp=2 keyint=250 keyint_min=16 scenecut=40 intra_refresh=0 rc_lookahead=40 rc=crf mbtree=1 crf=23.0 qcomp=0.60 qpmin=0 qpmax=69 qpstep=4 ip_ratio=1.40 aq=1:1.00
Output #0, mp4, to '/data/vaishak/combined-kv-quant/results/combined/backfills/drift/moviegen/77fae235a4fdc8db_SPATIAL_MIXED_FG_QUAROT_KV_INT4_BG_RTN_INT2/SPATIAL_MIXED_FG_QUAROT_KV_INT4_BG_RTN_INT2_frames_165/prompt_0003_seed_3.mp4':
  Metadata:
    major_brand     : isom
    minor_version   : 512
    compatible_brands: isomiso2avc1mp41
    encoder         : Lavf60.16.100
  Stream #0:0(und): Video: h264 (avc1 / 0x31637661), yuv420p(progressive), 832x480, q=2-31, 16 fps, 16384 tbn (default)
    Metadata:
      handler_name    : VideoHandler
      vendor_id       : [0][0][0][0]
      encoder         : Lavc60.31.102 libx264
    Side data:
      cpb: bitrate max/min/avg: 0/0/0 buffer size: 0 vbv_delay: N/A
frame=    0 fps=0.0 q=0.0 size=       0kB time=N/A bitrate=N/A speed=N/A    frame=   56 fps=0.0 q=27.0 size=     768kB time=00:00:03.37 bitrate=1864.2kbits/s speed= 6.5x    [out#0/mp4 @ 0x5a79d8d88e40] video:2793kB audio:0kB subtitle:0kB other streams:0kB global headers:0kB muxing overhead: 0.095201%
frame=  165 fps=153 q=-1.0 Lsize=    2796kB time=00:00:10.12 bitrate=2262.1kbits/s speed= 9.4x    
[libx264 @ 0x5a79d8e12c00] frame I:17    Avg QP:22.70  size: 42042
[libx264 @ 0x5a79d8e12c00] frame P:55    Avg QP:25.91  size: 23900
[libx264 @ 0x5a79d8e12c00] frame B:93    Avg QP:27.11  size:  8929
[libx264 @ 0x5a79d8e12c00] consecutive B-frames: 20.6%  8.5% 12.7% 58.2%
[libx264 @ 0x5a79d8e12c00] mb I  I16..4:  8.1% 73.8% 18.1%
[libx264 @ 0x5a79d8e12c00] mb P  I16..4:  2.9% 27.2%  5.0%  P16..4: 36.0% 15.0%  5.9%  0.0%  0.0%    skip: 8.0%
[libx264 @ 0x5a79d8e12c00] mb B  I16..4:  0.3%  3.3%  0.9%  B16..8: 41.9%  9.7%  3.6%  direct: 6.8%  skip:33.4%  L0:47.4% L1:37.7% BI:14.8%
[libx264 @ 0x5a79d8e12c00] 8x8 transform intra:75.4% inter:77.9%
[libx264 @ 0x5a79d8e12c00] coded y,uvDC,uvAC intra: 86.6% 97.1% 71.9% inter: 33.1% 38.8% 4.8%
[libx264 @ 0x5a79d8e12c00] i16 v,h,dc,p:  2% 44%  2% 52%
[libx264 @ 0x5a79d8e12c00] i8 v,h,dc,ddl,ddr,vr,hd,vl,hu:  9% 27% 14%  6%  8%  6% 12%  6% 12%
[libx264 @ 0x5a79d8e12c00] i4 v,h,dc,ddl,ddr,vr,hd,vl,hu: 10% 26% 11%  7%  9%  7% 13%  6% 11%
[libx264 @ 0x5a79d8e12c00] i8c dc,h,v,p: 34% 32% 14% 20%
[libx264 @ 0x5a79d8e12c00] Weighted P-Frames: Y:25.5% UV:16.4%
[libx264 @ 0x5a79d8e12c00] ref P L0: 63.0% 19.3% 12.9%  4.0%  0.9%
[libx264 @ 0x5a79d8e12c00] ref B L0: 86.7% 10.5%  2.7%
[libx264 @ 0x5a79d8e12c00] ref B L1: 99.1%  0.9%
[libx264 @ 0x5a79d8e12c00] kb/s:2218.35
ffmpeg version 6.1.1-3ubuntu5 Copyright (c) 2000-2023 the FFmpeg developers
  built with gcc 13 (Ubuntu 13.2.0-23ubuntu3)
  configuration: --prefix=/usr --extra-version=3ubuntu5 --toolchain=hardened --libdir=/usr/lib/x86_64-linux-gnu --incdir=/usr/include/x86_64-linux-gnu --arch=amd64 --enable-gpl --disable-stripping --disable-omx --enable-gnutls --enable-libaom --enable-libass --enable-libbs2b --enable-libcaca --enable-libcdio --enable-libcodec2 --enable-libdav1d --enable-libflite --enable-libfontconfig --enable-libfreetype --enable-libfribidi --enable-libglslang --enable-libgme --enable-libgsm --enable-libharfbuzz --enable-libmp3lame --enable-libmysofa --enable-libopenjpeg --enable-libopenmpt --enable-libopus --enable-librubberband --enable-libshine --enable-libsnappy --enable-libsoxr --enable-libspeex --enable-libtheora --enable-libtwolame --enable-libvidstab --enable-libvorbis --enable-libvpx --enable-libwebp --enable-libx265 --enable-libxml2 --enable-libxvid --enable-libzimg --enable-openal --enable-opencl --enable-opengl --disable-sndio --enable-libvpl --disable-libmfx --enable-libdc1394 --enable-libdrm --enable-libiec61883 --enable-chromaprint --enable-frei0r --enable-ladspa --enable-libbluray --enable-libjack --enable-libpulse --enable-librabbitmq --enable-librist --enable-libsrt --enable-libssh --enable-libsvtav1 --enable-libx264 --enable-libzmq --enable-libzvbi --enable-lv2 --enable-sdl2 --enable-libplacebo --enable-librav1e --enable-pocketsphinx --enable-librsvg --enable-libjxl --enable-shared
  libavutil      58. 29.100 / 58. 29.100
  libavcodec     60. 31.102 / 60. 31.102
  libavformat    60. 16.100 / 60. 16.100
  libavdevice    60.  3.100 / 60.  3.100
  libavfilter     9. 12.100 /  9. 12.100
  libswscale      7.  5.100 /  7.  5.100
  libswresample   4. 12.100 /  4. 12.100
  libpostproc    57.  3.100 / 57.  3.100
Input #0, mov,mp4,m4a,3gp,3g2,mj2, from '/data/vaishak/combined-kv-quant/results/runs/backfill_spatial_mixed_fg_quarot_kv_int4_bg_rtn_int2_af0e1883d58d_10s/videos/SPATIAL_MIXED_FG_QUAROT_KV_INT4_BG_RTN_INT2/prompt_0004_seed_4.mp4':
  Metadata:
    major_brand     : isom
    minor_version   : 512
    compatible_brands: isomiso2avc1mp41
    encoder         : Lavf61.1.100
  Duration: 00:00:10.31, start: 0.000000, bitrate: 1062 kb/s
  Stream #0:0[0x1](und): Video: h264 (High) (avc1 / 0x31637661), yuv420p(progressive), 832x480, 1060 kb/s, 16 fps, 16 tbr, 16384 tbn (default)
    Metadata:
      handler_name    : VideoHandler
      vendor_id       : [0][0][0][0]
Stream mapping:
  Stream #0:0 -> #0:0 (h264 (native) -> h264 (libx264))
Press [q] to stop, [?] for help
[libx264 @ 0x5a9c0fba4500] using cpu capabilities: MMX2 SSE2Fast SSSE3 SSE4.2 AVX FMA3 BMI2 AVX2
[libx264 @ 0x5a9c0fba4500] profile High, level 3.0, 4:2:0, 8-bit
[libx264 @ 0x5a9c0fba4500] 264 - core 164 r3108 31e19f9 - H.264/MPEG-4 AVC codec - Copyleft 2003-2023 - http://www.videolan.org/x264.html - options: cabac=1 ref=3 deblock=1:0:0 analyse=0x3:0x113 me=hex subme=7 psy=1 psy_rd=1.00:0.00 mixed_ref=1 me_range=16 chroma_me=1 trellis=1 8x8dct=1 cqm=0 deadzone=21,11 fast_pskip=1 chroma_qp_offset=-2 threads=15 lookahead_threads=2 sliced_threads=0 nr=0 decimate=1 interlaced=0 bluray_compat=0 constrained_intra=0 bframes=3 b_pyramid=2 b_adapt=1 b_bias=0 direct=1 weightb=1 open_gop=0 weightp=2 keyint=250 keyint_min=16 scenecut=40 intra_refresh=0 rc_lookahead=40 rc=crf mbtree=1 crf=23.0 qcomp=0.60 qpmin=0 qpmax=69 qpstep=4 ip_ratio=1.40 aq=1:1.00
Output #0, mp4, to '/data/vaishak/combined-kv-quant/results/combined/backfills/drift/moviegen/77fae235a4fdc8db_SPATIAL_MIXED_FG_QUAROT_KV_INT4_BG_RTN_INT2/SPATIAL_MIXED_FG_QUAROT_KV_INT4_BG_RTN_INT2_frames_165/prompt_0004_seed_4.mp4':
  Metadata:
    major_brand     : isom
    minor_version   : 512
    compatible_brands: isomiso2avc1mp41
    encoder         : Lavf60.16.100
  Stream #0:0(und): Video: h264 (avc1 / 0x31637661), yuv420p(progressive), 832x480, q=2-31, 16 fps, 16384 tbn (default)
    Metadata:
      handler_name    : VideoHandler
      vendor_id       : [0][0][0][0]
      encoder         : Lavc60.31.102 libx264
    Side data:
      cpb: bitrate max/min/avg: 0/0/0 buffer size: 0 vbv_delay: N/A
frame=    0 fps=0.0 q=0.0 size=       0kB time=N/A bitrate=N/A speed=N/A    frame=   52 fps=0.0 q=27.0 size=     256kB time=00:00:03.12 bitrate= 671.2kbits/s speed=5.92x    [out#0/mp4 @ 0x5a9c0fb25e40] video:1029kB audio:0kB subtitle:0kB other streams:0kB global headers:0kB muxing overhead: 0.259853%
frame=  165 fps=0.0 q=-1.0 Lsize=    1032kB time=00:00:10.12 bitrate= 835.0kbits/s speed=12.4x    
[libx264 @ 0x5a9c0fba4500] frame I:18    Avg QP:18.15  size: 18021
[libx264 @ 0x5a9c0fba4500] frame P:50    Avg QP:21.65  size:  8924
[libx264 @ 0x5a9c0fba4500] frame B:97    Avg QP:22.49  size:  2915
[libx264 @ 0x5a9c0fba4500] consecutive B-frames: 16.4%  9.7% 18.2% 55.8%
[libx264 @ 0x5a9c0fba4500] mb I  I16..4: 15.7% 79.5%  4.8%
[libx264 @ 0x5a9c0fba4500] mb P  I16..4:  8.6% 18.8%  0.5%  P16..4: 47.5% 13.1%  3.8%  0.0%  0.0%    skip: 7.7%
[libx264 @ 0x5a9c0fba4500] mb B  I16..4:  0.8%  1.4%  0.0%  B16..8: 36.6%  3.9%  0.5%  direct:10.3%  skip:46.5%  L0:55.0% L1:37.4% BI: 7.6%
[libx264 @ 0x5a9c0fba4500] 8x8 transform intra:73.4% inter:89.1%
[libx264 @ 0x5a9c0fba4500] coded y,uvDC,uvAC intra: 53.5% 95.1% 59.9% inter: 19.2% 44.9% 0.9%
[libx264 @ 0x5a9c0fba4500] i16 v,h,dc,p: 14% 24%  7% 55%
[libx264 @ 0x5a9c0fba4500] i8 v,h,dc,ddl,ddr,vr,hd,vl,hu: 23% 26% 19%  4%  5%  5%  6%  5%  6%
[libx264 @ 0x5a9c0fba4500] i4 v,h,dc,ddl,ddr,vr,hd,vl,hu: 29% 27% 11%  5%  7%  5%  7%  4%  4%
[libx264 @ 0x5a9c0fba4500] i8c dc,h,v,p: 35% 26% 18% 21%
[libx264 @ 0x5a9c0fba4500] Weighted P-Frames: Y:34.0% UV:34.0%
[libx264 @ 0x5a9c0fba4500] ref P L0: 67.1%  6.3% 18.5%  6.3%  1.7%
[libx264 @ 0x5a9c0fba4500] ref B L0: 86.2% 11.9%  1.8%
[libx264 @ 0x5a9c0fba4500] ref B L1: 97.2%  2.8%
[libx264 @ 0x5a9c0fba4500] kb/s:817.16
ffmpeg version 6.1.1-3ubuntu5 Copyright (c) 2000-2023 the FFmpeg developers
  built with gcc 13 (Ubuntu 13.2.0-23ubuntu3)
  configuration: --prefix=/usr --extra-version=3ubuntu5 --toolchain=hardened --libdir=/usr/lib/x86_64-linux-gnu --incdir=/usr/include/x86_64-linux-gnu --arch=amd64 --enable-gpl --disable-stripping --disable-omx --enable-gnutls --enable-libaom --enable-libass --enable-libbs2b --enable-libcaca --enable-libcdio --enable-libcodec2 --enable-libdav1d --enable-libflite --enable-libfontconfig --enable-libfreetype --enable-libfribidi --enable-libglslang --enable-libgme --enable-libgsm --enable-libharfbuzz --enable-libmp3lame --enable-libmysofa --enable-libopenjpeg --enable-libopenmpt --enable-libopus --enable-librubberband --enable-libshine --enable-libsnappy --enable-libsoxr --enable-libspeex --enable-libtheora --enable-libtwolame --enable-libvidstab --enable-libvorbis --enable-libvpx --enable-libwebp --enable-libx265 --enable-libxml2 --enable-libxvid --enable-libzimg --enable-openal --enable-opencl --enable-opengl --disable-sndio --enable-libvpl --disable-libmfx --enable-libdc1394 --enable-libdrm --enable-libiec61883 --enable-chromaprint --enable-frei0r --enable-ladspa --enable-libbluray --enable-libjack --enable-libpulse --enable-librabbitmq --enable-librist --enable-libsrt --enable-libssh --enable-libsvtav1 --enable-libx264 --enable-libzmq --enable-libzvbi --enable-lv2 --enable-sdl2 --enable-libplacebo --enable-librav1e --enable-pocketsphinx --enable-librsvg --enable-libjxl --enable-shared
  libavutil      58. 29.100 / 58. 29.100
  libavcodec     60. 31.102 / 60. 31.102
  libavformat    60. 16.100 / 60. 16.100
  libavdevice    60.  3.100 / 60.  3.100
  libavfilter     9. 12.100 /  9. 12.100
  libswscale      7.  5.100 /  7.  5.100
  libswresample   4. 12.100 /  4. 12.100
  libpostproc    57.  3.100 / 57.  3.100
Input #0, mov,mp4,m4a,3gp,3g2,mj2, from '/data/vaishak/combined-kv-quant/results/runs/backfill_spatial_mixed_fg_quarot_kv_int4_bg_rtn_int2_af0e1883d58d_10s/videos/SPATIAL_MIXED_FG_QUAROT_KV_INT4_BG_RTN_INT2/prompt_0005_seed_5.mp4':
  Metadata:
    major_brand     : isom
    minor_version   : 512
    compatible_brands: isomiso2avc1mp41
    encoder         : Lavf61.1.100
  Duration: 00:00:10.31, start: 0.000000, bitrate: 1189 kb/s
  Stream #0:0[0x1](und): Video: h264 (High) (avc1 / 0x31637661), yuv420p(progressive), 832x480, 1187 kb/s, 16 fps, 16 tbr, 16384 tbn (default)
    Metadata:
      handler_name    : VideoHandler
      vendor_id       : [0][0][0][0]
Stream mapping:
  Stream #0:0 -> #0:0 (h264 (native) -> h264 (libx264))
Press [q] to stop, [?] for help
[libx264 @ 0x5c1908c8a8c0] using cpu capabilities: MMX2 SSE2Fast SSSE3 SSE4.2 AVX FMA3 BMI2 AVX2
[libx264 @ 0x5c1908c8a8c0] profile High, level 3.0, 4:2:0, 8-bit
[libx264 @ 0x5c1908c8a8c0] 264 - core 164 r3108 31e19f9 - H.264/MPEG-4 AVC codec - Copyleft 2003-2023 - http://www.videolan.org/x264.html - options: cabac=1 ref=3 deblock=1:0:0 analyse=0x3:0x113 me=hex subme=7 psy=1 psy_rd=1.00:0.00 mixed_ref=1 me_range=16 chroma_me=1 trellis=1 8x8dct=1 cqm=0 deadzone=21,11 fast_pskip=1 chroma_qp_offset=-2 threads=15 lookahead_threads=2 sliced_threads=0 nr=0 decimate=1 interlaced=0 bluray_compat=0 constrained_intra=0 bframes=3 b_pyramid=2 b_adapt=1 b_bias=0 direct=1 weightb=1 open_gop=0 weightp=2 keyint=250 keyint_min=16 scenecut=40 intra_refresh=0 rc_lookahead=40 rc=crf mbtree=1 crf=23.0 qcomp=0.60 qpmin=0 qpmax=69 qpstep=4 ip_ratio=1.40 aq=1:1.00
Output #0, mp4, to '/data/vaishak/combined-kv-quant/results/combined/backfills/drift/moviegen/77fae235a4fdc8db_SPATIAL_MIXED_FG_QUAROT_KV_INT4_BG_RTN_INT2/SPATIAL_MIXED_FG_QUAROT_KV_INT4_BG_RTN_INT2_frames_165/prompt_0005_seed_5.mp4':
  Metadata:
    major_brand     : isom
    minor_version   : 512
    compatible_brands: isomiso2avc1mp41
    encoder         : Lavf60.16.100
  Stream #0:0(und): Video: h264 (avc1 / 0x31637661), yuv420p(progressive), 832x480, q=2-31, 16 fps, 16384 tbn (default)
    Metadata:
      handler_name    : VideoHandler
      vendor_id       : [0][0][0][0]
      encoder         : Lavc60.31.102 libx264
    Side data:
      cpb: bitrate max/min/avg: 0/0/0 buffer size: 0 vbv_delay: N/A
frame=    0 fps=0.0 q=0.0 size=       0kB time=N/A bitrate=N/A speed=N/A    frame=   64 fps=0.0 q=27.0 size=     768kB time=00:00:03.87 bitrate=1623.7kbits/s speed=7.49x    [out#0/mp4 @ 0x5c1908bf6e80] video:2785kB audio:0kB subtitle:0kB other streams:0kB global headers:0kB muxing overhead: 0.095748%
frame=  165 fps=164 q=-1.0 Lsize=    2788kB time=00:00:10.12 bitrate=2255.8kbits/s speed=10.1x    
[libx264 @ 0x5c1908c8a8c0] frame I:11    Avg QP:22.39  size: 59595
[libx264 @ 0x5c1908c8a8c0] frame P:63    Avg QP:25.53  size: 24843
[libx264 @ 0x5c1908c8a8c0] frame B:91    Avg QP:27.48  size:  6933
[libx264 @ 0x5c1908c8a8c0] consecutive B-frames: 20.0% 15.8% 10.9% 53.3%
[libx264 @ 0x5c1908c8a8c0] mb I  I16..4:  5.9% 72.5% 21.6%
[libx264 @ 0x5c1908c8a8c0] mb P  I16..4:  1.6% 13.3%  2.5%  P16..4: 47.6% 17.5%  9.2%  0.0%  0.0%    skip: 8.4%
[libx264 @ 0x5c1908c8a8c0] mb B  I16..4:  0.1%  0.6%  0.1%  B16..8: 47.2%  7.2%  2.9%  direct: 6.7%  skip:35.2%  L0:50.1% L1:38.5% BI:11.4%
[libx264 @ 0x5c1908c8a8c0] 8x8 transform intra:74.6% inter:75.7%
[libx264 @ 0x5c1908c8a8c0] coded y,uvDC,uvAC intra: 85.2% 99.2% 94.2% inter: 29.8% 49.9% 16.1%
[libx264 @ 0x5c1908c8a8c0] i16 v,h,dc,p:  7% 40% 13% 39%
[libx264 @ 0x5c1908c8a8c0] i8 v,h,dc,ddl,ddr,vr,hd,vl,hu: 15% 18% 19%  6%  7%  9%  8%  8% 10%
[libx264 @ 0x5c1908c8a8c0] i4 v,h,dc,ddl,ddr,vr,hd,vl,hu: 19% 16% 13%  8%  9% 11%  8%  9%  8%
[libx264 @ 0x5c1908c8a8c0] i8c dc,h,v,p: 39% 25% 15% 21%
[libx264 @ 0x5c1908c8a8c0] Weighted P-Frames: Y:41.3% UV:30.2%
[libx264 @ 0x5c1908c8a8c0] ref P L0: 59.8% 22.2% 12.2%  5.0%  0.8%
[libx264 @ 0x5c1908c8a8c0] ref B L0: 92.1%  6.9%  1.1%
[libx264 @ 0x5c1908c8a8c0] ref B L1: 99.3%  0.7%
[libx264 @ 0x5c1908c8a8c0] kb/s:2212.14
ffmpeg version 6.1.1-3ubuntu5 Copyright (c) 2000-2023 the FFmpeg developers
  built with gcc 13 (Ubuntu 13.2.0-23ubuntu3)
  configuration: --prefix=/usr --extra-version=3ubuntu5 --toolchain=hardened --libdir=/usr/lib/x86_64-linux-gnu --incdir=/usr/include/x86_64-linux-gnu --arch=amd64 --enable-gpl --disable-stripping --disable-omx --enable-gnutls --enable-libaom --enable-libass --enable-libbs2b --enable-libcaca --enable-libcdio --enable-libcodec2 --enable-libdav1d --enable-libflite --enable-libfontconfig --enable-libfreetype --enable-libfribidi --enable-libglslang --enable-libgme --enable-libgsm --enable-libharfbuzz --enable-libmp3lame --enable-libmysofa --enable-libopenjpeg --enable-libopenmpt --enable-libopus --enable-librubberband --enable-libshine --enable-libsnappy --enable-libsoxr --enable-libspeex --enable-libtheora --enable-libtwolame --enable-libvidstab --enable-libvorbis --enable-libvpx --enable-libwebp --enable-libx265 --enable-libxml2 --enable-libxvid --enable-libzimg --enable-openal --enable-opencl --enable-opengl --disable-sndio --enable-libvpl --disable-libmfx --enable-libdc1394 --enable-libdrm --enable-libiec61883 --enable-chromaprint --enable-frei0r --enable-ladspa --enable-libbluray --enable-libjack --enable-libpulse --enable-librabbitmq --enable-librist --enable-libsrt --enable-libssh --enable-libsvtav1 --enable-libx264 --enable-libzmq --enable-libzvbi --enable-lv2 --enable-sdl2 --enable-libplacebo --enable-librav1e --enable-pocketsphinx --enable-librsvg --enable-libjxl --enable-shared
  libavutil      58. 29.100 / 58. 29.100
  libavcodec     60. 31.102 / 60. 31.102
  libavformat    60. 16.100 / 60. 16.100
  libavdevice    60.  3.100 / 60.  3.100
  libavfilter     9. 12.100 /  9. 12.100
  libswscale      7.  5.100 /  7.  5.100
  libswresample   4. 12.100 /  4. 12.100
  libpostproc    57.  3.100 / 57.  3.100
Input #0, mov,mp4,m4a,3gp,3g2,mj2, from '/data/vaishak/combined-kv-quant/results/runs/backfill_spatial_mixed_fg_quarot_kv_int4_bg_rtn_int2_af0e1883d58d_10s/videos/SPATIAL_MIXED_FG_QUAROT_KV_INT4_BG_RTN_INT2/prompt_0006_seed_6.mp4':
  Metadata:
    major_brand     : isom
    minor_version   : 512
    compatible_brands: isomiso2avc1mp41
    encoder         : Lavf61.1.100
  Duration: 00:00:10.31, start: 0.000000, bitrate: 1083 kb/s
  Stream #0:0[0x1](und): Video: h264 (High) (avc1 / 0x31637661), yuv420p(progressive), 832x480, 1081 kb/s, 16 fps, 16 tbr, 16384 tbn (default)
    Metadata:
      handler_name    : VideoHandler
      vendor_id       : [0][0][0][0]
Stream mapping:
  Stream #0:0 -> #0:0 (h264 (native) -> h264 (libx264))
Press [q] to stop, [?] for help
[libx264 @ 0x5efb4c6c14c0] using cpu capabilities: MMX2 SSE2Fast SSSE3 SSE4.2 AVX FMA3 BMI2 AVX2
[libx264 @ 0x5efb4c6c14c0] profile High, level 3.0, 4:2:0, 8-bit
[libx264 @ 0x5efb4c6c14c0] 264 - core 164 r3108 31e19f9 - H.264/MPEG-4 AVC codec - Copyleft 2003-2023 - http://www.videolan.org/x264.html - options: cabac=1 ref=3 deblock=1:0:0 analyse=0x3:0x113 me=hex subme=7 psy=1 psy_rd=1.00:0.00 mixed_ref=1 me_range=16 chroma_me=1 trellis=1 8x8dct=1 cqm=0 deadzone=21,11 fast_pskip=1 chroma_qp_offset=-2 threads=15 lookahead_threads=2 sliced_threads=0 nr=0 decimate=1 interlaced=0 bluray_compat=0 constrained_intra=0 bframes=3 b_pyramid=2 b_adapt=1 b_bias=0 direct=1 weightb=1 open_gop=0 weightp=2 keyint=250 keyint_min=16 scenecut=40 intra_refresh=0 rc_lookahead=40 rc=crf mbtree=1 crf=23.0 qcomp=0.60 qpmin=0 qpmax=69 qpstep=4 ip_ratio=1.40 aq=1:1.00
Output #0, mp4, to '/data/vaishak/combined-kv-quant/results/combined/backfills/drift/moviegen/77fae235a4fdc8db_SPATIAL_MIXED_FG_QUAROT_KV_INT4_BG_RTN_INT2/SPATIAL_MIXED_FG_QUAROT_KV_INT4_BG_RTN_INT2_frames_165/prompt_0006_seed_6.mp4':
  Metadata:
    major_brand     : isom
    minor_version   : 512
    compatible_brands: isomiso2avc1mp41
    encoder         : Lavf60.16.100
  Stream #0:0(und): Video: h264 (avc1 / 0x31637661), yuv420p(progressive), 832x480, q=2-31, 16 fps, 16384 tbn (default)
    Metadata:
      handler_name    : VideoHandler
      vendor_id       : [0][0][0][0]
      encoder         : Lavc60.31.102 libx264
    Side data:
      cpb: bitrate max/min/avg: 0/0/0 buffer size: 0 vbv_delay: N/A
frame=    0 fps=0.0 q=0.0 size=       0kB time=N/A bitrate=N/A speed=N/A    frame=   45 fps=0.0 q=27.0 size=     256kB time=00:00:02.68 bitrate= 780.5kbits/s speed=5.09x    [out#0/mp4 @ 0x5efb4c641e80] video:1273kB audio:0kB subtitle:0kB other streams:0kB global headers:0kB muxing overhead: 0.215406%
frame=  165 fps=0.0 q=-1.0 Lsize=    1275kB time=00:00:10.12 bitrate=1031.8kbits/s speed=10.4x    
[libx264 @ 0x5efb4c6c14c0] frame I:12    Avg QP:19.08  size: 20802
[libx264 @ 0x5efb4c6c14c0] frame P:50    Avg QP:22.21  size: 11922
[libx264 @ 0x5efb4c6c14c0] frame B:103   Avg QP:23.23  size:  4434
[libx264 @ 0x5efb4c6c14c0] consecutive B-frames: 12.1% 12.1%  5.5% 70.3%
[libx264 @ 0x5efb4c6c14c0] mb I  I16..4: 20.5% 74.3%  5.2%
[libx264 @ 0x5efb4c6c14c0] mb P  I16..4: 11.1% 26.0%  1.4%  P16..4: 45.0% 10.0%  2.7%  0.0%  0.0%    skip: 3.8%
[libx264 @ 0x5efb4c6c14c0] mb B  I16..4:  1.3%  2.6%  0.1%  B16..8: 43.3%  4.9%  0.8%  direct:14.8%  skip:32.2%  L0:53.7% L1:37.3% BI: 9.0%
[libx264 @ 0x5efb4c6c14c0] 8x8 transform intra:69.6% inter:88.7%
[libx264 @ 0x5efb4c6c14c0] coded y,uvDC,uvAC intra: 52.7% 93.5% 37.9% inter: 21.6% 56.8% 1.9%
[libx264 @ 0x5efb4c6c14c0] i16 v,h,dc,p:  6% 17%  3% 75%
[libx264 @ 0x5efb4c6c14c0] i8 v,h,dc,ddl,ddr,vr,hd,vl,hu: 19% 25% 17%  5%  7%  6%  8%  6%  7%
[libx264 @ 0x5efb4c6c14c0] i4 v,h,dc,ddl,ddr,vr,hd,vl,hu: 17% 18% 12%  7% 12%  9% 10%  7%  8%
[libx264 @ 0x5efb4c6c14c0] i8c dc,h,v,p: 43% 24% 16% 17%
[libx264 @ 0x5efb4c6c14c0] Weighted P-Frames: Y:24.0% UV:24.0%
[libx264 @ 0x5efb4c6c14c0] ref P L0: 68.4%  8.2% 16.2%  6.4%  0.8%
[libx264 @ 0x5efb4c6c14c0] ref B L0: 87.7% 10.7%  1.6%
[libx264 @ 0x5efb4c6c14c0] ref B L1: 98.3%  1.7%
[libx264 @ 0x5efb4c6c14c0] kb/s:1010.37
ffmpeg version 6.1.1-3ubuntu5 Copyright (c) 2000-2023 the FFmpeg developers
  built with gcc 13 (Ubuntu 13.2.0-23ubuntu3)
  configuration: --prefix=/usr --extra-version=3ubuntu5 --toolchain=hardened --libdir=/usr/lib/x86_64-linux-gnu --incdir=/usr/include/x86_64-linux-gnu --arch=amd64 --enable-gpl --disable-stripping --disable-omx --enable-gnutls --enable-libaom --enable-libass --enable-libbs2b --enable-libcaca --enable-libcdio --enable-libcodec2 --enable-libdav1d --enable-libflite --enable-libfontconfig --enable-libfreetype --enable-libfribidi --enable-libglslang --enable-libgme --enable-libgsm --enable-libharfbuzz --enable-libmp3lame --enable-libmysofa --enable-libopenjpeg --enable-libopenmpt --enable-libopus --enable-librubberband --enable-libshine --enable-libsnappy --enable-libsoxr --enable-libspeex --enable-libtheora --enable-libtwolame --enable-libvidstab --enable-libvorbis --enable-libvpx --enable-libwebp --enable-libx265 --enable-libxml2 --enable-libxvid --enable-libzimg --enable-openal --enable-opencl --enable-opengl --disable-sndio --enable-libvpl --disable-libmfx --enable-libdc1394 --enable-libdrm --enable-libiec61883 --enable-chromaprint --enable-frei0r --enable-ladspa --enable-libbluray --enable-libjack --enable-libpulse --enable-librabbitmq --enable-librist --enable-libsrt --enable-libssh --enable-libsvtav1 --enable-libx264 --enable-libzmq --enable-libzvbi --enable-lv2 --enable-sdl2 --enable-libplacebo --enable-librav1e --enable-pocketsphinx --enable-librsvg --enable-libjxl --enable-shared
  libavutil      58. 29.100 / 58. 29.100
  libavcodec     60. 31.102 / 60. 31.102
  libavformat    60. 16.100 / 60. 16.100
  libavdevice    60.  3.100 / 60.  3.100
  libavfilter     9. 12.100 /  9. 12.100
  libswscale      7.  5.100 /  7.  5.100
  libswresample   4. 12.100 /  4. 12.100
  libpostproc    57.  3.100 / 57.  3.100
Input #0, mov,mp4,m4a,3gp,3g2,mj2, from '/data/vaishak/combined-kv-quant/results/runs/backfill_spatial_mixed_fg_quarot_kv_int4_bg_rtn_int2_af0e1883d58d_10s/videos/SPATIAL_MIXED_FG_QUAROT_KV_INT4_BG_RTN_INT2/prompt_0007_seed_7.mp4':
  Metadata:
    major_brand     : isom
    minor_version   : 512
    compatible_brands: isomiso2avc1mp41
    encoder         : Lavf61.1.100
  Duration: 00:00:10.31, start: 0.000000, bitrate: 1011 kb/s
  Stream #0:0[0x1](und): Video: h264 (High) (avc1 / 0x31637661), yuv420p(progressive), 832x480, 1009 kb/s, 16 fps, 16 tbr, 16384 tbn (default)
    Metadata:
      handler_name    : VideoHandler
      vendor_id       : [0][0][0][0]
Stream mapping:
  Stream #0:0 -> #0:0 (h264 (native) -> h264 (libx264))
Press [q] to stop, [?] for help
[libx264 @ 0x64da8af23880] using cpu capabilities: MMX2 SSE2Fast SSSE3 SSE4.2 AVX FMA3 BMI2 AVX2
[libx264 @ 0x64da8af23880] profile High, level 3.0, 4:2:0, 8-bit
[libx264 @ 0x64da8af23880] 264 - core 164 r3108 31e19f9 - H.264/MPEG-4 AVC codec - Copyleft 2003-2023 - http://www.videolan.org/x264.html - options: cabac=1 ref=3 deblock=1:0:0 analyse=0x3:0x113 me=hex subme=7 psy=1 psy_rd=1.00:0.00 mixed_ref=1 me_range=16 chroma_me=1 trellis=1 8x8dct=1 cqm=0 deadzone=21,11 fast_pskip=1 chroma_qp_offset=-2 threads=15 lookahead_threads=2 sliced_threads=0 nr=0 decimate=1 interlaced=0 bluray_compat=0 constrained_intra=0 bframes=3 b_pyramid=2 b_adapt=1 b_bias=0 direct=1 weightb=1 open_gop=0 weightp=2 keyint=250 keyint_min=16 scenecut=40 intra_refresh=0 rc_lookahead=40 rc=crf mbtree=1 crf=23.0 qcomp=0.60 qpmin=0 qpmax=69 qpstep=4 ip_ratio=1.40 aq=1:1.00
Output #0, mp4, to '/data/vaishak/combined-kv-quant/results/combined/backfills/drift/moviegen/77fae235a4fdc8db_SPATIAL_MIXED_FG_QUAROT_KV_INT4_BG_RTN_INT2/SPATIAL_MIXED_FG_QUAROT_KV_INT4_BG_RTN_INT2_frames_165/prompt_0007_seed_7.mp4':
  Metadata:
    major_brand     : isom
    minor_version   : 512
    compatible_brands: isomiso2avc1mp41
    encoder         : Lavf60.16.100
  Stream #0:0(und): Video: h264 (avc1 / 0x31637661), yuv420p(progressive), 832x480, q=2-31, 16 fps, 16384 tbn (default)
    Metadata:
      handler_name    : VideoHandler
      vendor_id       : [0][0][0][0]
      encoder         : Lavc60.31.102 libx264
    Side data:
      cpb: bitrate max/min/avg: 0/0/0 buffer size: 0 vbv_delay: N/A
frame=    0 fps=0.0 q=0.0 size=       0kB time=N/A bitrate=N/A speed=N/A    frame=   89 fps=0.0 q=27.0 size=     768kB time=00:00:05.37 bitrate=1170.6kbits/s speed=10.4x    [out#0/mp4 @ 0x64da8aea2e40] video:1385kB audio:0kB subtitle:0kB other streams:0kB global headers:0kB muxing overhead: 0.193662%
frame=  165 fps=0.0 q=-1.0 Lsize=    1388kB time=00:00:10.12 bitrate=1122.9kbits/s speed=11.9x    
[libx264 @ 0x64da8af23880] frame I:19    Avg QP:20.21  size: 17715
[libx264 @ 0x64da8af23880] frame P:50    Avg QP:23.54  size: 11514
[libx264 @ 0x64da8af23880] frame B:96    Avg QP:24.34  size:  5266
[libx264 @ 0x64da8af23880] consecutive B-frames: 16.4% 12.1% 18.2% 53.3%
[libx264 @ 0x64da8af23880] mb I  I16..4: 15.4% 80.0%  4.6%
[libx264 @ 0x64da8af23880] mb P  I16..4: 11.5% 35.8%  1.8%  P16..4: 34.7% 10.9%  2.2%  0.0%  0.0%    skip: 2.9%
[libx264 @ 0x64da8af23880] mb B  I16..4:  1.8%  5.2%  0.2%  B16..8: 40.2%  8.1%  1.2%  direct:13.8%  skip:29.6%  L0:49.8% L1:39.1% BI:11.1%
[libx264 @ 0x64da8af23880] 8x8 transform intra:75.5% inter:88.9%
[libx264 @ 0x64da8af23880] coded y,uvDC,uvAC intra: 60.2% 94.5% 43.8% inter: 26.9% 55.1% 0.9%
[libx264 @ 0x64da8af23880] i16 v,h,dc,p:  4% 29%  2% 66%
[libx264 @ 0x64da8af23880] i8 v,h,dc,ddl,ddr,vr,hd,vl,hu: 14% 36% 12%  4%  6%  5%  9%  5%  9%
[libx264 @ 0x64da8af23880] i4 v,h,dc,ddl,ddr,vr,hd,vl,hu: 15% 35%  9%  5%  8%  5% 11%  4%  8%
[libx264 @ 0x64da8af23880] i8c dc,h,v,p: 30% 37% 11% 21%
[libx264 @ 0x64da8af23880] Weighted P-Frames: Y:24.0% UV:22.0%
[libx264 @ 0x64da8af23880] ref P L0: 68.5% 11.1% 14.3%  5.6%  0.6%
[libx264 @ 0x64da8af23880] ref B L0: 88.0% 10.1%  1.9%
[libx264 @ 0x64da8af23880] ref B L1: 98.5%  1.5%
[libx264 @ 0x64da8af23880] kb/s:1099.84
ffmpeg version 6.1.1-3ubuntu5 Copyright (c) 2000-2023 the FFmpeg developers
  built with gcc 13 (Ubuntu 13.2.0-23ubuntu3)
  configuration: --prefix=/usr --extra-version=3ubuntu5 --toolchain=hardened --libdir=/usr/lib/x86_64-linux-gnu --incdir=/usr/include/x86_64-linux-gnu --arch=amd64 --enable-gpl --disable-stripping --disable-omx --enable-gnutls --enable-libaom --enable-libass --enable-libbs2b --enable-libcaca --enable-libcdio --enable-libcodec2 --enable-libdav1d --enable-libflite --enable-libfontconfig --enable-libfreetype --enable-libfribidi --enable-libglslang --enable-libgme --enable-libgsm --enable-libharfbuzz --enable-libmp3lame --enable-libmysofa --enable-libopenjpeg --enable-libopenmpt --enable-libopus --enable-librubberband --enable-libshine --enable-libsnappy --enable-libsoxr --enable-libspeex --enable-libtheora --enable-libtwolame --enable-libvidstab --enable-libvorbis --enable-libvpx --enable-libwebp --enable-libx265 --enable-libxml2 --enable-libxvid --enable-libzimg --enable-openal --enable-opencl --enable-opengl --disable-sndio --enable-libvpl --disable-libmfx --enable-libdc1394 --enable-libdrm --enable-libiec61883 --enable-chromaprint --enable-frei0r --enable-ladspa --enable-libbluray --enable-libjack --enable-libpulse --enable-librabbitmq --enable-librist --enable-libsrt --enable-libssh --enable-libsvtav1 --enable-libx264 --enable-libzmq --enable-libzvbi --enable-lv2 --enable-sdl2 --enable-libplacebo --enable-librav1e --enable-pocketsphinx --enable-librsvg --enable-libjxl --enable-shared
  libavutil      58. 29.100 / 58. 29.100
  libavcodec     60. 31.102 / 60. 31.102
  libavformat    60. 16.100 / 60. 16.100
  libavdevice    60.  3.100 / 60.  3.100
  libavfilter     9. 12.100 /  9. 12.100
  libswscale      7.  5.100 /  7.  5.100
  libswresample   4. 12.100 /  4. 12.100
  libpostproc    57.  3.100 / 57.  3.100
Input #0, mov,mp4,m4a,3gp,3g2,mj2, from '/data/vaishak/combined-kv-quant/results/runs/backfill_spatial_mixed_fg_quarot_kv_int4_bg_rtn_int2_af0e1883d58d_10s/videos/SPATIAL_MIXED_FG_QUAROT_KV_INT4_BG_RTN_INT2/prompt_0008_seed_8.mp4':
  Metadata:
    major_brand     : isom
    minor_version   : 512
    compatible_brands: isomiso2avc1mp41
    encoder         : Lavf61.1.100
  Duration: 00:00:10.31, start: 0.000000, bitrate: 1143 kb/s
  Stream #0:0[0x1](und): Video: h264 (High) (avc1 / 0x31637661), yuv420p(progressive), 832x480, 1141 kb/s, 16 fps, 16 tbr, 16384 tbn (default)
    Metadata:
      handler_name    : VideoHandler
      vendor_id       : [0][0][0][0]
Stream mapping:
  Stream #0:0 -> #0:0 (h264 (native) -> h264 (libx264))
Press [q] to stop, [?] for help
[libx264 @ 0x5fedbc668a40] using cpu capabilities: MMX2 SSE2Fast SSSE3 SSE4.2 AVX FMA3 BMI2 AVX2
[libx264 @ 0x5fedbc668a40] profile High, level 3.0, 4:2:0, 8-bit
[libx264 @ 0x5fedbc668a40] 264 - core 164 r3108 31e19f9 - H.264/MPEG-4 AVC codec - Copyleft 2003-2023 - http://www.videolan.org/x264.html - options: cabac=1 ref=3 deblock=1:0:0 analyse=0x3:0x113 me=hex subme=7 psy=1 psy_rd=1.00:0.00 mixed_ref=1 me_range=16 chroma_me=1 trellis=1 8x8dct=1 cqm=0 deadzone=21,11 fast_pskip=1 chroma_qp_offset=-2 threads=15 lookahead_threads=2 sliced_threads=0 nr=0 decimate=1 interlaced=0 bluray_compat=0 constrained_intra=0 bframes=3 b_pyramid=2 b_adapt=1 b_bias=0 direct=1 weightb=1 open_gop=0 weightp=2 keyint=250 keyint_min=16 scenecut=40 intra_refresh=0 rc_lookahead=40 rc=crf mbtree=1 crf=23.0 qcomp=0.60 qpmin=0 qpmax=69 qpstep=4 ip_ratio=1.40 aq=1:1.00
Output #0, mp4, to '/data/vaishak/combined-kv-quant/results/combined/backfills/drift/moviegen/77fae235a4fdc8db_SPATIAL_MIXED_FG_QUAROT_KV_INT4_BG_RTN_INT2/SPATIAL_MIXED_FG_QUAROT_KV_INT4_BG_RTN_INT2_frames_165/prompt_0008_seed_8.mp4':
  Metadata:
    major_brand     : isom
    minor_version   : 512
    compatible_brands: isomiso2avc1mp41
    encoder         : Lavf60.16.100
  Stream #0:0(und): Video: h264 (avc1 / 0x31637661), yuv420p(progressive), 832x480, q=2-31, 16 fps, 16384 tbn (default)
    Metadata:
      handler_name    : VideoHandler
      vendor_id       : [0][0][0][0]
      encoder         : Lavc60.31.102 libx264
    Side data:
      cpb: bitrate max/min/avg: 0/0/0 buffer size: 0 vbv_delay: N/A
frame=    0 fps=0.0 q=0.0 size=       0kB time=N/A bitrate=N/A speed=N/A    frame=   50 fps=0.0 q=27.0 size=     256kB time=00:00:03.00 bitrate= 699.2kbits/s speed=5.61x    [out#0/mp4 @ 0x5fedbc5e3e40] video:979kB audio:0kB subtitle:0kB other streams:0kB global headers:0kB muxing overhead: 0.280287%
frame=  165 fps=157 q=-1.0 Lsize=     982kB time=00:00:10.12 bitrate= 794.6kbits/s speed=9.64x    
[libx264 @ 0x5fedbc668a40] frame I:7     Avg QP:19.94  size: 24541
[libx264 @ 0x5fedbc668a40] frame P:49    Avg QP:22.67  size: 11961
[libx264 @ 0x5fedbc668a40] frame B:109   Avg QP:24.07  size:  2242
[libx264 @ 0x5fedbc668a40] consecutive B-frames:  8.5%  9.7%  1.8% 80.0%
[libx264 @ 0x5fedbc668a40] mb I  I16..4: 11.9% 78.3%  9.7%
[libx264 @ 0x5fedbc668a40] mb P  I16..4:  6.0% 27.2%  1.4%  P16..4: 40.3% 14.3%  3.5%  0.0%  0.0%    skip: 7.2%
[libx264 @ 0x5fedbc668a40] mb B  I16..4:  0.2%  0.4%  0.0%  B16..8: 28.0%  2.1%  0.3%  direct:11.3%  skip:57.7%  L0:50.9% L1:38.2% BI:10.9%
[libx264 @ 0x5fedbc668a40] 8x8 transform intra:78.2% inter:85.2%
[libx264 @ 0x5fedbc668a40] coded y,uvDC,uvAC intra: 68.8% 98.2% 75.2% inter: 20.1% 38.9% 2.0%
[libx264 @ 0x5fedbc668a40] i16 v,h,dc,p:  4% 15%  2% 80%
[libx264 @ 0x5fedbc668a40] i8 v,h,dc,ddl,ddr,vr,hd,vl,hu: 16% 26% 12%  6%  8%  7% 10%  7%  9%
[libx264 @ 0x5fedbc668a40] i4 v,h,dc,ddl,ddr,vr,hd,vl,hu: 19% 24% 10%  7% 11%  8%  9%  6%  6%
[libx264 @ 0x5fedbc668a40] i8c dc,h,v,p: 29% 26% 14% 31%
[libx264 @ 0x5fedbc668a40] Weighted P-Frames: Y:40.8% UV:32.7%
[libx264 @ 0x5fedbc668a40] ref P L0: 58.1% 12.6% 18.3%  8.7%  2.3%
[libx264 @ 0x5fedbc668a40] ref B L0: 89.9%  8.2%  1.9%
[libx264 @ 0x5fedbc668a40] ref B L1: 98.8%  1.2%
[libx264 @ 0x5fedbc668a40] kb/s:777.47
ffmpeg version 6.1.1-3ubuntu5 Copyright (c) 2000-2023 the FFmpeg developers
  built with gcc 13 (Ubuntu 13.2.0-23ubuntu3)
  configuration: --prefix=/usr --extra-version=3ubuntu5 --toolchain=hardened --libdir=/usr/lib/x86_64-linux-gnu --incdir=/usr/include/x86_64-linux-gnu --arch=amd64 --enable-gpl --disable-stripping --disable-omx --enable-gnutls --enable-libaom --enable-libass --enable-libbs2b --enable-libcaca --enable-libcdio --enable-libcodec2 --enable-libdav1d --enable-libflite --enable-libfontconfig --enable-libfreetype --enable-libfribidi --enable-libglslang --enable-libgme --enable-libgsm --enable-libharfbuzz --enable-libmp3lame --enable-libmysofa --enable-libopenjpeg --enable-libopenmpt --enable-libopus --enable-librubberband --enable-libshine --enable-libsnappy --enable-libsoxr --enable-libspeex --enable-libtheora --enable-libtwolame --enable-libvidstab --enable-libvorbis --enable-libvpx --enable-libwebp --enable-libx265 --enable-libxml2 --enable-libxvid --enable-libzimg --enable-openal --enable-opencl --enable-opengl --disable-sndio --enable-libvpl --disable-libmfx --enable-libdc1394 --enable-libdrm --enable-libiec61883 --enable-chromaprint --enable-frei0r --enable-ladspa --enable-libbluray --enable-libjack --enable-libpulse --enable-librabbitmq --enable-librist --enable-libsrt --enable-libssh --enable-libsvtav1 --enable-libx264 --enable-libzmq --enable-libzvbi --enable-lv2 --enable-sdl2 --enable-libplacebo --enable-librav1e --enable-pocketsphinx --enable-librsvg --enable-libjxl --enable-shared
  libavutil      58. 29.100 / 58. 29.100
  libavcodec     60. 31.102 / 60. 31.102
  libavformat    60. 16.100 / 60. 16.100
  libavdevice    60.  3.100 / 60.  3.100
  libavfilter     9. 12.100 /  9. 12.100
  libswscale      7.  5.100 /  7.  5.100
  libswresample   4. 12.100 /  4. 12.100
  libpostproc    57.  3.100 / 57.  3.100
Input #0, mov,mp4,m4a,3gp,3g2,mj2, from '/data/vaishak/combined-kv-quant/results/runs/backfill_spatial_mixed_fg_quarot_kv_int4_bg_rtn_int2_af0e1883d58d_10s/videos/SPATIAL_MIXED_FG_QUAROT_KV_INT4_BG_RTN_INT2/prompt_0009_seed_9.mp4':
  Metadata:
    major_brand     : isom
    minor_version   : 512
    compatible_brands: isomiso2avc1mp41
    encoder         : Lavf61.1.100
  Duration: 00:00:10.31, start: 0.000000, bitrate: 1149 kb/s
  Stream #0:0[0x1](und): Video: h264 (High) (avc1 / 0x31637661), yuv420p(progressive), 832x480, 1147 kb/s, 16 fps, 16 tbr, 16384 tbn (default)
    Metadata:
      handler_name    : VideoHandler
      vendor_id       : [0][0][0][0]
Stream mapping:
  Stream #0:0 -> #0:0 (h264 (native) -> h264 (libx264))
Press [q] to stop, [?] for help
[libx264 @ 0x5beabe921540] using cpu capabilities: MMX2 SSE2Fast SSSE3 SSE4.2 AVX FMA3 BMI2 AVX2
[libx264 @ 0x5beabe921540] profile High, level 3.0, 4:2:0, 8-bit
[libx264 @ 0x5beabe921540] 264 - core 164 r3108 31e19f9 - H.264/MPEG-4 AVC codec - Copyleft 2003-2023 - http://www.videolan.org/x264.html - options: cabac=1 ref=3 deblock=1:0:0 analyse=0x3:0x113 me=hex subme=7 psy=1 psy_rd=1.00:0.00 mixed_ref=1 me_range=16 chroma_me=1 trellis=1 8x8dct=1 cqm=0 deadzone=21,11 fast_pskip=1 chroma_qp_offset=-2 threads=15 lookahead_threads=2 sliced_threads=0 nr=0 decimate=1 interlaced=0 bluray_compat=0 constrained_intra=0 bframes=3 b_pyramid=2 b_adapt=1 b_bias=0 direct=1 weightb=1 open_gop=0 weightp=2 keyint=250 keyint_min=16 scenecut=40 intra_refresh=0 rc_lookahead=40 rc=crf mbtree=1 crf=23.0 qcomp=0.60 qpmin=0 qpmax=69 qpstep=4 ip_ratio=1.40 aq=1:1.00
Output #0, mp4, to '/data/vaishak/combined-kv-quant/results/combined/backfills/drift/moviegen/77fae235a4fdc8db_SPATIAL_MIXED_FG_QUAROT_KV_INT4_BG_RTN_INT2/SPATIAL_MIXED_FG_QUAROT_KV_INT4_BG_RTN_INT2_frames_165/prompt_0009_seed_9.mp4':
  Metadata:
    major_brand     : isom
    minor_version   : 512
    compatible_brands: isomiso2avc1mp41
    encoder         : Lavf60.16.100
  Stream #0:0(und): Video: h264 (avc1 / 0x31637661), yuv420p(progressive), 832x480, q=2-31, 16 fps, 16384 tbn (default)
    Metadata:
      handler_name    : VideoHandler
      vendor_id       : [0][0][0][0]
      encoder         : Lavc60.31.102 libx264
    Side data:
      cpb: bitrate max/min/avg: 0/0/0 buffer size: 0 vbv_delay: N/A
frame=    0 fps=0.0 q=0.0 size=       0kB time=N/A bitrate=N/A speed=N/A    frame=   86 fps=0.0 q=27.0 size=     768kB time=00:00:05.18 bitrate=1212.9kbits/s speed=9.86x    [out#0/mp4 @ 0x5beabe896e80] video:2066kB audio:0kB subtitle:0kB other streams:0kB global headers:0kB muxing overhead: 0.125673%
frame=  165 fps=0.0 q=-1.0 Lsize=    2069kB time=00:00:10.12 bitrate=1673.8kbits/s speed=12.2x    
[libx264 @ 0x5beabe921540] frame I:10    Avg QP:21.98  size: 45190
[libx264 @ 0x5beabe921540] frame P:62    Avg QP:25.13  size: 19675
[libx264 @ 0x5beabe921540] frame B:93    Avg QP:27.02  size:  4767
[libx264 @ 0x5beabe921540] consecutive B-frames: 23.0%  3.6%  5.5% 67.9%
[libx264 @ 0x5beabe921540] mb I  I16..4:  1.5% 79.4% 19.1%
[libx264 @ 0x5beabe921540] mb P  I16..4:  0.6% 21.7%  4.2%  P16..4: 37.6% 16.7%  6.7%  0.0%  0.0%    skip:12.4%
[libx264 @ 0x5beabe921540] mb B  I16..4:  0.1%  0.5%  0.1%  B16..8: 37.9%  6.2%  2.5%  direct: 6.5%  skip:46.1%  L0:45.0% L1:39.7% BI:15.3%
[libx264 @ 0x5beabe921540] 8x8 transform intra:80.6% inter:74.0%
[libx264 @ 0x5beabe921540] coded y,uvDC,uvAC intra: 93.6% 80.8% 22.6% inter: 29.4% 16.8% 0.1%
[libx264 @ 0x5beabe921540] i16 v,h,dc,p:  4% 48%  6% 42%
[libx264 @ 0x5beabe921540] i8 v,h,dc,ddl,ddr,vr,hd,vl,hu: 11% 25% 14%  5%  8%  7% 12%  7% 13%
[libx264 @ 0x5beabe921540] i4 v,h,dc,ddl,ddr,vr,hd,vl,hu: 11% 26% 12%  6%  9%  6% 13%  5% 12%
[libx264 @ 0x5beabe921540] i8c dc,h,v,p: 47% 29% 16%  8%
[libx264 @ 0x5beabe921540] Weighted P-Frames: Y:29.0% UV:12.9%
[libx264 @ 0x5beabe921540] ref P L0: 53.4% 22.8% 17.1%  6.2%  0.5%
[libx264 @ 0x5beabe921540] ref B L0: 90.2%  7.6%  2.3%
[libx264 @ 0x5beabe921540] ref B L1: 99.5%  0.5%
[libx264 @ 0x5beabe921540] kb/s:1640.82
[rank0]:[W310 22:58:53.487518564 ProcessGroupNCCL.cpp:4115] [PG ID 0 PG GUID 0 Rank 0]  using GPU 0 to perform barrier as devices used by this process are currently unknown. This can potentially cause a hang if this rank to GPU mapping is incorrect.Specify device_ids in barrier() to force use of a particular device,or call init_process_group() with a device_id.
/home/suraj/miniforge3/envs/qvg_sf_eval/lib/python3.10/site-packages/clip/clip.py:6: UserWarning: pkg_resources is deprecated as an API. See https://setuptools.pypa.io/en/latest/pkg_resources.html. The pkg_resources package is slated for removal as early as 2025-11-30. Refrain from using this package or pin to Setuptools<81.
  from pkg_resources import packaging
/home/suraj/miniforge3/envs/qvg_sf_eval/lib/python3.10/site-packages/timm/models/layers/__init__.py:48: FutureWarning: Importing from timm.models.layers is deprecated, please import via timm.layers
  warnings.warn(f"Importing from {__name__} is deprecated, please import via timm.layers", FutureWarning)
/home/suraj/miniforge3/envs/qvg_sf_eval/lib/python3.10/site-packages/pyiqa/archs/arch_util.py:118: FutureWarning: You are using `torch.load` with `weights_only=False` (the current default value), which uses the default pickle module implicitly. It is possible to construct malicious pickle data which will execute arbitrary code during unpickling (See https://github.com/pytorch/pytorch/blob/main/SECURITY.md#untrusted-models for more details). In a future release, the default value for `weights_only` will be flipped to `True`. This limits the functions that could be executed during unpickling. Arbitrary objects will no longer be allowed to be loaded via this mode unless they are explicitly allowlisted by the user via `torch.serialization.add_safe_globals`. We recommend you start setting `weights_only=True` for any use case where you don't have full control of the loaded file. Please open an issue on GitHub for any issues related to this experimental feature.
  state_dict = torch.load(model_path, map_location=torch.device("cpu"))
args: Namespace(output_path='/data/vaishak/combined-kv-quant/results/combined/backfills/drift/moviegen/77fae235a4fdc8db_SPATIAL_MIXED_FG_QUAROT_KV_INT4_BG_RTN_INT2/vbench_SPATIAL_MIXED_FG_QUAROT_KV_INT4_BG_RTN_INT2_165', full_json_dir='/data/vaishak/combined-kv-quant/third_party/VBench/vbench/VBench_full_info.json', videos_path='/data/vaishak/combined-kv-quant/results/combined/backfills/drift/moviegen/77fae235a4fdc8db_SPATIAL_MIXED_FG_QUAROT_KV_INT4_BG_RTN_INT2/SPATIAL_MIXED_FG_QUAROT_KV_INT4_BG_RTN_INT2_frames_165', dimension=['imaging_quality'], load_ckpt_from_local=None, read_frame=None, mode='custom_input', prompt='None', prompt_file='/data/vaishak/combined-kv-quant/results/combined/backfills/drift/moviegen/77fae235a4fdc8db_SPATIAL_MIXED_FG_QUAROT_KV_INT4_BG_RTN_INT2/prompt_map_165.json', category=None, imaging_quality_preprocessing_mode='longer')
start evaluation
Evaluation meta data saved to /data/vaishak/combined-kv-quant/results/combined/backfills/drift/moviegen/77fae235a4fdc8db_SPATIAL_MIXED_FG_QUAROT_KV_INT4_BG_RTN_INT2/vbench_SPATIAL_MIXED_FG_QUAROT_KV_INT4_BG_RTN_INT2_165/results_2026-03-10-22:58:52_full_info.json
cur_full_info_path: /data/vaishak/combined-kv-quant/results/combined/backfills/drift/moviegen/77fae235a4fdc8db_SPATIAL_MIXED_FG_QUAROT_KV_INT4_BG_RTN_INT2/vbench_SPATIAL_MIXED_FG_QUAROT_KV_INT4_BG_RTN_INT2_165/results_2026-03-10-22:58:52_full_info.json
Loading pretrained model MUSIQ from /home/vaishak/.cache/vbench/pyiqa_model/musiq_spaq_ckpt-358bb6af.pth
  0%|          | 0/10 [00:00<?, ?it/s] 10%|█         | 1/10 [00:06<00:59,  6.66s/it] 20%|██        | 2/10 [00:12<00:51,  6.38s/it] 30%|███       | 3/10 [00:19<00:45,  6.50s/it] 40%|████      | 4/10 [00:26<00:39,  6.65s/it] 50%|█████     | 5/10 [00:30<00:28,  5.63s/it] 60%|██████    | 6/10 [00:33<00:18,  4.71s/it] 70%|███████   | 7/10 [00:36<00:12,  4.22s/it] 80%|████████  | 8/10 [00:39<00:07,  3.81s/it] 90%|█████████ | 9/10 [00:42<00:03,  3.67s/it]100%|██████████| 10/10 [00:46<00:00,  3.67s/it]100%|██████████| 10/10 [00:46<00:00,  4.63s/it]
Evaluation results saved to /data/vaishak/combined-kv-quant/results/combined/backfills/drift/moviegen/77fae235a4fdc8db_SPATIAL_MIXED_FG_QUAROT_KV_INT4_BG_RTN_INT2/vbench_SPATIAL_MIXED_FG_QUAROT_KV_INT4_BG_RTN_INT2_165/results_2026-03-10-22:58:52_eval_results.json
done
[rank0]:[W310 22:59:42.629579531 ProcessGroupNCCL.cpp:1250] Warning: WARNING: process group has NOT been destroyed before we destruct ProcessGroupNCCL. On normal program exit, the application should call destroy_process_group to ensure that any pending NCCL operations have finished in this process. In rare cases this process can exit before this point and block the progress of another member of the process group. This constraint has always been present,  but this warning has only been added since PyTorch 2.4 (function operator())
{
  "method": "SPATIAL_MIXED_FG_QUAROT_KV_INT4_BG_RTN_INT2",
  "frame_step": 165,
  "max_frames": 165,
  "curve": [
    {
      "frame_cap": 165,
      "imaging_quality": [
        0.3942327691742868,
        [
          {
            "video_path": "/data/vaishak/combined-kv-quant/results/combined/backfills/drift/moviegen/77fae235a4fdc8db_SPATIAL_MIXED_FG_QUAROT_KV_INT4_BG_RTN_INT2/SPATIAL_MIXED_FG_QUAROT_KV_INT4_BG_RTN_INT2_frames_165/prompt_0007_seed_7.mp4",
            "video_results": 27.42119480479847
          },
          {
            "video_path": "/data/vaishak/combined-kv-quant/results/combined/backfills/drift/moviegen/77fae235a4fdc8db_SPATIAL_MIXED_FG_QUAROT_KV_INT4_BG_RTN_INT2/SPATIAL_MIXED_FG_QUAROT_KV_INT4_BG_RTN_INT2_frames_165/prompt_0006_seed_6.mp4",
            "video_results": 35.153414963230944
          },
          {
            "video_path": "/data/vaishak/combined-kv-quant/results/combined/backfills/drift/moviegen/77fae235a4fdc8db_SPATIAL_MIXED_FG_QUAROT_KV_INT4_BG_RTN_INT2/SPATIAL_MIXED_FG_QUAROT_KV_INT4_BG_RTN_INT2_frames_165/prompt_0004_seed_4.mp4",
            "video_results": 26.685677580399947
          },
          {
            "video_path": "/data/vaishak/combined-kv-quant/results/combined/backfills/drift/moviegen/77fae235a4fdc8db_SPATIAL_MIXED_FG_QUAROT_KV_INT4_BG_RTN_INT2/SPATIAL_MIXED_FG_QUAROT_KV_INT4_BG_RTN_INT2_frames_165/prompt_0003_seed_3.mp4",
            "video_results": 50.967628224690756
          },
          {
            "video_path": "/data/vaishak/combined-kv-quant/results/combined/backfills/drift/moviegen/77fae235a4fdc8db_SPATIAL_MIXED_FG_QUAROT_KV_INT4_BG_RTN_INT2/SPATIAL_MIXED_FG_QUAROT_KV_INT4_BG_RTN_INT2_frames_165/prompt_0005_seed_5.mp4",
            "video_results": 51.22971287351666
          },
          {
            "video_path": "/data/vaishak/combined-kv-quant/results/combined/backfills/drift/moviegen/77fae235a4fdc8db_SPATIAL_MIXED_FG_QUAROT_KV_INT4_BG_RTN_INT2/SPATIAL_MIXED_FG_QUAROT_KV_INT4_BG_RTN_INT2_frames_165/prompt_0002_seed_2.mp4",
            "video_results": 40.50990280382561
          },
          {
            "video_path": "/data/vaishak/combined-kv-quant/results/combined/backfills/drift/moviegen/77fae235a4fdc8db_SPATIAL_MIXED_FG_QUAROT_KV_INT4_BG_RTN_INT2/SPATIAL_MIXED_FG_QUAROT_KV_INT4_BG_RTN_INT2_frames_165/prompt_0001_seed_1.mp4",
            "video_results": 56.75582945852569
          },
          {
            "video_path": "/data/vaishak/combined-kv-quant/results/combined/backfills/drift/moviegen/77fae235a4fdc8db_SPATIAL_MIXED_FG_QUAROT_KV_INT4_BG_RTN_INT2/SPATIAL_MIXED_FG_QUAROT_KV_INT4_BG_RTN_INT2_frames_165/prompt_0009_seed_9.mp4",
            "video_results": 40.6009064876672
          },
          {
            "video_path": "/data/vaishak/combined-kv-quant/results/combined/backfills/drift/moviegen/77fae235a4fdc8db_SPATIAL_MIXED_FG_QUAROT_KV_INT4_BG_RTN_INT2/SPATIAL_MIXED_FG_QUAROT_KV_INT4_BG_RTN_INT2_frames_165/prompt_0008_seed_8.mp4",
            "video_results": 30.60008377306389
          },
          {
            "video_path": "/data/vaishak/combined-kv-quant/results/combined/backfills/drift/moviegen/77fae235a4fdc8db_SPATIAL_MIXED_FG_QUAROT_KV_INT4_BG_RTN_INT2/SPATIAL_MIXED_FG_QUAROT_KV_INT4_BG_RTN_INT2_frames_165/prompt_0000_seed_0.mp4",
            "video_results": 34.30841820456765
          }
        ]
      ]
    }
  ]
}
ffmpeg version 6.1.1-3ubuntu5 Copyright (c) 2000-2023 the FFmpeg developers
  built with gcc 13 (Ubuntu 13.2.0-23ubuntu3)
  configuration: --prefix=/usr --extra-version=3ubuntu5 --toolchain=hardened --libdir=/usr/lib/x86_64-linux-gnu --incdir=/usr/include/x86_64-linux-gnu --arch=amd64 --enable-gpl --disable-stripping --disable-omx --enable-gnutls --enable-libaom --enable-libass --enable-libbs2b --enable-libcaca --enable-libcdio --enable-libcodec2 --enable-libdav1d --enable-libflite --enable-libfontconfig --enable-libfreetype --enable-libfribidi --enable-libglslang --enable-libgme --enable-libgsm --enable-libharfbuzz --enable-libmp3lame --enable-libmysofa --enable-libopenjpeg --enable-libopenmpt --enable-libopus --enable-librubberband --enable-libshine --enable-libsnappy --enable-libsoxr --enable-libspeex --enable-libtheora --enable-libtwolame --enable-libvidstab --enable-libvorbis --enable-libvpx --enable-libwebp --enable-libx265 --enable-libxml2 --enable-libxvid --enable-libzimg --enable-openal --enable-opencl --enable-opengl --disable-sndio --enable-libvpl --disable-libmfx --enable-libdc1394 --enable-libdrm --enable-libiec61883 --enable-chromaprint --enable-frei0r --enable-ladspa --enable-libbluray --enable-libjack --enable-libpulse --enable-librabbitmq --enable-librist --enable-libsrt --enable-libssh --enable-libsvtav1 --enable-libx264 --enable-libzmq --enable-libzvbi --enable-lv2 --enable-sdl2 --enable-libplacebo --enable-librav1e --enable-pocketsphinx --enable-librsvg --enable-libjxl --enable-shared
  libavutil      58. 29.100 / 58. 29.100
  libavcodec     60. 31.102 / 60. 31.102
  libavformat    60. 16.100 / 60. 16.100
  libavdevice    60.  3.100 / 60.  3.100
  libavfilter     9. 12.100 /  9. 12.100
  libswscale      7.  5.100 /  7.  5.100
  libswresample   4. 12.100 /  4. 12.100
  libpostproc    57.  3.100 / 57.  3.100
Input #0, mov,mp4,m4a,3gp,3g2,mj2, from '/data/vaishak/combined-kv-quant/results/runs/backfill_spatial_mixed_fg_rtn_int4_bg_rtn_int2_1f080d8dcc0e_10s/videos/SPATIAL_MIXED_FG_RTN_INT4_BG_RTN_INT2/prompt_0000_seed_0.mp4':
  Metadata:
    major_brand     : isom
    minor_version   : 512
    compatible_brands: isomiso2avc1mp41
    encoder         : Lavf61.1.100
  Duration: 00:00:10.31, start: 0.000000, bitrate: 1257 kb/s
  Stream #0:0[0x1](und): Video: h264 (High) (avc1 / 0x31637661), yuv420p(progressive), 832x480, 1254 kb/s, 16 fps, 16 tbr, 16384 tbn (default)
    Metadata:
      handler_name    : VideoHandler
      vendor_id       : [0][0][0][0]
Stream mapping:
  Stream #0:0 -> #0:0 (h264 (native) -> h264 (libx264))
Press [q] to stop, [?] for help
[libx264 @ 0x5e9f50fb4f40] using cpu capabilities: MMX2 SSE2Fast SSSE3 SSE4.2 AVX FMA3 BMI2 AVX2
[libx264 @ 0x5e9f50fb4f40] profile High, level 3.0, 4:2:0, 8-bit
[libx264 @ 0x5e9f50fb4f40] 264 - core 164 r3108 31e19f9 - H.264/MPEG-4 AVC codec - Copyleft 2003-2023 - http://www.videolan.org/x264.html - options: cabac=1 ref=3 deblock=1:0:0 analyse=0x3:0x113 me=hex subme=7 psy=1 psy_rd=1.00:0.00 mixed_ref=1 me_range=16 chroma_me=1 trellis=1 8x8dct=1 cqm=0 deadzone=21,11 fast_pskip=1 chroma_qp_offset=-2 threads=15 lookahead_threads=2 sliced_threads=0 nr=0 decimate=1 interlaced=0 bluray_compat=0 constrained_intra=0 bframes=3 b_pyramid=2 b_adapt=1 b_bias=0 direct=1 weightb=1 open_gop=0 weightp=2 keyint=250 keyint_min=16 scenecut=40 intra_refresh=0 rc_lookahead=40 rc=crf mbtree=1 crf=23.0 qcomp=0.60 qpmin=0 qpmax=69 qpstep=4 ip_ratio=1.40 aq=1:1.00
Output #0, mp4, to '/data/vaishak/combined-kv-quant/results/combined/backfills/drift/moviegen/59b7a5d204a5df7f_SPATIAL_MIXED_FG_RTN_INT4_BG_RTN_INT2/SPATIAL_MIXED_FG_RTN_INT4_BG_RTN_INT2_frames_165/prompt_0000_seed_0.mp4':
  Metadata:
    major_brand     : isom
    minor_version   : 512
    compatible_brands: isomiso2avc1mp41
    encoder         : Lavf60.16.100
  Stream #0:0(und): Video: h264 (avc1 / 0x31637661), yuv420p(progressive), 832x480, q=2-31, 16 fps, 16384 tbn (default)
    Metadata:
      handler_name    : VideoHandler
      vendor_id       : [0][0][0][0]
      encoder         : Lavc60.31.102 libx264
    Side data:
      cpb: bitrate max/min/avg: 0/0/0 buffer size: 0 vbv_delay: N/A
frame=    0 fps=0.0 q=0.0 size=       0kB time=N/A bitrate=N/A speed=N/A    frame=   31 fps=0.0 q=24.0 size=     256kB time=00:00:01.81 bitrate=1157.3kbits/s speed=3.44x    [out#0/mp4 @ 0x5e9f50f2adc0] video:2884kB audio:0kB subtitle:0kB other streams:0kB global headers:0kB muxing overhead: 0.094793%
frame=  165 fps=133 q=-1.0 Lsize=    2886kB time=00:00:10.12 bitrate=2335.2kbits/s speed=8.15x    
[libx264 @ 0x5e9f50fb4f40] frame I:14    Avg QP:23.39  size: 41468
[libx264 @ 0x5e9f50fb4f40] frame P:50    Avg QP:26.19  size: 26432
[libx264 @ 0x5e9f50fb4f40] frame B:101   Avg QP:27.72  size: 10395
[libx264 @ 0x5e9f50fb4f40] consecutive B-frames: 13.3% 12.1%  9.1% 65.5%
[libx264 @ 0x5e9f50fb4f40] mb I  I16..4:  1.1% 79.5% 19.4%
[libx264 @ 0x5e9f50fb4f40] mb P  I16..4:  1.0% 40.2%  6.6%  P16..4: 28.6% 14.8%  5.4%  0.0%  0.0%    skip: 3.5%
[libx264 @ 0x5e9f50fb4f40] mb B  I16..4:  0.2%  5.9%  1.3%  B16..8: 41.1% 12.4%  4.0%  direct: 9.1%  skip:25.9%  L0:53.9% L1:30.9% BI:15.2%
[libx264 @ 0x5e9f50fb4f40] 8x8 transform intra:81.9% inter:82.0%
[libx264 @ 0x5e9f50fb4f40] coded y,uvDC,uvAC intra: 92.2% 97.4% 74.8% inter: 39.0% 41.7% 6.3%
[libx264 @ 0x5e9f50fb4f40] i16 v,h,dc,p: 14% 25%  8% 54%
[libx264 @ 0x5e9f50fb4f40] i8 v,h,dc,ddl,ddr,vr,hd,vl,hu: 16% 17% 12%  6%  8%  9% 10%  9% 12%
[libx264 @ 0x5e9f50fb4f40] i4 v,h,dc,ddl,ddr,vr,hd,vl,hu: 19% 18% 11%  7%  9%  9%  9%  8%  9%
[libx264 @ 0x5e9f50fb4f40] i8c dc,h,v,p: 38% 20% 22% 19%
[libx264 @ 0x5e9f50fb4f40] Weighted P-Frames: Y:12.0% UV:12.0%
[libx264 @ 0x5e9f50fb4f40] ref P L0: 60.3% 19.2% 14.9%  4.8%  0.7%
[libx264 @ 0x5e9f50fb4f40] ref B L0: 86.2% 11.3%  2.5%
[libx264 @ 0x5e9f50fb4f40] ref B L1: 99.1%  0.9%
[libx264 @ 0x5e9f50fb4f40] kb/s:2290.08
ffmpeg version 6.1.1-3ubuntu5 Copyright (c) 2000-2023 the FFmpeg developers
  built with gcc 13 (Ubuntu 13.2.0-23ubuntu3)
  configuration: --prefix=/usr --extra-version=3ubuntu5 --toolchain=hardened --libdir=/usr/lib/x86_64-linux-gnu --incdir=/usr/include/x86_64-linux-gnu --arch=amd64 --enable-gpl --disable-stripping --disable-omx --enable-gnutls --enable-libaom --enable-libass --enable-libbs2b --enable-libcaca --enable-libcdio --enable-libcodec2 --enable-libdav1d --enable-libflite --enable-libfontconfig --enable-libfreetype --enable-libfribidi --enable-libglslang --enable-libgme --enable-libgsm --enable-libharfbuzz --enable-libmp3lame --enable-libmysofa --enable-libopenjpeg --enable-libopenmpt --enable-libopus --enable-librubberband --enable-libshine --enable-libsnappy --enable-libsoxr --enable-libspeex --enable-libtheora --enable-libtwolame --enable-libvidstab --enable-libvorbis --enable-libvpx --enable-libwebp --enable-libx265 --enable-libxml2 --enable-libxvid --enable-libzimg --enable-openal --enable-opencl --enable-opengl --disable-sndio --enable-libvpl --disable-libmfx --enable-libdc1394 --enable-libdrm --enable-libiec61883 --enable-chromaprint --enable-frei0r --enable-ladspa --enable-libbluray --enable-libjack --enable-libpulse --enable-librabbitmq --enable-librist --enable-libsrt --enable-libssh --enable-libsvtav1 --enable-libx264 --enable-libzmq --enable-libzvbi --enable-lv2 --enable-sdl2 --enable-libplacebo --enable-librav1e --enable-pocketsphinx --enable-librsvg --enable-libjxl --enable-shared
  libavutil      58. 29.100 / 58. 29.100
  libavcodec     60. 31.102 / 60. 31.102
  libavformat    60. 16.100 / 60. 16.100
  libavdevice    60.  3.100 / 60.  3.100
  libavfilter     9. 12.100 /  9. 12.100
  libswscale      7.  5.100 /  7.  5.100
  libswresample   4. 12.100 /  4. 12.100
  libpostproc    57.  3.100 / 57.  3.100
Input #0, mov,mp4,m4a,3gp,3g2,mj2, from '/data/vaishak/combined-kv-quant/results/runs/backfill_spatial_mixed_fg_rtn_int4_bg_rtn_int2_1f080d8dcc0e_10s/videos/SPATIAL_MIXED_FG_RTN_INT4_BG_RTN_INT2/prompt_0001_seed_1.mp4':
  Metadata:
    major_brand     : isom
    minor_version   : 512
    compatible_brands: isomiso2avc1mp41
    encoder         : Lavf61.1.100
  Duration: 00:00:10.31, start: 0.000000, bitrate: 1244 kb/s
  Stream #0:0[0x1](und): Video: h264 (High) (avc1 / 0x31637661), yuv420p(progressive), 832x480, 1242 kb/s, 16 fps, 16 tbr, 16384 tbn (default)
    Metadata:
      handler_name    : VideoHandler
      vendor_id       : [0][0][0][0]
Stream mapping:
  Stream #0:0 -> #0:0 (h264 (native) -> h264 (libx264))
Press [q] to stop, [?] for help
[libx264 @ 0x55afae552140] using cpu capabilities: MMX2 SSE2Fast SSSE3 SSE4.2 AVX FMA3 BMI2 AVX2
[libx264 @ 0x55afae552140] profile High, level 3.0, 4:2:0, 8-bit
[libx264 @ 0x55afae552140] 264 - core 164 r3108 31e19f9 - H.264/MPEG-4 AVC codec - Copyleft 2003-2023 - http://www.videolan.org/x264.html - options: cabac=1 ref=3 deblock=1:0:0 analyse=0x3:0x113 me=hex subme=7 psy=1 psy_rd=1.00:0.00 mixed_ref=1 me_range=16 chroma_me=1 trellis=1 8x8dct=1 cqm=0 deadzone=21,11 fast_pskip=1 chroma_qp_offset=-2 threads=15 lookahead_threads=2 sliced_threads=0 nr=0 decimate=1 interlaced=0 bluray_compat=0 constrained_intra=0 bframes=3 b_pyramid=2 b_adapt=1 b_bias=0 direct=1 weightb=1 open_gop=0 weightp=2 keyint=250 keyint_min=16 scenecut=40 intra_refresh=0 rc_lookahead=40 rc=crf mbtree=1 crf=23.0 qcomp=0.60 qpmin=0 qpmax=69 qpstep=4 ip_ratio=1.40 aq=1:1.00
Output #0, mp4, to '/data/vaishak/combined-kv-quant/results/combined/backfills/drift/moviegen/59b7a5d204a5df7f_SPATIAL_MIXED_FG_RTN_INT4_BG_RTN_INT2/SPATIAL_MIXED_FG_RTN_INT4_BG_RTN_INT2_frames_165/prompt_0001_seed_1.mp4':
  Metadata:
    major_brand     : isom
    minor_version   : 512
    compatible_brands: isomiso2avc1mp41
    encoder         : Lavf60.16.100
  Stream #0:0(und): Video: h264 (avc1 / 0x31637661), yuv420p(progressive), 832x480, q=2-31, 16 fps, 16384 tbn (default)
    Metadata:
      handler_name    : VideoHandler
      vendor_id       : [0][0][0][0]
      encoder         : Lavc60.31.102 libx264
    Side data:
      cpb: bitrate max/min/avg: 0/0/0 buffer size: 0 vbv_delay: N/A
frame=    0 fps=0.0 q=0.0 size=       0kB time=N/A bitrate=N/A speed=N/A    frame=   39 fps=0.0 q=27.0 size=     512kB time=00:00:02.31 bitrate=1813.9kbits/s speed=4.26x    [out#0/mp4 @ 0x55afae4c7e00] video:2691kB audio:0kB subtitle:0kB other streams:0kB global headers:0kB muxing overhead: 0.098953%
frame=  165 fps=132 q=-1.0 Lsize=    2694kB time=00:00:10.12 bitrate=2179.6kbits/s speed=8.13x    
[libx264 @ 0x55afae552140] frame I:14    Avg QP:22.33  size: 46042
[libx264 @ 0x55afae552140] frame P:56    Avg QP:25.42  size: 24249
[libx264 @ 0x55afae552140] frame B:95    Avg QP:26.75  size:  7923
[libx264 @ 0x55afae552140] consecutive B-frames: 18.2% 12.1%  9.1% 60.6%
[libx264 @ 0x55afae552140] mb I  I16..4:  3.2% 75.5% 21.3%
[libx264 @ 0x55afae552140] mb P  I16..4:  1.5% 25.7%  5.0%  P16..4: 37.1% 16.3%  6.8%  0.0%  0.0%    skip: 7.6%
[libx264 @ 0x55afae552140] mb B  I16..4:  0.2%  1.7%  0.6%  B16..8: 47.1% 10.9%  3.9%  direct: 6.0%  skip:29.6%  L0:47.9% L1:40.3% BI:11.8%
[libx264 @ 0x55afae552140] 8x8 transform intra:77.3% inter:73.0%
[libx264 @ 0x55afae552140] coded y,uvDC,uvAC intra: 89.2% 95.3% 60.1% inter: 32.2% 33.9% 2.8%
[libx264 @ 0x55afae552140] i16 v,h,dc,p:  5% 28%  3% 64%
[libx264 @ 0x55afae552140] i8 v,h,dc,ddl,ddr,vr,hd,vl,hu: 10% 25% 16%  6%  8%  6% 12%  6% 13%
[libx264 @ 0x55afae552140] i4 v,h,dc,ddl,ddr,vr,hd,vl,hu: 11% 23% 13%  7%  9%  7% 12%  6% 11%
[libx264 @ 0x55afae552140] i8c dc,h,v,p: 37% 32% 13% 18%
[libx264 @ 0x55afae552140] Weighted P-Frames: Y:23.2% UV:10.7%
[libx264 @ 0x55afae552140] ref P L0: 63.2% 18.7% 13.1%  4.3%  0.6%
[libx264 @ 0x55afae552140] ref B L0: 88.3% 10.4%  1.3%
[libx264 @ 0x55afae552140] ref B L1: 99.5%  0.5%
[libx264 @ 0x55afae552140] kb/s:2137.34
ffmpeg version 6.1.1-3ubuntu5 Copyright (c) 2000-2023 the FFmpeg developers
  built with gcc 13 (Ubuntu 13.2.0-23ubuntu3)
  configuration: --prefix=/usr --extra-version=3ubuntu5 --toolchain=hardened --libdir=/usr/lib/x86_64-linux-gnu --incdir=/usr/include/x86_64-linux-gnu --arch=amd64 --enable-gpl --disable-stripping --disable-omx --enable-gnutls --enable-libaom --enable-libass --enable-libbs2b --enable-libcaca --enable-libcdio --enable-libcodec2 --enable-libdav1d --enable-libflite --enable-libfontconfig --enable-libfreetype --enable-libfribidi --enable-libglslang --enable-libgme --enable-libgsm --enable-libharfbuzz --enable-libmp3lame --enable-libmysofa --enable-libopenjpeg --enable-libopenmpt --enable-libopus --enable-librubberband --enable-libshine --enable-libsnappy --enable-libsoxr --enable-libspeex --enable-libtheora --enable-libtwolame --enable-libvidstab --enable-libvorbis --enable-libvpx --enable-libwebp --enable-libx265 --enable-libxml2 --enable-libxvid --enable-libzimg --enable-openal --enable-opencl --enable-opengl --disable-sndio --enable-libvpl --disable-libmfx --enable-libdc1394 --enable-libdrm --enable-libiec61883 --enable-chromaprint --enable-frei0r --enable-ladspa --enable-libbluray --enable-libjack --enable-libpulse --enable-librabbitmq --enable-librist --enable-libsrt --enable-libssh --enable-libsvtav1 --enable-libx264 --enable-libzmq --enable-libzvbi --enable-lv2 --enable-sdl2 --enable-libplacebo --enable-librav1e --enable-pocketsphinx --enable-librsvg --enable-libjxl --enable-shared
  libavutil      58. 29.100 / 58. 29.100
  libavcodec     60. 31.102 / 60. 31.102
  libavformat    60. 16.100 / 60. 16.100
  libavdevice    60.  3.100 / 60.  3.100
  libavfilter     9. 12.100 /  9. 12.100
  libswscale      7.  5.100 /  7.  5.100
  libswresample   4. 12.100 /  4. 12.100
  libpostproc    57.  3.100 / 57.  3.100
Input #0, mov,mp4,m4a,3gp,3g2,mj2, from '/data/vaishak/combined-kv-quant/results/runs/backfill_spatial_mixed_fg_rtn_int4_bg_rtn_int2_1f080d8dcc0e_10s/videos/SPATIAL_MIXED_FG_RTN_INT4_BG_RTN_INT2/prompt_0002_seed_2.mp4':
  Metadata:
    major_brand     : isom
    minor_version   : 512
    compatible_brands: isomiso2avc1mp41
    encoder         : Lavf61.1.100
  Duration: 00:00:10.31, start: 0.000000, bitrate: 1183 kb/s
  Stream #0:0[0x1](und): Video: h264 (High) (avc1 / 0x31637661), yuv420p(progressive), 832x480, 1181 kb/s, 16 fps, 16 tbr, 16384 tbn (default)
    Metadata:
      handler_name    : VideoHandler
      vendor_id       : [0][0][0][0]
Stream mapping:
  Stream #0:0 -> #0:0 (h264 (native) -> h264 (libx264))
Press [q] to stop, [?] for help
[libx264 @ 0x609867978b40] using cpu capabilities: MMX2 SSE2Fast SSSE3 SSE4.2 AVX FMA3 BMI2 AVX2
[libx264 @ 0x609867978b40] profile High, level 3.0, 4:2:0, 8-bit
[libx264 @ 0x609867978b40] 264 - core 164 r3108 31e19f9 - H.264/MPEG-4 AVC codec - Copyleft 2003-2023 - http://www.videolan.org/x264.html - options: cabac=1 ref=3 deblock=1:0:0 analyse=0x3:0x113 me=hex subme=7 psy=1 psy_rd=1.00:0.00 mixed_ref=1 me_range=16 chroma_me=1 trellis=1 8x8dct=1 cqm=0 deadzone=21,11 fast_pskip=1 chroma_qp_offset=-2 threads=15 lookahead_threads=2 sliced_threads=0 nr=0 decimate=1 interlaced=0 bluray_compat=0 constrained_intra=0 bframes=3 b_pyramid=2 b_adapt=1 b_bias=0 direct=1 weightb=1 open_gop=0 weightp=2 keyint=250 keyint_min=16 scenecut=40 intra_refresh=0 rc_lookahead=40 rc=crf mbtree=1 crf=23.0 qcomp=0.60 qpmin=0 qpmax=69 qpstep=4 ip_ratio=1.40 aq=1:1.00
Output #0, mp4, to '/data/vaishak/combined-kv-quant/results/combined/backfills/drift/moviegen/59b7a5d204a5df7f_SPATIAL_MIXED_FG_RTN_INT4_BG_RTN_INT2/SPATIAL_MIXED_FG_RTN_INT4_BG_RTN_INT2_frames_165/prompt_0002_seed_2.mp4':
  Metadata:
    major_brand     : isom
    minor_version   : 512
    compatible_brands: isomiso2avc1mp41
    encoder         : Lavf60.16.100
  Stream #0:0(und): Video: h264 (avc1 / 0x31637661), yuv420p(progressive), 832x480, q=2-31, 16 fps, 16384 tbn (default)
    Metadata:
      handler_name    : VideoHandler
      vendor_id       : [0][0][0][0]
      encoder         : Lavc60.31.102 libx264
    Side data:
      cpb: bitrate max/min/avg: 0/0/0 buffer size: 0 vbv_delay: N/A
frame=    0 fps=0.0 q=0.0 size=       0kB time=N/A bitrate=N/A speed=N/A    frame=   68 fps=0.0 q=24.0 size=     512kB time=00:00:04.12 bitrate=1016.9kbits/s speed=7.13x    [out#0/mp4 @ 0x609867895e00] video:1982kB audio:0kB subtitle:0kB other streams:0kB global headers:0kB muxing overhead: 0.134564%
frame=  165 fps=0.0 q=-1.0 Lsize=    1985kB time=00:00:10.12 bitrate=1605.7kbits/s speed=10.7x    
[libx264 @ 0x609867978b40] frame I:21    Avg QP:20.49  size: 20391
[libx264 @ 0x609867978b40] frame P:43    Avg QP:23.96  size: 13886
[libx264 @ 0x609867978b40] frame B:101   Avg QP:24.61  size:  9936
[libx264 @ 0x609867978b40] consecutive B-frames: 13.3%  3.6% 34.5% 48.5%
[libx264 @ 0x609867978b40] mb I  I16..4: 23.7% 67.6%  8.7%
[libx264 @ 0x609867978b40] mb P  I16..4: 13.1% 36.7%  5.0%  P16..4: 32.3%  7.4%  1.8%  0.0%  0.0%    skip: 3.6%
[libx264 @ 0x609867978b40] mb B  I16..4:  1.9% 10.9%  2.8%  B16..8: 36.0%  9.3%  2.1%  direct:11.1%  skip:26.0%  L0:49.3% L1:41.4% BI: 9.3%
[libx264 @ 0x609867978b40] 8x8 transform intra:68.0% inter:86.8%
[libx264 @ 0x609867978b40] coded y,uvDC,uvAC intra: 63.5% 92.8% 50.5% inter: 26.2% 53.8% 5.5%
[libx264 @ 0x609867978b40] i16 v,h,dc,p:  3% 37%  3% 58%
[libx264 @ 0x609867978b40] i8 v,h,dc,ddl,ddr,vr,hd,vl,hu: 14% 30% 15%  5%  7%  6%  9%  5% 10%
[libx264 @ 0x609867978b40] i4 v,h,dc,ddl,ddr,vr,hd,vl,hu: 15% 27% 11%  7%  8%  7% 10%  6%  9%
[libx264 @ 0x609867978b40] i8c dc,h,v,p: 33% 36% 12% 19%
[libx264 @ 0x609867978b40] Weighted P-Frames: Y:7.0% UV:4.7%
[libx264 @ 0x609867978b40] ref P L0: 67.0%  8.2% 16.2%  8.0%  0.6%
[libx264 @ 0x609867978b40] ref B L0: 84.0% 12.8%  3.2%
[libx264 @ 0x609867978b40] ref B L1: 97.2%  2.8%
[libx264 @ 0x609867978b40] kb/s:1573.88
ffmpeg version 6.1.1-3ubuntu5 Copyright (c) 2000-2023 the FFmpeg developers
  built with gcc 13 (Ubuntu 13.2.0-23ubuntu3)
  configuration: --prefix=/usr --extra-version=3ubuntu5 --toolchain=hardened --libdir=/usr/lib/x86_64-linux-gnu --incdir=/usr/include/x86_64-linux-gnu --arch=amd64 --enable-gpl --disable-stripping --disable-omx --enable-gnutls --enable-libaom --enable-libass --enable-libbs2b --enable-libcaca --enable-libcdio --enable-libcodec2 --enable-libdav1d --enable-libflite --enable-libfontconfig --enable-libfreetype --enable-libfribidi --enable-libglslang --enable-libgme --enable-libgsm --enable-libharfbuzz --enable-libmp3lame --enable-libmysofa --enable-libopenjpeg --enable-libopenmpt --enable-libopus --enable-librubberband --enable-libshine --enable-libsnappy --enable-libsoxr --enable-libspeex --enable-libtheora --enable-libtwolame --enable-libvidstab --enable-libvorbis --enable-libvpx --enable-libwebp --enable-libx265 --enable-libxml2 --enable-libxvid --enable-libzimg --enable-openal --enable-opencl --enable-opengl --disable-sndio --enable-libvpl --disable-libmfx --enable-libdc1394 --enable-libdrm --enable-libiec61883 --enable-chromaprint --enable-frei0r --enable-ladspa --enable-libbluray --enable-libjack --enable-libpulse --enable-librabbitmq --enable-librist --enable-libsrt --enable-libssh --enable-libsvtav1 --enable-libx264 --enable-libzmq --enable-libzvbi --enable-lv2 --enable-sdl2 --enable-libplacebo --enable-librav1e --enable-pocketsphinx --enable-librsvg --enable-libjxl --enable-shared
  libavutil      58. 29.100 / 58. 29.100
  libavcodec     60. 31.102 / 60. 31.102
  libavformat    60. 16.100 / 60. 16.100
  libavdevice    60.  3.100 / 60.  3.100
  libavfilter     9. 12.100 /  9. 12.100
  libswscale      7.  5.100 /  7.  5.100
  libswresample   4. 12.100 /  4. 12.100
  libpostproc    57.  3.100 / 57.  3.100
Input #0, mov,mp4,m4a,3gp,3g2,mj2, from '/data/vaishak/combined-kv-quant/results/runs/backfill_spatial_mixed_fg_rtn_int4_bg_rtn_int2_1f080d8dcc0e_10s/videos/SPATIAL_MIXED_FG_RTN_INT4_BG_RTN_INT2/prompt_0003_seed_3.mp4':
  Metadata:
    major_brand     : isom
    minor_version   : 512
    compatible_brands: isomiso2avc1mp41
    encoder         : Lavf61.1.100
  Duration: 00:00:10.31, start: 0.000000, bitrate: 1228 kb/s
  Stream #0:0[0x1](und): Video: h264 (High) (avc1 / 0x31637661), yuv420p(progressive), 832x480, 1226 kb/s, 16 fps, 16 tbr, 16384 tbn (default)
    Metadata:
      handler_name    : VideoHandler
      vendor_id       : [0][0][0][0]
Stream mapping:
  Stream #0:0 -> #0:0 (h264 (native) -> h264 (libx264))
Press [q] to stop, [?] for help
[libx264 @ 0x55d8e6267c00] using cpu capabilities: MMX2 SSE2Fast SSSE3 SSE4.2 AVX FMA3 BMI2 AVX2
[libx264 @ 0x55d8e6267c00] profile High, level 3.0, 4:2:0, 8-bit
[libx264 @ 0x55d8e6267c00] 264 - core 164 r3108 31e19f9 - H.264/MPEG-4 AVC codec - Copyleft 2003-2023 - http://www.videolan.org/x264.html - options: cabac=1 ref=3 deblock=1:0:0 analyse=0x3:0x113 me=hex subme=7 psy=1 psy_rd=1.00:0.00 mixed_ref=1 me_range=16 chroma_me=1 trellis=1 8x8dct=1 cqm=0 deadzone=21,11 fast_pskip=1 chroma_qp_offset=-2 threads=15 lookahead_threads=2 sliced_threads=0 nr=0 decimate=1 interlaced=0 bluray_compat=0 constrained_intra=0 bframes=3 b_pyramid=2 b_adapt=1 b_bias=0 direct=1 weightb=1 open_gop=0 weightp=2 keyint=250 keyint_min=16 scenecut=40 intra_refresh=0 rc_lookahead=40 rc=crf mbtree=1 crf=23.0 qcomp=0.60 qpmin=0 qpmax=69 qpstep=4 ip_ratio=1.40 aq=1:1.00
Output #0, mp4, to '/data/vaishak/combined-kv-quant/results/combined/backfills/drift/moviegen/59b7a5d204a5df7f_SPATIAL_MIXED_FG_RTN_INT4_BG_RTN_INT2/SPATIAL_MIXED_FG_RTN_INT4_BG_RTN_INT2_frames_165/prompt_0003_seed_3.mp4':
  Metadata:
    major_brand     : isom
    minor_version   : 512
    compatible_brands: isomiso2avc1mp41
    encoder         : Lavf60.16.100
  Stream #0:0(und): Video: h264 (avc1 / 0x31637661), yuv420p(progressive), 832x480, q=2-31, 16 fps, 16384 tbn (default)
    Metadata:
      handler_name    : VideoHandler
      vendor_id       : [0][0][0][0]
      encoder         : Lavc60.31.102 libx264
    Side data:
      cpb: bitrate max/min/avg: 0/0/0 buffer size: 0 vbv_delay: N/A
frame=    0 fps=0.0 q=0.0 size=       0kB time=N/A bitrate=N/A speed=N/A    frame=   56 fps=0.0 q=27.0 size=     768kB time=00:00:03.37 bitrate=1864.2kbits/s speed=6.45x    [out#0/mp4 @ 0x55d8e61dddc0] video:3119kB audio:0kB subtitle:0kB other streams:0kB global headers:0kB muxing overhead: 0.086246%
frame=  165 fps=135 q=-1.0 Lsize=    3122kB time=00:00:10.12 bitrate=2526.1kbits/s speed=8.29x    
[libx264 @ 0x55d8e6267c00] frame I:20    Avg QP:23.07  size: 43566
[libx264 @ 0x55d8e6267c00] frame P:49    Avg QP:26.36  size: 26474
[libx264 @ 0x55d8e6267c00] frame B:96    Avg QP:27.37  size: 10679
[libx264 @ 0x55d8e6267c00] consecutive B-frames: 17.0%  8.5% 23.6% 50.9%
[libx264 @ 0x55d8e6267c00] mb I  I16..4: 10.0% 71.5% 18.5%
[libx264 @ 0x55d8e6267c00] mb P  I16..4:  3.4% 27.6%  5.2%  P16..4: 36.3% 15.3%  6.1%  0.0%  0.0%    skip: 6.1%
[libx264 @ 0x55d8e6267c00] mb B  I16..4:  0.2%  3.2%  1.0%  B16..8: 43.6% 10.8%  4.4%  direct: 7.0%  skip:29.6%  L0:48.8% L1:37.7% BI:13.5%
[libx264 @ 0x55d8e6267c00] 8x8 transform intra:73.6% inter:77.1%
[libx264 @ 0x55d8e6267c00] coded y,uvDC,uvAC intra: 86.2% 97.2% 76.8% inter: 34.8% 43.3% 6.8%
[libx264 @ 0x55d8e6267c00] i16 v,h,dc,p:  1% 44%  2% 53%
[libx264 @ 0x55d8e6267c00] i8 v,h,dc,ddl,ddr,vr,hd,vl,hu: 10% 24% 14%  6%  8%  7% 12%  7% 12%
[libx264 @ 0x55d8e6267c00] i4 v,h,dc,ddl,ddr,vr,hd,vl,hu: 12% 23% 12%  7% 10%  7% 12%  6% 11%
[libx264 @ 0x55d8e6267c00] i8c dc,h,v,p: 37% 30% 13% 20%
[libx264 @ 0x55d8e6267c00] Weighted P-Frames: Y:10.2% UV:6.1%
[libx264 @ 0x55d8e6267c00] ref P L0: 63.5% 17.1% 14.0%  4.9%  0.5%
[libx264 @ 0x55d8e6267c00] ref B L0: 87.3% 10.7%  2.0%
[libx264 @ 0x55d8e6267c00] ref B L1: 99.2%  0.8%
[libx264 @ 0x55d8e6267c00] kb/s:2477.50
ffmpeg version 6.1.1-3ubuntu5 Copyright (c) 2000-2023 the FFmpeg developers
  built with gcc 13 (Ubuntu 13.2.0-23ubuntu3)
  configuration: --prefix=/usr --extra-version=3ubuntu5 --toolchain=hardened --libdir=/usr/lib/x86_64-linux-gnu --incdir=/usr/include/x86_64-linux-gnu --arch=amd64 --enable-gpl --disable-stripping --disable-omx --enable-gnutls --enable-libaom --enable-libass --enable-libbs2b --enable-libcaca --enable-libcdio --enable-libcodec2 --enable-libdav1d --enable-libflite --enable-libfontconfig --enable-libfreetype --enable-libfribidi --enable-libglslang --enable-libgme --enable-libgsm --enable-libharfbuzz --enable-libmp3lame --enable-libmysofa --enable-libopenjpeg --enable-libopenmpt --enable-libopus --enable-librubberband --enable-libshine --enable-libsnappy --enable-libsoxr --enable-libspeex --enable-libtheora --enable-libtwolame --enable-libvidstab --enable-libvorbis --enable-libvpx --enable-libwebp --enable-libx265 --enable-libxml2 --enable-libxvid --enable-libzimg --enable-openal --enable-opencl --enable-opengl --disable-sndio --enable-libvpl --disable-libmfx --enable-libdc1394 --enable-libdrm --enable-libiec61883 --enable-chromaprint --enable-frei0r --enable-ladspa --enable-libbluray --enable-libjack --enable-libpulse --enable-librabbitmq --enable-librist --enable-libsrt --enable-libssh --enable-libsvtav1 --enable-libx264 --enable-libzmq --enable-libzvbi --enable-lv2 --enable-sdl2 --enable-libplacebo --enable-librav1e --enable-pocketsphinx --enable-librsvg --enable-libjxl --enable-shared
  libavutil      58. 29.100 / 58. 29.100
  libavcodec     60. 31.102 / 60. 31.102
  libavformat    60. 16.100 / 60. 16.100
  libavdevice    60.  3.100 / 60.  3.100
  libavfilter     9. 12.100 /  9. 12.100
  libswscale      7.  5.100 /  7.  5.100
  libswresample   4. 12.100 /  4. 12.100
  libpostproc    57.  3.100 / 57.  3.100
Input #0, mov,mp4,m4a,3gp,3g2,mj2, from '/data/vaishak/combined-kv-quant/results/runs/backfill_spatial_mixed_fg_rtn_int4_bg_rtn_int2_1f080d8dcc0e_10s/videos/SPATIAL_MIXED_FG_RTN_INT4_BG_RTN_INT2/prompt_0004_seed_4.mp4':
  Metadata:
    major_brand     : isom
    minor_version   : 512
    compatible_brands: isomiso2avc1mp41
    encoder         : Lavf61.1.100
  Duration: 00:00:10.31, start: 0.000000, bitrate: 1091 kb/s
  Stream #0:0[0x1](und): Video: h264 (High) (avc1 / 0x31637661), yuv420p(progressive), 832x480, 1089 kb/s, 16 fps, 16 tbr, 16384 tbn (default)
    Metadata:
      handler_name    : VideoHandler
      vendor_id       : [0][0][0][0]
Stream mapping:
  Stream #0:0 -> #0:0 (h264 (native) -> h264 (libx264))
Press [q] to stop, [?] for help
[libx264 @ 0x60568037e440] using cpu capabilities: MMX2 SSE2Fast SSSE3 SSE4.2 AVX FMA3 BMI2 AVX2
[libx264 @ 0x60568037e440] profile High, level 3.0, 4:2:0, 8-bit
[libx264 @ 0x60568037e440] 264 - core 164 r3108 31e19f9 - H.264/MPEG-4 AVC codec - Copyleft 2003-2023 - http://www.videolan.org/x264.html - options: cabac=1 ref=3 deblock=1:0:0 analyse=0x3:0x113 me=hex subme=7 psy=1 psy_rd=1.00:0.00 mixed_ref=1 me_range=16 chroma_me=1 trellis=1 8x8dct=1 cqm=0 deadzone=21,11 fast_pskip=1 chroma_qp_offset=-2 threads=15 lookahead_threads=2 sliced_threads=0 nr=0 decimate=1 interlaced=0 bluray_compat=0 constrained_intra=0 bframes=3 b_pyramid=2 b_adapt=1 b_bias=0 direct=1 weightb=1 open_gop=0 weightp=2 keyint=250 keyint_min=16 scenecut=40 intra_refresh=0 rc_lookahead=40 rc=crf mbtree=1 crf=23.0 qcomp=0.60 qpmin=0 qpmax=69 qpstep=4 ip_ratio=1.40 aq=1:1.00
Output #0, mp4, to '/data/vaishak/combined-kv-quant/results/combined/backfills/drift/moviegen/59b7a5d204a5df7f_SPATIAL_MIXED_FG_RTN_INT4_BG_RTN_INT2/SPATIAL_MIXED_FG_RTN_INT4_BG_RTN_INT2_frames_165/prompt_0004_seed_4.mp4':
  Metadata:
    major_brand     : isom
    minor_version   : 512
    compatible_brands: isomiso2avc1mp41
    encoder         : Lavf60.16.100
  Stream #0:0(und): Video: h264 (avc1 / 0x31637661), yuv420p(progressive), 832x480, q=2-31, 16 fps, 16384 tbn (default)
    Metadata:
      handler_name    : VideoHandler
      vendor_id       : [0][0][0][0]
      encoder         : Lavc60.31.102 libx264
    Side data:
      cpb: bitrate max/min/avg: 0/0/0 buffer size: 0 vbv_delay: N/A
frame=    0 fps=0.0 q=0.0 size=       0kB time=N/A bitrate=N/A speed=N/A    frame=   50 fps=0.0 q=27.0 size=     256kB time=00:00:03.06 bitrate= 684.9kbits/s speed=5.65x    [out#0/mp4 @ 0x6056802ffdc0] video:1025kB audio:0kB subtitle:0kB other streams:0kB global headers:0kB muxing overhead: 0.262135%
frame=  165 fps=160 q=-1.0 Lsize=    1028kB time=00:00:10.12 bitrate= 831.4kbits/s speed=9.84x    
[libx264 @ 0x60568037e440] frame I:16    Avg QP:18.45  size: 19690
[libx264 @ 0x60568037e440] frame P:50    Avg QP:21.75  size:  9209
[libx264 @ 0x60568037e440] frame B:99    Avg QP:22.67  size:  2761
[libx264 @ 0x60568037e440] consecutive B-frames: 14.5% 10.9% 16.4% 58.2%
[libx264 @ 0x60568037e440] mb I  I16..4: 14.3% 80.3%  5.4%
[libx264 @ 0x60568037e440] mb P  I16..4:  8.1% 18.4%  0.5%  P16..4: 47.5% 13.9%  4.0%  0.0%  0.0%    skip: 7.5%
[libx264 @ 0x60568037e440] mb B  I16..4:  0.7%  1.3%  0.0%  B16..8: 34.8%  3.6%  0.5%  direct: 9.5%  skip:49.6%  L0:53.8% L1:38.0% BI: 8.2%
[libx264 @ 0x60568037e440] 8x8 transform intra:73.9% inter:89.0%
[libx264 @ 0x60568037e440] coded y,uvDC,uvAC intra: 54.6% 94.7% 66.3% inter: 18.3% 42.2% 1.6%
[libx264 @ 0x60568037e440] i16 v,h,dc,p: 16% 24%  7% 54%
[libx264 @ 0x60568037e440] i8 v,h,dc,ddl,ddr,vr,hd,vl,hu: 22% 26% 19%  4%  5%  5%  7%  5%  7%
[libx264 @ 0x60568037e440] i4 v,h,dc,ddl,ddr,vr,hd,vl,hu: 29% 27% 11%  5%  7%  5%  6%  4%  4%
[libx264 @ 0x60568037e440] i8c dc,h,v,p: 32% 26% 19% 23%
[libx264 @ 0x60568037e440] Weighted P-Frames: Y:38.0% UV:36.0%
[libx264 @ 0x60568037e440] ref P L0: 66.1%  5.9% 18.7%  7.5%  1.8%
[libx264 @ 0x60568037e440] ref B L0: 85.7% 12.2%  2.1%
[libx264 @ 0x60568037e440] ref B L1: 97.9%  2.1%
[libx264 @ 0x60568037e440] kb/s:813.59
ffmpeg version 6.1.1-3ubuntu5 Copyright (c) 2000-2023 the FFmpeg developers
  built with gcc 13 (Ubuntu 13.2.0-23ubuntu3)
  configuration: --prefix=/usr --extra-version=3ubuntu5 --toolchain=hardened --libdir=/usr/lib/x86_64-linux-gnu --incdir=/usr/include/x86_64-linux-gnu --arch=amd64 --enable-gpl --disable-stripping --disable-omx --enable-gnutls --enable-libaom --enable-libass --enable-libbs2b --enable-libcaca --enable-libcdio --enable-libcodec2 --enable-libdav1d --enable-libflite --enable-libfontconfig --enable-libfreetype --enable-libfribidi --enable-libglslang --enable-libgme --enable-libgsm --enable-libharfbuzz --enable-libmp3lame --enable-libmysofa --enable-libopenjpeg --enable-libopenmpt --enable-libopus --enable-librubberband --enable-libshine --enable-libsnappy --enable-libsoxr --enable-libspeex --enable-libtheora --enable-libtwolame --enable-libvidstab --enable-libvorbis --enable-libvpx --enable-libwebp --enable-libx265 --enable-libxml2 --enable-libxvid --enable-libzimg --enable-openal --enable-opencl --enable-opengl --disable-sndio --enable-libvpl --disable-libmfx --enable-libdc1394 --enable-libdrm --enable-libiec61883 --enable-chromaprint --enable-frei0r --enable-ladspa --enable-libbluray --enable-libjack --enable-libpulse --enable-librabbitmq --enable-librist --enable-libsrt --enable-libssh --enable-libsvtav1 --enable-libx264 --enable-libzmq --enable-libzvbi --enable-lv2 --enable-sdl2 --enable-libplacebo --enable-librav1e --enable-pocketsphinx --enable-librsvg --enable-libjxl --enable-shared
  libavutil      58. 29.100 / 58. 29.100
  libavcodec     60. 31.102 / 60. 31.102
  libavformat    60. 16.100 / 60. 16.100
  libavdevice    60.  3.100 / 60.  3.100
  libavfilter     9. 12.100 /  9. 12.100
  libswscale      7.  5.100 /  7.  5.100
  libswresample   4. 12.100 /  4. 12.100
  libpostproc    57.  3.100 / 57.  3.100
Input #0, mov,mp4,m4a,3gp,3g2,mj2, from '/data/vaishak/combined-kv-quant/results/runs/backfill_spatial_mixed_fg_rtn_int4_bg_rtn_int2_1f080d8dcc0e_10s/videos/SPATIAL_MIXED_FG_RTN_INT4_BG_RTN_INT2/prompt_0005_seed_5.mp4':
  Metadata:
    major_brand     : isom
    minor_version   : 512
    compatible_brands: isomiso2avc1mp41
    encoder         : Lavf61.1.100
  Duration: 00:00:10.31, start: 0.000000, bitrate: 1234 kb/s
  Stream #0:0[0x1](und): Video: h264 (High) (avc1 / 0x31637661), yuv420p(progressive), 832x480, 1232 kb/s, 16 fps, 16 tbr, 16384 tbn (default)
    Metadata:
      handler_name    : VideoHandler
      vendor_id       : [0][0][0][0]
Stream mapping:
  Stream #0:0 -> #0:0 (h264 (native) -> h264 (libx264))
Press [q] to stop, [?] for help
[libx264 @ 0x61a04cd7c9c0] using cpu capabilities: MMX2 SSE2Fast SSSE3 SSE4.2 AVX FMA3 BMI2 AVX2
[libx264 @ 0x61a04cd7c9c0] profile High, level 3.0, 4:2:0, 8-bit
[libx264 @ 0x61a04cd7c9c0] 264 - core 164 r3108 31e19f9 - H.264/MPEG-4 AVC codec - Copyleft 2003-2023 - http://www.videolan.org/x264.html - options: cabac=1 ref=3 deblock=1:0:0 analyse=0x3:0x113 me=hex subme=7 psy=1 psy_rd=1.00:0.00 mixed_ref=1 me_range=16 chroma_me=1 trellis=1 8x8dct=1 cqm=0 deadzone=21,11 fast_pskip=1 chroma_qp_offset=-2 threads=15 lookahead_threads=2 sliced_threads=0 nr=0 decimate=1 interlaced=0 bluray_compat=0 constrained_intra=0 bframes=3 b_pyramid=2 b_adapt=1 b_bias=0 direct=1 weightb=1 open_gop=0 weightp=2 keyint=250 keyint_min=16 scenecut=40 intra_refresh=0 rc_lookahead=40 rc=crf mbtree=1 crf=23.0 qcomp=0.60 qpmin=0 qpmax=69 qpstep=4 ip_ratio=1.40 aq=1:1.00
Output #0, mp4, to '/data/vaishak/combined-kv-quant/results/combined/backfills/drift/moviegen/59b7a5d204a5df7f_SPATIAL_MIXED_FG_RTN_INT4_BG_RTN_INT2/SPATIAL_MIXED_FG_RTN_INT4_BG_RTN_INT2_frames_165/prompt_0005_seed_5.mp4':
  Metadata:
    major_brand     : isom
    minor_version   : 512
    compatible_brands: isomiso2avc1mp41
    encoder         : Lavf60.16.100
  Stream #0:0(und): Video: h264 (avc1 / 0x31637661), yuv420p(progressive), 832x480, q=2-31, 16 fps, 16384 tbn (default)
    Metadata:
      handler_name    : VideoHandler
      vendor_id       : [0][0][0][0]
      encoder         : Lavc60.31.102 libx264
    Side data:
      cpb: bitrate max/min/avg: 0/0/0 buffer size: 0 vbv_delay: N/A
frame=    0 fps=0.0 q=0.0 size=       0kB time=N/A bitrate=N/A speed=N/A    frame=   32 fps=0.0 q=27.0 size=     256kB time=00:00:01.87 bitrate=1118.7kbits/s speed=3.51x    [out#0/mp4 @ 0x61a04cce8dc0] video:3317kB audio:0kB subtitle:0kB other streams:0kB global headers:0kB muxing overhead: 0.081346%
frame=  165 fps=127 q=-1.0 Lsize=    3320kB time=00:00:10.12 bitrate=2685.9kbits/s speed=7.79x    
[libx264 @ 0x61a04cd7c9c0] frame I:13    Avg QP:22.81  size: 61705
[libx264 @ 0x61a04cd7c9c0] frame P:58    Avg QP:25.84  size: 29213
[libx264 @ 0x61a04cd7c9c0] frame B:94    Avg QP:27.65  size:  9568
[libx264 @ 0x61a04cd7c9c0] consecutive B-frames: 17.0% 15.8% 16.4% 50.9%
[libx264 @ 0x61a04cd7c9c0] mb I  I16..4:  3.6% 75.6% 20.8%
[libx264 @ 0x61a04cd7c9c0] mb P  I16..4:  1.6% 17.3%  2.9%  P16..4: 45.1% 18.2%  9.6%  0.0%  0.0%    skip: 5.3%
[libx264 @ 0x61a04cd7c9c0] mb B  I16..4:  0.2%  1.5%  0.3%  B16..8: 49.2%  9.7%  3.9%  direct: 8.7%  skip:26.6%  L0:52.4% L1:36.6% BI:11.1%
[libx264 @ 0x61a04cd7c9c0] 8x8 transform intra:77.4% inter:76.4%
[libx264 @ 0x61a04cd7c9c0] coded y,uvDC,uvAC intra: 86.7% 99.6% 96.1% inter: 34.2% 56.9% 22.9%
[libx264 @ 0x61a04cd7c9c0] i16 v,h,dc,p: 10% 34% 11% 46%
[libx264 @ 0x61a04cd7c9c0] i8 v,h,dc,ddl,ddr,vr,hd,vl,hu: 16% 17% 18%  6%  7%  9%  8%  8% 10%
[libx264 @ 0x61a04cd7c9c0] i4 v,h,dc,ddl,ddr,vr,hd,vl,hu: 19% 15% 12%  8% 10% 11%  8%  9%  8%
[libx264 @ 0x61a04cd7c9c0] i8c dc,h,v,p: 42% 22% 15% 21%
[libx264 @ 0x61a04cd7c9c0] Weighted P-Frames: Y:43.1% UV:32.8%
[libx264 @ 0x61a04cd7c9c0] ref P L0: 58.4% 21.9% 12.8%  5.4%  1.4%
[libx264 @ 0x61a04cd7c9c0] ref B L0: 90.5%  8.7%  0.7%
[libx264 @ 0x61a04cd7c9c0] ref B L1: 99.2%  0.8%
[libx264 @ 0x61a04cd7c9c0] kb/s:2634.40
ffmpeg version 6.1.1-3ubuntu5 Copyright (c) 2000-2023 the FFmpeg developers
  built with gcc 13 (Ubuntu 13.2.0-23ubuntu3)
  configuration: --prefix=/usr --extra-version=3ubuntu5 --toolchain=hardened --libdir=/usr/lib/x86_64-linux-gnu --incdir=/usr/include/x86_64-linux-gnu --arch=amd64 --enable-gpl --disable-stripping --disable-omx --enable-gnutls --enable-libaom --enable-libass --enable-libbs2b --enable-libcaca --enable-libcdio --enable-libcodec2 --enable-libdav1d --enable-libflite --enable-libfontconfig --enable-libfreetype --enable-libfribidi --enable-libglslang --enable-libgme --enable-libgsm --enable-libharfbuzz --enable-libmp3lame --enable-libmysofa --enable-libopenjpeg --enable-libopenmpt --enable-libopus --enable-librubberband --enable-libshine --enable-libsnappy --enable-libsoxr --enable-libspeex --enable-libtheora --enable-libtwolame --enable-libvidstab --enable-libvorbis --enable-libvpx --enable-libwebp --enable-libx265 --enable-libxml2 --enable-libxvid --enable-libzimg --enable-openal --enable-opencl --enable-opengl --disable-sndio --enable-libvpl --disable-libmfx --enable-libdc1394 --enable-libdrm --enable-libiec61883 --enable-chromaprint --enable-frei0r --enable-ladspa --enable-libbluray --enable-libjack --enable-libpulse --enable-librabbitmq --enable-librist --enable-libsrt --enable-libssh --enable-libsvtav1 --enable-libx264 --enable-libzmq --enable-libzvbi --enable-lv2 --enable-sdl2 --enable-libplacebo --enable-librav1e --enable-pocketsphinx --enable-librsvg --enable-libjxl --enable-shared
  libavutil      58. 29.100 / 58. 29.100
  libavcodec     60. 31.102 / 60. 31.102
  libavformat    60. 16.100 / 60. 16.100
  libavdevice    60.  3.100 / 60.  3.100
  libavfilter     9. 12.100 /  9. 12.100
  libswscale      7.  5.100 /  7.  5.100
  libswresample   4. 12.100 /  4. 12.100
  libpostproc    57.  3.100 / 57.  3.100
Input #0, mov,mp4,m4a,3gp,3g2,mj2, from '/data/vaishak/combined-kv-quant/results/runs/backfill_spatial_mixed_fg_rtn_int4_bg_rtn_int2_1f080d8dcc0e_10s/videos/SPATIAL_MIXED_FG_RTN_INT4_BG_RTN_INT2/prompt_0006_seed_6.mp4':
  Metadata:
    major_brand     : isom
    minor_version   : 512
    compatible_brands: isomiso2avc1mp41
    encoder         : Lavf61.1.100
  Duration: 00:00:10.31, start: 0.000000, bitrate: 1101 kb/s
  Stream #0:0[0x1](und): Video: h264 (High) (avc1 / 0x31637661), yuv420p(progressive), 832x480, 1099 kb/s, 16 fps, 16 tbr, 16384 tbn (default)
    Metadata:
      handler_name    : VideoHandler
      vendor_id       : [0][0][0][0]
Stream mapping:
  Stream #0:0 -> #0:0 (h264 (native) -> h264 (libx264))
Press [q] to stop, [?] for help
[libx264 @ 0x622b62180380] using cpu capabilities: MMX2 SSE2Fast SSSE3 SSE4.2 AVX FMA3 BMI2 AVX2
[libx264 @ 0x622b62180380] profile High, level 3.0, 4:2:0, 8-bit
[libx264 @ 0x622b62180380] 264 - core 164 r3108 31e19f9 - H.264/MPEG-4 AVC codec - Copyleft 2003-2023 - http://www.videolan.org/x264.html - options: cabac=1 ref=3 deblock=1:0:0 analyse=0x3:0x113 me=hex subme=7 psy=1 psy_rd=1.00:0.00 mixed_ref=1 me_range=16 chroma_me=1 trellis=1 8x8dct=1 cqm=0 deadzone=21,11 fast_pskip=1 chroma_qp_offset=-2 threads=15 lookahead_threads=2 sliced_threads=0 nr=0 decimate=1 interlaced=0 bluray_compat=0 constrained_intra=0 bframes=3 b_pyramid=2 b_adapt=1 b_bias=0 direct=1 weightb=1 open_gop=0 weightp=2 keyint=250 keyint_min=16 scenecut=40 intra_refresh=0 rc_lookahead=40 rc=crf mbtree=1 crf=23.0 qcomp=0.60 qpmin=0 qpmax=69 qpstep=4 ip_ratio=1.40 aq=1:1.00
Output #0, mp4, to '/data/vaishak/combined-kv-quant/results/combined/backfills/drift/moviegen/59b7a5d204a5df7f_SPATIAL_MIXED_FG_RTN_INT4_BG_RTN_INT2/SPATIAL_MIXED_FG_RTN_INT4_BG_RTN_INT2_frames_165/prompt_0006_seed_6.mp4':
  Metadata:
    major_brand     : isom
    minor_version   : 512
    compatible_brands: isomiso2avc1mp41
    encoder         : Lavf60.16.100
  Stream #0:0(und): Video: h264 (avc1 / 0x31637661), yuv420p(progressive), 832x480, q=2-31, 16 fps, 16384 tbn (default)
    Metadata:
      handler_name    : VideoHandler
      vendor_id       : [0][0][0][0]
      encoder         : Lavc60.31.102 libx264
    Side data:
      cpb: bitrate max/min/avg: 0/0/0 buffer size: 0 vbv_delay: N/A
frame=    0 fps=0.0 q=0.0 size=       0kB time=N/A bitrate=N/A speed=N/A    [out#0/mp4 @ 0x622b62100dc0] video:1372kB audio:0kB subtitle:0kB other streams:0kB global headers:0kB muxing overhead: 0.197164%
frame=  165 fps=0.0 q=-1.0 Lsize=    1375kB time=00:00:10.12 bitrate=1112.7kbits/s speed=14.3x    
[libx264 @ 0x622b62180380] frame I:15    Avg QP:19.47  size: 23915
[libx264 @ 0x622b62180380] frame P:52    Avg QP:22.53  size: 12328
[libx264 @ 0x622b62180380] frame B:98    Avg QP:23.68  size:  4132
[libx264 @ 0x622b62180380] consecutive B-frames: 15.2% 14.5%  7.3% 63.0%
[libx264 @ 0x622b62180380] mb I  I16..4: 20.0% 75.1%  4.9%
[libx264 @ 0x622b62180380] mb P  I16..4:  8.7% 20.9%  1.3%  P16..4: 47.9% 11.5%  3.3%  0.0%  0.0%    skip: 6.4%
[libx264 @ 0x622b62180380] mb B  I16..4:  0.8%  1.5%  0.1%  B16..8: 39.7%  4.2%  0.9%  direct:10.3%  skip:42.6%  L0:49.6% L1:41.6% BI: 8.8%
[libx264 @ 0x622b62180380] 8x8 transform intra:70.8% inter:86.4%
[libx264 @ 0x622b62180380] coded y,uvDC,uvAC intra: 56.4% 94.8% 48.7% inter: 19.5% 46.1% 2.7%
[libx264 @ 0x622b62180380] i16 v,h,dc,p:  5% 15%  3% 77%
[libx264 @ 0x622b62180380] i8 v,h,dc,ddl,ddr,vr,hd,vl,hu: 19% 25% 15%  6%  7%  7%  8%  6%  7%
[libx264 @ 0x622b62180380] i4 v,h,dc,ddl,ddr,vr,hd,vl,hu: 16% 16% 13%  7% 12% 10% 11%  8%  8%
[libx264 @ 0x622b62180380] i8c dc,h,v,p: 39% 23% 16% 21%
[libx264 @ 0x622b62180380] Weighted P-Frames: Y:42.3% UV:40.4%
[libx264 @ 0x622b62180380] ref P L0: 68.0%  8.4% 16.3%  6.0%  1.3%
[libx264 @ 0x622b62180380] ref B L0: 88.1% 10.0%  1.8%
[libx264 @ 0x622b62180380] ref B L1: 98.7%  1.3%
[libx264 @ 0x622b62180380] kb/s:1089.74
ffmpeg version 6.1.1-3ubuntu5 Copyright (c) 2000-2023 the FFmpeg developers
  built with gcc 13 (Ubuntu 13.2.0-23ubuntu3)
  configuration: --prefix=/usr --extra-version=3ubuntu5 --toolchain=hardened --libdir=/usr/lib/x86_64-linux-gnu --incdir=/usr/include/x86_64-linux-gnu --arch=amd64 --enable-gpl --disable-stripping --disable-omx --enable-gnutls --enable-libaom --enable-libass --enable-libbs2b --enable-libcaca --enable-libcdio --enable-libcodec2 --enable-libdav1d --enable-libflite --enable-libfontconfig --enable-libfreetype --enable-libfribidi --enable-libglslang --enable-libgme --enable-libgsm --enable-libharfbuzz --enable-libmp3lame --enable-libmysofa --enable-libopenjpeg --enable-libopenmpt --enable-libopus --enable-librubberband --enable-libshine --enable-libsnappy --enable-libsoxr --enable-libspeex --enable-libtheora --enable-libtwolame --enable-libvidstab --enable-libvorbis --enable-libvpx --enable-libwebp --enable-libx265 --enable-libxml2 --enable-libxvid --enable-libzimg --enable-openal --enable-opencl --enable-opengl --disable-sndio --enable-libvpl --disable-libmfx --enable-libdc1394 --enable-libdrm --enable-libiec61883 --enable-chromaprint --enable-frei0r --enable-ladspa --enable-libbluray --enable-libjack --enable-libpulse --enable-librabbitmq --enable-librist --enable-libsrt --enable-libssh --enable-libsvtav1 --enable-libx264 --enable-libzmq --enable-libzvbi --enable-lv2 --enable-sdl2 --enable-libplacebo --enable-librav1e --enable-pocketsphinx --enable-librsvg --enable-libjxl --enable-shared
  libavutil      58. 29.100 / 58. 29.100
  libavcodec     60. 31.102 / 60. 31.102
  libavformat    60. 16.100 / 60. 16.100
  libavdevice    60.  3.100 / 60.  3.100
  libavfilter     9. 12.100 /  9. 12.100
  libswscale      7.  5.100 /  7.  5.100
  libswresample   4. 12.100 /  4. 12.100
  libpostproc    57.  3.100 / 57.  3.100
Input #0, mov,mp4,m4a,3gp,3g2,mj2, from '/data/vaishak/combined-kv-quant/results/runs/backfill_spatial_mixed_fg_rtn_int4_bg_rtn_int2_1f080d8dcc0e_10s/videos/SPATIAL_MIXED_FG_RTN_INT4_BG_RTN_INT2/prompt_0007_seed_7.mp4':
  Metadata:
    major_brand     : isom
    minor_version   : 512
    compatible_brands: isomiso2avc1mp41
    encoder         : Lavf61.1.100
  Duration: 00:00:10.31, start: 0.000000, bitrate: 1080 kb/s
  Stream #0:0[0x1](und): Video: h264 (High) (avc1 / 0x31637661), yuv420p(progressive), 832x480, 1078 kb/s, 16 fps, 16 tbr, 16384 tbn (default)
    Metadata:
      handler_name    : VideoHandler
      vendor_id       : [0][0][0][0]
Stream mapping:
  Stream #0:0 -> #0:0 (h264 (native) -> h264 (libx264))
Press [q] to stop, [?] for help
[libx264 @ 0x5f058450a780] using cpu capabilities: MMX2 SSE2Fast SSSE3 SSE4.2 AVX FMA3 BMI2 AVX2
[libx264 @ 0x5f058450a780] profile High, level 3.0, 4:2:0, 8-bit
[libx264 @ 0x5f058450a780] 264 - core 164 r3108 31e19f9 - H.264/MPEG-4 AVC codec - Copyleft 2003-2023 - http://www.videolan.org/x264.html - options: cabac=1 ref=3 deblock=1:0:0 analyse=0x3:0x113 me=hex subme=7 psy=1 psy_rd=1.00:0.00 mixed_ref=1 me_range=16 chroma_me=1 trellis=1 8x8dct=1 cqm=0 deadzone=21,11 fast_pskip=1 chroma_qp_offset=-2 threads=15 lookahead_threads=2 sliced_threads=0 nr=0 decimate=1 interlaced=0 bluray_compat=0 constrained_intra=0 bframes=3 b_pyramid=2 b_adapt=1 b_bias=0 direct=1 weightb=1 open_gop=0 weightp=2 keyint=250 keyint_min=16 scenecut=40 intra_refresh=0 rc_lookahead=40 rc=crf mbtree=1 crf=23.0 qcomp=0.60 qpmin=0 qpmax=69 qpstep=4 ip_ratio=1.40 aq=1:1.00
Output #0, mp4, to '/data/vaishak/combined-kv-quant/results/combined/backfills/drift/moviegen/59b7a5d204a5df7f_SPATIAL_MIXED_FG_RTN_INT4_BG_RTN_INT2/SPATIAL_MIXED_FG_RTN_INT4_BG_RTN_INT2_frames_165/prompt_0007_seed_7.mp4':
  Metadata:
    major_brand     : isom
    minor_version   : 512
    compatible_brands: isomiso2avc1mp41
    encoder         : Lavf60.16.100
  Stream #0:0(und): Video: h264 (avc1 / 0x31637661), yuv420p(progressive), 832x480, q=2-31, 16 fps, 16384 tbn (default)
    Metadata:
      handler_name    : VideoHandler
      vendor_id       : [0][0][0][0]
      encoder         : Lavc60.31.102 libx264
    Side data:
      cpb: bitrate max/min/avg: 0/0/0 buffer size: 0 vbv_delay: N/A
frame=    0 fps=0.0 q=0.0 size=       0kB time=N/A bitrate=N/A speed=N/A    frame=   73 fps=0.0 q=27.0 size=     512kB time=00:00:04.43 bitrate= 945.3kbits/s speed= 8.6x    [out#0/mp4 @ 0x5f0584489dc0] video:1624kB audio:0kB subtitle:0kB other streams:0kB global headers:0kB muxing overhead: 0.165187%
frame=  165 fps=0.0 q=-1.0 Lsize=    1627kB time=00:00:10.12 bitrate=1316.1kbits/s speed=10.7x    
[libx264 @ 0x5f058450a780] frame I:19    Avg QP:20.73  size: 20673
[libx264 @ 0x5f058450a780] frame P:48    Avg QP:24.07  size: 13163
[libx264 @ 0x5f058450a780] frame B:98    Avg QP:24.81  size:  6507
[libx264 @ 0x5f058450a780] consecutive B-frames: 15.2%  9.7% 21.8% 53.3%
[libx264 @ 0x5f058450a780] mb I  I16..4: 11.2% 82.9%  5.9%
[libx264 @ 0x5f058450a780] mb P  I16..4: 10.1% 39.4%  2.2%  P16..4: 31.8% 11.3%  2.3%  0.0%  0.0%    skip: 2.7%
[libx264 @ 0x5f058450a780] mb B  I16..4:  1.5%  5.6%  0.3%  B16..8: 40.2%  9.8%  1.6%  direct:14.0%  skip:27.0%  L0:51.6% L1:37.1% BI:11.3%
[libx264 @ 0x5f058450a780] 8x8 transform intra:78.7% inter:86.7%
[libx264 @ 0x5f058450a780] coded y,uvDC,uvAC intra: 65.2% 95.2% 52.1% inter: 29.8% 56.5% 2.8%
[libx264 @ 0x5f058450a780] i16 v,h,dc,p:  4% 32%  3% 61%
[libx264 @ 0x5f058450a780] i8 v,h,dc,ddl,ddr,vr,hd,vl,hu: 14% 33% 12%  5%  6%  5% 10%  5% 10%
[libx264 @ 0x5f058450a780] i4 v,h,dc,ddl,ddr,vr,hd,vl,hu: 15% 32%  9%  5%  8%  6% 11%  5%  8%
[libx264 @ 0x5f058450a780] i8c dc,h,v,p: 31% 35% 12% 22%
[libx264 @ 0x5f058450a780] Weighted P-Frames: Y:12.5% UV:12.5%
[libx264 @ 0x5f058450a780] ref P L0: 65.3% 12.8% 14.3%  6.7%  0.8%
[libx264 @ 0x5f058450a780] ref B L0: 88.6%  9.1%  2.3%
[libx264 @ 0x5f058450a780] ref B L1: 98.0%  2.0%
[libx264 @ 0x5f058450a780] kb/s:1289.52
ffmpeg version 6.1.1-3ubuntu5 Copyright (c) 2000-2023 the FFmpeg developers
  built with gcc 13 (Ubuntu 13.2.0-23ubuntu3)
  configuration: --prefix=/usr --extra-version=3ubuntu5 --toolchain=hardened --libdir=/usr/lib/x86_64-linux-gnu --incdir=/usr/include/x86_64-linux-gnu --arch=amd64 --enable-gpl --disable-stripping --disable-omx --enable-gnutls --enable-libaom --enable-libass --enable-libbs2b --enable-libcaca --enable-libcdio --enable-libcodec2 --enable-libdav1d --enable-libflite --enable-libfontconfig --enable-libfreetype --enable-libfribidi --enable-libglslang --enable-libgme --enable-libgsm --enable-libharfbuzz --enable-libmp3lame --enable-libmysofa --enable-libopenjpeg --enable-libopenmpt --enable-libopus --enable-librubberband --enable-libshine --enable-libsnappy --enable-libsoxr --enable-libspeex --enable-libtheora --enable-libtwolame --enable-libvidstab --enable-libvorbis --enable-libvpx --enable-libwebp --enable-libx265 --enable-libxml2 --enable-libxvid --enable-libzimg --enable-openal --enable-opencl --enable-opengl --disable-sndio --enable-libvpl --disable-libmfx --enable-libdc1394 --enable-libdrm --enable-libiec61883 --enable-chromaprint --enable-frei0r --enable-ladspa --enable-libbluray --enable-libjack --enable-libpulse --enable-librabbitmq --enable-librist --enable-libsrt --enable-libssh --enable-libsvtav1 --enable-libx264 --enable-libzmq --enable-libzvbi --enable-lv2 --enable-sdl2 --enable-libplacebo --enable-librav1e --enable-pocketsphinx --enable-librsvg --enable-libjxl --enable-shared
  libavutil      58. 29.100 / 58. 29.100
  libavcodec     60. 31.102 / 60. 31.102
  libavformat    60. 16.100 / 60. 16.100
  libavdevice    60.  3.100 / 60.  3.100
  libavfilter     9. 12.100 /  9. 12.100
  libswscale      7.  5.100 /  7.  5.100
  libswresample   4. 12.100 /  4. 12.100
  libpostproc    57.  3.100 / 57.  3.100
Input #0, mov,mp4,m4a,3gp,3g2,mj2, from '/data/vaishak/combined-kv-quant/results/runs/backfill_spatial_mixed_fg_rtn_int4_bg_rtn_int2_1f080d8dcc0e_10s/videos/SPATIAL_MIXED_FG_RTN_INT4_BG_RTN_INT2/prompt_0008_seed_8.mp4':
  Metadata:
    major_brand     : isom
    minor_version   : 512
    compatible_brands: isomiso2avc1mp41
    encoder         : Lavf61.1.100
  Duration: 00:00:10.31, start: 0.000000, bitrate: 1175 kb/s
  Stream #0:0[0x1](und): Video: h264 (High) (avc1 / 0x31637661), yuv420p(progressive), 832x480, 1172 kb/s, 16 fps, 16 tbr, 16384 tbn (default)
    Metadata:
      handler_name    : VideoHandler
      vendor_id       : [0][0][0][0]
Stream mapping:
  Stream #0:0 -> #0:0 (h264 (native) -> h264 (libx264))
Press [q] to stop, [?] for help
[libx264 @ 0x570a05788a00] using cpu capabilities: MMX2 SSE2Fast SSSE3 SSE4.2 AVX FMA3 BMI2 AVX2
[libx264 @ 0x570a05788a00] profile High, level 3.0, 4:2:0, 8-bit
[libx264 @ 0x570a05788a00] 264 - core 164 r3108 31e19f9 - H.264/MPEG-4 AVC codec - Copyleft 2003-2023 - http://www.videolan.org/x264.html - options: cabac=1 ref=3 deblock=1:0:0 analyse=0x3:0x113 me=hex subme=7 psy=1 psy_rd=1.00:0.00 mixed_ref=1 me_range=16 chroma_me=1 trellis=1 8x8dct=1 cqm=0 deadzone=21,11 fast_pskip=1 chroma_qp_offset=-2 threads=15 lookahead_threads=2 sliced_threads=0 nr=0 decimate=1 interlaced=0 bluray_compat=0 constrained_intra=0 bframes=3 b_pyramid=2 b_adapt=1 b_bias=0 direct=1 weightb=1 open_gop=0 weightp=2 keyint=250 keyint_min=16 scenecut=40 intra_refresh=0 rc_lookahead=40 rc=crf mbtree=1 crf=23.0 qcomp=0.60 qpmin=0 qpmax=69 qpstep=4 ip_ratio=1.40 aq=1:1.00
Output #0, mp4, to '/data/vaishak/combined-kv-quant/results/combined/backfills/drift/moviegen/59b7a5d204a5df7f_SPATIAL_MIXED_FG_RTN_INT4_BG_RTN_INT2/SPATIAL_MIXED_FG_RTN_INT4_BG_RTN_INT2_frames_165/prompt_0008_seed_8.mp4':
  Metadata:
    major_brand     : isom
    minor_version   : 512
    compatible_brands: isomiso2avc1mp41
    encoder         : Lavf60.16.100
  Stream #0:0(und): Video: h264 (avc1 / 0x31637661), yuv420p(progressive), 832x480, q=2-31, 16 fps, 16384 tbn (default)
    Metadata:
      handler_name    : VideoHandler
      vendor_id       : [0][0][0][0]
      encoder         : Lavc60.31.102 libx264
    Side data:
      cpb: bitrate max/min/avg: 0/0/0 buffer size: 0 vbv_delay: N/A
frame=    0 fps=0.0 q=0.0 size=       0kB time=N/A bitrate=N/A speed=N/A    frame=   52 fps=0.0 q=27.0 size=       0kB time=00:00:03.12 bitrate=   0.1kbits/s speed=5.91x    [out#0/mp4 @ 0x570a05703e00] video:969kB audio:0kB subtitle:0kB other streams:0kB global headers:0kB muxing overhead: 0.283774%
frame=  165 fps=161 q=-1.0 Lsize=     971kB time=00:00:10.12 bitrate= 786.0kbits/s speed=9.86x    
[libx264 @ 0x570a05788a00] frame I:5     Avg QP:20.59  size: 27231
[libx264 @ 0x570a05788a00] frame P:46    Avg QP:22.74  size: 12624
[libx264 @ 0x570a05788a00] frame B:114   Avg QP:24.27  size:  2407
[libx264 @ 0x570a05788a00] consecutive B-frames:  6.1%  4.8%  1.8% 87.3%
[libx264 @ 0x570a05788a00] mb I  I16..4: 10.7% 78.0% 11.2%
[libx264 @ 0x570a05788a00] mb P  I16..4:  7.3% 29.6%  1.4%  P16..4: 38.3% 14.2%  3.5%  0.0%  0.0%    skip: 5.8%
[libx264 @ 0x570a05788a00] mb B  I16..4:  0.2%  0.4%  0.0%  B16..8: 31.0%  2.2%  0.3%  direct:11.5%  skip:54.5%  L0:47.9% L1:42.0% BI:10.1%
[libx264 @ 0x570a05788a00] 8x8 transform intra:77.1% inter:86.3%
[libx264 @ 0x570a05788a00] coded y,uvDC,uvAC intra: 65.7% 98.3% 78.1% inter: 19.7% 40.9% 2.7%
[libx264 @ 0x570a05788a00] i16 v,h,dc,p:  3% 18%  1% 78%
[libx264 @ 0x570a05788a00] i8 v,h,dc,ddl,ddr,vr,hd,vl,hu: 16% 25% 11%  5%  9%  8% 11%  7%  9%
[libx264 @ 0x570a05788a00] i4 v,h,dc,ddl,ddr,vr,hd,vl,hu: 19% 23% 11%  7% 12%  8% 10%  6%  6%
[libx264 @ 0x570a05788a00] i8c dc,h,v,p: 29% 25% 14% 31%
[libx264 @ 0x570a05788a00] Weighted P-Frames: Y:37.0% UV:30.4%
[libx264 @ 0x570a05788a00] ref P L0: 55.0% 11.4% 19.2% 11.5%  2.9%
[libx264 @ 0x570a05788a00] ref B L0: 89.0%  9.1%  1.9%
[libx264 @ 0x570a05788a00] ref B L1: 98.9%  1.1%
[libx264 @ 0x570a05788a00] kb/s:769.01
ffmpeg version 6.1.1-3ubuntu5 Copyright (c) 2000-2023 the FFmpeg developers
  built with gcc 13 (Ubuntu 13.2.0-23ubuntu3)
  configuration: --prefix=/usr --extra-version=3ubuntu5 --toolchain=hardened --libdir=/usr/lib/x86_64-linux-gnu --incdir=/usr/include/x86_64-linux-gnu --arch=amd64 --enable-gpl --disable-stripping --disable-omx --enable-gnutls --enable-libaom --enable-libass --enable-libbs2b --enable-libcaca --enable-libcdio --enable-libcodec2 --enable-libdav1d --enable-libflite --enable-libfontconfig --enable-libfreetype --enable-libfribidi --enable-libglslang --enable-libgme --enable-libgsm --enable-libharfbuzz --enable-libmp3lame --enable-libmysofa --enable-libopenjpeg --enable-libopenmpt --enable-libopus --enable-librubberband --enable-libshine --enable-libsnappy --enable-libsoxr --enable-libspeex --enable-libtheora --enable-libtwolame --enable-libvidstab --enable-libvorbis --enable-libvpx --enable-libwebp --enable-libx265 --enable-libxml2 --enable-libxvid --enable-libzimg --enable-openal --enable-opencl --enable-opengl --disable-sndio --enable-libvpl --disable-libmfx --enable-libdc1394 --enable-libdrm --enable-libiec61883 --enable-chromaprint --enable-frei0r --enable-ladspa --enable-libbluray --enable-libjack --enable-libpulse --enable-librabbitmq --enable-librist --enable-libsrt --enable-libssh --enable-libsvtav1 --enable-libx264 --enable-libzmq --enable-libzvbi --enable-lv2 --enable-sdl2 --enable-libplacebo --enable-librav1e --enable-pocketsphinx --enable-librsvg --enable-libjxl --enable-shared
  libavutil      58. 29.100 / 58. 29.100
  libavcodec     60. 31.102 / 60. 31.102
  libavformat    60. 16.100 / 60. 16.100
  libavdevice    60.  3.100 / 60.  3.100
  libavfilter     9. 12.100 /  9. 12.100
  libswscale      7.  5.100 /  7.  5.100
  libswresample   4. 12.100 /  4. 12.100
  libpostproc    57.  3.100 / 57.  3.100
Input #0, mov,mp4,m4a,3gp,3g2,mj2, from '/data/vaishak/combined-kv-quant/results/runs/backfill_spatial_mixed_fg_rtn_int4_bg_rtn_int2_1f080d8dcc0e_10s/videos/SPATIAL_MIXED_FG_RTN_INT4_BG_RTN_INT2/prompt_0009_seed_9.mp4':
  Metadata:
    major_brand     : isom
    minor_version   : 512
    compatible_brands: isomiso2avc1mp41
    encoder         : Lavf61.1.100
  Duration: 00:00:10.31, start: 0.000000, bitrate: 1214 kb/s
  Stream #0:0[0x1](und): Video: h264 (High) (avc1 / 0x31637661), yuv420p(progressive), 832x480, 1212 kb/s, 16 fps, 16 tbr, 16384 tbn (default)
    Metadata:
      handler_name    : VideoHandler
      vendor_id       : [0][0][0][0]
Stream mapping:
  Stream #0:0 -> #0:0 (h264 (native) -> h264 (libx264))
Press [q] to stop, [?] for help
[libx264 @ 0x57533d77cd00] using cpu capabilities: MMX2 SSE2Fast SSSE3 SSE4.2 AVX FMA3 BMI2 AVX2
[libx264 @ 0x57533d77cd00] profile High, level 3.0, 4:2:0, 8-bit
[libx264 @ 0x57533d77cd00] 264 - core 164 r3108 31e19f9 - H.264/MPEG-4 AVC codec - Copyleft 2003-2023 - http://www.videolan.org/x264.html - options: cabac=1 ref=3 deblock=1:0:0 analyse=0x3:0x113 me=hex subme=7 psy=1 psy_rd=1.00:0.00 mixed_ref=1 me_range=16 chroma_me=1 trellis=1 8x8dct=1 cqm=0 deadzone=21,11 fast_pskip=1 chroma_qp_offset=-2 threads=15 lookahead_threads=2 sliced_threads=0 nr=0 decimate=1 interlaced=0 bluray_compat=0 constrained_intra=0 bframes=3 b_pyramid=2 b_adapt=1 b_bias=0 direct=1 weightb=1 open_gop=0 weightp=2 keyint=250 keyint_min=16 scenecut=40 intra_refresh=0 rc_lookahead=40 rc=crf mbtree=1 crf=23.0 qcomp=0.60 qpmin=0 qpmax=69 qpstep=4 ip_ratio=1.40 aq=1:1.00
Output #0, mp4, to '/data/vaishak/combined-kv-quant/results/combined/backfills/drift/moviegen/59b7a5d204a5df7f_SPATIAL_MIXED_FG_RTN_INT4_BG_RTN_INT2/SPATIAL_MIXED_FG_RTN_INT4_BG_RTN_INT2_frames_165/prompt_0009_seed_9.mp4':
  Metadata:
    major_brand     : isom
    minor_version   : 512
    compatible_brands: isomiso2avc1mp41
    encoder         : Lavf60.16.100
  Stream #0:0(und): Video: h264 (avc1 / 0x31637661), yuv420p(progressive), 832x480, q=2-31, 16 fps, 16384 tbn (default)
    Metadata:
      handler_name    : VideoHandler
      vendor_id       : [0][0][0][0]
      encoder         : Lavc60.31.102 libx264
    Side data:
      cpb: bitrate max/min/avg: 0/0/0 buffer size: 0 vbv_delay: N/A
frame=    0 fps=0.0 q=0.0 size=       0kB time=N/A bitrate=N/A speed=N/A    frame=   47 fps=0.0 q=27.0 size=     512kB time=00:00:02.81 bitrate=1491.4kbits/s speed=5.22x    [out#0/mp4 @ 0x57533d6f2dc0] video:2297kB audio:0kB subtitle:0kB other streams:0kB global headers:0kB muxing overhead: 0.116103%
frame=  165 fps=145 q=-1.0 Lsize=    2300kB time=00:00:10.12 bitrate=1860.7kbits/s speed=8.92x    
[libx264 @ 0x57533d77cd00] frame I:10    Avg QP:22.61  size: 48209
[libx264 @ 0x57533d77cd00] frame P:55    Avg QP:25.63  size: 22725
[libx264 @ 0x57533d77cd00] frame B:100   Avg QP:27.43  size:  6196
[libx264 @ 0x57533d77cd00] consecutive B-frames: 17.6%  3.6%  3.6% 75.2%
[libx264 @ 0x57533d77cd00] mb I  I16..4:  1.9% 74.6% 23.5%
[libx264 @ 0x57533d77cd00] mb P  I16..4:  0.9% 24.7%  5.4%  P16..4: 35.2% 17.0%  6.7%  0.0%  0.0%    skip:10.1%
[libx264 @ 0x57533d77cd00] mb B  I16..4:  0.1%  0.9%  0.3%  B16..8: 40.3%  8.3%  3.3%  direct: 6.3%  skip:40.5%  L0:47.4% L1:37.9% BI:14.7%
[libx264 @ 0x57533d77cd00] 8x8 transform intra:77.4% inter:73.4%
[libx264 @ 0x57533d77cd00] coded y,uvDC,uvAC intra: 92.7% 84.7% 36.4% inter: 30.4% 20.3% 0.8%
[libx264 @ 0x57533d77cd00] i16 v,h,dc,p:  5% 44%  7% 44%
[libx264 @ 0x57533d77cd00] i8 v,h,dc,ddl,ddr,vr,hd,vl,hu: 11% 24% 14%  5%  8%  7% 12%  7% 13%
[libx264 @ 0x57533d77cd00] i4 v,h,dc,ddl,ddr,vr,hd,vl,hu: 11% 26% 12%  6%  8%  6% 13%  5% 11%
[libx264 @ 0x57533d77cd00] i8c dc,h,v,p: 45% 28% 16% 11%
[libx264 @ 0x57533d77cd00] Weighted P-Frames: Y:21.8% UV:10.9%
[libx264 @ 0x57533d77cd00] ref P L0: 55.4% 19.5% 16.5%  7.3%  1.2%
[libx264 @ 0x57533d77cd00] ref B L0: 89.3%  8.3%  2.4%
[libx264 @ 0x57533d77cd00] ref B L1: 99.1%  0.9%
[libx264 @ 0x57533d77cd00] kb/s:1824.22
[rank0]:[W310 23:00:02.661975562 ProcessGroupNCCL.cpp:4115] [PG ID 0 PG GUID 0 Rank 0]  using GPU 0 to perform barrier as devices used by this process are currently unknown. This can potentially cause a hang if this rank to GPU mapping is incorrect.Specify device_ids in barrier() to force use of a particular device,or call init_process_group() with a device_id.
/home/suraj/miniforge3/envs/qvg_sf_eval/lib/python3.10/site-packages/clip/clip.py:6: UserWarning: pkg_resources is deprecated as an API. See https://setuptools.pypa.io/en/latest/pkg_resources.html. The pkg_resources package is slated for removal as early as 2025-11-30. Refrain from using this package or pin to Setuptools<81.
  from pkg_resources import packaging
/home/suraj/miniforge3/envs/qvg_sf_eval/lib/python3.10/site-packages/timm/models/layers/__init__.py:48: FutureWarning: Importing from timm.models.layers is deprecated, please import via timm.layers
  warnings.warn(f"Importing from {__name__} is deprecated, please import via timm.layers", FutureWarning)
/home/suraj/miniforge3/envs/qvg_sf_eval/lib/python3.10/site-packages/pyiqa/archs/arch_util.py:118: FutureWarning: You are using `torch.load` with `weights_only=False` (the current default value), which uses the default pickle module implicitly. It is possible to construct malicious pickle data which will execute arbitrary code during unpickling (See https://github.com/pytorch/pytorch/blob/main/SECURITY.md#untrusted-models for more details). In a future release, the default value for `weights_only` will be flipped to `True`. This limits the functions that could be executed during unpickling. Arbitrary objects will no longer be allowed to be loaded via this mode unless they are explicitly allowlisted by the user via `torch.serialization.add_safe_globals`. We recommend you start setting `weights_only=True` for any use case where you don't have full control of the loaded file. Please open an issue on GitHub for any issues related to this experimental feature.
  state_dict = torch.load(model_path, map_location=torch.device("cpu"))
args: Namespace(output_path='/data/vaishak/combined-kv-quant/results/combined/backfills/drift/moviegen/59b7a5d204a5df7f_SPATIAL_MIXED_FG_RTN_INT4_BG_RTN_INT2/vbench_SPATIAL_MIXED_FG_RTN_INT4_BG_RTN_INT2_165', full_json_dir='/data/vaishak/combined-kv-quant/third_party/VBench/vbench/VBench_full_info.json', videos_path='/data/vaishak/combined-kv-quant/results/combined/backfills/drift/moviegen/59b7a5d204a5df7f_SPATIAL_MIXED_FG_RTN_INT4_BG_RTN_INT2/SPATIAL_MIXED_FG_RTN_INT4_BG_RTN_INT2_frames_165', dimension=['imaging_quality'], load_ckpt_from_local=None, read_frame=None, mode='custom_input', prompt='None', prompt_file='/data/vaishak/combined-kv-quant/results/combined/backfills/drift/moviegen/59b7a5d204a5df7f_SPATIAL_MIXED_FG_RTN_INT4_BG_RTN_INT2/prompt_map_165.json', category=None, imaging_quality_preprocessing_mode='longer')
start evaluation
Evaluation meta data saved to /data/vaishak/combined-kv-quant/results/combined/backfills/drift/moviegen/59b7a5d204a5df7f_SPATIAL_MIXED_FG_RTN_INT4_BG_RTN_INT2/vbench_SPATIAL_MIXED_FG_RTN_INT4_BG_RTN_INT2_165/results_2026-03-10-23:00:02_full_info.json
cur_full_info_path: /data/vaishak/combined-kv-quant/results/combined/backfills/drift/moviegen/59b7a5d204a5df7f_SPATIAL_MIXED_FG_RTN_INT4_BG_RTN_INT2/vbench_SPATIAL_MIXED_FG_RTN_INT4_BG_RTN_INT2_165/results_2026-03-10-23:00:02_full_info.json
Loading pretrained model MUSIQ from /home/vaishak/.cache/vbench/pyiqa_model/musiq_spaq_ckpt-358bb6af.pth
  0%|          | 0/10 [00:00<?, ?it/s] 10%|█         | 1/10 [00:06<00:58,  6.50s/it] 20%|██        | 2/10 [00:12<00:50,  6.30s/it] 30%|███       | 3/10 [00:19<00:44,  6.35s/it] 40%|████      | 4/10 [00:25<00:39,  6.52s/it] 50%|█████     | 5/10 [00:31<00:31,  6.34s/it] 60%|██████    | 6/10 [00:34<00:20,  5.21s/it] 70%|███████   | 7/10 [00:37<00:13,  4.50s/it] 80%|████████  | 8/10 [00:41<00:08,  4.09s/it] 90%|█████████ | 9/10 [00:44<00:03,  3.97s/it]100%|██████████| 10/10 [00:48<00:00,  3.98s/it]100%|██████████| 10/10 [00:48<00:00,  4.88s/it]
Evaluation results saved to /data/vaishak/combined-kv-quant/results/combined/backfills/drift/moviegen/59b7a5d204a5df7f_SPATIAL_MIXED_FG_RTN_INT4_BG_RTN_INT2/vbench_SPATIAL_MIXED_FG_RTN_INT4_BG_RTN_INT2_165/results_2026-03-10-23:00:02_eval_results.json
done
[rank0]:[W310 23:00:53.883751394 ProcessGroupNCCL.cpp:1250] Warning: WARNING: process group has NOT been destroyed before we destruct ProcessGroupNCCL. On normal program exit, the application should call destroy_process_group to ensure that any pending NCCL operations have finished in this process. In rare cases this process can exit before this point and block the progress of another member of the process group. This constraint has always been present,  but this warning has only been added since PyTorch 2.4 (function operator())
{
  "method": "SPATIAL_MIXED_FG_RTN_INT4_BG_RTN_INT2",
  "frame_step": 165,
  "max_frames": 165,
  "curve": [
    {
      "frame_cap": 165,
      "imaging_quality": [
        0.4069361935817834,
        [
          {
            "video_path": "/data/vaishak/combined-kv-quant/results/combined/backfills/drift/moviegen/59b7a5d204a5df7f_SPATIAL_MIXED_FG_RTN_INT4_BG_RTN_INT2/SPATIAL_MIXED_FG_RTN_INT4_BG_RTN_INT2_frames_165/prompt_0007_seed_7.mp4",
            "video_results": 26.694390042622885
          },
          {
            "video_path": "/data/vaishak/combined-kv-quant/results/combined/backfills/drift/moviegen/59b7a5d204a5df7f_SPATIAL_MIXED_FG_RTN_INT4_BG_RTN_INT2/SPATIAL_MIXED_FG_RTN_INT4_BG_RTN_INT2_frames_165/prompt_0006_seed_6.mp4",
            "video_results": 32.10805024233731
          },
          {
            "video_path": "/data/vaishak/combined-kv-quant/results/combined/backfills/drift/moviegen/59b7a5d204a5df7f_SPATIAL_MIXED_FG_RTN_INT4_BG_RTN_INT2/SPATIAL_MIXED_FG_RTN_INT4_BG_RTN_INT2_frames_165/prompt_0004_seed_4.mp4",
            "video_results": 26.397748658151336
          },
          {
            "video_path": "/data/vaishak/combined-kv-quant/results/combined/backfills/drift/moviegen/59b7a5d204a5df7f_SPATIAL_MIXED_FG_RTN_INT4_BG_RTN_INT2/SPATIAL_MIXED_FG_RTN_INT4_BG_RTN_INT2_frames_165/prompt_0003_seed_3.mp4",
            "video_results": 49.80848101991596
          },
          {
            "video_path": "/data/vaishak/combined-kv-quant/results/combined/backfills/drift/moviegen/59b7a5d204a5df7f_SPATIAL_MIXED_FG_RTN_INT4_BG_RTN_INT2/SPATIAL_MIXED_FG_RTN_INT4_BG_RTN_INT2_frames_165/prompt_0005_seed_5.mp4",
            "video_results": 56.19554977416992
          },
          {
            "video_path": "/data/vaishak/combined-kv-quant/results/combined/backfills/drift/moviegen/59b7a5d204a5df7f_SPATIAL_MIXED_FG_RTN_INT4_BG_RTN_INT2/SPATIAL_MIXED_FG_RTN_INT4_BG_RTN_INT2_frames_165/prompt_0002_seed_2.mp4",
            "video_results": 47.80378006443833
          },
          {
            "video_path": "/data/vaishak/combined-kv-quant/results/combined/backfills/drift/moviegen/59b7a5d204a5df7f_SPATIAL_MIXED_FG_RTN_INT4_BG_RTN_INT2/SPATIAL_MIXED_FG_RTN_INT4_BG_RTN_INT2_frames_165/prompt_0001_seed_1.mp4",
            "video_results": 59.86537202777284
          },
          {
            "video_path": "/data/vaishak/combined-kv-quant/results/combined/backfills/drift/moviegen/59b7a5d204a5df7f_SPATIAL_MIXED_FG_RTN_INT4_BG_RTN_INT2/SPATIAL_MIXED_FG_RTN_INT4_BG_RTN_INT2_frames_165/prompt_0009_seed_9.mp4",
            "video_results": 45.42299418593898
          },
          {
            "video_path": "/data/vaishak/combined-kv-quant/results/combined/backfills/drift/moviegen/59b7a5d204a5df7f_SPATIAL_MIXED_FG_RTN_INT4_BG_RTN_INT2/SPATIAL_MIXED_FG_RTN_INT4_BG_RTN_INT2_frames_165/prompt_0008_seed_8.mp4",
            "video_results": 30.331869368119673
          },
          {
            "video_path": "/data/vaishak/combined-kv-quant/results/combined/backfills/drift/moviegen/59b7a5d204a5df7f_SPATIAL_MIXED_FG_RTN_INT4_BG_RTN_INT2/SPATIAL_MIXED_FG_RTN_INT4_BG_RTN_INT2_frames_165/prompt_0000_seed_0.mp4",
            "video_results": 32.30795819831617
          }
        ]
      ]
    }
  ]
}
ffmpeg version 6.1.1-3ubuntu5 Copyright (c) 2000-2023 the FFmpeg developers
  built with gcc 13 (Ubuntu 13.2.0-23ubuntu3)
  configuration: --prefix=/usr --extra-version=3ubuntu5 --toolchain=hardened --libdir=/usr/lib/x86_64-linux-gnu --incdir=/usr/include/x86_64-linux-gnu --arch=amd64 --enable-gpl --disable-stripping --disable-omx --enable-gnutls --enable-libaom --enable-libass --enable-libbs2b --enable-libcaca --enable-libcdio --enable-libcodec2 --enable-libdav1d --enable-libflite --enable-libfontconfig --enable-libfreetype --enable-libfribidi --enable-libglslang --enable-libgme --enable-libgsm --enable-libharfbuzz --enable-libmp3lame --enable-libmysofa --enable-libopenjpeg --enable-libopenmpt --enable-libopus --enable-librubberband --enable-libshine --enable-libsnappy --enable-libsoxr --enable-libspeex --enable-libtheora --enable-libtwolame --enable-libvidstab --enable-libvorbis --enable-libvpx --enable-libwebp --enable-libx265 --enable-libxml2 --enable-libxvid --enable-libzimg --enable-openal --enable-opencl --enable-opengl --disable-sndio --enable-libvpl --disable-libmfx --enable-libdc1394 --enable-libdrm --enable-libiec61883 --enable-chromaprint --enable-frei0r --enable-ladspa --enable-libbluray --enable-libjack --enable-libpulse --enable-librabbitmq --enable-librist --enable-libsrt --enable-libssh --enable-libsvtav1 --enable-libx264 --enable-libzmq --enable-libzvbi --enable-lv2 --enable-sdl2 --enable-libplacebo --enable-librav1e --enable-pocketsphinx --enable-librsvg --enable-libjxl --enable-shared
  libavutil      58. 29.100 / 58. 29.100
  libavcodec     60. 31.102 / 60. 31.102
  libavformat    60. 16.100 / 60. 16.100
  libavdevice    60.  3.100 / 60.  3.100
  libavfilter     9. 12.100 /  9. 12.100
  libswscale      7.  5.100 /  7.  5.100
  libswresample   4. 12.100 /  4. 12.100
  libpostproc    57.  3.100 / 57.  3.100
Input #0, mov,mp4,m4a,3gp,3g2,mj2, from '/data/vaishak/combined-kv-quant/results/runs/backfill_spatial_mixed_fg_rtn_int4_bg_rtn_int4_04d60f52e048_10s/videos/SPATIAL_MIXED_FG_RTN_INT4_BG_RTN_INT4/prompt_0000_seed_0.mp4':
  Metadata:
    major_brand     : isom
    minor_version   : 512
    compatible_brands: isomiso2avc1mp41
    encoder         : Lavf61.1.100
  Duration: 00:00:10.31, start: 0.000000, bitrate: 1073 kb/s
  Stream #0:0[0x1](und): Video: h264 (High) (avc1 / 0x31637661), yuv420p(progressive), 832x480, 1071 kb/s, 16 fps, 16 tbr, 16384 tbn (default)
    Metadata:
      handler_name    : VideoHandler
      vendor_id       : [0][0][0][0]
Stream mapping:
  Stream #0:0 -> #0:0 (h264 (native) -> h264 (libx264))
Press [q] to stop, [?] for help
[libx264 @ 0x63d7abc28240] using cpu capabilities: MMX2 SSE2Fast SSSE3 SSE4.2 AVX FMA3 BMI2 AVX2
[libx264 @ 0x63d7abc28240] profile High, level 3.0, 4:2:0, 8-bit
[libx264 @ 0x63d7abc28240] 264 - core 164 r3108 31e19f9 - H.264/MPEG-4 AVC codec - Copyleft 2003-2023 - http://www.videolan.org/x264.html - options: cabac=1 ref=3 deblock=1:0:0 analyse=0x3:0x113 me=hex subme=7 psy=1 psy_rd=1.00:0.00 mixed_ref=1 me_range=16 chroma_me=1 trellis=1 8x8dct=1 cqm=0 deadzone=21,11 fast_pskip=1 chroma_qp_offset=-2 threads=15 lookahead_threads=2 sliced_threads=0 nr=0 decimate=1 interlaced=0 bluray_compat=0 constrained_intra=0 bframes=3 b_pyramid=2 b_adapt=1 b_bias=0 direct=1 weightb=1 open_gop=0 weightp=2 keyint=250 keyint_min=16 scenecut=40 intra_refresh=0 rc_lookahead=40 rc=crf mbtree=1 crf=23.0 qcomp=0.60 qpmin=0 qpmax=69 qpstep=4 ip_ratio=1.40 aq=1:1.00
Output #0, mp4, to '/data/vaishak/combined-kv-quant/results/combined/backfills/drift/moviegen/4285f2901eded304_SPATIAL_MIXED_FG_RTN_INT4_BG_RTN_INT4/SPATIAL_MIXED_FG_RTN_INT4_BG_RTN_INT4_frames_165/prompt_0000_seed_0.mp4':
  Metadata:
    major_brand     : isom
    minor_version   : 512
    compatible_brands: isomiso2avc1mp41
    encoder         : Lavf60.16.100
  Stream #0:0(und): Video: h264 (avc1 / 0x31637661), yuv420p(progressive), 832x480, q=2-31, 16 fps, 16384 tbn (default)
    Metadata:
      handler_name    : VideoHandler
      vendor_id       : [0][0][0][0]
      encoder         : Lavc60.31.102 libx264
    Side data:
      cpb: bitrate max/min/avg: 0/0/0 buffer size: 0 vbv_delay: N/A
frame=    0 fps=0.0 q=0.0 size=       0kB time=N/A bitrate=N/A speed=N/A    [out#0/mp4 @ 0x63d7abb9b0c0] video:2057kB audio:0kB subtitle:0kB other streams:0kB global headers:0kB muxing overhead: 0.135354%
frame=  165 fps=0.0 q=-1.0 Lsize=    2060kB time=00:00:10.12 bitrate=1666.5kbits/s speed=14.3x    
[libx264 @ 0x63d7abc28240] frame I:2     Avg QP:22.56  size: 49678
[libx264 @ 0x63d7abc28240] frame P:45    Avg QP:24.34  size: 24511
[libx264 @ 0x63d7abc28240] frame B:118   Avg QP:27.10  size:  7655
[libx264 @ 0x63d7abc28240] consecutive B-frames:  3.6%  2.4%  1.8% 92.1%
[libx264 @ 0x63d7abc28240] mb I  I16..4:  2.6% 70.1% 27.2%
[libx264 @ 0x63d7abc28240] mb P  I16..4:  1.8% 24.3%  4.3%  P16..4: 35.2% 22.7%  9.0%  0.0%  0.0%    skip: 2.7%
[libx264 @ 0x63d7abc28240] mb B  I16..4:  0.3%  3.1%  0.7%  B16..8: 46.8% 12.7%  3.6%  direct: 4.6%  skip:28.2%  L0:53.1% L1:33.5% BI:13.4%
[libx264 @ 0x63d7abc28240] 8x8 transform intra:77.8% inter:74.1%
[libx264 @ 0x63d7abc28240] coded y,uvDC,uvAC intra: 84.1% 89.3% 45.7% inter: 31.6% 31.7% 2.7%
[libx264 @ 0x63d7abc28240] i16 v,h,dc,p: 31% 14%  9% 46%
[libx264 @ 0x63d7abc28240] i8 v,h,dc,ddl,ddr,vr,hd,vl,hu: 22% 14% 13%  7%  7% 10%  8% 10% 10%
[libx264 @ 0x63d7abc28240] i4 v,h,dc,ddl,ddr,vr,hd,vl,hu: 24% 14% 12%  7%  8% 10%  8%  9%  7%
[libx264 @ 0x63d7abc28240] i8c dc,h,v,p: 37% 17% 29% 16%
[libx264 @ 0x63d7abc28240] Weighted P-Frames: Y:17.8% UV:11.1%
[libx264 @ 0x63d7abc28240] ref P L0: 51.4% 23.6% 16.7%  7.0%  1.2%
[libx264 @ 0x63d7abc28240] ref B L0: 87.2% 10.1%  2.6%
[libx264 @ 0x63d7abc28240] ref B L1: 99.2%  0.8%
[libx264 @ 0x63d7abc28240] kb/s:1633.47
ffmpeg version 6.1.1-3ubuntu5 Copyright (c) 2000-2023 the FFmpeg developers
  built with gcc 13 (Ubuntu 13.2.0-23ubuntu3)
  configuration: --prefix=/usr --extra-version=3ubuntu5 --toolchain=hardened --libdir=/usr/lib/x86_64-linux-gnu --incdir=/usr/include/x86_64-linux-gnu --arch=amd64 --enable-gpl --disable-stripping --disable-omx --enable-gnutls --enable-libaom --enable-libass --enable-libbs2b --enable-libcaca --enable-libcdio --enable-libcodec2 --enable-libdav1d --enable-libflite --enable-libfontconfig --enable-libfreetype --enable-libfribidi --enable-libglslang --enable-libgme --enable-libgsm --enable-libharfbuzz --enable-libmp3lame --enable-libmysofa --enable-libopenjpeg --enable-libopenmpt --enable-libopus --enable-librubberband --enable-libshine --enable-libsnappy --enable-libsoxr --enable-libspeex --enable-libtheora --enable-libtwolame --enable-libvidstab --enable-libvorbis --enable-libvpx --enable-libwebp --enable-libx265 --enable-libxml2 --enable-libxvid --enable-libzimg --enable-openal --enable-opencl --enable-opengl --disable-sndio --enable-libvpl --disable-libmfx --enable-libdc1394 --enable-libdrm --enable-libiec61883 --enable-chromaprint --enable-frei0r --enable-ladspa --enable-libbluray --enable-libjack --enable-libpulse --enable-librabbitmq --enable-librist --enable-libsrt --enable-libssh --enable-libsvtav1 --enable-libx264 --enable-libzmq --enable-libzvbi --enable-lv2 --enable-sdl2 --enable-libplacebo --enable-librav1e --enable-pocketsphinx --enable-librsvg --enable-libjxl --enable-shared
  libavutil      58. 29.100 / 58. 29.100
  libavcodec     60. 31.102 / 60. 31.102
  libavformat    60. 16.100 / 60. 16.100
  libavdevice    60.  3.100 / 60.  3.100
  libavfilter     9. 12.100 /  9. 12.100
  libswscale      7.  5.100 /  7.  5.100
  libswresample   4. 12.100 /  4. 12.100
  libpostproc    57.  3.100 / 57.  3.100
Input #0, mov,mp4,m4a,3gp,3g2,mj2, from '/data/vaishak/combined-kv-quant/results/runs/backfill_spatial_mixed_fg_rtn_int4_bg_rtn_int4_04d60f52e048_10s/videos/SPATIAL_MIXED_FG_RTN_INT4_BG_RTN_INT4/prompt_0001_seed_1.mp4':
  Metadata:
    major_brand     : isom
    minor_version   : 512
    compatible_brands: isomiso2avc1mp41
    encoder         : Lavf61.1.100
  Duration: 00:00:10.31, start: 0.000000, bitrate: 1062 kb/s
  Stream #0:0[0x1](und): Video: h264 (High) (avc1 / 0x31637661), yuv420p(progressive), 832x480, 1060 kb/s, 16 fps, 16 tbr, 16384 tbn (default)
    Metadata:
      handler_name    : VideoHandler
      vendor_id       : [0][0][0][0]
Stream mapping:
  Stream #0:0 -> #0:0 (h264 (native) -> h264 (libx264))
Press [q] to stop, [?] for help
[libx264 @ 0x599377f97ac0] using cpu capabilities: MMX2 SSE2Fast SSSE3 SSE4.2 AVX FMA3 BMI2 AVX2
[libx264 @ 0x599377f97ac0] profile High, level 3.0, 4:2:0, 8-bit
[libx264 @ 0x599377f97ac0] 264 - core 164 r3108 31e19f9 - H.264/MPEG-4 AVC codec - Copyleft 2003-2023 - http://www.videolan.org/x264.html - options: cabac=1 ref=3 deblock=1:0:0 analyse=0x3:0x113 me=hex subme=7 psy=1 psy_rd=1.00:0.00 mixed_ref=1 me_range=16 chroma_me=1 trellis=1 8x8dct=1 cqm=0 deadzone=21,11 fast_pskip=1 chroma_qp_offset=-2 threads=15 lookahead_threads=2 sliced_threads=0 nr=0 decimate=1 interlaced=0 bluray_compat=0 constrained_intra=0 bframes=3 b_pyramid=2 b_adapt=1 b_bias=0 direct=1 weightb=1 open_gop=0 weightp=2 keyint=250 keyint_min=16 scenecut=40 intra_refresh=0 rc_lookahead=40 rc=crf mbtree=1 crf=23.0 qcomp=0.60 qpmin=0 qpmax=69 qpstep=4 ip_ratio=1.40 aq=1:1.00
Output #0, mp4, to '/data/vaishak/combined-kv-quant/results/combined/backfills/drift/moviegen/4285f2901eded304_SPATIAL_MIXED_FG_RTN_INT4_BG_RTN_INT4/SPATIAL_MIXED_FG_RTN_INT4_BG_RTN_INT4_frames_165/prompt_0001_seed_1.mp4':
  Metadata:
    major_brand     : isom
    minor_version   : 512
    compatible_brands: isomiso2avc1mp41
    encoder         : Lavf60.16.100
  Stream #0:0(und): Video: h264 (avc1 / 0x31637661), yuv420p(progressive), 832x480, q=2-31, 16 fps, 16384 tbn (default)
    Metadata:
      handler_name    : VideoHandler
      vendor_id       : [0][0][0][0]
      encoder         : Lavc60.31.102 libx264
    Side data:
      cpb: bitrate max/min/avg: 0/0/0 buffer size: 0 vbv_delay: N/A
frame=    0 fps=0.0 q=0.0 size=       0kB time=N/A bitrate=N/A speed=N/A    [out#0/mp4 @ 0x599377f0b0c0] video:1818kB audio:0kB subtitle:0kB other streams:0kB global headers:0kB muxing overhead: 0.151897%
frame=  165 fps=0.0 q=-1.0 Lsize=    1820kB time=00:00:10.12 bitrate=1472.8kbits/s speed=14.4x    
[libx264 @ 0x599377f97ac0] frame I:2     Avg QP:21.54  size: 54695
[libx264 @ 0x599377f97ac0] frame P:47    Avg QP:23.53  size: 24367
[libx264 @ 0x599377f97ac0] frame B:116   Avg QP:26.36  size:  5222
[libx264 @ 0x599377f97ac0] consecutive B-frames:  4.2%  3.6%  7.3% 84.8%
[libx264 @ 0x599377f97ac0] mb I  I16..4:  4.1% 73.6% 22.3%
[libx264 @ 0x599377f97ac0] mb P  I16..4:  1.0% 10.4%  1.3%  P16..4: 42.8% 25.4% 13.1%  0.0%  0.0%    skip: 6.0%
[libx264 @ 0x599377f97ac0] mb B  I16..4:  0.0%  0.2%  0.0%  B16..8: 52.3%  8.2%  3.0%  direct: 2.3%  skip:34.0%  L0:46.9% L1:45.2% BI: 7.9%
[libx264 @ 0x599377f97ac0] 8x8 transform intra:79.5% inter:67.8%
[libx264 @ 0x599377f97ac0] coded y,uvDC,uvAC intra: 86.5% 78.7% 24.0% inter: 26.4% 16.9% 0.1%
[libx264 @ 0x599377f97ac0] i16 v,h,dc,p:  3% 53%  8% 37%
[libx264 @ 0x599377f97ac0] i8 v,h,dc,ddl,ddr,vr,hd,vl,hu:  7% 31% 20%  4%  6%  5% 10%  5% 11%
[libx264 @ 0x599377f97ac0] i4 v,h,dc,ddl,ddr,vr,hd,vl,hu: 10% 26% 14%  6%  8%  7% 12%  6% 11%
[libx264 @ 0x599377f97ac0] i8c dc,h,v,p: 39% 39% 10% 12%
[libx264 @ 0x599377f97ac0] Weighted P-Frames: Y:27.7% UV:10.6%
[libx264 @ 0x599377f97ac0] ref P L0: 55.0% 24.4% 13.9%  5.5%  1.3%
[libx264 @ 0x599377f97ac0] ref B L0: 93.2%  6.0%  0.8%
[libx264 @ 0x599377f97ac0] ref B L1: 99.2%  0.8%
[libx264 @ 0x599377f97ac0] kb/s:1443.25
ffmpeg version 6.1.1-3ubuntu5 Copyright (c) 2000-2023 the FFmpeg developers
  built with gcc 13 (Ubuntu 13.2.0-23ubuntu3)
  configuration: --prefix=/usr --extra-version=3ubuntu5 --toolchain=hardened --libdir=/usr/lib/x86_64-linux-gnu --incdir=/usr/include/x86_64-linux-gnu --arch=amd64 --enable-gpl --disable-stripping --disable-omx --enable-gnutls --enable-libaom --enable-libass --enable-libbs2b --enable-libcaca --enable-libcdio --enable-libcodec2 --enable-libdav1d --enable-libflite --enable-libfontconfig --enable-libfreetype --enable-libfribidi --enable-libglslang --enable-libgme --enable-libgsm --enable-libharfbuzz --enable-libmp3lame --enable-libmysofa --enable-libopenjpeg --enable-libopenmpt --enable-libopus --enable-librubberband --enable-libshine --enable-libsnappy --enable-libsoxr --enable-libspeex --enable-libtheora --enable-libtwolame --enable-libvidstab --enable-libvorbis --enable-libvpx --enable-libwebp --enable-libx265 --enable-libxml2 --enable-libxvid --enable-libzimg --enable-openal --enable-opencl --enable-opengl --disable-sndio --enable-libvpl --disable-libmfx --enable-libdc1394 --enable-libdrm --enable-libiec61883 --enable-chromaprint --enable-frei0r --enable-ladspa --enable-libbluray --enable-libjack --enable-libpulse --enable-librabbitmq --enable-librist --enable-libsrt --enable-libssh --enable-libsvtav1 --enable-libx264 --enable-libzmq --enable-libzvbi --enable-lv2 --enable-sdl2 --enable-libplacebo --enable-librav1e --enable-pocketsphinx --enable-librsvg --enable-libjxl --enable-shared
  libavutil      58. 29.100 / 58. 29.100
  libavcodec     60. 31.102 / 60. 31.102
  libavformat    60. 16.100 / 60. 16.100
  libavdevice    60.  3.100 / 60.  3.100
  libavfilter     9. 12.100 /  9. 12.100
  libswscale      7.  5.100 /  7.  5.100
  libswresample   4. 12.100 /  4. 12.100
  libpostproc    57.  3.100 / 57.  3.100
Input #0, mov,mp4,m4a,3gp,3g2,mj2, from '/data/vaishak/combined-kv-quant/results/runs/backfill_spatial_mixed_fg_rtn_int4_bg_rtn_int4_04d60f52e048_10s/videos/SPATIAL_MIXED_FG_RTN_INT4_BG_RTN_INT4/prompt_0002_seed_2.mp4':
  Metadata:
    major_brand     : isom
    minor_version   : 512
    compatible_brands: isomiso2avc1mp41
    encoder         : Lavf61.1.100
  Duration: 00:00:10.31, start: 0.000000, bitrate: 1048 kb/s
  Stream #0:0[0x1](und): Video: h264 (High) (avc1 / 0x31637661), yuv420p(progressive), 832x480, 1045 kb/s, 16 fps, 16 tbr, 16384 tbn (default)
    Metadata:
      handler_name    : VideoHandler
      vendor_id       : [0][0][0][0]
Stream mapping:
  Stream #0:0 -> #0:0 (h264 (native) -> h264 (libx264))
Press [q] to stop, [?] for help
[libx264 @ 0x5626a3cc04c0] using cpu capabilities: MMX2 SSE2Fast SSSE3 SSE4.2 AVX FMA3 BMI2 AVX2
[libx264 @ 0x5626a3cc04c0] profile High, level 3.0, 4:2:0, 8-bit
[libx264 @ 0x5626a3cc04c0] 264 - core 164 r3108 31e19f9 - H.264/MPEG-4 AVC codec - Copyleft 2003-2023 - http://www.videolan.org/x264.html - options: cabac=1 ref=3 deblock=1:0:0 analyse=0x3:0x113 me=hex subme=7 psy=1 psy_rd=1.00:0.00 mixed_ref=1 me_range=16 chroma_me=1 trellis=1 8x8dct=1 cqm=0 deadzone=21,11 fast_pskip=1 chroma_qp_offset=-2 threads=15 lookahead_threads=2 sliced_threads=0 nr=0 decimate=1 interlaced=0 bluray_compat=0 constrained_intra=0 bframes=3 b_pyramid=2 b_adapt=1 b_bias=0 direct=1 weightb=1 open_gop=0 weightp=2 keyint=250 keyint_min=16 scenecut=40 intra_refresh=0 rc_lookahead=40 rc=crf mbtree=1 crf=23.0 qcomp=0.60 qpmin=0 qpmax=69 qpstep=4 ip_ratio=1.40 aq=1:1.00
Output #0, mp4, to '/data/vaishak/combined-kv-quant/results/combined/backfills/drift/moviegen/4285f2901eded304_SPATIAL_MIXED_FG_RTN_INT4_BG_RTN_INT4/SPATIAL_MIXED_FG_RTN_INT4_BG_RTN_INT4_frames_165/prompt_0002_seed_2.mp4':
  Metadata:
    major_brand     : isom
    minor_version   : 512
    compatible_brands: isomiso2avc1mp41
    encoder         : Lavf60.16.100
  Stream #0:0(und): Video: h264 (avc1 / 0x31637661), yuv420p(progressive), 832x480, q=2-31, 16 fps, 16384 tbn (default)
    Metadata:
      handler_name    : VideoHandler
      vendor_id       : [0][0][0][0]
      encoder         : Lavc60.31.102 libx264
    Side data:
      cpb: bitrate max/min/avg: 0/0/0 buffer size: 0 vbv_delay: N/A
frame=    0 fps=0.0 q=0.0 size=       0kB time=N/A bitrate=N/A speed=N/A    [out#0/mp4 @ 0x5626a3cbf0c0] video:1549kB audio:0kB subtitle:0kB other streams:0kB global headers:0kB muxing overhead: 0.179797%
frame=  165 fps=0.0 q=-1.0 Lsize=    1551kB time=00:00:10.12 bitrate=1255.1kbits/s speed=16.6x    
[libx264 @ 0x5626a3cc04c0] frame I:4     Avg QP:20.15  size: 26297
[libx264 @ 0x5626a3cc04c0] frame P:45    Avg QP:22.83  size: 16340
[libx264 @ 0x5626a3cc04c0] frame B:116   Avg QP:24.94  size:  6418
[libx264 @ 0x5626a3cc04c0] consecutive B-frames:  4.2%  6.1%  0.0% 89.7%
[libx264 @ 0x5626a3cc04c0] mb I  I16..4: 33.3% 55.4% 11.3%
[libx264 @ 0x5626a3cc04c0] mb P  I16..4:  7.4% 16.2%  3.0%  P16..4: 42.9% 15.4%  5.8%  0.0%  0.0%    skip: 9.2%
[libx264 @ 0x5626a3cc04c0] mb B  I16..4:  0.5%  1.5%  0.4%  B16..8: 42.9% 10.2%  2.7%  direct: 4.1%  skip:37.6%  L0:42.6% L1:47.4% BI: 9.9%
[libx264 @ 0x5626a3cc04c0] 8x8 transform intra:60.3% inter:71.3%
[libx264 @ 0x5626a3cc04c0] coded y,uvDC,uvAC intra: 62.7% 76.7% 29.0% inter: 23.0% 28.4% 2.8%
[libx264 @ 0x5626a3cc04c0] i16 v,h,dc,p:  1% 51%  2% 46%
[libx264 @ 0x5626a3cc04c0] i8 v,h,dc,ddl,ddr,vr,hd,vl,hu: 10% 30% 16%  5%  7%  6% 10%  6% 11%
[libx264 @ 0x5626a3cc04c0] i4 v,h,dc,ddl,ddr,vr,hd,vl,hu: 15% 25% 13%  6%  9%  8% 10%  6%  8%
[libx264 @ 0x5626a3cc04c0] i8c dc,h,v,p: 36% 39% 13% 11%
[libx264 @ 0x5626a3cc04c0] Weighted P-Frames: Y:13.3% UV:6.7%
[libx264 @ 0x5626a3cc04c0] ref P L0: 56.2% 11.5% 21.6%  9.9%  0.9%
[libx264 @ 0x5626a3cc04c0] ref B L0: 86.0% 11.0%  3.0%
[libx264 @ 0x5626a3cc04c0] ref B L1: 98.0%  2.0%
[libx264 @ 0x5626a3cc04c0] kb/s:1229.57
ffmpeg version 6.1.1-3ubuntu5 Copyright (c) 2000-2023 the FFmpeg developers
  built with gcc 13 (Ubuntu 13.2.0-23ubuntu3)
  configuration: --prefix=/usr --extra-version=3ubuntu5 --toolchain=hardened --libdir=/usr/lib/x86_64-linux-gnu --incdir=/usr/include/x86_64-linux-gnu --arch=amd64 --enable-gpl --disable-stripping --disable-omx --enable-gnutls --enable-libaom --enable-libass --enable-libbs2b --enable-libcaca --enable-libcdio --enable-libcodec2 --enable-libdav1d --enable-libflite --enable-libfontconfig --enable-libfreetype --enable-libfribidi --enable-libglslang --enable-libgme --enable-libgsm --enable-libharfbuzz --enable-libmp3lame --enable-libmysofa --enable-libopenjpeg --enable-libopenmpt --enable-libopus --enable-librubberband --enable-libshine --enable-libsnappy --enable-libsoxr --enable-libspeex --enable-libtheora --enable-libtwolame --enable-libvidstab --enable-libvorbis --enable-libvpx --enable-libwebp --enable-libx265 --enable-libxml2 --enable-libxvid --enable-libzimg --enable-openal --enable-opencl --enable-opengl --disable-sndio --enable-libvpl --disable-libmfx --enable-libdc1394 --enable-libdrm --enable-libiec61883 --enable-chromaprint --enable-frei0r --enable-ladspa --enable-libbluray --enable-libjack --enable-libpulse --enable-librabbitmq --enable-librist --enable-libsrt --enable-libssh --enable-libsvtav1 --enable-libx264 --enable-libzmq --enable-libzvbi --enable-lv2 --enable-sdl2 --enable-libplacebo --enable-librav1e --enable-pocketsphinx --enable-librsvg --enable-libjxl --enable-shared
  libavutil      58. 29.100 / 58. 29.100
  libavcodec     60. 31.102 / 60. 31.102
  libavformat    60. 16.100 / 60. 16.100
  libavdevice    60.  3.100 / 60.  3.100
  libavfilter     9. 12.100 /  9. 12.100
  libswscale      7.  5.100 /  7.  5.100
  libswresample   4. 12.100 /  4. 12.100
  libpostproc    57.  3.100 / 57.  3.100
Input #0, mov,mp4,m4a,3gp,3g2,mj2, from '/data/vaishak/combined-kv-quant/results/runs/backfill_spatial_mixed_fg_rtn_int4_bg_rtn_int4_04d60f52e048_10s/videos/SPATIAL_MIXED_FG_RTN_INT4_BG_RTN_INT4/prompt_0003_seed_3.mp4':
  Metadata:
    major_brand     : isom
    minor_version   : 512
    compatible_brands: isomiso2avc1mp41
    encoder         : Lavf61.1.100
  Duration: 00:00:10.31, start: 0.000000, bitrate: 1096 kb/s
  Stream #0:0[0x1](und): Video: h264 (High) (avc1 / 0x31637661), yuv420p(progressive), 832x480, 1094 kb/s, 16 fps, 16 tbr, 16384 tbn (default)
    Metadata:
      handler_name    : VideoHandler
      vendor_id       : [0][0][0][0]
Stream mapping:
  Stream #0:0 -> #0:0 (h264 (native) -> h264 (libx264))
Press [q] to stop, [?] for help
[libx264 @ 0x5fd1ee3305c0] using cpu capabilities: MMX2 SSE2Fast SSSE3 SSE4.2 AVX FMA3 BMI2 AVX2
[libx264 @ 0x5fd1ee3305c0] profile High, level 3.0, 4:2:0, 8-bit
[libx264 @ 0x5fd1ee3305c0] 264 - core 164 r3108 31e19f9 - H.264/MPEG-4 AVC codec - Copyleft 2003-2023 - http://www.videolan.org/x264.html - options: cabac=1 ref=3 deblock=1:0:0 analyse=0x3:0x113 me=hex subme=7 psy=1 psy_rd=1.00:0.00 mixed_ref=1 me_range=16 chroma_me=1 trellis=1 8x8dct=1 cqm=0 deadzone=21,11 fast_pskip=1 chroma_qp_offset=-2 threads=15 lookahead_threads=2 sliced_threads=0 nr=0 decimate=1 interlaced=0 bluray_compat=0 constrained_intra=0 bframes=3 b_pyramid=2 b_adapt=1 b_bias=0 direct=1 weightb=1 open_gop=0 weightp=2 keyint=250 keyint_min=16 scenecut=40 intra_refresh=0 rc_lookahead=40 rc=crf mbtree=1 crf=23.0 qcomp=0.60 qpmin=0 qpmax=69 qpstep=4 ip_ratio=1.40 aq=1:1.00
Output #0, mp4, to '/data/vaishak/combined-kv-quant/results/combined/backfills/drift/moviegen/4285f2901eded304_SPATIAL_MIXED_FG_RTN_INT4_BG_RTN_INT4/SPATIAL_MIXED_FG_RTN_INT4_BG_RTN_INT4_frames_165/prompt_0003_seed_3.mp4':
  Metadata:
    major_brand     : isom
    minor_version   : 512
    compatible_brands: isomiso2avc1mp41
    encoder         : Lavf60.16.100
  Stream #0:0(und): Video: h264 (avc1 / 0x31637661), yuv420p(progressive), 832x480, q=2-31, 16 fps, 16384 tbn (default)
    Metadata:
      handler_name    : VideoHandler
      vendor_id       : [0][0][0][0]
      encoder         : Lavc60.31.102 libx264
    Side data:
      cpb: bitrate max/min/avg: 0/0/0 buffer size: 0 vbv_delay: N/A
frame=    0 fps=0.0 q=0.0 size=       0kB time=N/A bitrate=N/A speed=N/A    [out#0/mp4 @ 0x5fd1ee32f1c0] video:2624kB audio:0kB subtitle:0kB other streams:0kB global headers:0kB muxing overhead: 0.106089%
frame=  165 fps=0.0 q=-1.0 Lsize=    2627kB time=00:00:10.12 bitrate=2125.6kbits/s speed=13.3x    
[libx264 @ 0x5fd1ee3305c0] frame I:6     Avg QP:21.97  size: 44226
[libx264 @ 0x5fd1ee3305c0] frame P:46    Avg QP:25.02  size: 29774
[libx264 @ 0x5fd1ee3305c0] frame B:113   Avg QP:26.76  size:  9307
[libx264 @ 0x5fd1ee3305c0] consecutive B-frames:  6.1%  7.3%  1.8% 84.8%
[libx264 @ 0x5fd1ee3305c0] mb I  I16..4: 13.0% 70.5% 16.5%
[libx264 @ 0x5fd1ee3305c0] mb P  I16..4:  2.0% 26.3%  5.2%  P16..4: 33.1% 18.7%  8.5%  0.0%  0.0%    skip: 6.3%
[libx264 @ 0x5fd1ee3305c0] mb B  I16..4:  0.1%  1.7%  0.5%  B16..8: 47.9% 13.2%  5.1%  direct: 4.0%  skip:27.6%  L0:39.0% L1:50.1% BI:10.9%
[libx264 @ 0x5fd1ee3305c0] 8x8 transform intra:76.1% inter:66.9%
[libx264 @ 0x5fd1ee3305c0] coded y,uvDC,uvAC intra: 89.2% 89.4% 41.7% inter: 32.8% 28.9% 0.7%
[libx264 @ 0x5fd1ee3305c0] i16 v,h,dc,p:  1% 52%  4% 43%
[libx264 @ 0x5fd1ee3305c0] i8 v,h,dc,ddl,ddr,vr,hd,vl,hu:  9% 21% 15%  7%  8%  7% 12%  9% 11%
[libx264 @ 0x5fd1ee3305c0] i4 v,h,dc,ddl,ddr,vr,hd,vl,hu: 10% 20% 12%  9% 10%  8% 12%  8% 11%
[libx264 @ 0x5fd1ee3305c0] i8c dc,h,v,p: 38% 28% 15% 19%
[libx264 @ 0x5fd1ee3305c0] Weighted P-Frames: Y:17.4% UV:6.5%
[libx264 @ 0x5fd1ee3305c0] ref P L0: 56.0% 17.3% 19.6%  6.5%  0.5%
[libx264 @ 0x5fd1ee3305c0] ref B L0: 84.7% 12.8%  2.5%
[libx264 @ 0x5fd1ee3305c0] ref B L1: 99.0%  1.0%
[libx264 @ 0x5fd1ee3305c0] kb/s:2084.20
ffmpeg version 6.1.1-3ubuntu5 Copyright (c) 2000-2023 the FFmpeg developers
  built with gcc 13 (Ubuntu 13.2.0-23ubuntu3)
  configuration: --prefix=/usr --extra-version=3ubuntu5 --toolchain=hardened --libdir=/usr/lib/x86_64-linux-gnu --incdir=/usr/include/x86_64-linux-gnu --arch=amd64 --enable-gpl --disable-stripping --disable-omx --enable-gnutls --enable-libaom --enable-libass --enable-libbs2b --enable-libcaca --enable-libcdio --enable-libcodec2 --enable-libdav1d --enable-libflite --enable-libfontconfig --enable-libfreetype --enable-libfribidi --enable-libglslang --enable-libgme --enable-libgsm --enable-libharfbuzz --enable-libmp3lame --enable-libmysofa --enable-libopenjpeg --enable-libopenmpt --enable-libopus --enable-librubberband --enable-libshine --enable-libsnappy --enable-libsoxr --enable-libspeex --enable-libtheora --enable-libtwolame --enable-libvidstab --enable-libvorbis --enable-libvpx --enable-libwebp --enable-libx265 --enable-libxml2 --enable-libxvid --enable-libzimg --enable-openal --enable-opencl --enable-opengl --disable-sndio --enable-libvpl --disable-libmfx --enable-libdc1394 --enable-libdrm --enable-libiec61883 --enable-chromaprint --enable-frei0r --enable-ladspa --enable-libbluray --enable-libjack --enable-libpulse --enable-librabbitmq --enable-librist --enable-libsrt --enable-libssh --enable-libsvtav1 --enable-libx264 --enable-libzmq --enable-libzvbi --enable-lv2 --enable-sdl2 --enable-libplacebo --enable-librav1e --enable-pocketsphinx --enable-librsvg --enable-libjxl --enable-shared
  libavutil      58. 29.100 / 58. 29.100
  libavcodec     60. 31.102 / 60. 31.102
  libavformat    60. 16.100 / 60. 16.100
  libavdevice    60.  3.100 / 60.  3.100
  libavfilter     9. 12.100 /  9. 12.100
  libswscale      7.  5.100 /  7.  5.100
  libswresample   4. 12.100 /  4. 12.100
  libpostproc    57.  3.100 / 57.  3.100
Input #0, mov,mp4,m4a,3gp,3g2,mj2, from '/data/vaishak/combined-kv-quant/results/runs/backfill_spatial_mixed_fg_rtn_int4_bg_rtn_int4_04d60f52e048_10s/videos/SPATIAL_MIXED_FG_RTN_INT4_BG_RTN_INT4/prompt_0004_seed_4.mp4':
  Metadata:
    major_brand     : isom
    minor_version   : 512
    compatible_brands: isomiso2avc1mp41
    encoder         : Lavf61.1.100
  Duration: 00:00:10.31, start: 0.000000, bitrate: 1085 kb/s
  Stream #0:0[0x1](und): Video: h264 (High) (avc1 / 0x31637661), yuv420p(progressive), 832x480, 1083 kb/s, 16 fps, 16 tbr, 16384 tbn (default)
    Metadata:
      handler_name    : VideoHandler
      vendor_id       : [0][0][0][0]
Stream mapping:
  Stream #0:0 -> #0:0 (h264 (native) -> h264 (libx264))
Press [q] to stop, [?] for help
[libx264 @ 0x5ff88ca6f7c0] using cpu capabilities: MMX2 SSE2Fast SSSE3 SSE4.2 AVX FMA3 BMI2 AVX2
[libx264 @ 0x5ff88ca6f7c0] profile High, level 3.0, 4:2:0, 8-bit
[libx264 @ 0x5ff88ca6f7c0] 264 - core 164 r3108 31e19f9 - H.264/MPEG-4 AVC codec - Copyleft 2003-2023 - http://www.videolan.org/x264.html - options: cabac=1 ref=3 deblock=1:0:0 analyse=0x3:0x113 me=hex subme=7 psy=1 psy_rd=1.00:0.00 mixed_ref=1 me_range=16 chroma_me=1 trellis=1 8x8dct=1 cqm=0 deadzone=21,11 fast_pskip=1 chroma_qp_offset=-2 threads=15 lookahead_threads=2 sliced_threads=0 nr=0 decimate=1 interlaced=0 bluray_compat=0 constrained_intra=0 bframes=3 b_pyramid=2 b_adapt=1 b_bias=0 direct=1 weightb=1 open_gop=0 weightp=2 keyint=250 keyint_min=16 scenecut=40 intra_refresh=0 rc_lookahead=40 rc=crf mbtree=1 crf=23.0 qcomp=0.60 qpmin=0 qpmax=69 qpstep=4 ip_ratio=1.40 aq=1:1.00
Output #0, mp4, to '/data/vaishak/combined-kv-quant/results/combined/backfills/drift/moviegen/4285f2901eded304_SPATIAL_MIXED_FG_RTN_INT4_BG_RTN_INT4/SPATIAL_MIXED_FG_RTN_INT4_BG_RTN_INT4_frames_165/prompt_0004_seed_4.mp4':
  Metadata:
    major_brand     : isom
    minor_version   : 512
    compatible_brands: isomiso2avc1mp41
    encoder         : Lavf60.16.100
  Stream #0:0(und): Video: h264 (avc1 / 0x31637661), yuv420p(progressive), 832x480, q=2-31, 16 fps, 16384 tbn (default)
    Metadata:
      handler_name    : VideoHandler
      vendor_id       : [0][0][0][0]
      encoder         : Lavc60.31.102 libx264
    Side data:
      cpb: bitrate max/min/avg: 0/0/0 buffer size: 0 vbv_delay: N/A
frame=    0 fps=0.0 q=0.0 size=       0kB time=N/A bitrate=N/A speed=N/A    [out#0/mp4 @ 0x5ff88ca6e1c0] video:1123kB audio:0kB subtitle:0kB other streams:0kB global headers:0kB muxing overhead: 0.247273%
frame=  165 fps=0.0 q=-1.0 Lsize=    1126kB time=00:00:10.12 bitrate= 910.7kbits/s speed=17.5x    
[libx264 @ 0x5ff88ca6f7c0] frame I:2     Avg QP:20.12  size: 34722
[libx264 @ 0x5ff88ca6f7c0] frame P:43    Avg QP:21.80  size: 15452
[libx264 @ 0x5ff88ca6f7c0] frame B:120   Avg QP:25.42  size:  3460
[libx264 @ 0x5ff88ca6f7c0] consecutive B-frames:  1.8%  2.4%  3.6% 92.1%
[libx264 @ 0x5ff88ca6f7c0] mb I  I16..4: 16.0% 68.6% 15.4%
[libx264 @ 0x5ff88ca6f7c0] mb P  I16..4:  1.7%  4.5%  0.9%  P16..4: 51.1% 22.9% 10.5%  0.0%  0.0%    skip: 8.5%
[libx264 @ 0x5ff88ca6f7c0] mb B  I16..4:  0.4%  0.6%  0.1%  B16..8: 38.2%  6.4%  1.6%  direct: 2.9%  skip:49.9%  L0:49.0% L1:42.6% BI: 8.4%
[libx264 @ 0x5ff88ca6f7c0] 8x8 transform intra:63.2% inter:75.8%
[libx264 @ 0x5ff88ca6f7c0] coded y,uvDC,uvAC intra: 64.5% 89.1% 48.0% inter: 18.5% 29.5% 1.5%
[libx264 @ 0x5ff88ca6f7c0] i16 v,h,dc,p: 19% 40%  3% 39%
[libx264 @ 0x5ff88ca6f7c0] i8 v,h,dc,ddl,ddr,vr,hd,vl,hu: 19% 24% 15%  6%  6%  8%  7%  8%  8%
[libx264 @ 0x5ff88ca6f7c0] i4 v,h,dc,ddl,ddr,vr,hd,vl,hu: 14% 21% 12%  7% 11% 10% 10%  7%  9%
[libx264 @ 0x5ff88ca6f7c0] i8c dc,h,v,p: 26% 30% 23% 22%
[libx264 @ 0x5ff88ca6f7c0] Weighted P-Frames: Y:23.3% UV:16.3%
[libx264 @ 0x5ff88ca6f7c0] ref P L0: 52.6% 16.0% 21.2%  8.8%  1.4%
[libx264 @ 0x5ff88ca6f7c0] ref B L0: 86.3% 11.0%  2.7%
[libx264 @ 0x5ff88ca6f7c0] ref B L1: 97.2%  2.8%
[libx264 @ 0x5ff88ca6f7c0] kb/s:891.39
ffmpeg version 6.1.1-3ubuntu5 Copyright (c) 2000-2023 the FFmpeg developers
  built with gcc 13 (Ubuntu 13.2.0-23ubuntu3)
  configuration: --prefix=/usr --extra-version=3ubuntu5 --toolchain=hardened --libdir=/usr/lib/x86_64-linux-gnu --incdir=/usr/include/x86_64-linux-gnu --arch=amd64 --enable-gpl --disable-stripping --disable-omx --enable-gnutls --enable-libaom --enable-libass --enable-libbs2b --enable-libcaca --enable-libcdio --enable-libcodec2 --enable-libdav1d --enable-libflite --enable-libfontconfig --enable-libfreetype --enable-libfribidi --enable-libglslang --enable-libgme --enable-libgsm --enable-libharfbuzz --enable-libmp3lame --enable-libmysofa --enable-libopenjpeg --enable-libopenmpt --enable-libopus --enable-librubberband --enable-libshine --enable-libsnappy --enable-libsoxr --enable-libspeex --enable-libtheora --enable-libtwolame --enable-libvidstab --enable-libvorbis --enable-libvpx --enable-libwebp --enable-libx265 --enable-libxml2 --enable-libxvid --enable-libzimg --enable-openal --enable-opencl --enable-opengl --disable-sndio --enable-libvpl --disable-libmfx --enable-libdc1394 --enable-libdrm --enable-libiec61883 --enable-chromaprint --enable-frei0r --enable-ladspa --enable-libbluray --enable-libjack --enable-libpulse --enable-librabbitmq --enable-librist --enable-libsrt --enable-libssh --enable-libsvtav1 --enable-libx264 --enable-libzmq --enable-libzvbi --enable-lv2 --enable-sdl2 --enable-libplacebo --enable-librav1e --enable-pocketsphinx --enable-librsvg --enable-libjxl --enable-shared
  libavutil      58. 29.100 / 58. 29.100
  libavcodec     60. 31.102 / 60. 31.102
  libavformat    60. 16.100 / 60. 16.100
  libavdevice    60.  3.100 / 60.  3.100
  libavfilter     9. 12.100 /  9. 12.100
  libswscale      7.  5.100 /  7.  5.100
  libswresample   4. 12.100 /  4. 12.100
  libpostproc    57.  3.100 / 57.  3.100
Input #0, mov,mp4,m4a,3gp,3g2,mj2, from '/data/vaishak/combined-kv-quant/results/runs/backfill_spatial_mixed_fg_rtn_int4_bg_rtn_int4_04d60f52e048_10s/videos/SPATIAL_MIXED_FG_RTN_INT4_BG_RTN_INT4/prompt_0005_seed_5.mp4':
  Metadata:
    major_brand     : isom
    minor_version   : 512
    compatible_brands: isomiso2avc1mp41
    encoder         : Lavf61.1.100
  Duration: 00:00:10.31, start: 0.000000, bitrate: 1074 kb/s
  Stream #0:0[0x1](und): Video: h264 (High) (avc1 / 0x31637661), yuv420p(progressive), 832x480, 1072 kb/s, 16 fps, 16 tbr, 16384 tbn (default)
    Metadata:
      handler_name    : VideoHandler
      vendor_id       : [0][0][0][0]
Stream mapping:
  Stream #0:0 -> #0:0 (h264 (native) -> h264 (libx264))
Press [q] to stop, [?] for help
[libx264 @ 0x5f322d3d94c0] using cpu capabilities: MMX2 SSE2Fast SSSE3 SSE4.2 AVX FMA3 BMI2 AVX2
[libx264 @ 0x5f322d3d94c0] profile High, level 3.0, 4:2:0, 8-bit
[libx264 @ 0x5f322d3d94c0] 264 - core 164 r3108 31e19f9 - H.264/MPEG-4 AVC codec - Copyleft 2003-2023 - http://www.videolan.org/x264.html - options: cabac=1 ref=3 deblock=1:0:0 analyse=0x3:0x113 me=hex subme=7 psy=1 psy_rd=1.00:0.00 mixed_ref=1 me_range=16 chroma_me=1 trellis=1 8x8dct=1 cqm=0 deadzone=21,11 fast_pskip=1 chroma_qp_offset=-2 threads=15 lookahead_threads=2 sliced_threads=0 nr=0 decimate=1 interlaced=0 bluray_compat=0 constrained_intra=0 bframes=3 b_pyramid=2 b_adapt=1 b_bias=0 direct=1 weightb=1 open_gop=0 weightp=2 keyint=250 keyint_min=16 scenecut=40 intra_refresh=0 rc_lookahead=40 rc=crf mbtree=1 crf=23.0 qcomp=0.60 qpmin=0 qpmax=69 qpstep=4 ip_ratio=1.40 aq=1:1.00
Output #0, mp4, to '/data/vaishak/combined-kv-quant/results/combined/backfills/drift/moviegen/4285f2901eded304_SPATIAL_MIXED_FG_RTN_INT4_BG_RTN_INT4/SPATIAL_MIXED_FG_RTN_INT4_BG_RTN_INT4_frames_165/prompt_0005_seed_5.mp4':
  Metadata:
    major_brand     : isom
    minor_version   : 512
    compatible_brands: isomiso2avc1mp41
    encoder         : Lavf60.16.100
  Stream #0:0(und): Video: h264 (avc1 / 0x31637661), yuv420p(progressive), 832x480, q=2-31, 16 fps, 16384 tbn (default)
    Metadata:
      handler_name    : VideoHandler
      vendor_id       : [0][0][0][0]
      encoder         : Lavc60.31.102 libx264
    Side data:
      cpb: bitrate max/min/avg: 0/0/0 buffer size: 0 vbv_delay: N/A
frame=    0 fps=0.0 q=0.0 size=       0kB time=N/A bitrate=N/A speed=N/A    [out#0/mp4 @ 0x5f322d3420c0] video:2450kB audio:0kB subtitle:0kB other streams:0kB global headers:0kB muxing overhead: 0.113790%
frame=  165 fps=0.0 q=-1.0 Lsize=    2453kB time=00:00:10.12 bitrate=1984.7kbits/s speed=14.7x    
[libx264 @ 0x5f322d3d94c0] frame I:1     Avg QP:23.40  size:106406
[libx264 @ 0x5f322d3d94c0] frame P:45    Avg QP:24.03  size: 37243
[libx264 @ 0x5f322d3d94c0] frame B:119   Avg QP:27.54  size:  6101
[libx264 @ 0x5f322d3d94c0] consecutive B-frames:  0.6%  8.5%  3.6% 87.3%
[libx264 @ 0x5f322d3d94c0] mb I  I16..4:  3.0% 33.2% 63.8%
[libx264 @ 0x5f322d3d94c0] mb P  I16..4:  1.4%  7.0%  1.0%  P16..4: 37.0% 30.6% 21.0%  0.0%  0.0%    skip: 2.0%
[libx264 @ 0x5f322d3d94c0] mb B  I16..4:  0.1%  0.3%  0.1%  B16..8: 51.4%  9.9%  4.1%  direct: 3.9%  skip:30.1%  L0:49.5% L1:38.8% BI:11.7%
[libx264 @ 0x5f322d3d94c0] 8x8 transform intra:66.5% inter:60.4%
[libx264 @ 0x5f322d3d94c0] coded y,uvDC,uvAC intra: 76.6% 97.3% 78.3% inter: 29.3% 38.9% 10.9%
[libx264 @ 0x5f322d3d94c0] i16 v,h,dc,p:  4% 38%  9% 49%
[libx264 @ 0x5f322d3d94c0] i8 v,h,dc,ddl,ddr,vr,hd,vl,hu:  8% 31% 21%  4%  4%  4%  8%  4% 15%
[libx264 @ 0x5f322d3d94c0] i4 v,h,dc,ddl,ddr,vr,hd,vl,hu: 17% 18% 12%  7%  9% 11%  8%  9%  9%
[libx264 @ 0x5f322d3d94c0] i8c dc,h,v,p: 36% 38%  9% 17%
[libx264 @ 0x5f322d3d94c0] Weighted P-Frames: Y:48.9% UV:24.4%
[libx264 @ 0x5f322d3d94c0] ref P L0: 48.4% 25.8% 15.9%  7.2%  2.6%
[libx264 @ 0x5f322d3d94c0] ref B L0: 90.3%  8.2%  1.4%
[libx264 @ 0x5f322d3d94c0] ref B L1: 99.0%  1.0%
[libx264 @ 0x5f322d3d94c0] kb/s:1945.85
ffmpeg version 6.1.1-3ubuntu5 Copyright (c) 2000-2023 the FFmpeg developers
  built with gcc 13 (Ubuntu 13.2.0-23ubuntu3)
  configuration: --prefix=/usr --extra-version=3ubuntu5 --toolchain=hardened --libdir=/usr/lib/x86_64-linux-gnu --incdir=/usr/include/x86_64-linux-gnu --arch=amd64 --enable-gpl --disable-stripping --disable-omx --enable-gnutls --enable-libaom --enable-libass --enable-libbs2b --enable-libcaca --enable-libcdio --enable-libcodec2 --enable-libdav1d --enable-libflite --enable-libfontconfig --enable-libfreetype --enable-libfribidi --enable-libglslang --enable-libgme --enable-libgsm --enable-libharfbuzz --enable-libmp3lame --enable-libmysofa --enable-libopenjpeg --enable-libopenmpt --enable-libopus --enable-librubberband --enable-libshine --enable-libsnappy --enable-libsoxr --enable-libspeex --enable-libtheora --enable-libtwolame --enable-libvidstab --enable-libvorbis --enable-libvpx --enable-libwebp --enable-libx265 --enable-libxml2 --enable-libxvid --enable-libzimg --enable-openal --enable-opencl --enable-opengl --disable-sndio --enable-libvpl --disable-libmfx --enable-libdc1394 --enable-libdrm --enable-libiec61883 --enable-chromaprint --enable-frei0r --enable-ladspa --enable-libbluray --enable-libjack --enable-libpulse --enable-librabbitmq --enable-librist --enable-libsrt --enable-libssh --enable-libsvtav1 --enable-libx264 --enable-libzmq --enable-libzvbi --enable-lv2 --enable-sdl2 --enable-libplacebo --enable-librav1e --enable-pocketsphinx --enable-librsvg --enable-libjxl --enable-shared
  libavutil      58. 29.100 / 58. 29.100
  libavcodec     60. 31.102 / 60. 31.102
  libavformat    60. 16.100 / 60. 16.100
  libavdevice    60.  3.100 / 60.  3.100
  libavfilter     9. 12.100 /  9. 12.100
  libswscale      7.  5.100 /  7.  5.100
  libswresample   4. 12.100 /  4. 12.100
  libpostproc    57.  3.100 / 57.  3.100
Input #0, mov,mp4,m4a,3gp,3g2,mj2, from '/data/vaishak/combined-kv-quant/results/runs/backfill_spatial_mixed_fg_rtn_int4_bg_rtn_int4_04d60f52e048_10s/videos/SPATIAL_MIXED_FG_RTN_INT4_BG_RTN_INT4/prompt_0006_seed_6.mp4':
  Metadata:
    major_brand     : isom
    minor_version   : 512
    compatible_brands: isomiso2avc1mp41
    encoder         : Lavf61.1.100
  Duration: 00:00:10.31, start: 0.000000, bitrate: 1070 kb/s
  Stream #0:0[0x1](und): Video: h264 (High) (avc1 / 0x31637661), yuv420p(progressive), 832x480, 1068 kb/s, 16 fps, 16 tbr, 16384 tbn (default)
    Metadata:
      handler_name    : VideoHandler
      vendor_id       : [0][0][0][0]
Stream mapping:
  Stream #0:0 -> #0:0 (h264 (native) -> h264 (libx264))
Press [q] to stop, [?] for help
[libx264 @ 0x587a63c445c0] using cpu capabilities: MMX2 SSE2Fast SSSE3 SSE4.2 AVX FMA3 BMI2 AVX2
[libx264 @ 0x587a63c445c0] profile High, level 3.0, 4:2:0, 8-bit
[libx264 @ 0x587a63c445c0] 264 - core 164 r3108 31e19f9 - H.264/MPEG-4 AVC codec - Copyleft 2003-2023 - http://www.videolan.org/x264.html - options: cabac=1 ref=3 deblock=1:0:0 analyse=0x3:0x113 me=hex subme=7 psy=1 psy_rd=1.00:0.00 mixed_ref=1 me_range=16 chroma_me=1 trellis=1 8x8dct=1 cqm=0 deadzone=21,11 fast_pskip=1 chroma_qp_offset=-2 threads=15 lookahead_threads=2 sliced_threads=0 nr=0 decimate=1 interlaced=0 bluray_compat=0 constrained_intra=0 bframes=3 b_pyramid=2 b_adapt=1 b_bias=0 direct=1 weightb=1 open_gop=0 weightp=2 keyint=250 keyint_min=16 scenecut=40 intra_refresh=0 rc_lookahead=40 rc=crf mbtree=1 crf=23.0 qcomp=0.60 qpmin=0 qpmax=69 qpstep=4 ip_ratio=1.40 aq=1:1.00
Output #0, mp4, to '/data/vaishak/combined-kv-quant/results/combined/backfills/drift/moviegen/4285f2901eded304_SPATIAL_MIXED_FG_RTN_INT4_BG_RTN_INT4/SPATIAL_MIXED_FG_RTN_INT4_BG_RTN_INT4_frames_165/prompt_0006_seed_6.mp4':
  Metadata:
    major_brand     : isom
    minor_version   : 512
    compatible_brands: isomiso2avc1mp41
    encoder         : Lavf60.16.100
  Stream #0:0(und): Video: h264 (avc1 / 0x31637661), yuv420p(progressive), 832x480, q=2-31, 16 fps, 16384 tbn (default)
    Metadata:
      handler_name    : VideoHandler
      vendor_id       : [0][0][0][0]
      encoder         : Lavc60.31.102 libx264
    Side data:
      cpb: bitrate max/min/avg: 0/0/0 buffer size: 0 vbv_delay: N/A
frame=    0 fps=0.0 q=0.0 size=       0kB time=N/A bitrate=N/A speed=N/A    [out#0/mp4 @ 0x587a63bc30c0] video:1589kB audio:0kB subtitle:0kB other streams:0kB global headers:0kB muxing overhead: 0.174766%
frame=  165 fps=0.0 q=-1.0 Lsize=    1591kB time=00:00:10.12 bitrate=1287.6kbits/s speed=17.5x    
[libx264 @ 0x587a63c445c0] frame I:4     Avg QP:19.11  size: 36562
[libx264 @ 0x587a63c445c0] frame P:45    Avg QP:21.62  size: 19114
[libx264 @ 0x587a63c445c0] frame B:116   Avg QP:24.36  size:  5342
[libx264 @ 0x587a63c445c0] consecutive B-frames:  4.8%  3.6%  1.8% 89.7%
[libx264 @ 0x587a63c445c0] mb I  I16..4: 29.4% 58.8% 11.8%
[libx264 @ 0x587a63c445c0] mb P  I16..4:  5.4%  9.9%  1.7%  P16..4: 49.3% 13.9%  8.7%  0.0%  0.0%    skip:11.1%
[libx264 @ 0x587a63c445c0] mb B  I16..4:  0.7%  0.7%  0.1%  B16..8: 38.7%  6.1%  2.8%  direct: 3.6%  skip:47.3%  L0:43.7% L1:46.8% BI: 9.6%
[libx264 @ 0x587a63c445c0] 8x8 transform intra:57.2% inter:70.4%
[libx264 @ 0x587a63c445c0] coded y,uvDC,uvAC intra: 48.7% 87.8% 28.1% inter: 17.1% 27.8% 1.6%
[libx264 @ 0x587a63c445c0] i16 v,h,dc,p: 11% 22%  7% 60%
[libx264 @ 0x587a63c445c0] i8 v,h,dc,ddl,ddr,vr,hd,vl,hu: 18% 20% 24%  5%  8%  7%  7%  6%  5%
[libx264 @ 0x587a63c445c0] i4 v,h,dc,ddl,ddr,vr,hd,vl,hu:  9%  8% 11%  4% 27% 17% 13%  5%  5%
[libx264 @ 0x587a63c445c0] i8c dc,h,v,p: 40% 26% 15% 19%
[libx264 @ 0x587a63c445c0] Weighted P-Frames: Y:20.0% UV:20.0%
[libx264 @ 0x587a63c445c0] ref P L0: 56.8%  9.6% 21.6% 10.6%  1.5%
[libx264 @ 0x587a63c445c0] ref B L0: 86.6% 11.3%  2.1%
[libx264 @ 0x587a63c445c0] ref B L1: 97.5%  2.5%
[libx264 @ 0x587a63c445c0] kb/s:1261.42
ffmpeg version 6.1.1-3ubuntu5 Copyright (c) 2000-2023 the FFmpeg developers
  built with gcc 13 (Ubuntu 13.2.0-23ubuntu3)
  configuration: --prefix=/usr --extra-version=3ubuntu5 --toolchain=hardened --libdir=/usr/lib/x86_64-linux-gnu --incdir=/usr/include/x86_64-linux-gnu --arch=amd64 --enable-gpl --disable-stripping --disable-omx --enable-gnutls --enable-libaom --enable-libass --enable-libbs2b --enable-libcaca --enable-libcdio --enable-libcodec2 --enable-libdav1d --enable-libflite --enable-libfontconfig --enable-libfreetype --enable-libfribidi --enable-libglslang --enable-libgme --enable-libgsm --enable-libharfbuzz --enable-libmp3lame --enable-libmysofa --enable-libopenjpeg --enable-libopenmpt --enable-libopus --enable-librubberband --enable-libshine --enable-libsnappy --enable-libsoxr --enable-libspeex --enable-libtheora --enable-libtwolame --enable-libvidstab --enable-libvorbis --enable-libvpx --enable-libwebp --enable-libx265 --enable-libxml2 --enable-libxvid --enable-libzimg --enable-openal --enable-opencl --enable-opengl --disable-sndio --enable-libvpl --disable-libmfx --enable-libdc1394 --enable-libdrm --enable-libiec61883 --enable-chromaprint --enable-frei0r --enable-ladspa --enable-libbluray --enable-libjack --enable-libpulse --enable-librabbitmq --enable-librist --enable-libsrt --enable-libssh --enable-libsvtav1 --enable-libx264 --enable-libzmq --enable-libzvbi --enable-lv2 --enable-sdl2 --enable-libplacebo --enable-librav1e --enable-pocketsphinx --enable-librsvg --enable-libjxl --enable-shared
  libavutil      58. 29.100 / 58. 29.100
  libavcodec     60. 31.102 / 60. 31.102
  libavformat    60. 16.100 / 60. 16.100
  libavdevice    60.  3.100 / 60.  3.100
  libavfilter     9. 12.100 /  9. 12.100
  libswscale      7.  5.100 /  7.  5.100
  libswresample   4. 12.100 /  4. 12.100
  libpostproc    57.  3.100 / 57.  3.100
Input #0, mov,mp4,m4a,3gp,3g2,mj2, from '/data/vaishak/combined-kv-quant/results/runs/backfill_spatial_mixed_fg_rtn_int4_bg_rtn_int4_04d60f52e048_10s/videos/SPATIAL_MIXED_FG_RTN_INT4_BG_RTN_INT4/prompt_0007_seed_7.mp4':
  Metadata:
    major_brand     : isom
    minor_version   : 512
    compatible_brands: isomiso2avc1mp41
    encoder         : Lavf61.1.100
  Duration: 00:00:10.31, start: 0.000000, bitrate: 1019 kb/s
  Stream #0:0[0x1](und): Video: h264 (High) (avc1 / 0x31637661), yuv420p(progressive), 832x480, 1017 kb/s, 16 fps, 16 tbr, 16384 tbn (default)
    Metadata:
      handler_name    : VideoHandler
      vendor_id       : [0][0][0][0]
Stream mapping:
  Stream #0:0 -> #0:0 (h264 (native) -> h264 (libx264))
Press [q] to stop, [?] for help
[libx264 @ 0x5bca57845c80] using cpu capabilities: MMX2 SSE2Fast SSSE3 SSE4.2 AVX FMA3 BMI2 AVX2
[libx264 @ 0x5bca57845c80] profile High, level 3.0, 4:2:0, 8-bit
[libx264 @ 0x5bca57845c80] 264 - core 164 r3108 31e19f9 - H.264/MPEG-4 AVC codec - Copyleft 2003-2023 - http://www.videolan.org/x264.html - options: cabac=1 ref=3 deblock=1:0:0 analyse=0x3:0x113 me=hex subme=7 psy=1 psy_rd=1.00:0.00 mixed_ref=1 me_range=16 chroma_me=1 trellis=1 8x8dct=1 cqm=0 deadzone=21,11 fast_pskip=1 chroma_qp_offset=-2 threads=15 lookahead_threads=2 sliced_threads=0 nr=0 decimate=1 interlaced=0 bluray_compat=0 constrained_intra=0 bframes=3 b_pyramid=2 b_adapt=1 b_bias=0 direct=1 weightb=1 open_gop=0 weightp=2 keyint=250 keyint_min=16 scenecut=40 intra_refresh=0 rc_lookahead=40 rc=crf mbtree=1 crf=23.0 qcomp=0.60 qpmin=0 qpmax=69 qpstep=4 ip_ratio=1.40 aq=1:1.00
Output #0, mp4, to '/data/vaishak/combined-kv-quant/results/combined/backfills/drift/moviegen/4285f2901eded304_SPATIAL_MIXED_FG_RTN_INT4_BG_RTN_INT4/SPATIAL_MIXED_FG_RTN_INT4_BG_RTN_INT4_frames_165/prompt_0007_seed_7.mp4':
  Metadata:
    major_brand     : isom
    minor_version   : 512
    compatible_brands: isomiso2avc1mp41
    encoder         : Lavf60.16.100
  Stream #0:0(und): Video: h264 (avc1 / 0x31637661), yuv420p(progressive), 832x480, q=2-31, 16 fps, 16384 tbn (default)
    Metadata:
      handler_name    : VideoHandler
      vendor_id       : [0][0][0][0]
      encoder         : Lavc60.31.102 libx264
    Side data:
      cpb: bitrate max/min/avg: 0/0/0 buffer size: 0 vbv_delay: N/A
frame=    0 fps=0.0 q=0.0 size=       0kB time=N/A bitrate=N/A speed=N/A    [out#0/mp4 @ 0x5bca577c30c0] video:1582kB audio:0kB subtitle:0kB other streams:0kB global headers:0kB muxing overhead: 0.175250%
frame=  165 fps=0.0 q=-1.0 Lsize=    1585kB time=00:00:10.12 bitrate=1282.2kbits/s speed=15.7x    
[libx264 @ 0x5bca57845c80] frame I:1     Avg QP:23.21  size: 40789
[libx264 @ 0x5bca57845c80] frame P:46    Avg QP:23.71  size: 20511
[libx264 @ 0x5bca57845c80] frame B:118   Avg QP:26.54  size:  5381
[libx264 @ 0x5bca57845c80] consecutive B-frames:  0.6% 10.9%  3.6% 84.8%
[libx264 @ 0x5bca57845c80] mb I  I16..4:  8.9% 61.6% 29.5%
[libx264 @ 0x5bca57845c80] mb P  I16..4:  3.1% 14.2%  2.0%  P16..4: 41.2% 24.7% 10.0%  0.0%  0.0%    skip: 4.8%
[libx264 @ 0x5bca57845c80] mb B  I16..4:  0.8%  3.1%  0.1%  B16..8: 43.5% 11.9%  2.6%  direct: 4.0%  skip:34.1%  L0:47.3% L1:40.3% BI:12.4%
[libx264 @ 0x5bca57845c80] 8x8 transform intra:74.2% inter:72.7%
[libx264 @ 0x5bca57845c80] coded y,uvDC,uvAC intra: 64.0% 84.8% 22.9% inter: 27.8% 31.0% 0.8%
[libx264 @ 0x5bca57845c80] i16 v,h,dc,p:  3% 39%  1% 57%
[libx264 @ 0x5bca57845c80] i8 v,h,dc,ddl,ddr,vr,hd,vl,hu: 11% 31% 12%  5%  7%  6% 12%  5% 10%
[libx264 @ 0x5bca57845c80] i4 v,h,dc,ddl,ddr,vr,hd,vl,hu: 12% 30% 12%  5%  9%  7% 11%  5%  9%
[libx264 @ 0x5bca57845c80] i8c dc,h,v,p: 35% 43% 10% 12%
[libx264 @ 0x5bca57845c80] Weighted P-Frames: Y:26.1% UV:4.3%
[libx264 @ 0x5bca57845c80] ref P L0: 48.9% 21.6% 17.1%  9.8%  2.6%
[libx264 @ 0x5bca57845c80] ref B L0: 87.8%  9.6%  2.6%
[libx264 @ 0x5bca57845c80] ref B L1: 97.4%  2.6%
[libx264 @ 0x5bca57845c80] kb/s:1256.17
ffmpeg version 6.1.1-3ubuntu5 Copyright (c) 2000-2023 the FFmpeg developers
  built with gcc 13 (Ubuntu 13.2.0-23ubuntu3)
  configuration: --prefix=/usr --extra-version=3ubuntu5 --toolchain=hardened --libdir=/usr/lib/x86_64-linux-gnu --incdir=/usr/include/x86_64-linux-gnu --arch=amd64 --enable-gpl --disable-stripping --disable-omx --enable-gnutls --enable-libaom --enable-libass --enable-libbs2b --enable-libcaca --enable-libcdio --enable-libcodec2 --enable-libdav1d --enable-libflite --enable-libfontconfig --enable-libfreetype --enable-libfribidi --enable-libglslang --enable-libgme --enable-libgsm --enable-libharfbuzz --enable-libmp3lame --enable-libmysofa --enable-libopenjpeg --enable-libopenmpt --enable-libopus --enable-librubberband --enable-libshine --enable-libsnappy --enable-libsoxr --enable-libspeex --enable-libtheora --enable-libtwolame --enable-libvidstab --enable-libvorbis --enable-libvpx --enable-libwebp --enable-libx265 --enable-libxml2 --enable-libxvid --enable-libzimg --enable-openal --enable-opencl --enable-opengl --disable-sndio --enable-libvpl --disable-libmfx --enable-libdc1394 --enable-libdrm --enable-libiec61883 --enable-chromaprint --enable-frei0r --enable-ladspa --enable-libbluray --enable-libjack --enable-libpulse --enable-librabbitmq --enable-librist --enable-libsrt --enable-libssh --enable-libsvtav1 --enable-libx264 --enable-libzmq --enable-libzvbi --enable-lv2 --enable-sdl2 --enable-libplacebo --enable-librav1e --enable-pocketsphinx --enable-librsvg --enable-libjxl --enable-shared
  libavutil      58. 29.100 / 58. 29.100
  libavcodec     60. 31.102 / 60. 31.102
  libavformat    60. 16.100 / 60. 16.100
  libavdevice    60.  3.100 / 60.  3.100
  libavfilter     9. 12.100 /  9. 12.100
  libswscale      7.  5.100 /  7.  5.100
  libswresample   4. 12.100 /  4. 12.100
  libpostproc    57.  3.100 / 57.  3.100
Input #0, mov,mp4,m4a,3gp,3g2,mj2, from '/data/vaishak/combined-kv-quant/results/runs/backfill_spatial_mixed_fg_rtn_int4_bg_rtn_int4_04d60f52e048_10s/videos/SPATIAL_MIXED_FG_RTN_INT4_BG_RTN_INT4/prompt_0008_seed_8.mp4':
  Metadata:
    major_brand     : isom
    minor_version   : 512
    compatible_brands: isomiso2avc1mp41
    encoder         : Lavf61.1.100
  Duration: 00:00:10.31, start: 0.000000, bitrate: 1032 kb/s
  Stream #0:0[0x1](und): Video: h264 (High) (avc1 / 0x31637661), yuv420p(progressive), 832x480, 1030 kb/s, 16 fps, 16 tbr, 16384 tbn (default)
    Metadata:
      handler_name    : VideoHandler
      vendor_id       : [0][0][0][0]
Stream mapping:
  Stream #0:0 -> #0:0 (h264 (native) -> h264 (libx264))
Press [q] to stop, [?] for help
[libx264 @ 0x603cdc39f140] using cpu capabilities: MMX2 SSE2Fast SSSE3 SSE4.2 AVX FMA3 BMI2 AVX2
[libx264 @ 0x603cdc39f140] profile High, level 3.0, 4:2:0, 8-bit
[libx264 @ 0x603cdc39f140] 264 - core 164 r3108 31e19f9 - H.264/MPEG-4 AVC codec - Copyleft 2003-2023 - http://www.videolan.org/x264.html - options: cabac=1 ref=3 deblock=1:0:0 analyse=0x3:0x113 me=hex subme=7 psy=1 psy_rd=1.00:0.00 mixed_ref=1 me_range=16 chroma_me=1 trellis=1 8x8dct=1 cqm=0 deadzone=21,11 fast_pskip=1 chroma_qp_offset=-2 threads=15 lookahead_threads=2 sliced_threads=0 nr=0 decimate=1 interlaced=0 bluray_compat=0 constrained_intra=0 bframes=3 b_pyramid=2 b_adapt=1 b_bias=0 direct=1 weightb=1 open_gop=0 weightp=2 keyint=250 keyint_min=16 scenecut=40 intra_refresh=0 rc_lookahead=40 rc=crf mbtree=1 crf=23.0 qcomp=0.60 qpmin=0 qpmax=69 qpstep=4 ip_ratio=1.40 aq=1:1.00
Output #0, mp4, to '/data/vaishak/combined-kv-quant/results/combined/backfills/drift/moviegen/4285f2901eded304_SPATIAL_MIXED_FG_RTN_INT4_BG_RTN_INT4/SPATIAL_MIXED_FG_RTN_INT4_BG_RTN_INT4_frames_165/prompt_0008_seed_8.mp4':
  Metadata:
    major_brand     : isom
    minor_version   : 512
    compatible_brands: isomiso2avc1mp41
    encoder         : Lavf60.16.100
  Stream #0:0(und): Video: h264 (avc1 / 0x31637661), yuv420p(progressive), 832x480, q=2-31, 16 fps, 16384 tbn (default)
    Metadata:
      handler_name    : VideoHandler
      vendor_id       : [0][0][0][0]
      encoder         : Lavc60.31.102 libx264
    Side data:
      cpb: bitrate max/min/avg: 0/0/0 buffer size: 0 vbv_delay: N/A
frame=    0 fps=0.0 q=0.0 size=       0kB time=N/A bitrate=N/A speed=N/A    [out#0/mp4 @ 0x603cdc318e40] video:974kB audio:0kB subtitle:0kB other streams:0kB global headers:0kB muxing overhead: 0.269289%
frame=  165 fps=0.0 q=-1.0 Lsize=     977kB time=00:00:10.12 bitrate= 790.5kbits/s speed=  19x    
[libx264 @ 0x603cdc39f140] frame I:1     Avg QP:19.72  size: 48648
[libx264 @ 0x603cdc39f140] frame P:89    Avg QP:21.76  size:  9464
[libx264 @ 0x603cdc39f140] frame B:75    Avg QP:25.70  size:  1416
[libx264 @ 0x603cdc39f140] consecutive B-frames: 20.6% 53.3%  9.1% 17.0%
[libx264 @ 0x603cdc39f140] mb I  I16..4:  8.0% 55.2% 36.8%
[libx264 @ 0x603cdc39f140] mb P  I16..4:  0.3%  0.8%  0.1%  P16..4: 51.7% 20.1%  9.9%  0.0%  0.0%    skip:17.0%
[libx264 @ 0x603cdc39f140] mb B  I16..4:  0.0%  0.0%  0.0%  B16..8: 35.8%  2.5%  0.4%  direct: 2.1%  skip:59.2%  L0:56.4% L1:37.9% BI: 5.6%
[libx264 @ 0x603cdc39f140] 8x8 transform intra:59.1% inter:65.5%
[libx264 @ 0x603cdc39f140] coded y,uvDC,uvAC intra: 68.1% 90.4% 54.7% inter: 21.4% 32.7% 1.1%
[libx264 @ 0x603cdc39f140] i16 v,h,dc,p:  6% 46%  4% 43%
[libx264 @ 0x603cdc39f140] i8 v,h,dc,ddl,ddr,vr,hd,vl,hu: 12% 28% 15%  5%  9%  7% 11%  6%  9%
[libx264 @ 0x603cdc39f140] i4 v,h,dc,ddl,ddr,vr,hd,vl,hu: 15% 22% 13%  7% 12%  7%  9%  7%  8%
[libx264 @ 0x603cdc39f140] i8c dc,h,v,p: 42% 31% 12% 15%
[libx264 @ 0x603cdc39f140] Weighted P-Frames: Y:16.9% UV:6.7%
[libx264 @ 0x603cdc39f140] ref P L0: 60.6% 26.2%  9.4%  3.4%  0.5%
[libx264 @ 0x603cdc39f140] ref B L0: 93.3%  5.9%  0.8%
[libx264 @ 0x603cdc39f140] ref B L1: 98.9%  1.1%
[libx264 @ 0x603cdc39f140] kb/s:773.52
ffmpeg version 6.1.1-3ubuntu5 Copyright (c) 2000-2023 the FFmpeg developers
  built with gcc 13 (Ubuntu 13.2.0-23ubuntu3)
  configuration: --prefix=/usr --extra-version=3ubuntu5 --toolchain=hardened --libdir=/usr/lib/x86_64-linux-gnu --incdir=/usr/include/x86_64-linux-gnu --arch=amd64 --enable-gpl --disable-stripping --disable-omx --enable-gnutls --enable-libaom --enable-libass --enable-libbs2b --enable-libcaca --enable-libcdio --enable-libcodec2 --enable-libdav1d --enable-libflite --enable-libfontconfig --enable-libfreetype --enable-libfribidi --enable-libglslang --enable-libgme --enable-libgsm --enable-libharfbuzz --enable-libmp3lame --enable-libmysofa --enable-libopenjpeg --enable-libopenmpt --enable-libopus --enable-librubberband --enable-libshine --enable-libsnappy --enable-libsoxr --enable-libspeex --enable-libtheora --enable-libtwolame --enable-libvidstab --enable-libvorbis --enable-libvpx --enable-libwebp --enable-libx265 --enable-libxml2 --enable-libxvid --enable-libzimg --enable-openal --enable-opencl --enable-opengl --disable-sndio --enable-libvpl --disable-libmfx --enable-libdc1394 --enable-libdrm --enable-libiec61883 --enable-chromaprint --enable-frei0r --enable-ladspa --enable-libbluray --enable-libjack --enable-libpulse --enable-librabbitmq --enable-librist --enable-libsrt --enable-libssh --enable-libsvtav1 --enable-libx264 --enable-libzmq --enable-libzvbi --enable-lv2 --enable-sdl2 --enable-libplacebo --enable-librav1e --enable-pocketsphinx --enable-librsvg --enable-libjxl --enable-shared
  libavutil      58. 29.100 / 58. 29.100
  libavcodec     60. 31.102 / 60. 31.102
  libavformat    60. 16.100 / 60. 16.100
  libavdevice    60.  3.100 / 60.  3.100
  libavfilter     9. 12.100 /  9. 12.100
  libswscale      7.  5.100 /  7.  5.100
  libswresample   4. 12.100 /  4. 12.100
  libpostproc    57.  3.100 / 57.  3.100
Input #0, mov,mp4,m4a,3gp,3g2,mj2, from '/data/vaishak/combined-kv-quant/results/runs/backfill_spatial_mixed_fg_rtn_int4_bg_rtn_int4_04d60f52e048_10s/videos/SPATIAL_MIXED_FG_RTN_INT4_BG_RTN_INT4/prompt_0009_seed_9.mp4':
  Metadata:
    major_brand     : isom
    minor_version   : 512
    compatible_brands: isomiso2avc1mp41
    encoder         : Lavf61.1.100
  Duration: 00:00:10.31, start: 0.000000, bitrate: 1072 kb/s
  Stream #0:0[0x1](und): Video: h264 (High) (avc1 / 0x31637661), yuv420p(progressive), 832x480, 1070 kb/s, 16 fps, 16 tbr, 16384 tbn (default)
    Metadata:
      handler_name    : VideoHandler
      vendor_id       : [0][0][0][0]
Stream mapping:
  Stream #0:0 -> #0:0 (h264 (native) -> h264 (libx264))
Press [q] to stop, [?] for help
[libx264 @ 0x61d853b899c0] using cpu capabilities: MMX2 SSE2Fast SSSE3 SSE4.2 AVX FMA3 BMI2 AVX2
[libx264 @ 0x61d853b899c0] profile High, level 3.0, 4:2:0, 8-bit
[libx264 @ 0x61d853b899c0] 264 - core 164 r3108 31e19f9 - H.264/MPEG-4 AVC codec - Copyleft 2003-2023 - http://www.videolan.org/x264.html - options: cabac=1 ref=3 deblock=1:0:0 analyse=0x3:0x113 me=hex subme=7 psy=1 psy_rd=1.00:0.00 mixed_ref=1 me_range=16 chroma_me=1 trellis=1 8x8dct=1 cqm=0 deadzone=21,11 fast_pskip=1 chroma_qp_offset=-2 threads=15 lookahead_threads=2 sliced_threads=0 nr=0 decimate=1 interlaced=0 bluray_compat=0 constrained_intra=0 bframes=3 b_pyramid=2 b_adapt=1 b_bias=0 direct=1 weightb=1 open_gop=0 weightp=2 keyint=250 keyint_min=16 scenecut=40 intra_refresh=0 rc_lookahead=40 rc=crf mbtree=1 crf=23.0 qcomp=0.60 qpmin=0 qpmax=69 qpstep=4 ip_ratio=1.40 aq=1:1.00
Output #0, mp4, to '/data/vaishak/combined-kv-quant/results/combined/backfills/drift/moviegen/4285f2901eded304_SPATIAL_MIXED_FG_RTN_INT4_BG_RTN_INT4/SPATIAL_MIXED_FG_RTN_INT4_BG_RTN_INT4_frames_165/prompt_0009_seed_9.mp4':
  Metadata:
    major_brand     : isom
    minor_version   : 512
    compatible_brands: isomiso2avc1mp41
    encoder         : Lavf60.16.100
  Stream #0:0(und): Video: h264 (avc1 / 0x31637661), yuv420p(progressive), 832x480, q=2-31, 16 fps, 16384 tbn (default)
    Metadata:
      handler_name    : VideoHandler
      vendor_id       : [0][0][0][0]
      encoder         : Lavc60.31.102 libx264
    Side data:
      cpb: bitrate max/min/avg: 0/0/0 buffer size: 0 vbv_delay: N/A
frame=    0 fps=0.0 q=0.0 size=       0kB time=N/A bitrate=N/A speed=N/A    [out#0/mp4 @ 0x61d853afd0c0] video:2170kB audio:0kB subtitle:0kB other streams:0kB global headers:0kB muxing overhead: 0.128834%
frame=  165 fps=0.0 q=-1.0 Lsize=    2173kB time=00:00:10.12 bitrate=1758.1kbits/s speed=13.3x    
[libx264 @ 0x61d853b899c0] frame I:1     Avg QP:22.36  size: 66286
[libx264 @ 0x61d853b899c0] frame P:44    Avg QP:23.63  size: 30389
[libx264 @ 0x61d853b899c0] frame B:120   Avg QP:27.01  size:  6818
[libx264 @ 0x61d853b899c0] consecutive B-frames:  1.8%  3.6%  0.0% 94.5%
[libx264 @ 0x61d853b899c0] mb I  I16..4:  2.6% 56.7% 40.6%
[libx264 @ 0x61d853b899c0] mb P  I16..4:  0.8% 12.8%  3.2%  P16..4: 36.9% 27.0% 14.2%  0.0%  0.0%    skip: 5.0%
[libx264 @ 0x61d853b899c0] mb B  I16..4:  0.1%  0.5%  0.2%  B16..8: 49.9% 10.4%  4.2%  direct: 3.4%  skip:31.4%  L0:52.0% L1:37.0% BI:11.0%
[libx264 @ 0x61d853b899c0] 8x8 transform intra:73.2% inter:64.9%
[libx264 @ 0x61d853b899c0] coded y,uvDC,uvAC intra: 89.7% 68.6% 9.7% inter: 29.6% 12.9% 0.0%
[libx264 @ 0x61d853b899c0] i16 v,h,dc,p: 10% 38% 17% 35%
[libx264 @ 0x61d853b899c0] i8 v,h,dc,ddl,ddr,vr,hd,vl,hu: 10% 27% 17%  4%  7%  6% 11%  6% 12%
[libx264 @ 0x61d853b899c0] i4 v,h,dc,ddl,ddr,vr,hd,vl,hu: 12% 25% 14%  6%  8%  6% 12%  5% 10%
[libx264 @ 0x61d853b899c0] i8c dc,h,v,p: 52% 27% 15%  7%
[libx264 @ 0x61d853b899c0] Weighted P-Frames: Y:36.4% UV:4.5%
[libx264 @ 0x61d853b899c0] ref P L0: 47.0% 26.0% 17.8%  7.3%  2.0%
[libx264 @ 0x61d853b899c0] ref B L0: 88.5%  9.3%  2.2%
[libx264 @ 0x61d853b899c0] ref B L1: 99.2%  0.8%
[libx264 @ 0x61d853b899c0] kb/s:1723.38
[rank0]:[W310 23:01:08.411879503 ProcessGroupNCCL.cpp:4115] [PG ID 0 PG GUID 0 Rank 0]  using GPU 0 to perform barrier as devices used by this process are currently unknown. This can potentially cause a hang if this rank to GPU mapping is incorrect.Specify device_ids in barrier() to force use of a particular device,or call init_process_group() with a device_id.
/home/suraj/miniforge3/envs/qvg_sf_eval/lib/python3.10/site-packages/clip/clip.py:6: UserWarning: pkg_resources is deprecated as an API. See https://setuptools.pypa.io/en/latest/pkg_resources.html. The pkg_resources package is slated for removal as early as 2025-11-30. Refrain from using this package or pin to Setuptools<81.
  from pkg_resources import packaging
/home/suraj/miniforge3/envs/qvg_sf_eval/lib/python3.10/site-packages/timm/models/layers/__init__.py:48: FutureWarning: Importing from timm.models.layers is deprecated, please import via timm.layers
  warnings.warn(f"Importing from {__name__} is deprecated, please import via timm.layers", FutureWarning)
/home/suraj/miniforge3/envs/qvg_sf_eval/lib/python3.10/site-packages/pyiqa/archs/arch_util.py:118: FutureWarning: You are using `torch.load` with `weights_only=False` (the current default value), which uses the default pickle module implicitly. It is possible to construct malicious pickle data which will execute arbitrary code during unpickling (See https://github.com/pytorch/pytorch/blob/main/SECURITY.md#untrusted-models for more details). In a future release, the default value for `weights_only` will be flipped to `True`. This limits the functions that could be executed during unpickling. Arbitrary objects will no longer be allowed to be loaded via this mode unless they are explicitly allowlisted by the user via `torch.serialization.add_safe_globals`. We recommend you start setting `weights_only=True` for any use case where you don't have full control of the loaded file. Please open an issue on GitHub for any issues related to this experimental feature.
  state_dict = torch.load(model_path, map_location=torch.device("cpu"))
args: Namespace(output_path='/data/vaishak/combined-kv-quant/results/combined/backfills/drift/moviegen/4285f2901eded304_SPATIAL_MIXED_FG_RTN_INT4_BG_RTN_INT4/vbench_SPATIAL_MIXED_FG_RTN_INT4_BG_RTN_INT4_165', full_json_dir='/data/vaishak/combined-kv-quant/third_party/VBench/vbench/VBench_full_info.json', videos_path='/data/vaishak/combined-kv-quant/results/combined/backfills/drift/moviegen/4285f2901eded304_SPATIAL_MIXED_FG_RTN_INT4_BG_RTN_INT4/SPATIAL_MIXED_FG_RTN_INT4_BG_RTN_INT4_frames_165', dimension=['imaging_quality'], load_ckpt_from_local=None, read_frame=None, mode='custom_input', prompt='None', prompt_file='/data/vaishak/combined-kv-quant/results/combined/backfills/drift/moviegen/4285f2901eded304_SPATIAL_MIXED_FG_RTN_INT4_BG_RTN_INT4/prompt_map_165.json', category=None, imaging_quality_preprocessing_mode='longer')
start evaluation
Evaluation meta data saved to /data/vaishak/combined-kv-quant/results/combined/backfills/drift/moviegen/4285f2901eded304_SPATIAL_MIXED_FG_RTN_INT4_BG_RTN_INT4/vbench_SPATIAL_MIXED_FG_RTN_INT4_BG_RTN_INT4_165/results_2026-03-10-23:01:07_full_info.json
cur_full_info_path: /data/vaishak/combined-kv-quant/results/combined/backfills/drift/moviegen/4285f2901eded304_SPATIAL_MIXED_FG_RTN_INT4_BG_RTN_INT4/vbench_SPATIAL_MIXED_FG_RTN_INT4_BG_RTN_INT4_165/results_2026-03-10-23:01:07_full_info.json
Loading pretrained model MUSIQ from /home/vaishak/.cache/vbench/pyiqa_model/musiq_spaq_ckpt-358bb6af.pth
  0%|          | 0/10 [00:00<?, ?it/s] 10%|█         | 1/10 [00:04<00:41,  4.64s/it] 20%|██        | 2/10 [00:10<00:43,  5.40s/it] 30%|███       | 3/10 [00:17<00:41,  5.90s/it] 40%|████      | 4/10 [00:23<00:37,  6.25s/it] 50%|█████     | 5/10 [00:30<00:31,  6.34s/it] 60%|██████    | 6/10 [00:35<00:23,  5.92s/it] 70%|███████   | 7/10 [00:40<00:16,  5.49s/it] 80%|████████  | 8/10 [00:44<00:10,  5.22s/it] 90%|█████████ | 9/10 [00:49<00:04,  4.97s/it]100%|██████████| 10/10 [00:53<00:00,  4.89s/it]100%|██████████| 10/10 [00:53<00:00,  5.38s/it]
Evaluation results saved to /data/vaishak/combined-kv-quant/results/combined/backfills/drift/moviegen/4285f2901eded304_SPATIAL_MIXED_FG_RTN_INT4_BG_RTN_INT4/vbench_SPATIAL_MIXED_FG_RTN_INT4_BG_RTN_INT4_165/results_2026-03-10-23:01:07_eval_results.json
done
[rank0]:[W310 23:02:04.331834132 ProcessGroupNCCL.cpp:1250] Warning: WARNING: process group has NOT been destroyed before we destruct ProcessGroupNCCL. On normal program exit, the application should call destroy_process_group to ensure that any pending NCCL operations have finished in this process. In rare cases this process can exit before this point and block the progress of another member of the process group. This constraint has always been present,  but this warning has only been added since PyTorch 2.4 (function operator())
{
  "method": "SPATIAL_MIXED_FG_RTN_INT4_BG_RTN_INT4",
  "frame_step": 165,
  "max_frames": 165,
  "curve": [
    {
      "frame_cap": 165,
      "imaging_quality": [
        0.6897661030162466,
        [
          {
            "video_path": "/data/vaishak/combined-kv-quant/results/combined/backfills/drift/moviegen/4285f2901eded304_SPATIAL_MIXED_FG_RTN_INT4_BG_RTN_INT4/SPATIAL_MIXED_FG_RTN_INT4_BG_RTN_INT4_frames_165/prompt_0007_seed_7.mp4",
            "video_results": 75.63336634780421
          },
          {
            "video_path": "/data/vaishak/combined-kv-quant/results/combined/backfills/drift/moviegen/4285f2901eded304_SPATIAL_MIXED_FG_RTN_INT4_BG_RTN_INT4/SPATIAL_MIXED_FG_RTN_INT4_BG_RTN_INT4_frames_165/prompt_0006_seed_6.mp4",
            "video_results": 64.85601788145124
          },
          {
            "video_path": "/data/vaishak/combined-kv-quant/results/combined/backfills/drift/moviegen/4285f2901eded304_SPATIAL_MIXED_FG_RTN_INT4_BG_RTN_INT4/SPATIAL_MIXED_FG_RTN_INT4_BG_RTN_INT4_frames_165/prompt_0004_seed_4.mp4",
            "video_results": 66.24540088537968
          },
          {
            "video_path": "/data/vaishak/combined-kv-quant/results/combined/backfills/drift/moviegen/4285f2901eded304_SPATIAL_MIXED_FG_RTN_INT4_BG_RTN_INT4/SPATIAL_MIXED_FG_RTN_INT4_BG_RTN_INT4_frames_165/prompt_0003_seed_3.mp4",
            "video_results": 69.50448742490826
          },
          {
            "video_path": "/data/vaishak/combined-kv-quant/results/combined/backfills/drift/moviegen/4285f2901eded304_SPATIAL_MIXED_FG_RTN_INT4_BG_RTN_INT4/SPATIAL_MIXED_FG_RTN_INT4_BG_RTN_INT4_frames_165/prompt_0005_seed_5.mp4",
            "video_results": 76.3796317360618
          },
          {
            "video_path": "/data/vaishak/combined-kv-quant/results/combined/backfills/drift/moviegen/4285f2901eded304_SPATIAL_MIXED_FG_RTN_INT4_BG_RTN_INT4/SPATIAL_MIXED_FG_RTN_INT4_BG_RTN_INT4_frames_165/prompt_0002_seed_2.mp4",
            "video_results": 67.43561218724106
          },
          {
            "video_path": "/data/vaishak/combined-kv-quant/results/combined/backfills/drift/moviegen/4285f2901eded304_SPATIAL_MIXED_FG_RTN_INT4_BG_RTN_INT4/SPATIAL_MIXED_FG_RTN_INT4_BG_RTN_INT4_frames_165/prompt_0001_seed_1.mp4",
            "video_results": 68.05176574244643
          },
          {
            "video_path": "/data/vaishak/combined-kv-quant/results/combined/backfills/drift/moviegen/4285f2901eded304_SPATIAL_MIXED_FG_RTN_INT4_BG_RTN_INT4/SPATIAL_MIXED_FG_RTN_INT4_BG_RTN_INT4_frames_165/prompt_0009_seed_9.mp4",
            "video_results": 70.58941648078687
          },
          {
            "video_path": "/data/vaishak/combined-kv-quant/results/combined/backfills/drift/moviegen/4285f2901eded304_SPATIAL_MIXED_FG_RTN_INT4_BG_RTN_INT4/SPATIAL_MIXED_FG_RTN_INT4_BG_RTN_INT4_frames_165/prompt_0008_seed_8.mp4",
            "video_results": 77.8278125184955
          },
          {
            "video_path": "/data/vaishak/combined-kv-quant/results/combined/backfills/drift/moviegen/4285f2901eded304_SPATIAL_MIXED_FG_RTN_INT4_BG_RTN_INT4/SPATIAL_MIXED_FG_RTN_INT4_BG_RTN_INT4_frames_165/prompt_0000_seed_0.mp4",
            "video_results": 53.2425918116714
          }
        ]
      ]
    }
  ]
}
ffmpeg version 6.1.1-3ubuntu5 Copyright (c) 2000-2023 the FFmpeg developers
  built with gcc 13 (Ubuntu 13.2.0-23ubuntu3)
  configuration: --prefix=/usr --extra-version=3ubuntu5 --toolchain=hardened --libdir=/usr/lib/x86_64-linux-gnu --incdir=/usr/include/x86_64-linux-gnu --arch=amd64 --enable-gpl --disable-stripping --disable-omx --enable-gnutls --enable-libaom --enable-libass --enable-libbs2b --enable-libcaca --enable-libcdio --enable-libcodec2 --enable-libdav1d --enable-libflite --enable-libfontconfig --enable-libfreetype --enable-libfribidi --enable-libglslang --enable-libgme --enable-libgsm --enable-libharfbuzz --enable-libmp3lame --enable-libmysofa --enable-libopenjpeg --enable-libopenmpt --enable-libopus --enable-librubberband --enable-libshine --enable-libsnappy --enable-libsoxr --enable-libspeex --enable-libtheora --enable-libtwolame --enable-libvidstab --enable-libvorbis --enable-libvpx --enable-libwebp --enable-libx265 --enable-libxml2 --enable-libxvid --enable-libzimg --enable-openal --enable-opencl --enable-opengl --disable-sndio --enable-libvpl --disable-libmfx --enable-libdc1394 --enable-libdrm --enable-libiec61883 --enable-chromaprint --enable-frei0r --enable-ladspa --enable-libbluray --enable-libjack --enable-libpulse --enable-librabbitmq --enable-librist --enable-libsrt --enable-libssh --enable-libsvtav1 --enable-libx264 --enable-libzmq --enable-libzvbi --enable-lv2 --enable-sdl2 --enable-libplacebo --enable-librav1e --enable-pocketsphinx --enable-librsvg --enable-libjxl --enable-shared
  libavutil      58. 29.100 / 58. 29.100
  libavcodec     60. 31.102 / 60. 31.102
  libavformat    60. 16.100 / 60. 16.100
  libavdevice    60.  3.100 / 60.  3.100
  libavfilter     9. 12.100 /  9. 12.100
  libswscale      7.  5.100 /  7.  5.100
  libswresample   4. 12.100 /  4. 12.100
  libpostproc    57.  3.100 / 57.  3.100
Input #0, mov,mp4,m4a,3gp,3g2,mj2, from '/data/vaishak/combined-kv-quant/results/runs/backfill_tptq_int2_089f989f38f6_10s/videos/TPTQ_INT2/prompt_0000_seed_0.mp4':
  Metadata:
    major_brand     : isom
    minor_version   : 512
    compatible_brands: isomiso2avc1mp41
    encoder         : Lavf61.1.100
  Duration: 00:00:10.31, start: 0.000000, bitrate: 1078 kb/s
  Stream #0:0[0x1](und): Video: h264 (High) (avc1 / 0x31637661), yuv420p(progressive), 832x480, 1076 kb/s, 16 fps, 16 tbr, 16384 tbn (default)
    Metadata:
      handler_name    : VideoHandler
      vendor_id       : [0][0][0][0]
Stream mapping:
  Stream #0:0 -> #0:0 (h264 (native) -> h264 (libx264))
Press [q] to stop, [?] for help
[libx264 @ 0x650c3f7c5600] using cpu capabilities: MMX2 SSE2Fast SSSE3 SSE4.2 AVX FMA3 BMI2 AVX2
[libx264 @ 0x650c3f7c5600] profile High, level 3.0, 4:2:0, 8-bit
[libx264 @ 0x650c3f7c5600] 264 - core 164 r3108 31e19f9 - H.264/MPEG-4 AVC codec - Copyleft 2003-2023 - http://www.videolan.org/x264.html - options: cabac=1 ref=3 deblock=1:0:0 analyse=0x3:0x113 me=hex subme=7 psy=1 psy_rd=1.00:0.00 mixed_ref=1 me_range=16 chroma_me=1 trellis=1 8x8dct=1 cqm=0 deadzone=21,11 fast_pskip=1 chroma_qp_offset=-2 threads=15 lookahead_threads=2 sliced_threads=0 nr=0 decimate=1 interlaced=0 bluray_compat=0 constrained_intra=0 bframes=3 b_pyramid=2 b_adapt=1 b_bias=0 direct=1 weightb=1 open_gop=0 weightp=2 keyint=250 keyint_min=16 scenecut=40 intra_refresh=0 rc_lookahead=40 rc=crf mbtree=1 crf=23.0 qcomp=0.60 qpmin=0 qpmax=69 qpstep=4 ip_ratio=1.40 aq=1:1.00
Output #0, mp4, to '/data/vaishak/combined-kv-quant/results/combined/backfills/drift/moviegen/5d74a7d4623e9cb6_TPTQ_INT2/TPTQ_INT2_frames_165/prompt_0000_seed_0.mp4':
  Metadata:
    major_brand     : isom
    minor_version   : 512
    compatible_brands: isomiso2avc1mp41
    encoder         : Lavf60.16.100
  Stream #0:0(und): Video: h264 (avc1 / 0x31637661), yuv420p(progressive), 832x480, q=2-31, 16 fps, 16384 tbn (default)
    Metadata:
      handler_name    : VideoHandler
      vendor_id       : [0][0][0][0]
      encoder         : Lavc60.31.102 libx264
    Side data:
      cpb: bitrate max/min/avg: 0/0/0 buffer size: 0 vbv_delay: N/A
frame=    0 fps=0.0 q=0.0 size=       0kB time=N/A bitrate=N/A speed=N/A    [out#0/mp4 @ 0x650c3f7c4100] video:1855kB audio:0kB subtitle:0kB other streams:0kB global headers:0kB muxing overhead: 0.149876%
frame=  165 fps=0.0 q=-1.0 Lsize=    1858kB time=00:00:10.12 bitrate=1503.1kbits/s speed=15.5x    
[libx264 @ 0x650c3f7c5600] frame I:1     Avg QP:23.57  size: 66651
[libx264 @ 0x650c3f7c5600] frame P:43    Avg QP:24.20  size: 22889
[libx264 @ 0x650c3f7c5600] frame B:121   Avg QP:27.24  size:  7008
[libx264 @ 0x650c3f7c5600] consecutive B-frames:  1.2%  2.4%  1.8% 94.5%
[libx264 @ 0x650c3f7c5600] mb I  I16..4:  1.7% 56.7% 41.6%
[libx264 @ 0x650c3f7c5600] mb P  I16..4:  2.0% 18.0%  4.1%  P16..4: 36.5% 26.7% 10.6%  0.0%  0.0%    skip: 2.1%
[libx264 @ 0x650c3f7c5600] mb B  I16..4:  0.3%  1.6%  0.5%  B16..8: 47.1% 12.9%  3.5%  direct: 5.1%  skip:29.0%  L0:39.2% L1:45.5% BI:15.3%
[libx264 @ 0x650c3f7c5600] 8x8 transform intra:71.3% inter:70.8%
[libx264 @ 0x650c3f7c5600] coded y,uvDC,uvAC intra: 78.6% 88.5% 49.2% inter: 30.7% 33.2% 3.6%
[libx264 @ 0x650c3f7c5600] i16 v,h,dc,p: 39% 14% 10% 37%
[libx264 @ 0x650c3f7c5600] i8 v,h,dc,ddl,ddr,vr,hd,vl,hu: 25% 15% 13%  6%  7% 10%  7%  9%  9%
[libx264 @ 0x650c3f7c5600] i4 v,h,dc,ddl,ddr,vr,hd,vl,hu: 27% 14% 13%  7%  7% 10%  7%  9%  7%
[libx264 @ 0x650c3f7c5600] i8c dc,h,v,p: 37% 15% 33% 15%
[libx264 @ 0x650c3f7c5600] Weighted P-Frames: Y:9.3% UV:9.3%
[libx264 @ 0x650c3f7c5600] ref P L0: 48.9% 24.8% 19.2%  6.3%  0.7%
[libx264 @ 0x650c3f7c5600] ref B L0: 91.0%  7.2%  1.8%
[libx264 @ 0x650c3f7c5600] ref B L1: 98.8%  1.2%
[libx264 @ 0x650c3f7c5600] kb/s:1473.07
ffmpeg version 6.1.1-3ubuntu5 Copyright (c) 2000-2023 the FFmpeg developers
  built with gcc 13 (Ubuntu 13.2.0-23ubuntu3)
  configuration: --prefix=/usr --extra-version=3ubuntu5 --toolchain=hardened --libdir=/usr/lib/x86_64-linux-gnu --incdir=/usr/include/x86_64-linux-gnu --arch=amd64 --enable-gpl --disable-stripping --disable-omx --enable-gnutls --enable-libaom --enable-libass --enable-libbs2b --enable-libcaca --enable-libcdio --enable-libcodec2 --enable-libdav1d --enable-libflite --enable-libfontconfig --enable-libfreetype --enable-libfribidi --enable-libglslang --enable-libgme --enable-libgsm --enable-libharfbuzz --enable-libmp3lame --enable-libmysofa --enable-libopenjpeg --enable-libopenmpt --enable-libopus --enable-librubberband --enable-libshine --enable-libsnappy --enable-libsoxr --enable-libspeex --enable-libtheora --enable-libtwolame --enable-libvidstab --enable-libvorbis --enable-libvpx --enable-libwebp --enable-libx265 --enable-libxml2 --enable-libxvid --enable-libzimg --enable-openal --enable-opencl --enable-opengl --disable-sndio --enable-libvpl --disable-libmfx --enable-libdc1394 --enable-libdrm --enable-libiec61883 --enable-chromaprint --enable-frei0r --enable-ladspa --enable-libbluray --enable-libjack --enable-libpulse --enable-librabbitmq --enable-librist --enable-libsrt --enable-libssh --enable-libsvtav1 --enable-libx264 --enable-libzmq --enable-libzvbi --enable-lv2 --enable-sdl2 --enable-libplacebo --enable-librav1e --enable-pocketsphinx --enable-librsvg --enable-libjxl --enable-shared
  libavutil      58. 29.100 / 58. 29.100
  libavcodec     60. 31.102 / 60. 31.102
  libavformat    60. 16.100 / 60. 16.100
  libavdevice    60.  3.100 / 60.  3.100
  libavfilter     9. 12.100 /  9. 12.100
  libswscale      7.  5.100 /  7.  5.100
  libswresample   4. 12.100 /  4. 12.100
  libpostproc    57.  3.100 / 57.  3.100
Input #0, mov,mp4,m4a,3gp,3g2,mj2, from '/data/vaishak/combined-kv-quant/results/runs/backfill_tptq_int2_089f989f38f6_10s/videos/TPTQ_INT2/prompt_0001_seed_1.mp4':
  Metadata:
    major_brand     : isom
    minor_version   : 512
    compatible_brands: isomiso2avc1mp41
    encoder         : Lavf61.1.100
  Duration: 00:00:10.31, start: 0.000000, bitrate: 1058 kb/s
  Stream #0:0[0x1](und): Video: h264 (High) (avc1 / 0x31637661), yuv420p(progressive), 832x480, 1056 kb/s, 16 fps, 16 tbr, 16384 tbn (default)
    Metadata:
      handler_name    : VideoHandler
      vendor_id       : [0][0][0][0]
Stream mapping:
  Stream #0:0 -> #0:0 (h264 (native) -> h264 (libx264))
Press [q] to stop, [?] for help
[libx264 @ 0x57bfaec7b4c0] using cpu capabilities: MMX2 SSE2Fast SSSE3 SSE4.2 AVX FMA3 BMI2 AVX2
[libx264 @ 0x57bfaec7b4c0] profile High, level 3.0, 4:2:0, 8-bit
[libx264 @ 0x57bfaec7b4c0] 264 - core 164 r3108 31e19f9 - H.264/MPEG-4 AVC codec - Copyleft 2003-2023 - http://www.videolan.org/x264.html - options: cabac=1 ref=3 deblock=1:0:0 analyse=0x3:0x113 me=hex subme=7 psy=1 psy_rd=1.00:0.00 mixed_ref=1 me_range=16 chroma_me=1 trellis=1 8x8dct=1 cqm=0 deadzone=21,11 fast_pskip=1 chroma_qp_offset=-2 threads=15 lookahead_threads=2 sliced_threads=0 nr=0 decimate=1 interlaced=0 bluray_compat=0 constrained_intra=0 bframes=3 b_pyramid=2 b_adapt=1 b_bias=0 direct=1 weightb=1 open_gop=0 weightp=2 keyint=250 keyint_min=16 scenecut=40 intra_refresh=0 rc_lookahead=40 rc=crf mbtree=1 crf=23.0 qcomp=0.60 qpmin=0 qpmax=69 qpstep=4 ip_ratio=1.40 aq=1:1.00
Output #0, mp4, to '/data/vaishak/combined-kv-quant/results/combined/backfills/drift/moviegen/5d74a7d4623e9cb6_TPTQ_INT2/TPTQ_INT2_frames_165/prompt_0001_seed_1.mp4':
  Metadata:
    major_brand     : isom
    minor_version   : 512
    compatible_brands: isomiso2avc1mp41
    encoder         : Lavf60.16.100
  Stream #0:0(und): Video: h264 (avc1 / 0x31637661), yuv420p(progressive), 832x480, q=2-31, 16 fps, 16384 tbn (default)
    Metadata:
      handler_name    : VideoHandler
      vendor_id       : [0][0][0][0]
      encoder         : Lavc60.31.102 libx264
    Side data:
      cpb: bitrate max/min/avg: 0/0/0 buffer size: 0 vbv_delay: N/A
frame=    0 fps=0.0 q=0.0 size=       0kB time=N/A bitrate=N/A speed=N/A    [out#0/mp4 @ 0x57bfaebee000] video:1987kB audio:0kB subtitle:0kB other streams:0kB global headers:0kB muxing overhead: 0.139155%
frame=  165 fps=0.0 q=-1.0 Lsize=    1990kB time=00:00:10.12 bitrate=1609.7kbits/s speed=16.2x    
[libx264 @ 0x57bfaec7b4c0] frame I:1     Avg QP:22.28  size: 67093
[libx264 @ 0x57bfaec7b4c0] frame P:44    Avg QP:22.84  size: 26215
[libx264 @ 0x57bfaec7b4c0] frame B:120   Avg QP:25.98  size:  6777
[libx264 @ 0x57bfaec7b4c0] consecutive B-frames:  1.2%  3.6%  5.5% 89.7%
[libx264 @ 0x57bfaec7b4c0] mb I  I16..4:  0.6% 65.6% 33.7%
[libx264 @ 0x57bfaec7b4c0] mb P  I16..4:  1.0%  9.3%  1.2%  P16..4: 42.3% 27.9% 13.7%  0.0%  0.0%    skip: 4.7%
[libx264 @ 0x57bfaec7b4c0] mb B  I16..4:  0.1%  0.1%  0.0%  B16..8: 52.7%  8.9%  3.1%  direct: 2.4%  skip:32.7%  L0:51.6% L1:38.8% BI: 9.6%
[libx264 @ 0x57bfaec7b4c0] 8x8 transform intra:77.7% inter:66.5%
[libx264 @ 0x57bfaec7b4c0] coded y,uvDC,uvAC intra: 85.9% 80.2% 29.2% inter: 26.8% 19.4% 0.2%
[libx264 @ 0x57bfaec7b4c0] i16 v,h,dc,p: 15% 49% 11% 25%
[libx264 @ 0x57bfaec7b4c0] i8 v,h,dc,ddl,ddr,vr,hd,vl,hu:  7% 26% 24%  5%  7%  5% 10%  6% 10%
[libx264 @ 0x57bfaec7b4c0] i4 v,h,dc,ddl,ddr,vr,hd,vl,hu:  9% 24% 14%  7%  9%  7% 13%  7% 11%
[libx264 @ 0x57bfaec7b4c0] i8c dc,h,v,p: 42% 35% 11% 12%
[libx264 @ 0x57bfaec7b4c0] Weighted P-Frames: Y:25.0% UV:4.5%
[libx264 @ 0x57bfaec7b4c0] ref P L0: 53.6% 26.4% 14.5%  4.7%  0.8%
[libx264 @ 0x57bfaec7b4c0] ref B L0: 93.7%  5.5%  0.8%
[libx264 @ 0x57bfaec7b4c0] ref B L1: 98.6%  1.4%
[libx264 @ 0x57bfaec7b4c0] kb/s:1577.69
ffmpeg version 6.1.1-3ubuntu5 Copyright (c) 2000-2023 the FFmpeg developers
  built with gcc 13 (Ubuntu 13.2.0-23ubuntu3)
  configuration: --prefix=/usr --extra-version=3ubuntu5 --toolchain=hardened --libdir=/usr/lib/x86_64-linux-gnu --incdir=/usr/include/x86_64-linux-gnu --arch=amd64 --enable-gpl --disable-stripping --disable-omx --enable-gnutls --enable-libaom --enable-libass --enable-libbs2b --enable-libcaca --enable-libcdio --enable-libcodec2 --enable-libdav1d --enable-libflite --enable-libfontconfig --enable-libfreetype --enable-libfribidi --enable-libglslang --enable-libgme --enable-libgsm --enable-libharfbuzz --enable-libmp3lame --enable-libmysofa --enable-libopenjpeg --enable-libopenmpt --enable-libopus --enable-librubberband --enable-libshine --enable-libsnappy --enable-libsoxr --enable-libspeex --enable-libtheora --enable-libtwolame --enable-libvidstab --enable-libvorbis --enable-libvpx --enable-libwebp --enable-libx265 --enable-libxml2 --enable-libxvid --enable-libzimg --enable-openal --enable-opencl --enable-opengl --disable-sndio --enable-libvpl --disable-libmfx --enable-libdc1394 --enable-libdrm --enable-libiec61883 --enable-chromaprint --enable-frei0r --enable-ladspa --enable-libbluray --enable-libjack --enable-libpulse --enable-librabbitmq --enable-librist --enable-libsrt --enable-libssh --enable-libsvtav1 --enable-libx264 --enable-libzmq --enable-libzvbi --enable-lv2 --enable-sdl2 --enable-libplacebo --enable-librav1e --enable-pocketsphinx --enable-librsvg --enable-libjxl --enable-shared
  libavutil      58. 29.100 / 58. 29.100
  libavcodec     60. 31.102 / 60. 31.102
  libavformat    60. 16.100 / 60. 16.100
  libavdevice    60.  3.100 / 60.  3.100
  libavfilter     9. 12.100 /  9. 12.100
  libswscale      7.  5.100 /  7.  5.100
  libswresample   4. 12.100 /  4. 12.100
  libpostproc    57.  3.100 / 57.  3.100
Input #0, mov,mp4,m4a,3gp,3g2,mj2, from '/data/vaishak/combined-kv-quant/results/runs/backfill_tptq_int2_089f989f38f6_10s/videos/TPTQ_INT2/prompt_0002_seed_2.mp4':
  Metadata:
    major_brand     : isom
    minor_version   : 512
    compatible_brands: isomiso2avc1mp41
    encoder         : Lavf61.1.100
  Duration: 00:00:10.31, start: 0.000000, bitrate: 1084 kb/s
  Stream #0:0[0x1](und): Video: h264 (High) (avc1 / 0x31637661), yuv420p(progressive), 832x480, 1081 kb/s, 16 fps, 16 tbr, 16384 tbn (default)
    Metadata:
      handler_name    : VideoHandler
      vendor_id       : [0][0][0][0]
Stream mapping:
  Stream #0:0 -> #0:0 (h264 (native) -> h264 (libx264))
Press [q] to stop, [?] for help
[libx264 @ 0x5ac729988400] using cpu capabilities: MMX2 SSE2Fast SSSE3 SSE4.2 AVX FMA3 BMI2 AVX2
[libx264 @ 0x5ac729988400] profile High, level 3.0, 4:2:0, 8-bit
[libx264 @ 0x5ac729988400] 264 - core 164 r3108 31e19f9 - H.264/MPEG-4 AVC codec - Copyleft 2003-2023 - http://www.videolan.org/x264.html - options: cabac=1 ref=3 deblock=1:0:0 analyse=0x3:0x113 me=hex subme=7 psy=1 psy_rd=1.00:0.00 mixed_ref=1 me_range=16 chroma_me=1 trellis=1 8x8dct=1 cqm=0 deadzone=21,11 fast_pskip=1 chroma_qp_offset=-2 threads=15 lookahead_threads=2 sliced_threads=0 nr=0 decimate=1 interlaced=0 bluray_compat=0 constrained_intra=0 bframes=3 b_pyramid=2 b_adapt=1 b_bias=0 direct=1 weightb=1 open_gop=0 weightp=2 keyint=250 keyint_min=16 scenecut=40 intra_refresh=0 rc_lookahead=40 rc=crf mbtree=1 crf=23.0 qcomp=0.60 qpmin=0 qpmax=69 qpstep=4 ip_ratio=1.40 aq=1:1.00
Output #0, mp4, to '/data/vaishak/combined-kv-quant/results/combined/backfills/drift/moviegen/5d74a7d4623e9cb6_TPTQ_INT2/TPTQ_INT2_frames_165/prompt_0002_seed_2.mp4':
  Metadata:
    major_brand     : isom
    minor_version   : 512
    compatible_brands: isomiso2avc1mp41
    encoder         : Lavf60.16.100
  Stream #0:0(und): Video: h264 (avc1 / 0x31637661), yuv420p(progressive), 832x480, q=2-31, 16 fps, 16384 tbn (default)
    Metadata:
      handler_name    : VideoHandler
      vendor_id       : [0][0][0][0]
      encoder         : Lavc60.31.102 libx264
    Side data:
      cpb: bitrate max/min/avg: 0/0/0 buffer size: 0 vbv_delay: N/A
frame=    0 fps=0.0 q=0.0 size=       0kB time=N/A bitrate=N/A speed=N/A    [out#0/mp4 @ 0x5ac729987000] video:1454kB audio:0kB subtitle:0kB other streams:0kB global headers:0kB muxing overhead: 0.190735%
frame=  165 fps=0.0 q=-1.0 Lsize=    1456kB time=00:00:10.12 bitrate=1178.3kbits/s speed=15.9x    
[libx264 @ 0x5ac729988400] frame I:3     Avg QP:20.35  size: 28012
[libx264 @ 0x5ac729988400] frame P:46    Avg QP:22.40  size: 16572
[libx264 @ 0x5ac729988400] frame B:116   Avg QP:25.04  size:  5530
[libx264 @ 0x5ac729988400] consecutive B-frames:  3.6%  7.3%  1.8% 87.3%
[libx264 @ 0x5ac729988400] mb I  I16..4: 34.1% 51.6% 14.3%
[libx264 @ 0x5ac729988400] mb P  I16..4:  6.1% 11.1%  2.2%  P16..4: 43.4% 17.1%  7.7%  0.0%  0.0%    skip:12.4%
[libx264 @ 0x5ac729988400] mb B  I16..4:  0.3%  0.8%  0.2%  B16..8: 42.9% 10.1%  2.7%  direct: 3.7%  skip:39.2%  L0:47.3% L1:42.0% BI:10.7%
[libx264 @ 0x5ac729988400] 8x8 transform intra:56.2% inter:68.4%
[libx264 @ 0x5ac729988400] coded y,uvDC,uvAC intra: 60.5% 70.7% 24.9% inter: 20.7% 26.4% 2.7%
[libx264 @ 0x5ac729988400] i16 v,h,dc,p:  2% 50%  2% 47%
[libx264 @ 0x5ac729988400] i8 v,h,dc,ddl,ddr,vr,hd,vl,hu:  9% 28% 18%  6%  6%  6% 10%  6% 11%
[libx264 @ 0x5ac729988400] i4 v,h,dc,ddl,ddr,vr,hd,vl,hu: 13% 26% 12%  7%  9%  7% 11%  6%  9%
[libx264 @ 0x5ac729988400] i8c dc,h,v,p: 39% 38% 13%  9%
[libx264 @ 0x5ac729988400] Weighted P-Frames: Y:10.9% UV:6.5%
[libx264 @ 0x5ac729988400] ref P L0: 57.7% 12.7% 20.6%  8.2%  0.8%
[libx264 @ 0x5ac729988400] ref B L0: 86.8% 10.4%  2.8%
[libx264 @ 0x5ac729988400] ref B L1: 98.6%  1.4%
[libx264 @ 0x5ac729988400] kb/s:1154.15
ffmpeg version 6.1.1-3ubuntu5 Copyright (c) 2000-2023 the FFmpeg developers
  built with gcc 13 (Ubuntu 13.2.0-23ubuntu3)
  configuration: --prefix=/usr --extra-version=3ubuntu5 --toolchain=hardened --libdir=/usr/lib/x86_64-linux-gnu --incdir=/usr/include/x86_64-linux-gnu --arch=amd64 --enable-gpl --disable-stripping --disable-omx --enable-gnutls --enable-libaom --enable-libass --enable-libbs2b --enable-libcaca --enable-libcdio --enable-libcodec2 --enable-libdav1d --enable-libflite --enable-libfontconfig --enable-libfreetype --enable-libfribidi --enable-libglslang --enable-libgme --enable-libgsm --enable-libharfbuzz --enable-libmp3lame --enable-libmysofa --enable-libopenjpeg --enable-libopenmpt --enable-libopus --enable-librubberband --enable-libshine --enable-libsnappy --enable-libsoxr --enable-libspeex --enable-libtheora --enable-libtwolame --enable-libvidstab --enable-libvorbis --enable-libvpx --enable-libwebp --enable-libx265 --enable-libxml2 --enable-libxvid --enable-libzimg --enable-openal --enable-opencl --enable-opengl --disable-sndio --enable-libvpl --disable-libmfx --enable-libdc1394 --enable-libdrm --enable-libiec61883 --enable-chromaprint --enable-frei0r --enable-ladspa --enable-libbluray --enable-libjack --enable-libpulse --enable-librabbitmq --enable-librist --enable-libsrt --enable-libssh --enable-libsvtav1 --enable-libx264 --enable-libzmq --enable-libzvbi --enable-lv2 --enable-sdl2 --enable-libplacebo --enable-librav1e --enable-pocketsphinx --enable-librsvg --enable-libjxl --enable-shared
  libavutil      58. 29.100 / 58. 29.100
  libavcodec     60. 31.102 / 60. 31.102
  libavformat    60. 16.100 / 60. 16.100
  libavdevice    60.  3.100 / 60.  3.100
  libavfilter     9. 12.100 /  9. 12.100
  libswscale      7.  5.100 /  7.  5.100
  libswresample   4. 12.100 /  4. 12.100
  libpostproc    57.  3.100 / 57.  3.100
Input #0, mov,mp4,m4a,3gp,3g2,mj2, from '/data/vaishak/combined-kv-quant/results/runs/backfill_tptq_int2_089f989f38f6_10s/videos/TPTQ_INT2/prompt_0003_seed_3.mp4':
  Metadata:
    major_brand     : isom
    minor_version   : 512
    compatible_brands: isomiso2avc1mp41
    encoder         : Lavf61.1.100
  Duration: 00:00:10.31, start: 0.000000, bitrate: 1044 kb/s
  Stream #0:0[0x1](und): Video: h264 (High) (avc1 / 0x31637661), yuv420p(progressive), 832x480, 1042 kb/s, 16 fps, 16 tbr, 16384 tbn (default)
    Metadata:
      handler_name    : VideoHandler
      vendor_id       : [0][0][0][0]
Stream mapping:
  Stream #0:0 -> #0:0 (h264 (native) -> h264 (libx264))
Press [q] to stop, [?] for help
[libx264 @ 0x558890c79240] using cpu capabilities: MMX2 SSE2Fast SSSE3 SSE4.2 AVX FMA3 BMI2 AVX2
[libx264 @ 0x558890c79240] profile High, level 3.0, 4:2:0, 8-bit
[libx264 @ 0x558890c79240] 264 - core 164 r3108 31e19f9 - H.264/MPEG-4 AVC codec - Copyleft 2003-2023 - http://www.videolan.org/x264.html - options: cabac=1 ref=3 deblock=1:0:0 analyse=0x3:0x113 me=hex subme=7 psy=1 psy_rd=1.00:0.00 mixed_ref=1 me_range=16 chroma_me=1 trellis=1 8x8dct=1 cqm=0 deadzone=21,11 fast_pskip=1 chroma_qp_offset=-2 threads=15 lookahead_threads=2 sliced_threads=0 nr=0 decimate=1 interlaced=0 bluray_compat=0 constrained_intra=0 bframes=3 b_pyramid=2 b_adapt=1 b_bias=0 direct=1 weightb=1 open_gop=0 weightp=2 keyint=250 keyint_min=16 scenecut=40 intra_refresh=0 rc_lookahead=40 rc=crf mbtree=1 crf=23.0 qcomp=0.60 qpmin=0 qpmax=69 qpstep=4 ip_ratio=1.40 aq=1:1.00
Output #0, mp4, to '/data/vaishak/combined-kv-quant/results/combined/backfills/drift/moviegen/5d74a7d4623e9cb6_TPTQ_INT2/TPTQ_INT2_frames_165/prompt_0003_seed_3.mp4':
  Metadata:
    major_brand     : isom
    minor_version   : 512
    compatible_brands: isomiso2avc1mp41
    encoder         : Lavf60.16.100
  Stream #0:0(und): Video: h264 (avc1 / 0x31637661), yuv420p(progressive), 832x480, q=2-31, 16 fps, 16384 tbn (default)
    Metadata:
      handler_name    : VideoHandler
      vendor_id       : [0][0][0][0]
      encoder         : Lavc60.31.102 libx264
    Side data:
      cpb: bitrate max/min/avg: 0/0/0 buffer size: 0 vbv_delay: N/A
frame=    0 fps=0.0 q=0.0 size=       0kB time=N/A bitrate=N/A speed=N/A    [out#0/mp4 @ 0x558890c78100] video:2192kB audio:0kB subtitle:0kB other streams:0kB global headers:0kB muxing overhead: 0.127739%
frame=  165 fps=0.0 q=-1.0 Lsize=    2195kB time=00:00:10.12 bitrate=1775.6kbits/s speed=13.8x    
[libx264 @ 0x558890c79240] frame I:4     Avg QP:21.83  size: 44288
[libx264 @ 0x558890c79240] frame P:44    Avg QP:24.32  size: 26831
[libx264 @ 0x558890c79240] frame B:117   Avg QP:26.43  size:  7573
[libx264 @ 0x558890c79240] consecutive B-frames:  4.2%  3.6%  0.0% 92.1%
[libx264 @ 0x558890c79240] mb I  I16..4: 15.2% 63.0% 21.8%
[libx264 @ 0x558890c79240] mb P  I16..4:  2.7% 19.9%  4.2%  P16..4: 35.3% 22.1% 10.2%  0.0%  0.0%    skip: 5.7%
[libx264 @ 0x558890c79240] mb B  I16..4:  0.1%  0.9%  0.2%  B16..8: 48.9% 12.4%  4.2%  direct: 3.8%  skip:29.5%  L0:37.9% L1:52.0% BI:10.1%
[libx264 @ 0x558890c79240] 8x8 transform intra:71.4% inter:64.4%
[libx264 @ 0x558890c79240] coded y,uvDC,uvAC intra: 84.0% 85.9% 37.5% inter: 30.9% 26.9% 0.9%
[libx264 @ 0x558890c79240] i16 v,h,dc,p:  1% 55%  2% 42%
[libx264 @ 0x558890c79240] i8 v,h,dc,ddl,ddr,vr,hd,vl,hu: 10% 20% 15%  7%  9%  7% 12%  9% 10%
[libx264 @ 0x558890c79240] i4 v,h,dc,ddl,ddr,vr,hd,vl,hu: 11% 21% 13%  8% 10%  8% 12%  8% 10%
[libx264 @ 0x558890c79240] i8c dc,h,v,p: 39% 30% 15% 17%
[libx264 @ 0x558890c79240] Weighted P-Frames: Y:20.5% UV:15.9%
[libx264 @ 0x558890c79240] ref P L0: 53.0% 21.7% 18.1%  6.2%  1.1%
[libx264 @ 0x558890c79240] ref B L0: 90.7%  7.8%  1.5%
[libx264 @ 0x558890c79240] ref B L1: 98.6%  1.4%
[libx264 @ 0x558890c79240] kb/s:1740.58
ffmpeg version 6.1.1-3ubuntu5 Copyright (c) 2000-2023 the FFmpeg developers
  built with gcc 13 (Ubuntu 13.2.0-23ubuntu3)
  configuration: --prefix=/usr --extra-version=3ubuntu5 --toolchain=hardened --libdir=/usr/lib/x86_64-linux-gnu --incdir=/usr/include/x86_64-linux-gnu --arch=amd64 --enable-gpl --disable-stripping --disable-omx --enable-gnutls --enable-libaom --enable-libass --enable-libbs2b --enable-libcaca --enable-libcdio --enable-libcodec2 --enable-libdav1d --enable-libflite --enable-libfontconfig --enable-libfreetype --enable-libfribidi --enable-libglslang --enable-libgme --enable-libgsm --enable-libharfbuzz --enable-libmp3lame --enable-libmysofa --enable-libopenjpeg --enable-libopenmpt --enable-libopus --enable-librubberband --enable-libshine --enable-libsnappy --enable-libsoxr --enable-libspeex --enable-libtheora --enable-libtwolame --enable-libvidstab --enable-libvorbis --enable-libvpx --enable-libwebp --enable-libx265 --enable-libxml2 --enable-libxvid --enable-libzimg --enable-openal --enable-opencl --enable-opengl --disable-sndio --enable-libvpl --disable-libmfx --enable-libdc1394 --enable-libdrm --enable-libiec61883 --enable-chromaprint --enable-frei0r --enable-ladspa --enable-libbluray --enable-libjack --enable-libpulse --enable-librabbitmq --enable-librist --enable-libsrt --enable-libssh --enable-libsvtav1 --enable-libx264 --enable-libzmq --enable-libzvbi --enable-lv2 --enable-sdl2 --enable-libplacebo --enable-librav1e --enable-pocketsphinx --enable-librsvg --enable-libjxl --enable-shared
  libavutil      58. 29.100 / 58. 29.100
  libavcodec     60. 31.102 / 60. 31.102
  libavformat    60. 16.100 / 60. 16.100
  libavdevice    60.  3.100 / 60.  3.100
  libavfilter     9. 12.100 /  9. 12.100
  libswscale      7.  5.100 /  7.  5.100
  libswresample   4. 12.100 /  4. 12.100
  libpostproc    57.  3.100 / 57.  3.100
Input #0, mov,mp4,m4a,3gp,3g2,mj2, from '/data/vaishak/combined-kv-quant/results/runs/backfill_tptq_int2_089f989f38f6_10s/videos/TPTQ_INT2/prompt_0004_seed_4.mp4':
  Metadata:
    major_brand     : isom
    minor_version   : 512
    compatible_brands: isomiso2avc1mp41
    encoder         : Lavf61.1.100
  Duration: 00:00:10.31, start: 0.000000, bitrate: 1065 kb/s
  Stream #0:0[0x1](und): Video: h264 (High) (avc1 / 0x31637661), yuv420p(progressive), 832x480, 1063 kb/s, 16 fps, 16 tbr, 16384 tbn (default)
    Metadata:
      handler_name    : VideoHandler
      vendor_id       : [0][0][0][0]
Stream mapping:
  Stream #0:0 -> #0:0 (h264 (native) -> h264 (libx264))
Press [q] to stop, [?] for help
[libx264 @ 0x5f7870c2a600] using cpu capabilities: MMX2 SSE2Fast SSSE3 SSE4.2 AVX FMA3 BMI2 AVX2
[libx264 @ 0x5f7870c2a600] profile High, level 3.0, 4:2:0, 8-bit
[libx264 @ 0x5f7870c2a600] 264 - core 164 r3108 31e19f9 - H.264/MPEG-4 AVC codec - Copyleft 2003-2023 - http://www.videolan.org/x264.html - options: cabac=1 ref=3 deblock=1:0:0 analyse=0x3:0x113 me=hex subme=7 psy=1 psy_rd=1.00:0.00 mixed_ref=1 me_range=16 chroma_me=1 trellis=1 8x8dct=1 cqm=0 deadzone=21,11 fast_pskip=1 chroma_qp_offset=-2 threads=15 lookahead_threads=2 sliced_threads=0 nr=0 decimate=1 interlaced=0 bluray_compat=0 constrained_intra=0 bframes=3 b_pyramid=2 b_adapt=1 b_bias=0 direct=1 weightb=1 open_gop=0 weightp=2 keyint=250 keyint_min=16 scenecut=40 intra_refresh=0 rc_lookahead=40 rc=crf mbtree=1 crf=23.0 qcomp=0.60 qpmin=0 qpmax=69 qpstep=4 ip_ratio=1.40 aq=1:1.00
Output #0, mp4, to '/data/vaishak/combined-kv-quant/results/combined/backfills/drift/moviegen/5d74a7d4623e9cb6_TPTQ_INT2/TPTQ_INT2_frames_165/prompt_0004_seed_4.mp4':
  Metadata:
    major_brand     : isom
    minor_version   : 512
    compatible_brands: isomiso2avc1mp41
    encoder         : Lavf60.16.100
  Stream #0:0(und): Video: h264 (avc1 / 0x31637661), yuv420p(progressive), 832x480, q=2-31, 16 fps, 16384 tbn (default)
    Metadata:
      handler_name    : VideoHandler
      vendor_id       : [0][0][0][0]
      encoder         : Lavc60.31.102 libx264
    Side data:
      cpb: bitrate max/min/avg: 0/0/0 buffer size: 0 vbv_delay: N/A
frame=    0 fps=0.0 q=0.0 size=       0kB time=N/A bitrate=N/A speed=N/A    [out#0/mp4 @ 0x5f7870c29100] video:907kB audio:0kB subtitle:0kB other streams:0kB global headers:0kB muxing overhead: 0.305606%
frame=  165 fps=0.0 q=-1.0 Lsize=     910kB time=00:00:10.12 bitrate= 736.2kbits/s speed=18.1x    
[libx264 @ 0x5f7870c2a600] frame I:1     Avg QP:20.18  size: 35937
[libx264 @ 0x5f7870c2a600] frame P:42    Avg QP:21.47  size: 14397
[libx264 @ 0x5f7870c2a600] frame B:122   Avg QP:25.68  size:  2358
[libx264 @ 0x5f7870c2a600] consecutive B-frames:  0.6%  2.4%  0.0% 97.0%
[libx264 @ 0x5f7870c2a600] mb I  I16..4: 19.0% 63.0% 18.0%
[libx264 @ 0x5f7870c2a600] mb P  I16..4:  0.9%  2.1%  0.5%  P16..4: 50.6% 23.3% 12.1%  0.0%  0.0%    skip:10.6%
[libx264 @ 0x5f7870c2a600] mb B  I16..4:  0.1%  0.2%  0.0%  B16..8: 34.9%  5.1%  1.1%  direct: 1.7%  skip:56.9%  L0:42.2% L1:49.6% BI: 8.3%
[libx264 @ 0x5f7870c2a600] 8x8 transform intra:60.8% inter:74.6%
[libx264 @ 0x5f7870c2a600] coded y,uvDC,uvAC intra: 62.9% 87.7% 50.4% inter: 15.4% 24.4% 1.6%
[libx264 @ 0x5f7870c2a600] i16 v,h,dc,p: 18% 50%  4% 28%
[libx264 @ 0x5f7870c2a600] i8 v,h,dc,ddl,ddr,vr,hd,vl,hu: 17% 25% 15%  6%  7%  7%  7%  8%  8%
[libx264 @ 0x5f7870c2a600] i4 v,h,dc,ddl,ddr,vr,hd,vl,hu: 15% 22% 11%  6% 12% 10% 11%  6%  7%
[libx264 @ 0x5f7870c2a600] i8c dc,h,v,p: 27% 34% 20% 20%
[libx264 @ 0x5f7870c2a600] Weighted P-Frames: Y:38.1% UV:16.7%
[libx264 @ 0x5f7870c2a600] ref P L0: 49.5% 18.2% 17.3% 11.1%  4.0%
[libx264 @ 0x5f7870c2a600] ref B L0: 87.3% 10.3%  2.3%
[libx264 @ 0x5f7870c2a600] ref B L1: 97.2%  2.8%
[libx264 @ 0x5f7870c2a600] kb/s:720.12
ffmpeg version 6.1.1-3ubuntu5 Copyright (c) 2000-2023 the FFmpeg developers
  built with gcc 13 (Ubuntu 13.2.0-23ubuntu3)
  configuration: --prefix=/usr --extra-version=3ubuntu5 --toolchain=hardened --libdir=/usr/lib/x86_64-linux-gnu --incdir=/usr/include/x86_64-linux-gnu --arch=amd64 --enable-gpl --disable-stripping --disable-omx --enable-gnutls --enable-libaom --enable-libass --enable-libbs2b --enable-libcaca --enable-libcdio --enable-libcodec2 --enable-libdav1d --enable-libflite --enable-libfontconfig --enable-libfreetype --enable-libfribidi --enable-libglslang --enable-libgme --enable-libgsm --enable-libharfbuzz --enable-libmp3lame --enable-libmysofa --enable-libopenjpeg --enable-libopenmpt --enable-libopus --enable-librubberband --enable-libshine --enable-libsnappy --enable-libsoxr --enable-libspeex --enable-libtheora --enable-libtwolame --enable-libvidstab --enable-libvorbis --enable-libvpx --enable-libwebp --enable-libx265 --enable-libxml2 --enable-libxvid --enable-libzimg --enable-openal --enable-opencl --enable-opengl --disable-sndio --enable-libvpl --disable-libmfx --enable-libdc1394 --enable-libdrm --enable-libiec61883 --enable-chromaprint --enable-frei0r --enable-ladspa --enable-libbluray --enable-libjack --enable-libpulse --enable-librabbitmq --enable-librist --enable-libsrt --enable-libssh --enable-libsvtav1 --enable-libx264 --enable-libzmq --enable-libzvbi --enable-lv2 --enable-sdl2 --enable-libplacebo --enable-librav1e --enable-pocketsphinx --enable-librsvg --enable-libjxl --enable-shared
  libavutil      58. 29.100 / 58. 29.100
  libavcodec     60. 31.102 / 60. 31.102
  libavformat    60. 16.100 / 60. 16.100
  libavdevice    60.  3.100 / 60.  3.100
  libavfilter     9. 12.100 /  9. 12.100
  libswscale      7.  5.100 /  7.  5.100
  libswresample   4. 12.100 /  4. 12.100
  libpostproc    57.  3.100 / 57.  3.100
Input #0, mov,mp4,m4a,3gp,3g2,mj2, from '/data/vaishak/combined-kv-quant/results/runs/backfill_tptq_int2_089f989f38f6_10s/videos/TPTQ_INT2/prompt_0005_seed_5.mp4':
  Metadata:
    major_brand     : isom
    minor_version   : 512
    compatible_brands: isomiso2avc1mp41
    encoder         : Lavf61.1.100
  Duration: 00:00:10.31, start: 0.000000, bitrate: 1061 kb/s
  Stream #0:0[0x1](und): Video: h264 (High) (avc1 / 0x31637661), yuv420p(progressive), 832x480, 1059 kb/s, 16 fps, 16 tbr, 16384 tbn (default)
    Metadata:
      handler_name    : VideoHandler
      vendor_id       : [0][0][0][0]
Stream mapping:
  Stream #0:0 -> #0:0 (h264 (native) -> h264 (libx264))
Press [q] to stop, [?] for help
[libx264 @ 0x577a31a11b00] using cpu capabilities: MMX2 SSE2Fast SSSE3 SSE4.2 AVX FMA3 BMI2 AVX2
[libx264 @ 0x577a31a11b00] profile High, level 3.0, 4:2:0, 8-bit
[libx264 @ 0x577a31a11b00] 264 - core 164 r3108 31e19f9 - H.264/MPEG-4 AVC codec - Copyleft 2003-2023 - http://www.videolan.org/x264.html - options: cabac=1 ref=3 deblock=1:0:0 analyse=0x3:0x113 me=hex subme=7 psy=1 psy_rd=1.00:0.00 mixed_ref=1 me_range=16 chroma_me=1 trellis=1 8x8dct=1 cqm=0 deadzone=21,11 fast_pskip=1 chroma_qp_offset=-2 threads=15 lookahead_threads=2 sliced_threads=0 nr=0 decimate=1 interlaced=0 bluray_compat=0 constrained_intra=0 bframes=3 b_pyramid=2 b_adapt=1 b_bias=0 direct=1 weightb=1 open_gop=0 weightp=2 keyint=250 keyint_min=16 scenecut=40 intra_refresh=0 rc_lookahead=40 rc=crf mbtree=1 crf=23.0 qcomp=0.60 qpmin=0 qpmax=69 qpstep=4 ip_ratio=1.40 aq=1:1.00
Output #0, mp4, to '/data/vaishak/combined-kv-quant/results/combined/backfills/drift/moviegen/5d74a7d4623e9cb6_TPTQ_INT2/TPTQ_INT2_frames_165/prompt_0005_seed_5.mp4':
  Metadata:
    major_brand     : isom
    minor_version   : 512
    compatible_brands: isomiso2avc1mp41
    encoder         : Lavf60.16.100
  Stream #0:0(und): Video: h264 (avc1 / 0x31637661), yuv420p(progressive), 832x480, q=2-31, 16 fps, 16384 tbn (default)
    Metadata:
      handler_name    : VideoHandler
      vendor_id       : [0][0][0][0]
      encoder         : Lavc60.31.102 libx264
    Side data:
      cpb: bitrate max/min/avg: 0/0/0 buffer size: 0 vbv_delay: N/A
frame=    0 fps=0.0 q=0.0 size=       0kB time=N/A bitrate=N/A speed=N/A    [out#0/mp4 @ 0x577a3197a000] video:1955kB audio:0kB subtitle:0kB other streams:0kB global headers:0kB muxing overhead: 0.140992%
frame=  165 fps=0.0 q=-1.0 Lsize=    1958kB time=00:00:10.12 bitrate=1584.3kbits/s speed=15.3x    
[libx264 @ 0x577a31a11b00] frame I:1     Avg QP:23.31  size:107080
[libx264 @ 0x577a31a11b00] frame P:44    Avg QP:24.06  size: 28546
[libx264 @ 0x577a31a11b00] frame B:120   Avg QP:27.41  size:  5320
[libx264 @ 0x577a31a11b00] consecutive B-frames:  1.8%  1.2%  7.3% 89.7%
[libx264 @ 0x577a31a11b00] mb I  I16..4:  2.5% 33.1% 64.4%
[libx264 @ 0x577a31a11b00] mb P  I16..4:  1.1%  4.1%  0.7%  P16..4: 41.6% 30.2% 19.5%  0.0%  0.0%    skip: 2.8%
[libx264 @ 0x577a31a11b00] mb B  I16..4:  0.0%  0.1%  0.0%  B16..8: 53.5%  8.7%  3.0%  direct: 3.1%  skip:31.5%  L0:39.4% L1:49.7% BI:10.9%
[libx264 @ 0x577a31a11b00] 8x8 transform intra:59.9% inter:60.6%
[libx264 @ 0x577a31a11b00] coded y,uvDC,uvAC intra: 74.7% 96.2% 74.5% inter: 25.3% 34.6% 10.3%
[libx264 @ 0x577a31a11b00] i16 v,h,dc,p:  3% 36% 12% 49%
[libx264 @ 0x577a31a11b00] i8 v,h,dc,ddl,ddr,vr,hd,vl,hu:  8% 29% 23%  4%  4%  4%  9%  4% 15%
[libx264 @ 0x577a31a11b00] i4 v,h,dc,ddl,ddr,vr,hd,vl,hu: 18% 16% 13%  7%  9% 11%  8% 10%  9%
[libx264 @ 0x577a31a11b00] i8c dc,h,v,p: 42% 32% 10% 15%
[libx264 @ 0x577a31a11b00] Weighted P-Frames: Y:56.8% UV:13.6%
[libx264 @ 0x577a31a11b00] ref P L0: 52.1% 24.5% 15.1%  6.1%  2.2%
[libx264 @ 0x577a31a11b00] ref B L0: 95.7%  3.7%  0.7%
[libx264 @ 0x577a31a11b00] ref B L1: 98.4%  1.6%
[libx264 @ 0x577a31a11b00] kb/s:1552.72
ffmpeg version 6.1.1-3ubuntu5 Copyright (c) 2000-2023 the FFmpeg developers
  built with gcc 13 (Ubuntu 13.2.0-23ubuntu3)
  configuration: --prefix=/usr --extra-version=3ubuntu5 --toolchain=hardened --libdir=/usr/lib/x86_64-linux-gnu --incdir=/usr/include/x86_64-linux-gnu --arch=amd64 --enable-gpl --disable-stripping --disable-omx --enable-gnutls --enable-libaom --enable-libass --enable-libbs2b --enable-libcaca --enable-libcdio --enable-libcodec2 --enable-libdav1d --enable-libflite --enable-libfontconfig --enable-libfreetype --enable-libfribidi --enable-libglslang --enable-libgme --enable-libgsm --enable-libharfbuzz --enable-libmp3lame --enable-libmysofa --enable-libopenjpeg --enable-libopenmpt --enable-libopus --enable-librubberband --enable-libshine --enable-libsnappy --enable-libsoxr --enable-libspeex --enable-libtheora --enable-libtwolame --enable-libvidstab --enable-libvorbis --enable-libvpx --enable-libwebp --enable-libx265 --enable-libxml2 --enable-libxvid --enable-libzimg --enable-openal --enable-opencl --enable-opengl --disable-sndio --enable-libvpl --disable-libmfx --enable-libdc1394 --enable-libdrm --enable-libiec61883 --enable-chromaprint --enable-frei0r --enable-ladspa --enable-libbluray --enable-libjack --enable-libpulse --enable-librabbitmq --enable-librist --enable-libsrt --enable-libssh --enable-libsvtav1 --enable-libx264 --enable-libzmq --enable-libzvbi --enable-lv2 --enable-sdl2 --enable-libplacebo --enable-librav1e --enable-pocketsphinx --enable-librsvg --enable-libjxl --enable-shared
  libavutil      58. 29.100 / 58. 29.100
  libavcodec     60. 31.102 / 60. 31.102
  libavformat    60. 16.100 / 60. 16.100
  libavdevice    60.  3.100 / 60.  3.100
  libavfilter     9. 12.100 /  9. 12.100
  libswscale      7.  5.100 /  7.  5.100
  libswresample   4. 12.100 /  4. 12.100
  libpostproc    57.  3.100 / 57.  3.100
Input #0, mov,mp4,m4a,3gp,3g2,mj2, from '/data/vaishak/combined-kv-quant/results/runs/backfill_tptq_int2_089f989f38f6_10s/videos/TPTQ_INT2/prompt_0006_seed_6.mp4':
  Metadata:
    major_brand     : isom
    minor_version   : 512
    compatible_brands: isomiso2avc1mp41
    encoder         : Lavf61.1.100
  Duration: 00:00:10.31, start: 0.000000, bitrate: 1075 kb/s
  Stream #0:0[0x1](und): Video: h264 (High) (avc1 / 0x31637661), yuv420p(progressive), 832x480, 1073 kb/s, 16 fps, 16 tbr, 16384 tbn (default)
    Metadata:
      handler_name    : VideoHandler
      vendor_id       : [0][0][0][0]
Stream mapping:
  Stream #0:0 -> #0:0 (h264 (native) -> h264 (libx264))
Press [q] to stop, [?] for help
[libx264 @ 0x59e66a669700] using cpu capabilities: MMX2 SSE2Fast SSSE3 SSE4.2 AVX FMA3 BMI2 AVX2
[libx264 @ 0x59e66a669700] profile High, level 3.0, 4:2:0, 8-bit
[libx264 @ 0x59e66a669700] 264 - core 164 r3108 31e19f9 - H.264/MPEG-4 AVC codec - Copyleft 2003-2023 - http://www.videolan.org/x264.html - options: cabac=1 ref=3 deblock=1:0:0 analyse=0x3:0x113 me=hex subme=7 psy=1 psy_rd=1.00:0.00 mixed_ref=1 me_range=16 chroma_me=1 trellis=1 8x8dct=1 cqm=0 deadzone=21,11 fast_pskip=1 chroma_qp_offset=-2 threads=15 lookahead_threads=2 sliced_threads=0 nr=0 decimate=1 interlaced=0 bluray_compat=0 constrained_intra=0 bframes=3 b_pyramid=2 b_adapt=1 b_bias=0 direct=1 weightb=1 open_gop=0 weightp=2 keyint=250 keyint_min=16 scenecut=40 intra_refresh=0 rc_lookahead=40 rc=crf mbtree=1 crf=23.0 qcomp=0.60 qpmin=0 qpmax=69 qpstep=4 ip_ratio=1.40 aq=1:1.00
Output #0, mp4, to '/data/vaishak/combined-kv-quant/results/combined/backfills/drift/moviegen/5d74a7d4623e9cb6_TPTQ_INT2/TPTQ_INT2_frames_165/prompt_0006_seed_6.mp4':
  Metadata:
    major_brand     : isom
    minor_version   : 512
    compatible_brands: isomiso2avc1mp41
    encoder         : Lavf60.16.100
  Stream #0:0(und): Video: h264 (avc1 / 0x31637661), yuv420p(progressive), 832x480, q=2-31, 16 fps, 16384 tbn (default)
    Metadata:
      handler_name    : VideoHandler
      vendor_id       : [0][0][0][0]
      encoder         : Lavc60.31.102 libx264
    Side data:
      cpb: bitrate max/min/avg: 0/0/0 buffer size: 0 vbv_delay: N/A
frame=    0 fps=0.0 q=0.0 size=       0kB time=N/A bitrate=N/A speed=N/A    [out#0/mp4 @ 0x59e66a5e8000] video:1418kB audio:0kB subtitle:0kB other streams:0kB global headers:0kB muxing overhead: 0.196119%
frame=  165 fps=0.0 q=-1.0 Lsize=    1420kB time=00:00:10.12 bitrate=1149.2kbits/s speed=17.8x    
[libx264 @ 0x59e66a669700] frame I:3     Avg QP:19.52  size: 39248
[libx264 @ 0x59e66a669700] frame P:43    Avg QP:21.56  size: 17520
[libx264 @ 0x59e66a669700] frame B:119   Avg QP:24.20  size:  4873
[libx264 @ 0x59e66a669700] consecutive B-frames:  2.4%  3.6%  1.8% 92.1%
[libx264 @ 0x59e66a669700] mb I  I16..4: 28.4% 58.4% 13.1%
[libx264 @ 0x59e66a669700] mb P  I16..4:  5.6% 10.2%  1.6%  P16..4: 50.4% 14.9%  8.1%  0.0%  0.0%    skip: 9.2%
[libx264 @ 0x59e66a669700] mb B  I16..4:  0.7%  0.8%  0.1%  B16..8: 38.1%  5.6%  2.1%  direct: 3.7%  skip:48.9%  L0:31.1% L1:59.7% BI: 9.2%
[libx264 @ 0x59e66a669700] 8x8 transform intra:57.2% inter:71.4%
[libx264 @ 0x59e66a669700] coded y,uvDC,uvAC intra: 47.8% 88.2% 26.8% inter: 16.5% 27.4% 2.0%
[libx264 @ 0x59e66a669700] i16 v,h,dc,p: 11% 19%  8% 61%
[libx264 @ 0x59e66a669700] i8 v,h,dc,ddl,ddr,vr,hd,vl,hu: 18% 20% 24%  5%  8%  7%  7%  5%  6%
[libx264 @ 0x59e66a669700] i4 v,h,dc,ddl,ddr,vr,hd,vl,hu: 10%  9% 12%  5% 23% 17% 12%  6%  6%
[libx264 @ 0x59e66a669700] i8c dc,h,v,p: 41% 23% 16% 19%
[libx264 @ 0x59e66a669700] Weighted P-Frames: Y:9.3% UV:4.7%
[libx264 @ 0x59e66a669700] ref P L0: 53.6% 10.2% 24.4% 10.6%  1.2%
[libx264 @ 0x59e66a669700] ref B L0: 84.6% 12.6%  2.8%
[libx264 @ 0x59e66a669700] ref B L1: 97.4%  2.6%
[libx264 @ 0x59e66a669700] kb/s:1125.61
ffmpeg version 6.1.1-3ubuntu5 Copyright (c) 2000-2023 the FFmpeg developers
  built with gcc 13 (Ubuntu 13.2.0-23ubuntu3)
  configuration: --prefix=/usr --extra-version=3ubuntu5 --toolchain=hardened --libdir=/usr/lib/x86_64-linux-gnu --incdir=/usr/include/x86_64-linux-gnu --arch=amd64 --enable-gpl --disable-stripping --disable-omx --enable-gnutls --enable-libaom --enable-libass --enable-libbs2b --enable-libcaca --enable-libcdio --enable-libcodec2 --enable-libdav1d --enable-libflite --enable-libfontconfig --enable-libfreetype --enable-libfribidi --enable-libglslang --enable-libgme --enable-libgsm --enable-libharfbuzz --enable-libmp3lame --enable-libmysofa --enable-libopenjpeg --enable-libopenmpt --enable-libopus --enable-librubberband --enable-libshine --enable-libsnappy --enable-libsoxr --enable-libspeex --enable-libtheora --enable-libtwolame --enable-libvidstab --enable-libvorbis --enable-libvpx --enable-libwebp --enable-libx265 --enable-libxml2 --enable-libxvid --enable-libzimg --enable-openal --enable-opencl --enable-opengl --disable-sndio --enable-libvpl --disable-libmfx --enable-libdc1394 --enable-libdrm --enable-libiec61883 --enable-chromaprint --enable-frei0r --enable-ladspa --enable-libbluray --enable-libjack --enable-libpulse --enable-librabbitmq --enable-librist --enable-libsrt --enable-libssh --enable-libsvtav1 --enable-libx264 --enable-libzmq --enable-libzvbi --enable-lv2 --enable-sdl2 --enable-libplacebo --enable-librav1e --enable-pocketsphinx --enable-librsvg --enable-libjxl --enable-shared
  libavutil      58. 29.100 / 58. 29.100
  libavcodec     60. 31.102 / 60. 31.102
  libavformat    60. 16.100 / 60. 16.100
  libavdevice    60.  3.100 / 60.  3.100
  libavfilter     9. 12.100 /  9. 12.100
  libswscale      7.  5.100 /  7.  5.100
  libswresample   4. 12.100 /  4. 12.100
  libpostproc    57.  3.100 / 57.  3.100
Input #0, mov,mp4,m4a,3gp,3g2,mj2, from '/data/vaishak/combined-kv-quant/results/runs/backfill_tptq_int2_089f989f38f6_10s/videos/TPTQ_INT2/prompt_0007_seed_7.mp4':
  Metadata:
    major_brand     : isom
    minor_version   : 512
    compatible_brands: isomiso2avc1mp41
    encoder         : Lavf61.1.100
  Duration: 00:00:10.31, start: 0.000000, bitrate: 1034 kb/s
  Stream #0:0[0x1](und): Video: h264 (High) (avc1 / 0x31637661), yuv420p(progressive), 832x480, 1032 kb/s, 16 fps, 16 tbr, 16384 tbn (default)
    Metadata:
      handler_name    : VideoHandler
      vendor_id       : [0][0][0][0]
Stream mapping:
  Stream #0:0 -> #0:0 (h264 (native) -> h264 (libx264))
Press [q] to stop, [?] for help
[libx264 @ 0x628c24622600] using cpu capabilities: MMX2 SSE2Fast SSSE3 SSE4.2 AVX FMA3 BMI2 AVX2
[libx264 @ 0x628c24622600] profile High, level 3.0, 4:2:0, 8-bit
[libx264 @ 0x628c24622600] 264 - core 164 r3108 31e19f9 - H.264/MPEG-4 AVC codec - Copyleft 2003-2023 - http://www.videolan.org/x264.html - options: cabac=1 ref=3 deblock=1:0:0 analyse=0x3:0x113 me=hex subme=7 psy=1 psy_rd=1.00:0.00 mixed_ref=1 me_range=16 chroma_me=1 trellis=1 8x8dct=1 cqm=0 deadzone=21,11 fast_pskip=1 chroma_qp_offset=-2 threads=15 lookahead_threads=2 sliced_threads=0 nr=0 decimate=1 interlaced=0 bluray_compat=0 constrained_intra=0 bframes=3 b_pyramid=2 b_adapt=1 b_bias=0 direct=1 weightb=1 open_gop=0 weightp=2 keyint=250 keyint_min=16 scenecut=40 intra_refresh=0 rc_lookahead=40 rc=crf mbtree=1 crf=23.0 qcomp=0.60 qpmin=0 qpmax=69 qpstep=4 ip_ratio=1.40 aq=1:1.00
Output #0, mp4, to '/data/vaishak/combined-kv-quant/results/combined/backfills/drift/moviegen/5d74a7d4623e9cb6_TPTQ_INT2/TPTQ_INT2_frames_165/prompt_0007_seed_7.mp4':
  Metadata:
    major_brand     : isom
    minor_version   : 512
    compatible_brands: isomiso2avc1mp41
    encoder         : Lavf60.16.100
  Stream #0:0(und): Video: h264 (avc1 / 0x31637661), yuv420p(progressive), 832x480, q=2-31, 16 fps, 16384 tbn (default)
    Metadata:
      handler_name    : VideoHandler
      vendor_id       : [0][0][0][0]
      encoder         : Lavc60.31.102 libx264
    Side data:
      cpb: bitrate max/min/avg: 0/0/0 buffer size: 0 vbv_delay: N/A
frame=    0 fps=0.0 q=0.0 size=       0kB time=N/A bitrate=N/A speed=N/A    [out#0/mp4 @ 0x628c24621100] video:1495kB audio:0kB subtitle:0kB other streams:0kB global headers:0kB muxing overhead: 0.185977%
frame=  165 fps=0.0 q=-1.0 Lsize=    1498kB time=00:00:10.12 bitrate=1211.8kbits/s speed=16.2x    
[libx264 @ 0x628c24622600] frame I:1     Avg QP:23.04  size: 41459
[libx264 @ 0x628c24622600] frame P:47    Avg QP:23.49  size: 19359
[libx264 @ 0x628c24622600] frame B:117   Avg QP:26.92  size:  4947
[libx264 @ 0x628c24622600] consecutive B-frames:  1.2% 12.1%  1.8% 84.8%
[libx264 @ 0x628c24622600] mb I  I16..4:  7.6% 62.2% 30.3%
[libx264 @ 0x628c24622600] mb P  I16..4:  3.0% 11.2%  1.6%  P16..4: 40.6% 25.8% 11.1%  0.0%  0.0%    skip: 6.7%
[libx264 @ 0x628c24622600] mb B  I16..4:  1.0%  3.8%  0.1%  B16..8: 41.7% 11.4%  2.5%  direct: 3.2%  skip:36.4%  L0:42.2% L1:44.5% BI:13.3%
[libx264 @ 0x628c24622600] 8x8 transform intra:73.0% inter:69.0%
[libx264 @ 0x628c24622600] coded y,uvDC,uvAC intra: 58.8% 83.1% 20.0% inter: 24.9% 27.9% 1.1%
[libx264 @ 0x628c24622600] i16 v,h,dc,p:  3% 39%  1% 57%
[libx264 @ 0x628c24622600] i8 v,h,dc,ddl,ddr,vr,hd,vl,hu: 12% 31% 12%  4%  8%  7% 11%  5%  9%
[libx264 @ 0x628c24622600] i4 v,h,dc,ddl,ddr,vr,hd,vl,hu: 12% 29% 12%  5% 10%  7% 12%  5%  8%
[libx264 @ 0x628c24622600] i8c dc,h,v,p: 35% 42% 10% 13%
[libx264 @ 0x628c24622600] Weighted P-Frames: Y:19.1% UV:4.3%
[libx264 @ 0x628c24622600] ref P L0: 49.4% 21.6% 18.2%  8.6%  2.2%
[libx264 @ 0x628c24622600] ref B L0: 88.8%  8.5%  2.7%
[libx264 @ 0x628c24622600] ref B L1: 97.4%  2.6%
[libx264 @ 0x628c24622600] kb/s:1187.02
ffmpeg version 6.1.1-3ubuntu5 Copyright (c) 2000-2023 the FFmpeg developers
  built with gcc 13 (Ubuntu 13.2.0-23ubuntu3)
  configuration: --prefix=/usr --extra-version=3ubuntu5 --toolchain=hardened --libdir=/usr/lib/x86_64-linux-gnu --incdir=/usr/include/x86_64-linux-gnu --arch=amd64 --enable-gpl --disable-stripping --disable-omx --enable-gnutls --enable-libaom --enable-libass --enable-libbs2b --enable-libcaca --enable-libcdio --enable-libcodec2 --enable-libdav1d --enable-libflite --enable-libfontconfig --enable-libfreetype --enable-libfribidi --enable-libglslang --enable-libgme --enable-libgsm --enable-libharfbuzz --enable-libmp3lame --enable-libmysofa --enable-libopenjpeg --enable-libopenmpt --enable-libopus --enable-librubberband --enable-libshine --enable-libsnappy --enable-libsoxr --enable-libspeex --enable-libtheora --enable-libtwolame --enable-libvidstab --enable-libvorbis --enable-libvpx --enable-libwebp --enable-libx265 --enable-libxml2 --enable-libxvid --enable-libzimg --enable-openal --enable-opencl --enable-opengl --disable-sndio --enable-libvpl --disable-libmfx --enable-libdc1394 --enable-libdrm --enable-libiec61883 --enable-chromaprint --enable-frei0r --enable-ladspa --enable-libbluray --enable-libjack --enable-libpulse --enable-librabbitmq --enable-librist --enable-libsrt --enable-libssh --enable-libsvtav1 --enable-libx264 --enable-libzmq --enable-libzvbi --enable-lv2 --enable-sdl2 --enable-libplacebo --enable-librav1e --enable-pocketsphinx --enable-librsvg --enable-libjxl --enable-shared
  libavutil      58. 29.100 / 58. 29.100
  libavcodec     60. 31.102 / 60. 31.102
  libavformat    60. 16.100 / 60. 16.100
  libavdevice    60.  3.100 / 60.  3.100
  libavfilter     9. 12.100 /  9. 12.100
  libswscale      7.  5.100 /  7.  5.100
  libswresample   4. 12.100 /  4. 12.100
  libpostproc    57.  3.100 / 57.  3.100
Input #0, mov,mp4,m4a,3gp,3g2,mj2, from '/data/vaishak/combined-kv-quant/results/runs/backfill_tptq_int2_089f989f38f6_10s/videos/TPTQ_INT2/prompt_0008_seed_8.mp4':
  Metadata:
    major_brand     : isom
    minor_version   : 512
    compatible_brands: isomiso2avc1mp41
    encoder         : Lavf61.1.100
  Duration: 00:00:10.31, start: 0.000000, bitrate: 1041 kb/s
  Stream #0:0[0x1](und): Video: h264 (High) (avc1 / 0x31637661), yuv420p(progressive), 832x480, 1039 kb/s, 16 fps, 16 tbr, 16384 tbn (default)
    Metadata:
      handler_name    : VideoHandler
      vendor_id       : [0][0][0][0]
Stream mapping:
  Stream #0:0 -> #0:0 (h264 (native) -> h264 (libx264))
Press [q] to stop, [?] for help
[libx264 @ 0x5710f8934b00] using cpu capabilities: MMX2 SSE2Fast SSSE3 SSE4.2 AVX FMA3 BMI2 AVX2
[libx264 @ 0x5710f8934b00] profile High, level 3.0, 4:2:0, 8-bit
[libx264 @ 0x5710f8934b00] 264 - core 164 r3108 31e19f9 - H.264/MPEG-4 AVC codec - Copyleft 2003-2023 - http://www.videolan.org/x264.html - options: cabac=1 ref=3 deblock=1:0:0 analyse=0x3:0x113 me=hex subme=7 psy=1 psy_rd=1.00:0.00 mixed_ref=1 me_range=16 chroma_me=1 trellis=1 8x8dct=1 cqm=0 deadzone=21,11 fast_pskip=1 chroma_qp_offset=-2 threads=15 lookahead_threads=2 sliced_threads=0 nr=0 decimate=1 interlaced=0 bluray_compat=0 constrained_intra=0 bframes=3 b_pyramid=2 b_adapt=1 b_bias=0 direct=1 weightb=1 open_gop=0 weightp=2 keyint=250 keyint_min=16 scenecut=40 intra_refresh=0 rc_lookahead=40 rc=crf mbtree=1 crf=23.0 qcomp=0.60 qpmin=0 qpmax=69 qpstep=4 ip_ratio=1.40 aq=1:1.00
Output #0, mp4, to '/data/vaishak/combined-kv-quant/results/combined/backfills/drift/moviegen/5d74a7d4623e9cb6_TPTQ_INT2/TPTQ_INT2_frames_165/prompt_0008_seed_8.mp4':
  Metadata:
    major_brand     : isom
    minor_version   : 512
    compatible_brands: isomiso2avc1mp41
    encoder         : Lavf60.16.100
  Stream #0:0(und): Video: h264 (avc1 / 0x31637661), yuv420p(progressive), 832x480, q=2-31, 16 fps, 16384 tbn (default)
    Metadata:
      handler_name    : VideoHandler
      vendor_id       : [0][0][0][0]
      encoder         : Lavc60.31.102 libx264
    Side data:
      cpb: bitrate max/min/avg: 0/0/0 buffer size: 0 vbv_delay: N/A
frame=    0 fps=0.0 q=0.0 size=       0kB time=N/A bitrate=N/A speed=N/A    [out#0/mp4 @ 0x5710f88ac000] video:796kB audio:0kB subtitle:0kB other streams:0kB global headers:0kB muxing overhead: 0.345357%
frame=  165 fps=0.0 q=-1.0 Lsize=     799kB time=00:00:10.12 bitrate= 646.3kbits/s speed=18.7x    
[libx264 @ 0x5710f8934b00] frame I:1     Avg QP:19.27  size: 51588
[libx264 @ 0x5710f8934b00] frame P:62    Avg QP:21.21  size: 10409
[libx264 @ 0x5710f8934b00] frame B:102   Avg QP:25.17  size:  1152
[libx264 @ 0x5710f8934b00] consecutive B-frames:  3.6% 41.2%  1.8% 53.3%
[libx264 @ 0x5710f8934b00] mb I  I16..4:  7.4% 54.0% 38.7%
[libx264 @ 0x5710f8934b00] mb P  I16..4:  0.5%  1.0%  0.1%  P16..4: 51.9% 21.8% 11.9%  0.0%  0.0%    skip:12.9%
[libx264 @ 0x5710f8934b00] mb B  I16..4:  0.0%  0.0%  0.0%  B16..8: 35.1%  1.5%  0.3%  direct: 1.4%  skip:61.6%  L0:48.1% L1:46.7% BI: 5.2%
[libx264 @ 0x5710f8934b00] 8x8 transform intra:58.0% inter:64.9%
[libx264 @ 0x5710f8934b00] coded y,uvDC,uvAC intra: 63.0% 86.8% 54.4% inter: 16.0% 26.1% 1.1%
[libx264 @ 0x5710f8934b00] i16 v,h,dc,p: 12% 37% 10% 41%
[libx264 @ 0x5710f8934b00] i8 v,h,dc,ddl,ddr,vr,hd,vl,hu: 11% 23% 19%  4%  9%  7% 11%  6%  8%
[libx264 @ 0x5710f8934b00] i4 v,h,dc,ddl,ddr,vr,hd,vl,hu: 15% 22% 13%  7% 12%  8%  9%  6%  8%
[libx264 @ 0x5710f8934b00] i8c dc,h,v,p: 42% 31% 13% 14%
[libx264 @ 0x5710f8934b00] Weighted P-Frames: Y:30.6% UV:11.3%
[libx264 @ 0x5710f8934b00] ref P L0: 57.9% 21.9% 14.6%  4.3%  1.2%
[libx264 @ 0x5710f8934b00] ref B L0: 93.3%  5.9%  0.8%
[libx264 @ 0x5710f8934b00] ref B L1: 98.8%  1.2%
[libx264 @ 0x5710f8934b00] kb/s:631.78
ffmpeg version 6.1.1-3ubuntu5 Copyright (c) 2000-2023 the FFmpeg developers
  built with gcc 13 (Ubuntu 13.2.0-23ubuntu3)
  configuration: --prefix=/usr --extra-version=3ubuntu5 --toolchain=hardened --libdir=/usr/lib/x86_64-linux-gnu --incdir=/usr/include/x86_64-linux-gnu --arch=amd64 --enable-gpl --disable-stripping --disable-omx --enable-gnutls --enable-libaom --enable-libass --enable-libbs2b --enable-libcaca --enable-libcdio --enable-libcodec2 --enable-libdav1d --enable-libflite --enable-libfontconfig --enable-libfreetype --enable-libfribidi --enable-libglslang --enable-libgme --enable-libgsm --enable-libharfbuzz --enable-libmp3lame --enable-libmysofa --enable-libopenjpeg --enable-libopenmpt --enable-libopus --enable-librubberband --enable-libshine --enable-libsnappy --enable-libsoxr --enable-libspeex --enable-libtheora --enable-libtwolame --enable-libvidstab --enable-libvorbis --enable-libvpx --enable-libwebp --enable-libx265 --enable-libxml2 --enable-libxvid --enable-libzimg --enable-openal --enable-opencl --enable-opengl --disable-sndio --enable-libvpl --disable-libmfx --enable-libdc1394 --enable-libdrm --enable-libiec61883 --enable-chromaprint --enable-frei0r --enable-ladspa --enable-libbluray --enable-libjack --enable-libpulse --enable-librabbitmq --enable-librist --enable-libsrt --enable-libssh --enable-libsvtav1 --enable-libx264 --enable-libzmq --enable-libzvbi --enable-lv2 --enable-sdl2 --enable-libplacebo --enable-librav1e --enable-pocketsphinx --enable-librsvg --enable-libjxl --enable-shared
  libavutil      58. 29.100 / 58. 29.100
  libavcodec     60. 31.102 / 60. 31.102
  libavformat    60. 16.100 / 60. 16.100
  libavdevice    60.  3.100 / 60.  3.100
  libavfilter     9. 12.100 /  9. 12.100
  libswscale      7.  5.100 /  7.  5.100
  libswresample   4. 12.100 /  4. 12.100
  libpostproc    57.  3.100 / 57.  3.100
Input #0, mov,mp4,m4a,3gp,3g2,mj2, from '/data/vaishak/combined-kv-quant/results/runs/backfill_tptq_int2_089f989f38f6_10s/videos/TPTQ_INT2/prompt_0009_seed_9.mp4':
  Metadata:
    major_brand     : isom
    minor_version   : 512
    compatible_brands: isomiso2avc1mp41
    encoder         : Lavf61.1.100
  Duration: 00:00:10.31, start: 0.000000, bitrate: 1053 kb/s
  Stream #0:0[0x1](und): Video: h264 (High) (avc1 / 0x31637661), yuv420p(progressive), 832x480, 1050 kb/s, 16 fps, 16 tbr, 16384 tbn (default)
    Metadata:
      handler_name    : VideoHandler
      vendor_id       : [0][0][0][0]
Stream mapping:
  Stream #0:0 -> #0:0 (h264 (native) -> h264 (libx264))
Press [q] to stop, [?] for help
[libx264 @ 0x56ae19f65700] using cpu capabilities: MMX2 SSE2Fast SSSE3 SSE4.2 AVX FMA3 BMI2 AVX2
[libx264 @ 0x56ae19f65700] profile High, level 3.0, 4:2:0, 8-bit
[libx264 @ 0x56ae19f65700] 264 - core 164 r3108 31e19f9 - H.264/MPEG-4 AVC codec - Copyleft 2003-2023 - http://www.videolan.org/x264.html - options: cabac=1 ref=3 deblock=1:0:0 analyse=0x3:0x113 me=hex subme=7 psy=1 psy_rd=1.00:0.00 mixed_ref=1 me_range=16 chroma_me=1 trellis=1 8x8dct=1 cqm=0 deadzone=21,11 fast_pskip=1 chroma_qp_offset=-2 threads=15 lookahead_threads=2 sliced_threads=0 nr=0 decimate=1 interlaced=0 bluray_compat=0 constrained_intra=0 bframes=3 b_pyramid=2 b_adapt=1 b_bias=0 direct=1 weightb=1 open_gop=0 weightp=2 keyint=250 keyint_min=16 scenecut=40 intra_refresh=0 rc_lookahead=40 rc=crf mbtree=1 crf=23.0 qcomp=0.60 qpmin=0 qpmax=69 qpstep=4 ip_ratio=1.40 aq=1:1.00
Output #0, mp4, to '/data/vaishak/combined-kv-quant/results/combined/backfills/drift/moviegen/5d74a7d4623e9cb6_TPTQ_INT2/TPTQ_INT2_frames_165/prompt_0009_seed_9.mp4':
  Metadata:
    major_brand     : isom
    minor_version   : 512
    compatible_brands: isomiso2avc1mp41
    encoder         : Lavf60.16.100
  Stream #0:0(und): Video: h264 (avc1 / 0x31637661), yuv420p(progressive), 832x480, q=2-31, 16 fps, 16384 tbn (default)
    Metadata:
      handler_name    : VideoHandler
      vendor_id       : [0][0][0][0]
      encoder         : Lavc60.31.102 libx264
    Side data:
      cpb: bitrate max/min/avg: 0/0/0 buffer size: 0 vbv_delay: N/A
frame=    0 fps=0.0 q=0.0 size=       0kB time=N/A bitrate=N/A speed=N/A    [out#0/mp4 @ 0x56ae19ed9d40] video:1858kB audio:0kB subtitle:0kB other streams:0kB global headers:0kB muxing overhead: 0.148784%
frame=  165 fps=0.0 q=-1.0 Lsize=    1861kB time=00:00:10.12 bitrate=1505.6kbits/s speed=15.3x    
[libx264 @ 0x56ae19f65700] frame I:1     Avg QP:22.12  size: 67616
[libx264 @ 0x56ae19f65700] frame P:43    Avg QP:22.89  size: 26566
[libx264 @ 0x56ae19f65700] frame B:121   Avg QP:26.90  size:  5720
[libx264 @ 0x56ae19f65700] consecutive B-frames:  1.2%  1.2%  5.5% 92.1%
[libx264 @ 0x56ae19f65700] mb I  I16..4:  3.2% 55.4% 41.4%
[libx264 @ 0x56ae19f65700] mb P  I16..4:  0.7%  6.0%  2.2%  P16..4: 40.7% 28.7% 16.1%  0.0%  0.0%    skip: 5.6%
[libx264 @ 0x56ae19f65700] mb B  I16..4:  0.0%  0.2%  0.2%  B16..8: 50.9%  9.8%  3.6%  direct: 2.8%  skip:32.5%  L0:48.1% L1:41.4% BI:10.5%
[libx264 @ 0x56ae19f65700] 8x8 transform intra:64.4% inter:60.9%
[libx264 @ 0x56ae19f65700] coded y,uvDC,uvAC intra: 86.1% 62.0% 14.5% inter: 26.4% 10.3% 0.0%
[libx264 @ 0x56ae19f65700] i16 v,h,dc,p:  9% 38% 22% 31%
[libx264 @ 0x56ae19f65700] i8 v,h,dc,ddl,ddr,vr,hd,vl,hu: 12% 27% 16%  4%  6%  6% 11%  5% 12%
[libx264 @ 0x56ae19f65700] i4 v,h,dc,ddl,ddr,vr,hd,vl,hu: 15% 24% 14%  5%  8%  7% 12%  6% 10%
[libx264 @ 0x56ae19f65700] i8c dc,h,v,p: 56% 24% 15%  5%
[libx264 @ 0x56ae19f65700] Weighted P-Frames: Y:27.9% UV:0.0%
[libx264 @ 0x56ae19f65700] ref P L0: 51.9% 26.6% 15.0%  5.4%  1.0%
[libx264 @ 0x56ae19f65700] ref B L0: 92.4%  6.1%  1.4%
[libx264 @ 0x56ae19f65700] ref B L1: 98.7%  1.3%
[libx264 @ 0x56ae19f65700] kb/s:1475.54
[rank0]:[W310 23:02:18.973065282 ProcessGroupNCCL.cpp:4115] [PG ID 0 PG GUID 0 Rank 0]  using GPU 0 to perform barrier as devices used by this process are currently unknown. This can potentially cause a hang if this rank to GPU mapping is incorrect.Specify device_ids in barrier() to force use of a particular device,or call init_process_group() with a device_id.
/home/suraj/miniforge3/envs/qvg_sf_eval/lib/python3.10/site-packages/clip/clip.py:6: UserWarning: pkg_resources is deprecated as an API. See https://setuptools.pypa.io/en/latest/pkg_resources.html. The pkg_resources package is slated for removal as early as 2025-11-30. Refrain from using this package or pin to Setuptools<81.
  from pkg_resources import packaging
/home/suraj/miniforge3/envs/qvg_sf_eval/lib/python3.10/site-packages/timm/models/layers/__init__.py:48: FutureWarning: Importing from timm.models.layers is deprecated, please import via timm.layers
  warnings.warn(f"Importing from {__name__} is deprecated, please import via timm.layers", FutureWarning)
/home/suraj/miniforge3/envs/qvg_sf_eval/lib/python3.10/site-packages/pyiqa/archs/arch_util.py:118: FutureWarning: You are using `torch.load` with `weights_only=False` (the current default value), which uses the default pickle module implicitly. It is possible to construct malicious pickle data which will execute arbitrary code during unpickling (See https://github.com/pytorch/pytorch/blob/main/SECURITY.md#untrusted-models for more details). In a future release, the default value for `weights_only` will be flipped to `True`. This limits the functions that could be executed during unpickling. Arbitrary objects will no longer be allowed to be loaded via this mode unless they are explicitly allowlisted by the user via `torch.serialization.add_safe_globals`. We recommend you start setting `weights_only=True` for any use case where you don't have full control of the loaded file. Please open an issue on GitHub for any issues related to this experimental feature.
  state_dict = torch.load(model_path, map_location=torch.device("cpu"))
args: Namespace(output_path='/data/vaishak/combined-kv-quant/results/combined/backfills/drift/moviegen/5d74a7d4623e9cb6_TPTQ_INT2/vbench_TPTQ_INT2_165', full_json_dir='/data/vaishak/combined-kv-quant/third_party/VBench/vbench/VBench_full_info.json', videos_path='/data/vaishak/combined-kv-quant/results/combined/backfills/drift/moviegen/5d74a7d4623e9cb6_TPTQ_INT2/TPTQ_INT2_frames_165', dimension=['imaging_quality'], load_ckpt_from_local=None, read_frame=None, mode='custom_input', prompt='None', prompt_file='/data/vaishak/combined-kv-quant/results/combined/backfills/drift/moviegen/5d74a7d4623e9cb6_TPTQ_INT2/prompt_map_165.json', category=None, imaging_quality_preprocessing_mode='longer')
start evaluation
Evaluation meta data saved to /data/vaishak/combined-kv-quant/results/combined/backfills/drift/moviegen/5d74a7d4623e9cb6_TPTQ_INT2/vbench_TPTQ_INT2_165/results_2026-03-10-23:02:18_full_info.json
cur_full_info_path: /data/vaishak/combined-kv-quant/results/combined/backfills/drift/moviegen/5d74a7d4623e9cb6_TPTQ_INT2/vbench_TPTQ_INT2_165/results_2026-03-10-23:02:18_full_info.json
Loading pretrained model MUSIQ from /home/vaishak/.cache/vbench/pyiqa_model/musiq_spaq_ckpt-358bb6af.pth
  0%|          | 0/10 [00:00<?, ?it/s] 10%|█         | 1/10 [00:04<00:43,  4.80s/it] 20%|██        | 2/10 [00:09<00:40,  5.04s/it] 30%|███       | 3/10 [00:16<00:39,  5.67s/it] 40%|████      | 4/10 [00:23<00:36,  6.09s/it] 50%|█████     | 5/10 [00:29<00:31,  6.32s/it] 60%|██████    | 6/10 [00:36<00:25,  6.28s/it] 70%|███████   | 7/10 [00:40<00:17,  5.72s/it] 80%|████████  | 8/10 [00:45<00:10,  5.35s/it] 90%|█████████ | 9/10 [00:49<00:05,  5.04s/it]100%|██████████| 10/10 [00:54<00:00,  4.93s/it]100%|██████████| 10/10 [00:54<00:00,  5.43s/it]
Evaluation results saved to /data/vaishak/combined-kv-quant/results/combined/backfills/drift/moviegen/5d74a7d4623e9cb6_TPTQ_INT2/vbench_TPTQ_INT2_165/results_2026-03-10-23:02:18_eval_results.json
done
[rank0]:[W310 23:03:15.306992272 ProcessGroupNCCL.cpp:1250] Warning: WARNING: process group has NOT been destroyed before we destruct ProcessGroupNCCL. On normal program exit, the application should call destroy_process_group to ensure that any pending NCCL operations have finished in this process. In rare cases this process can exit before this point and block the progress of another member of the process group. This constraint has always been present,  but this warning has only been added since PyTorch 2.4 (function operator())
{
  "method": "TPTQ_INT2",
  "frame_step": 165,
  "max_frames": 165,
  "curve": [
    {
      "frame_cap": 165,
      "imaging_quality": [
        0.7221577674403333,
        [
          {
            "video_path": "/data/vaishak/combined-kv-quant/results/combined/backfills/drift/moviegen/5d74a7d4623e9cb6_TPTQ_INT2/TPTQ_INT2_frames_165/prompt_0007_seed_7.mp4",
            "video_results": 76.98891805013021
          },
          {
            "video_path": "/data/vaishak/combined-kv-quant/results/combined/backfills/drift/moviegen/5d74a7d4623e9cb6_TPTQ_INT2/TPTQ_INT2_frames_165/prompt_0006_seed_6.mp4",
            "video_results": 67.2469990123402
          },
          {
            "video_path": "/data/vaishak/combined-kv-quant/results/combined/backfills/drift/moviegen/5d74a7d4623e9cb6_TPTQ_INT2/TPTQ_INT2_frames_165/prompt_0004_seed_4.mp4",
            "video_results": 70.64985388553504
          },
          {
            "video_path": "/data/vaishak/combined-kv-quant/results/combined/backfills/drift/moviegen/5d74a7d4623e9cb6_TPTQ_INT2/TPTQ_INT2_frames_165/prompt_0003_seed_3.mp4",
            "video_results": 73.6200742779356
          },
          {
            "video_path": "/data/vaishak/combined-kv-quant/results/combined/backfills/drift/moviegen/5d74a7d4623e9cb6_TPTQ_INT2/TPTQ_INT2_frames_165/prompt_0005_seed_5.mp4",
            "video_results": 75.41809105150628
          },
          {
            "video_path": "/data/vaishak/combined-kv-quant/results/combined/backfills/drift/moviegen/5d74a7d4623e9cb6_TPTQ_INT2/TPTQ_INT2_frames_165/prompt_0002_seed_2.mp4",
            "video_results": 72.2504061381022
          },
          {
            "video_path": "/data/vaishak/combined-kv-quant/results/combined/backfills/drift/moviegen/5d74a7d4623e9cb6_TPTQ_INT2/TPTQ_INT2_frames_165/prompt_0001_seed_1.mp4",
            "video_results": 71.87458653305517
          },
          {
            "video_path": "/data/vaishak/combined-kv-quant/results/combined/backfills/drift/moviegen/5d74a7d4623e9cb6_TPTQ_INT2/TPTQ_INT2_frames_165/prompt_0009_seed_9.mp4",
            "video_results": 73.74642680775035
          },
          {
            "video_path": "/data/vaishak/combined-kv-quant/results/combined/backfills/drift/moviegen/5d74a7d4623e9cb6_TPTQ_INT2/TPTQ_INT2_frames_165/prompt_0008_seed_8.mp4",
            "video_results": 77.86260214140921
          },
          {
            "video_path": "/data/vaishak/combined-kv-quant/results/combined/backfills/drift/moviegen/5d74a7d4623e9cb6_TPTQ_INT2/TPTQ_INT2_frames_165/prompt_0000_seed_0.mp4",
            "video_results": 62.499809542569245
          }
        ]
      ]
    }
  ]
}
$ /home/suraj/miniforge3/envs/qvg_sf_eval/bin/python /data/vaishak/combined-kv-quant/scripts/04_eval_drift_curve.py --method RTN_INT4 --videos-dir /data/suraj/kv-quant-longhorizon/results/runs/1773110004_presentation_moviegen_fullmatrix/videos/RTN_INT4 --prompt-file /data/vaishak/combined-kv-quant/prompts/MovieGenVideoBench_extended.txt --frame-step 165 --max-frames 165 --work-dir /data/vaishak/combined-kv-quant/results/combined/backfills/drift/moviegen/9525a239d810abd5_RTN_INT4 --output /data/vaishak/combined-kv-quant/results/combined/backfills/drift/moviegen/9525a239d810abd5_RTN_INT4.json
$ /home/suraj/miniforge3/envs/qvg_sf_eval/bin/python /data/vaishak/combined-kv-quant/scripts/04_eval_drift_curve.py --method RTN_K2_V4 --videos-dir /data/suraj/kv-quant-longhorizon/results/runs/1773110004_presentation_moviegen_fullmatrix/videos/RTN_K2_V4 --prompt-file /data/vaishak/combined-kv-quant/prompts/MovieGenVideoBench_extended.txt --frame-step 165 --max-frames 165 --work-dir /data/vaishak/combined-kv-quant/results/combined/backfills/drift/moviegen/e3b640f716c419c4_RTN_K2_V4 --output /data/vaishak/combined-kv-quant/results/combined/backfills/drift/moviegen/e3b640f716c419c4_RTN_K2_V4.json
$ /home/suraj/miniforge3/envs/qvg_sf_eval/bin/python /data/vaishak/combined-kv-quant/scripts/04_eval_drift_curve.py --method SPATIAL_MIXED_FG_KIVI_INT4_BG_KIVI_INT2 --videos-dir /data/vaishak/combined-kv-quant/results/runs/backfill_spatial_mixed_fg_kivi_int4_bg_kivi_int2_3d327a450ca5_10s/videos/SPATIAL_MIXED_FG_KIVI_INT4_BG_KIVI_INT2 --prompt-file /data/vaishak/combined-kv-quant/prompts/MovieGenVideoBench_extended.txt --frame-step 165 --max-frames 165 --work-dir /data/vaishak/combined-kv-quant/results/combined/backfills/drift/moviegen/da3e13c01d2c44b9_SPATIAL_MIXED_FG_KIVI_INT4_BG_KIVI_INT2 --output /data/vaishak/combined-kv-quant/results/combined/backfills/drift/moviegen/da3e13c01d2c44b9_SPATIAL_MIXED_FG_KIVI_INT4_BG_KIVI_INT2.json
$ /home/suraj/miniforge3/envs/qvg_sf_eval/bin/python /data/vaishak/combined-kv-quant/scripts/04_eval_drift_curve.py --method SPATIAL_MIXED_FG_QUAROT_KV_INT4_BG_RTN_INT2 --videos-dir /data/vaishak/combined-kv-quant/results/runs/backfill_spatial_mixed_fg_quarot_kv_int4_bg_rtn_int2_af0e1883d58d_10s/videos/SPATIAL_MIXED_FG_QUAROT_KV_INT4_BG_RTN_INT2 --prompt-file /data/vaishak/combined-kv-quant/prompts/MovieGenVideoBench_extended.txt --frame-step 165 --max-frames 165 --work-dir /data/vaishak/combined-kv-quant/results/combined/backfills/drift/moviegen/77fae235a4fdc8db_SPATIAL_MIXED_FG_QUAROT_KV_INT4_BG_RTN_INT2 --output /data/vaishak/combined-kv-quant/results/combined/backfills/drift/moviegen/77fae235a4fdc8db_SPATIAL_MIXED_FG_QUAROT_KV_INT4_BG_RTN_INT2.json
$ /home/suraj/miniforge3/envs/qvg_sf_eval/bin/python /data/vaishak/combined-kv-quant/scripts/04_eval_drift_curve.py --method SPATIAL_MIXED_FG_RTN_INT4_BG_RTN_INT2 --videos-dir /data/vaishak/combined-kv-quant/results/runs/backfill_spatial_mixed_fg_rtn_int4_bg_rtn_int2_1f080d8dcc0e_10s/videos/SPATIAL_MIXED_FG_RTN_INT4_BG_RTN_INT2 --prompt-file /data/vaishak/combined-kv-quant/prompts/MovieGenVideoBench_extended.txt --frame-step 165 --max-frames 165 --work-dir /data/vaishak/combined-kv-quant/results/combined/backfills/drift/moviegen/59b7a5d204a5df7f_SPATIAL_MIXED_FG_RTN_INT4_BG_RTN_INT2 --output /data/vaishak/combined-kv-quant/results/combined/backfills/drift/moviegen/59b7a5d204a5df7f_SPATIAL_MIXED_FG_RTN_INT4_BG_RTN_INT2.json
$ /home/suraj/miniforge3/envs/qvg_sf_eval/bin/python /data/vaishak/combined-kv-quant/scripts/04_eval_drift_curve.py --method SPATIAL_MIXED_FG_RTN_INT4_BG_RTN_INT4 --videos-dir /data/vaishak/combined-kv-quant/results/runs/backfill_spatial_mixed_fg_rtn_int4_bg_rtn_int4_04d60f52e048_10s/videos/SPATIAL_MIXED_FG_RTN_INT4_BG_RTN_INT4 --prompt-file /data/vaishak/combined-kv-quant/prompts/MovieGenVideoBench_extended.txt --frame-step 165 --max-frames 165 --work-dir /data/vaishak/combined-kv-quant/results/combined/backfills/drift/moviegen/4285f2901eded304_SPATIAL_MIXED_FG_RTN_INT4_BG_RTN_INT4 --output /data/vaishak/combined-kv-quant/results/combined/backfills/drift/moviegen/4285f2901eded304_SPATIAL_MIXED_FG_RTN_INT4_BG_RTN_INT4.json
$ /home/suraj/miniforge3/envs/qvg_sf_eval/bin/python /data/vaishak/combined-kv-quant/scripts/04_eval_drift_curve.py --method TPTQ_INT2 --videos-dir /data/vaishak/combined-kv-quant/results/runs/backfill_tptq_int2_089f989f38f6_10s/videos/TPTQ_INT2 --prompt-file /data/vaishak/combined-kv-quant/prompts/MovieGenVideoBench_extended.txt --frame-step 165 --max-frames 165 --work-dir /data/vaishak/combined-kv-quant/results/combined/backfills/drift/moviegen/5d74a7d4623e9cb6_TPTQ_INT2 --output /data/vaishak/combined-kv-quant/results/combined/backfills/drift/moviegen/5d74a7d4623e9cb6_TPTQ_INT2.json
[drift-backfill] summary results/combined/backfills/drift_gpu5_summary.json
