ffmpeg version 6.1.1-3ubuntu5 Copyright (c) 2000-2023 the FFmpeg developers
  built with gcc 13 (Ubuntu 13.2.0-23ubuntu3)
  configuration: --prefix=/usr --extra-version=3ubuntu5 --toolchain=hardened --libdir=/usr/lib/x86_64-linux-gnu --incdir=/usr/include/x86_64-linux-gnu --arch=amd64 --enable-gpl --disable-stripping --disable-omx --enable-gnutls --enable-libaom --enable-libass --enable-libbs2b --enable-libcaca --enable-libcdio --enable-libcodec2 --enable-libdav1d --enable-libflite --enable-libfontconfig --enable-libfreetype --enable-libfribidi --enable-libglslang --enable-libgme --enable-libgsm --enable-libharfbuzz --enable-libmp3lame --enable-libmysofa --enable-libopenjpeg --enable-libopenmpt --enable-libopus --enable-librubberband --enable-libshine --enable-libsnappy --enable-libsoxr --enable-libspeex --enable-libtheora --enable-libtwolame --enable-libvidstab --enable-libvorbis --enable-libvpx --enable-libwebp --enable-libx265 --enable-libxml2 --enable-libxvid --enable-libzimg --enable-openal --enable-opencl --enable-opengl --disable-sndio --enable-libvpl --disable-libmfx --enable-libdc1394 --enable-libdrm --enable-libiec61883 --enable-chromaprint --enable-frei0r --enable-ladspa --enable-libbluray --enable-libjack --enable-libpulse --enable-librabbitmq --enable-librist --enable-libsrt --enable-libssh --enable-libsvtav1 --enable-libx264 --enable-libzmq --enable-libzvbi --enable-lv2 --enable-sdl2 --enable-libplacebo --enable-librav1e --enable-pocketsphinx --enable-librsvg --enable-libjxl --enable-shared
  libavutil      58. 29.100 / 58. 29.100
  libavcodec     60. 31.102 / 60. 31.102
  libavformat    60. 16.100 / 60. 16.100
  libavdevice    60.  3.100 / 60.  3.100
  libavfilter     9. 12.100 /  9. 12.100
  libswscale      7.  5.100 /  7.  5.100
  libswresample   4. 12.100 /  4. 12.100
  libpostproc    57.  3.100 / 57.  3.100
Input #0, mov,mp4,m4a,3gp,3g2,mj2, from '/data/suraj/kv-quant-longhorizon/results/runs/1773110004_presentation_moviegen_fullmatrix/videos/QUAROT_KV_INT2/prompt_0000_seed_0.mp4':
  Metadata:
    major_brand     : isom
    minor_version   : 512
    compatible_brands: isomiso2avc1mp41
    encoder         : Lavf61.1.100
  Duration: 00:00:10.31, start: 0.000000, bitrate: 1159 kb/s
  Stream #0:0[0x1](und): Video: h264 (High) (avc1 / 0x31637661), yuv420p(progressive), 832x480, 1156 kb/s, 16 fps, 16 tbr, 16384 tbn (default)
    Metadata:
      handler_name    : VideoHandler
      vendor_id       : [0][0][0][0]
Stream mapping:
  Stream #0:0 -> #0:0 (h264 (native) -> h264 (libx264))
Press [q] to stop, [?] for help
[libx264 @ 0x64f481143f80] using cpu capabilities: MMX2 SSE2Fast SSSE3 SSE4.2 AVX FMA3 BMI2 AVX2
[libx264 @ 0x64f481143f80] profile High, level 3.0, 4:2:0, 8-bit
[libx264 @ 0x64f481143f80] 264 - core 164 r3108 31e19f9 - H.264/MPEG-4 AVC codec - Copyleft 2003-2023 - http://www.videolan.org/x264.html - options: cabac=1 ref=3 deblock=1:0:0 analyse=0x3:0x113 me=hex subme=7 psy=1 psy_rd=1.00:0.00 mixed_ref=1 me_range=16 chroma_me=1 trellis=1 8x8dct=1 cqm=0 deadzone=21,11 fast_pskip=1 chroma_qp_offset=-2 threads=15 lookahead_threads=2 sliced_threads=0 nr=0 decimate=1 interlaced=0 bluray_compat=0 constrained_intra=0 bframes=3 b_pyramid=2 b_adapt=1 b_bias=0 direct=1 weightb=1 open_gop=0 weightp=2 keyint=250 keyint_min=16 scenecut=40 intra_refresh=0 rc_lookahead=40 rc=crf mbtree=1 crf=23.0 qcomp=0.60 qpmin=0 qpmax=69 qpstep=4 ip_ratio=1.40 aq=1:1.00
Output #0, mp4, to '/data/vaishak/combined-kv-quant/results/combined/backfills/drift/moviegen/c69c6dd7711c8ceb_QUAROT_KV_INT2/QUAROT_KV_INT2_frames_165/prompt_0000_seed_0.mp4':
  Metadata:
    major_brand     : isom
    minor_version   : 512
    compatible_brands: isomiso2avc1mp41
    encoder         : Lavf60.16.100
  Stream #0:0(und): Video: h264 (avc1 / 0x31637661), yuv420p(progressive), 832x480, q=2-31, 16 fps, 16384 tbn (default)
    Metadata:
      handler_name    : VideoHandler
      vendor_id       : [0][0][0][0]
      encoder         : Lavc60.31.102 libx264
    Side data:
      cpb: bitrate max/min/avg: 0/0/0 buffer size: 0 vbv_delay: N/A
frame=    0 fps=0.0 q=0.0 size=       0kB time=N/A bitrate=N/A speed=N/A    frame=   79 fps=0.0 q=27.0 size=    1024kB time=00:00:04.81 bitrate=1743.2kbits/s speed=9.32x    [out#0/mp4 @ 0x64f4810b8000] video:2773kB audio:0kB subtitle:0kB other streams:0kB global headers:0kB muxing overhead: 0.100677%
frame=  165 fps=0.0 q=-1.0 Lsize=    2776kB time=00:00:10.12 bitrate=2246.0kbits/s speed=11.2x    
[libx264 @ 0x64f481143f80] frame I:4     Avg QP:22.82  size: 51804
[libx264 @ 0x64f481143f80] frame P:44    Avg QP:25.50  size: 31385
[libx264 @ 0x64f481143f80] frame B:117   Avg QP:27.68  size: 10692
[libx264 @ 0x64f481143f80] consecutive B-frames:  3.6%  4.8%  1.8% 89.7%
[libx264 @ 0x64f481143f80] mb I  I16..4:  1.9% 73.4% 24.7%
[libx264 @ 0x64f481143f80] mb P  I16..4:  1.3% 27.6%  5.6%  P16..4: 32.2% 21.4%  9.2%  0.0%  0.0%    skip: 2.7%
[libx264 @ 0x64f481143f80] mb B  I16..4:  0.2%  3.1%  1.1%  B16..8: 45.6% 13.8%  4.8%  direct: 6.3%  skip:25.1%  L0:53.7% L1:34.1% BI:12.2%
[libx264 @ 0x64f481143f80] 8x8 transform intra:76.7% inter:74.9%
[libx264 @ 0x64f481143f80] coded y,uvDC,uvAC intra: 89.4% 96.5% 75.0% inter: 37.8% 42.3% 10.0%
[libx264 @ 0x64f481143f80] i16 v,h,dc,p: 22% 22%  9% 47%
[libx264 @ 0x64f481143f80] i8 v,h,dc,ddl,ddr,vr,hd,vl,hu: 17% 18% 13%  7%  8%  8%  9%  9% 12%
[libx264 @ 0x64f481143f80] i4 v,h,dc,ddl,ddr,vr,hd,vl,hu: 18% 18% 12%  7%  9%  9% 10%  8% 10%
[libx264 @ 0x64f481143f80] i8c dc,h,v,p: 35% 23% 21% 21%
[libx264 @ 0x64f481143f80] Weighted P-Frames: Y:29.5% UV:15.9%
[libx264 @ 0x64f481143f80] ref P L0: 48.7% 19.4% 18.0% 11.2%  2.6%
[libx264 @ 0x64f481143f80] ref B L0: 87.4%  9.2%  3.4%
[libx264 @ 0x64f481143f80] ref B L1: 98.5%  1.5%
[libx264 @ 0x64f481143f80] kb/s:2202.44
ffmpeg version 6.1.1-3ubuntu5 Copyright (c) 2000-2023 the FFmpeg developers
  built with gcc 13 (Ubuntu 13.2.0-23ubuntu3)
  configuration: --prefix=/usr --extra-version=3ubuntu5 --toolchain=hardened --libdir=/usr/lib/x86_64-linux-gnu --incdir=/usr/include/x86_64-linux-gnu --arch=amd64 --enable-gpl --disable-stripping --disable-omx --enable-gnutls --enable-libaom --enable-libass --enable-libbs2b --enable-libcaca --enable-libcdio --enable-libcodec2 --enable-libdav1d --enable-libflite --enable-libfontconfig --enable-libfreetype --enable-libfribidi --enable-libglslang --enable-libgme --enable-libgsm --enable-libharfbuzz --enable-libmp3lame --enable-libmysofa --enable-libopenjpeg --enable-libopenmpt --enable-libopus --enable-librubberband --enable-libshine --enable-libsnappy --enable-libsoxr --enable-libspeex --enable-libtheora --enable-libtwolame --enable-libvidstab --enable-libvorbis --enable-libvpx --enable-libwebp --enable-libx265 --enable-libxml2 --enable-libxvid --enable-libzimg --enable-openal --enable-opencl --enable-opengl --disable-sndio --enable-libvpl --disable-libmfx --enable-libdc1394 --enable-libdrm --enable-libiec61883 --enable-chromaprint --enable-frei0r --enable-ladspa --enable-libbluray --enable-libjack --enable-libpulse --enable-librabbitmq --enable-librist --enable-libsrt --enable-libssh --enable-libsvtav1 --enable-libx264 --enable-libzmq --enable-libzvbi --enable-lv2 --enable-sdl2 --enable-libplacebo --enable-librav1e --enable-pocketsphinx --enable-librsvg --enable-libjxl --enable-shared
  libavutil      58. 29.100 / 58. 29.100
  libavcodec     60. 31.102 / 60. 31.102
  libavformat    60. 16.100 / 60. 16.100
  libavdevice    60.  3.100 / 60.  3.100
  libavfilter     9. 12.100 /  9. 12.100
  libswscale      7.  5.100 /  7.  5.100
  libswresample   4. 12.100 /  4. 12.100
  libpostproc    57.  3.100 / 57.  3.100
Input #0, mov,mp4,m4a,3gp,3g2,mj2, from '/data/suraj/kv-quant-longhorizon/results/runs/1773110004_presentation_moviegen_fullmatrix/videos/QUAROT_KV_INT2/prompt_0001_seed_1.mp4':
  Metadata:
    major_brand     : isom
    minor_version   : 512
    compatible_brands: isomiso2avc1mp41
    encoder         : Lavf61.1.100
  Duration: 00:00:10.31, start: 0.000000, bitrate: 1106 kb/s
  Stream #0:0[0x1](und): Video: h264 (High) (avc1 / 0x31637661), yuv420p(progressive), 832x480, 1103 kb/s, 16 fps, 16 tbr, 16384 tbn (default)
    Metadata:
      handler_name    : VideoHandler
      vendor_id       : [0][0][0][0]
Stream mapping:
  Stream #0:0 -> #0:0 (h264 (native) -> h264 (libx264))
Press [q] to stop, [?] for help
[libx264 @ 0x6116feb15100] using cpu capabilities: MMX2 SSE2Fast SSSE3 SSE4.2 AVX FMA3 BMI2 AVX2
[libx264 @ 0x6116feb15100] profile High, level 3.0, 4:2:0, 8-bit
[libx264 @ 0x6116feb15100] 264 - core 164 r3108 31e19f9 - H.264/MPEG-4 AVC codec - Copyleft 2003-2023 - http://www.videolan.org/x264.html - options: cabac=1 ref=3 deblock=1:0:0 analyse=0x3:0x113 me=hex subme=7 psy=1 psy_rd=1.00:0.00 mixed_ref=1 me_range=16 chroma_me=1 trellis=1 8x8dct=1 cqm=0 deadzone=21,11 fast_pskip=1 chroma_qp_offset=-2 threads=15 lookahead_threads=2 sliced_threads=0 nr=0 decimate=1 interlaced=0 bluray_compat=0 constrained_intra=0 bframes=3 b_pyramid=2 b_adapt=1 b_bias=0 direct=1 weightb=1 open_gop=0 weightp=2 keyint=250 keyint_min=16 scenecut=40 intra_refresh=0 rc_lookahead=40 rc=crf mbtree=1 crf=23.0 qcomp=0.60 qpmin=0 qpmax=69 qpstep=4 ip_ratio=1.40 aq=1:1.00
Output #0, mp4, to '/data/vaishak/combined-kv-quant/results/combined/backfills/drift/moviegen/c69c6dd7711c8ceb_QUAROT_KV_INT2/QUAROT_KV_INT2_frames_165/prompt_0001_seed_1.mp4':
  Metadata:
    major_brand     : isom
    minor_version   : 512
    compatible_brands: isomiso2avc1mp41
    encoder         : Lavf60.16.100
  Stream #0:0(und): Video: h264 (avc1 / 0x31637661), yuv420p(progressive), 832x480, q=2-31, 16 fps, 16384 tbn (default)
    Metadata:
      handler_name    : VideoHandler
      vendor_id       : [0][0][0][0]
      encoder         : Lavc60.31.102 libx264
    Side data:
      cpb: bitrate max/min/avg: 0/0/0 buffer size: 0 vbv_delay: N/A
frame=    0 fps=0.0 q=0.0 size=       0kB time=N/A bitrate=N/A speed=N/A    [out#0/mp4 @ 0x6116fea8ad40] video:2358kB audio:0kB subtitle:0kB other streams:0kB global headers:0kB muxing overhead: 0.117571%
frame=  165 fps=0.0 q=-1.0 Lsize=    2361kB time=00:00:10.12 bitrate=1910.2kbits/s speed=12.2x    
[libx264 @ 0x6116feb15100] frame I:8     Avg QP:21.64  size: 47951
[libx264 @ 0x6116feb15100] frame P:47    Avg QP:24.78  size: 26896
[libx264 @ 0x6116feb15100] frame B:110   Avg QP:26.52  size:  6966
[libx264 @ 0x6116feb15100] consecutive B-frames:  6.7% 10.9%  7.3% 75.2%
[libx264 @ 0x6116feb15100] mb I  I16..4:  5.0% 77.7% 17.3%
[libx264 @ 0x6116feb15100] mb P  I16..4:  2.0% 22.8%  3.3%  P16..4: 38.9% 19.9%  7.9%  0.0%  0.0%    skip: 5.2%
[libx264 @ 0x6116feb15100] mb B  I16..4:  0.1%  0.8%  0.1%  B16..8: 48.8% 10.8%  3.8%  direct: 4.2%  skip:31.3%  L0:50.8% L1:40.3% BI: 9.0%
[libx264 @ 0x6116feb15100] 8x8 transform intra:79.6% inter:72.4%
[libx264 @ 0x6116feb15100] coded y,uvDC,uvAC intra: 86.6% 93.3% 54.8% inter: 29.9% 31.3% 2.0%
[libx264 @ 0x6116feb15100] i16 v,h,dc,p:  5% 43%  4% 48%
[libx264 @ 0x6116feb15100] i8 v,h,dc,ddl,ddr,vr,hd,vl,hu:  9% 30% 16%  5%  7%  6% 11%  5% 13%
[libx264 @ 0x6116feb15100] i4 v,h,dc,ddl,ddr,vr,hd,vl,hu:  9% 28% 13%  6%  8%  6% 12%  5% 12%
[libx264 @ 0x6116feb15100] i8c dc,h,v,p: 30% 43%  9% 19%
[libx264 @ 0x6116feb15100] Weighted P-Frames: Y:34.0% UV:29.8%
[libx264 @ 0x6116feb15100] ref P L0: 55.4% 17.0% 16.5%  8.9%  2.2%
[libx264 @ 0x6116feb15100] ref B L0: 89.8%  9.0%  1.2%
[libx264 @ 0x6116feb15100] ref B L1: 99.1%  0.9%
[libx264 @ 0x6116feb15100] kb/s:1872.69
ffmpeg version 6.1.1-3ubuntu5 Copyright (c) 2000-2023 the FFmpeg developers
  built with gcc 13 (Ubuntu 13.2.0-23ubuntu3)
  configuration: --prefix=/usr --extra-version=3ubuntu5 --toolchain=hardened --libdir=/usr/lib/x86_64-linux-gnu --incdir=/usr/include/x86_64-linux-gnu --arch=amd64 --enable-gpl --disable-stripping --disable-omx --enable-gnutls --enable-libaom --enable-libass --enable-libbs2b --enable-libcaca --enable-libcdio --enable-libcodec2 --enable-libdav1d --enable-libflite --enable-libfontconfig --enable-libfreetype --enable-libfribidi --enable-libglslang --enable-libgme --enable-libgsm --enable-libharfbuzz --enable-libmp3lame --enable-libmysofa --enable-libopenjpeg --enable-libopenmpt --enable-libopus --enable-librubberband --enable-libshine --enable-libsnappy --enable-libsoxr --enable-libspeex --enable-libtheora --enable-libtwolame --enable-libvidstab --enable-libvorbis --enable-libvpx --enable-libwebp --enable-libx265 --enable-libxml2 --enable-libxvid --enable-libzimg --enable-openal --enable-opencl --enable-opengl --disable-sndio --enable-libvpl --disable-libmfx --enable-libdc1394 --enable-libdrm --enable-libiec61883 --enable-chromaprint --enable-frei0r --enable-ladspa --enable-libbluray --enable-libjack --enable-libpulse --enable-librabbitmq --enable-librist --enable-libsrt --enable-libssh --enable-libsvtav1 --enable-libx264 --enable-libzmq --enable-libzvbi --enable-lv2 --enable-sdl2 --enable-libplacebo --enable-librav1e --enable-pocketsphinx --enable-librsvg --enable-libjxl --enable-shared
  libavutil      58. 29.100 / 58. 29.100
  libavcodec     60. 31.102 / 60. 31.102
  libavformat    60. 16.100 / 60. 16.100
  libavdevice    60.  3.100 / 60.  3.100
  libavfilter     9. 12.100 /  9. 12.100
  libswscale      7.  5.100 /  7.  5.100
  libswresample   4. 12.100 /  4. 12.100
  libpostproc    57.  3.100 / 57.  3.100
Input #0, mov,mp4,m4a,3gp,3g2,mj2, from '/data/suraj/kv-quant-longhorizon/results/runs/1773110004_presentation_moviegen_fullmatrix/videos/QUAROT_KV_INT2/prompt_0002_seed_2.mp4':
  Metadata:
    major_brand     : isom
    minor_version   : 512
    compatible_brands: isomiso2avc1mp41
    encoder         : Lavf61.1.100
  Duration: 00:00:10.31, start: 0.000000, bitrate: 1154 kb/s
  Stream #0:0[0x1](und): Video: h264 (High) (avc1 / 0x31637661), yuv420p(progressive), 832x480, 1152 kb/s, 16 fps, 16 tbr, 16384 tbn (default)
    Metadata:
      handler_name    : VideoHandler
      vendor_id       : [0][0][0][0]
Stream mapping:
  Stream #0:0 -> #0:0 (h264 (native) -> h264 (libx264))
Press [q] to stop, [?] for help
[libx264 @ 0x57e1201e6a80] using cpu capabilities: MMX2 SSE2Fast SSSE3 SSE4.2 AVX FMA3 BMI2 AVX2
[libx264 @ 0x57e1201e6a80] profile High, level 3.0, 4:2:0, 8-bit
[libx264 @ 0x57e1201e6a80] 264 - core 164 r3108 31e19f9 - H.264/MPEG-4 AVC codec - Copyleft 2003-2023 - http://www.videolan.org/x264.html - options: cabac=1 ref=3 deblock=1:0:0 analyse=0x3:0x113 me=hex subme=7 psy=1 psy_rd=1.00:0.00 mixed_ref=1 me_range=16 chroma_me=1 trellis=1 8x8dct=1 cqm=0 deadzone=21,11 fast_pskip=1 chroma_qp_offset=-2 threads=15 lookahead_threads=2 sliced_threads=0 nr=0 decimate=1 interlaced=0 bluray_compat=0 constrained_intra=0 bframes=3 b_pyramid=2 b_adapt=1 b_bias=0 direct=1 weightb=1 open_gop=0 weightp=2 keyint=250 keyint_min=16 scenecut=40 intra_refresh=0 rc_lookahead=40 rc=crf mbtree=1 crf=23.0 qcomp=0.60 qpmin=0 qpmax=69 qpstep=4 ip_ratio=1.40 aq=1:1.00
Output #0, mp4, to '/data/vaishak/combined-kv-quant/results/combined/backfills/drift/moviegen/c69c6dd7711c8ceb_QUAROT_KV_INT2/QUAROT_KV_INT2_frames_165/prompt_0002_seed_2.mp4':
  Metadata:
    major_brand     : isom
    minor_version   : 512
    compatible_brands: isomiso2avc1mp41
    encoder         : Lavf60.16.100
  Stream #0:0(und): Video: h264 (avc1 / 0x31637661), yuv420p(progressive), 832x480, q=2-31, 16 fps, 16384 tbn (default)
    Metadata:
      handler_name    : VideoHandler
      vendor_id       : [0][0][0][0]
      encoder         : Lavc60.31.102 libx264
    Side data:
      cpb: bitrate max/min/avg: 0/0/0 buffer size: 0 vbv_delay: N/A
frame=    0 fps=0.0 q=0.0 size=       0kB time=N/A bitrate=N/A speed=N/A    [out#0/mp4 @ 0x57e120103d40] video:1937kB audio:0kB subtitle:0kB other streams:0kB global headers:0kB muxing overhead: 0.137891%
frame=  165 fps=0.0 q=-1.0 Lsize=    1940kB time=00:00:10.12 bitrate=1569.3kbits/s speed=14.1x    
[libx264 @ 0x57e1201e6a80] frame I:21    Avg QP:20.32  size: 22488
[libx264 @ 0x57e1201e6a80] frame P:41    Avg QP:24.17  size: 13836
[libx264 @ 0x57e1201e6a80] frame B:103   Avg QP:25.25  size:  9158
[libx264 @ 0x57e1201e6a80] consecutive B-frames: 12.7%  0.0% 36.4% 50.9%
[libx264 @ 0x57e1201e6a80] mb I  I16..4: 32.5% 56.3% 11.2%
[libx264 @ 0x57e1201e6a80] mb P  I16..4: 12.1% 21.9%  5.0%  P16..4: 40.7%  9.6%  3.2%  0.0%  0.0%    skip: 7.5%
[libx264 @ 0x57e1201e6a80] mb B  I16..4:  0.4%  3.5%  1.7%  B16..8: 36.8% 10.2%  3.5%  direct: 7.1%  skip:36.8%  L0:50.2% L1:40.2% BI: 9.5%
[libx264 @ 0x57e1201e6a80] 8x8 transform intra:57.2% inter:78.7%
[libx264 @ 0x57e1201e6a80] coded y,uvDC,uvAC intra: 59.8% 83.7% 39.5% inter: 22.6% 36.8% 5.3%
[libx264 @ 0x57e1201e6a80] i16 v,h,dc,p:  2% 52%  2% 44%
[libx264 @ 0x57e1201e6a80] i8 v,h,dc,ddl,ddr,vr,hd,vl,hu: 10% 33% 14%  5%  7%  6% 10%  5% 10%
[libx264 @ 0x57e1201e6a80] i4 v,h,dc,ddl,ddr,vr,hd,vl,hu: 13% 30% 12%  6%  8%  6% 10%  5% 10%
[libx264 @ 0x57e1201e6a80] i8c dc,h,v,p: 30% 42% 10% 17%
[libx264 @ 0x57e1201e6a80] Weighted P-Frames: Y:19.5% UV:12.2%
[libx264 @ 0x57e1201e6a80] ref P L0: 65.1%  7.1% 16.1%  9.9%  1.8%
[libx264 @ 0x57e1201e6a80] ref B L0: 85.9% 11.3%  2.8%
[libx264 @ 0x57e1201e6a80] ref B L1: 95.9%  4.1%
[libx264 @ 0x57e1201e6a80] kb/s:1538.15
ffmpeg version 6.1.1-3ubuntu5 Copyright (c) 2000-2023 the FFmpeg developers
  built with gcc 13 (Ubuntu 13.2.0-23ubuntu3)
  configuration: --prefix=/usr --extra-version=3ubuntu5 --toolchain=hardened --libdir=/usr/lib/x86_64-linux-gnu --incdir=/usr/include/x86_64-linux-gnu --arch=amd64 --enable-gpl --disable-stripping --disable-omx --enable-gnutls --enable-libaom --enable-libass --enable-libbs2b --enable-libcaca --enable-libcdio --enable-libcodec2 --enable-libdav1d --enable-libflite --enable-libfontconfig --enable-libfreetype --enable-libfribidi --enable-libglslang --enable-libgme --enable-libgsm --enable-libharfbuzz --enable-libmp3lame --enable-libmysofa --enable-libopenjpeg --enable-libopenmpt --enable-libopus --enable-librubberband --enable-libshine --enable-libsnappy --enable-libsoxr --enable-libspeex --enable-libtheora --enable-libtwolame --enable-libvidstab --enable-libvorbis --enable-libvpx --enable-libwebp --enable-libx265 --enable-libxml2 --enable-libxvid --enable-libzimg --enable-openal --enable-opencl --enable-opengl --disable-sndio --enable-libvpl --disable-libmfx --enable-libdc1394 --enable-libdrm --enable-libiec61883 --enable-chromaprint --enable-frei0r --enable-ladspa --enable-libbluray --enable-libjack --enable-libpulse --enable-librabbitmq --enable-librist --enable-libsrt --enable-libssh --enable-libsvtav1 --enable-libx264 --enable-libzmq --enable-libzvbi --enable-lv2 --enable-sdl2 --enable-libplacebo --enable-librav1e --enable-pocketsphinx --enable-librsvg --enable-libjxl --enable-shared
  libavutil      58. 29.100 / 58. 29.100
  libavcodec     60. 31.102 / 60. 31.102
  libavformat    60. 16.100 / 60. 16.100
  libavdevice    60.  3.100 / 60.  3.100
  libavfilter     9. 12.100 /  9. 12.100
  libswscale      7.  5.100 /  7.  5.100
  libswresample   4. 12.100 /  4. 12.100
  libpostproc    57.  3.100 / 57.  3.100
Input #0, mov,mp4,m4a,3gp,3g2,mj2, from '/data/suraj/kv-quant-longhorizon/results/runs/1773110004_presentation_moviegen_fullmatrix/videos/QUAROT_KV_INT2/prompt_0003_seed_3.mp4':
  Metadata:
    major_brand     : isom
    minor_version   : 512
    compatible_brands: isomiso2avc1mp41
    encoder         : Lavf61.1.100
  Duration: 00:00:10.31, start: 0.000000, bitrate: 1128 kb/s
  Stream #0:0[0x1](und): Video: h264 (High) (avc1 / 0x31637661), yuv420p(progressive), 832x480, 1126 kb/s, 16 fps, 16 tbr, 16384 tbn (default)
    Metadata:
      handler_name    : VideoHandler
      vendor_id       : [0][0][0][0]
Stream mapping:
  Stream #0:0 -> #0:0 (h264 (native) -> h264 (libx264))
Press [q] to stop, [?] for help
[libx264 @ 0x5d3bfdf87c40] using cpu capabilities: MMX2 SSE2Fast SSSE3 SSE4.2 AVX FMA3 BMI2 AVX2
[libx264 @ 0x5d3bfdf87c40] profile High, level 3.0, 4:2:0, 8-bit
[libx264 @ 0x5d3bfdf87c40] 264 - core 164 r3108 31e19f9 - H.264/MPEG-4 AVC codec - Copyleft 2003-2023 - http://www.videolan.org/x264.html - options: cabac=1 ref=3 deblock=1:0:0 analyse=0x3:0x113 me=hex subme=7 psy=1 psy_rd=1.00:0.00 mixed_ref=1 me_range=16 chroma_me=1 trellis=1 8x8dct=1 cqm=0 deadzone=21,11 fast_pskip=1 chroma_qp_offset=-2 threads=15 lookahead_threads=2 sliced_threads=0 nr=0 decimate=1 interlaced=0 bluray_compat=0 constrained_intra=0 bframes=3 b_pyramid=2 b_adapt=1 b_bias=0 direct=1 weightb=1 open_gop=0 weightp=2 keyint=250 keyint_min=16 scenecut=40 intra_refresh=0 rc_lookahead=40 rc=crf mbtree=1 crf=23.0 qcomp=0.60 qpmin=0 qpmax=69 qpstep=4 ip_ratio=1.40 aq=1:1.00
Output #0, mp4, to '/data/vaishak/combined-kv-quant/results/combined/backfills/drift/moviegen/c69c6dd7711c8ceb_QUAROT_KV_INT2/QUAROT_KV_INT2_frames_165/prompt_0003_seed_3.mp4':
  Metadata:
    major_brand     : isom
    minor_version   : 512
    compatible_brands: isomiso2avc1mp41
    encoder         : Lavf60.16.100
  Stream #0:0(und): Video: h264 (avc1 / 0x31637661), yuv420p(progressive), 832x480, q=2-31, 16 fps, 16384 tbn (default)
    Metadata:
      handler_name    : VideoHandler
      vendor_id       : [0][0][0][0]
      encoder         : Lavc60.31.102 libx264
    Side data:
      cpb: bitrate max/min/avg: 0/0/0 buffer size: 0 vbv_delay: N/A
frame=    0 fps=0.0 q=0.0 size=       0kB time=N/A bitrate=N/A speed=N/A    frame=   81 fps=0.0 q=27.0 size=    1024kB time=00:00:04.93 bitrate=1699.0kbits/s speed=9.41x    [out#0/mp4 @ 0x5d3bfdefdd40] video:2600kB audio:0kB subtitle:0kB other streams:0kB global headers:0kB muxing overhead: 0.106331%
frame=  165 fps=0.0 q=-1.0 Lsize=    2603kB time=00:00:10.12 bitrate=2105.9kbits/s speed=12.1x    
[libx264 @ 0x5d3bfdf87c40] frame I:10    Avg QP:22.12  size: 44956
[libx264 @ 0x5d3bfdf87c40] frame P:46    Avg QP:25.42  size: 25674
[libx264 @ 0x5d3bfdf87c40] frame B:109   Avg QP:26.90  size:  9460
[libx264 @ 0x5d3bfdf87c40] consecutive B-frames:  8.5%  7.3%  9.1% 75.2%
[libx264 @ 0x5d3bfdf87c40] mb I  I16..4: 11.2% 69.8% 18.9%
[libx264 @ 0x5d3bfdf87c40] mb P  I16..4:  4.2% 23.7%  4.3%  P16..4: 36.3% 17.9%  7.4%  0.0%  0.0%    skip: 6.3%
[libx264 @ 0x5d3bfdf87c40] mb B  I16..4:  0.2%  2.6%  0.7%  B16..8: 43.8% 10.9%  4.0%  direct: 5.5%  skip:32.3%  L0:50.6% L1:38.0% BI:11.3%
[libx264 @ 0x5d3bfdf87c40] 8x8 transform intra:72.4% inter:74.1%
[libx264 @ 0x5d3bfdf87c40] coded y,uvDC,uvAC intra: 82.0% 95.2% 68.2% inter: 32.1% 38.1% 5.1%
[libx264 @ 0x5d3bfdf87c40] i16 v,h,dc,p:  1% 51%  5% 43%
[libx264 @ 0x5d3bfdf87c40] i8 v,h,dc,ddl,ddr,vr,hd,vl,hu: 10% 23% 15%  6%  8%  7% 11%  7% 12%
[libx264 @ 0x5d3bfdf87c40] i4 v,h,dc,ddl,ddr,vr,hd,vl,hu: 12% 24% 14%  7% 10%  7% 12%  6% 10%
[libx264 @ 0x5d3bfdf87c40] i8c dc,h,v,p: 35% 33% 12% 20%
[libx264 @ 0x5d3bfdf87c40] Weighted P-Frames: Y:21.7% UV:8.7%
[libx264 @ 0x5d3bfdf87c40] ref P L0: 60.2% 15.8% 14.6%  8.0%  1.5%
[libx264 @ 0x5d3bfdf87c40] ref B L0: 87.9%  9.8%  2.3%
[libx264 @ 0x5d3bfdf87c40] ref B L1: 98.3%  1.7%
[libx264 @ 0x5d3bfdf87c40] kb/s:2064.88
ffmpeg version 6.1.1-3ubuntu5 Copyright (c) 2000-2023 the FFmpeg developers
  built with gcc 13 (Ubuntu 13.2.0-23ubuntu3)
  configuration: --prefix=/usr --extra-version=3ubuntu5 --toolchain=hardened --libdir=/usr/lib/x86_64-linux-gnu --incdir=/usr/include/x86_64-linux-gnu --arch=amd64 --enable-gpl --disable-stripping --disable-omx --enable-gnutls --enable-libaom --enable-libass --enable-libbs2b --enable-libcaca --enable-libcdio --enable-libcodec2 --enable-libdav1d --enable-libflite --enable-libfontconfig --enable-libfreetype --enable-libfribidi --enable-libglslang --enable-libgme --enable-libgsm --enable-libharfbuzz --enable-libmp3lame --enable-libmysofa --enable-libopenjpeg --enable-libopenmpt --enable-libopus --enable-librubberband --enable-libshine --enable-libsnappy --enable-libsoxr --enable-libspeex --enable-libtheora --enable-libtwolame --enable-libvidstab --enable-libvorbis --enable-libvpx --enable-libwebp --enable-libx265 --enable-libxml2 --enable-libxvid --enable-libzimg --enable-openal --enable-opencl --enable-opengl --disable-sndio --enable-libvpl --disable-libmfx --enable-libdc1394 --enable-libdrm --enable-libiec61883 --enable-chromaprint --enable-frei0r --enable-ladspa --enable-libbluray --enable-libjack --enable-libpulse --enable-librabbitmq --enable-librist --enable-libsrt --enable-libssh --enable-libsvtav1 --enable-libx264 --enable-libzmq --enable-libzvbi --enable-lv2 --enable-sdl2 --enable-libplacebo --enable-librav1e --enable-pocketsphinx --enable-librsvg --enable-libjxl --enable-shared
  libavutil      58. 29.100 / 58. 29.100
  libavcodec     60. 31.102 / 60. 31.102
  libavformat    60. 16.100 / 60. 16.100
  libavdevice    60.  3.100 / 60.  3.100
  libavfilter     9. 12.100 /  9. 12.100
  libswscale      7.  5.100 /  7.  5.100
  libswresample   4. 12.100 /  4. 12.100
  libpostproc    57.  3.100 / 57.  3.100
Input #0, mov,mp4,m4a,3gp,3g2,mj2, from '/data/suraj/kv-quant-longhorizon/results/runs/1773110004_presentation_moviegen_fullmatrix/videos/QUAROT_KV_INT2/prompt_0004_seed_4.mp4':
  Metadata:
    major_brand     : isom
    minor_version   : 512
    compatible_brands: isomiso2avc1mp41
    encoder         : Lavf61.1.100
  Duration: 00:00:10.31, start: 0.000000, bitrate: 1043 kb/s
  Stream #0:0[0x1](und): Video: h264 (High) (avc1 / 0x31637661), yuv420p(progressive), 832x480, 1041 kb/s, 16 fps, 16 tbr, 16384 tbn (default)
    Metadata:
      handler_name    : VideoHandler
      vendor_id       : [0][0][0][0]
Stream mapping:
  Stream #0:0 -> #0:0 (h264 (native) -> h264 (libx264))
Press [q] to stop, [?] for help
[libx264 @ 0x57b7dae224c0] using cpu capabilities: MMX2 SSE2Fast SSSE3 SSE4.2 AVX FMA3 BMI2 AVX2
[libx264 @ 0x57b7dae224c0] profile High, level 3.0, 4:2:0, 8-bit
[libx264 @ 0x57b7dae224c0] 264 - core 164 r3108 31e19f9 - H.264/MPEG-4 AVC codec - Copyleft 2003-2023 - http://www.videolan.org/x264.html - options: cabac=1 ref=3 deblock=1:0:0 analyse=0x3:0x113 me=hex subme=7 psy=1 psy_rd=1.00:0.00 mixed_ref=1 me_range=16 chroma_me=1 trellis=1 8x8dct=1 cqm=0 deadzone=21,11 fast_pskip=1 chroma_qp_offset=-2 threads=15 lookahead_threads=2 sliced_threads=0 nr=0 decimate=1 interlaced=0 bluray_compat=0 constrained_intra=0 bframes=3 b_pyramid=2 b_adapt=1 b_bias=0 direct=1 weightb=1 open_gop=0 weightp=2 keyint=250 keyint_min=16 scenecut=40 intra_refresh=0 rc_lookahead=40 rc=crf mbtree=1 crf=23.0 qcomp=0.60 qpmin=0 qpmax=69 qpstep=4 ip_ratio=1.40 aq=1:1.00
Output #0, mp4, to '/data/vaishak/combined-kv-quant/results/combined/backfills/drift/moviegen/c69c6dd7711c8ceb_QUAROT_KV_INT2/QUAROT_KV_INT2_frames_165/prompt_0004_seed_4.mp4':
  Metadata:
    major_brand     : isom
    minor_version   : 512
    compatible_brands: isomiso2avc1mp41
    encoder         : Lavf60.16.100
  Stream #0:0(und): Video: h264 (avc1 / 0x31637661), yuv420p(progressive), 832x480, q=2-31, 16 fps, 16384 tbn (default)
    Metadata:
      handler_name    : VideoHandler
      vendor_id       : [0][0][0][0]
      encoder         : Lavc60.31.102 libx264
    Side data:
      cpb: bitrate max/min/avg: 0/0/0 buffer size: 0 vbv_delay: N/A
frame=    0 fps=0.0 q=0.0 size=       0kB time=N/A bitrate=N/A speed=N/A    [out#0/mp4 @ 0x57b7dada2000] video:1147kB audio:0kB subtitle:0kB other streams:0kB global headers:0kB muxing overhead: 0.242009%
frame=  165 fps=0.0 q=-1.0 Lsize=    1150kB time=00:00:10.12 bitrate= 930.4kbits/s speed=13.9x    
[libx264 @ 0x57b7dae224c0] frame I:2     Avg QP:20.18  size: 34114
[libx264 @ 0x57b7dae224c0] frame P:45    Avg QP:22.42  size: 15348
[libx264 @ 0x57b7dae224c0] frame B:118   Avg QP:24.69  size:  3518
[libx264 @ 0x57b7dae224c0] consecutive B-frames:  2.4%  6.1%  1.8% 89.7%
[libx264 @ 0x57b7dae224c0] mb I  I16..4: 18.4% 67.6% 14.0%
[libx264 @ 0x57b7dae224c0] mb P  I16..4:  5.2%  9.8%  1.1%  P16..4: 49.2% 21.8%  8.1%  0.0%  0.0%    skip: 4.7%
[libx264 @ 0x57b7dae224c0] mb B  I16..4:  0.5%  1.0%  0.1%  B16..8: 37.6%  5.7%  1.1%  direct: 5.2%  skip:48.9%  L0:52.7% L1:37.4% BI: 9.8%
[libx264 @ 0x57b7dae224c0] 8x8 transform intra:62.3% inter:81.0%
[libx264 @ 0x57b7dae224c0] coded y,uvDC,uvAC intra: 55.0% 91.5% 53.9% inter: 20.5% 38.2% 3.2%
[libx264 @ 0x57b7dae224c0] i16 v,h,dc,p: 15% 41%  5% 39%
[libx264 @ 0x57b7dae224c0] i8 v,h,dc,ddl,ddr,vr,hd,vl,hu: 18% 28% 15%  4%  6%  7%  7%  7%  8%
[libx264 @ 0x57b7dae224c0] i4 v,h,dc,ddl,ddr,vr,hd,vl,hu: 13% 22% 10%  5% 13% 11% 12%  6%  8%
[libx264 @ 0x57b7dae224c0] i8c dc,h,v,p: 25% 34% 17% 24%
[libx264 @ 0x57b7dae224c0] Weighted P-Frames: Y:62.2% UV:60.0%
[libx264 @ 0x57b7dae224c0] ref P L0: 46.1% 12.3% 21.3% 13.3%  7.1%
[libx264 @ 0x57b7dae224c0] ref B L0: 84.9% 11.6%  3.5%
[libx264 @ 0x57b7dae224c0] ref B L1: 98.0%  2.0%
[libx264 @ 0x57b7dae224c0] kb/s:910.79
ffmpeg version 6.1.1-3ubuntu5 Copyright (c) 2000-2023 the FFmpeg developers
  built with gcc 13 (Ubuntu 13.2.0-23ubuntu3)
  configuration: --prefix=/usr --extra-version=3ubuntu5 --toolchain=hardened --libdir=/usr/lib/x86_64-linux-gnu --incdir=/usr/include/x86_64-linux-gnu --arch=amd64 --enable-gpl --disable-stripping --disable-omx --enable-gnutls --enable-libaom --enable-libass --enable-libbs2b --enable-libcaca --enable-libcdio --enable-libcodec2 --enable-libdav1d --enable-libflite --enable-libfontconfig --enable-libfreetype --enable-libfribidi --enable-libglslang --enable-libgme --enable-libgsm --enable-libharfbuzz --enable-libmp3lame --enable-libmysofa --enable-libopenjpeg --enable-libopenmpt --enable-libopus --enable-librubberband --enable-libshine --enable-libsnappy --enable-libsoxr --enable-libspeex --enable-libtheora --enable-libtwolame --enable-libvidstab --enable-libvorbis --enable-libvpx --enable-libwebp --enable-libx265 --enable-libxml2 --enable-libxvid --enable-libzimg --enable-openal --enable-opencl --enable-opengl --disable-sndio --enable-libvpl --disable-libmfx --enable-libdc1394 --enable-libdrm --enable-libiec61883 --enable-chromaprint --enable-frei0r --enable-ladspa --enable-libbluray --enable-libjack --enable-libpulse --enable-librabbitmq --enable-librist --enable-libsrt --enable-libssh --enable-libsvtav1 --enable-libx264 --enable-libzmq --enable-libzvbi --enable-lv2 --enable-sdl2 --enable-libplacebo --enable-librav1e --enable-pocketsphinx --enable-librsvg --enable-libjxl --enable-shared
  libavutil      58. 29.100 / 58. 29.100
  libavcodec     60. 31.102 / 60. 31.102
  libavformat    60. 16.100 / 60. 16.100
  libavdevice    60.  3.100 / 60.  3.100
  libavfilter     9. 12.100 /  9. 12.100
  libswscale      7.  5.100 /  7.  5.100
  libswresample   4. 12.100 /  4. 12.100
  libpostproc    57.  3.100 / 57.  3.100
Input #0, mov,mp4,m4a,3gp,3g2,mj2, from '/data/suraj/kv-quant-longhorizon/results/runs/1773110004_presentation_moviegen_fullmatrix/videos/QUAROT_KV_INT2/prompt_0005_seed_5.mp4':
  Metadata:
    major_brand     : isom
    minor_version   : 512
    compatible_brands: isomiso2avc1mp41
    encoder         : Lavf61.1.100
  Duration: 00:00:10.31, start: 0.000000, bitrate: 1099 kb/s
  Stream #0:0[0x1](und): Video: h264 (High) (avc1 / 0x31637661), yuv420p(progressive), 832x480, 1097 kb/s, 16 fps, 16 tbr, 16384 tbn (default)
    Metadata:
      handler_name    : VideoHandler
      vendor_id       : [0][0][0][0]
Stream mapping:
  Stream #0:0 -> #0:0 (h264 (native) -> h264 (libx264))
Press [q] to stop, [?] for help
[libx264 @ 0x57e2bbacdf00] using cpu capabilities: MMX2 SSE2Fast SSSE3 SSE4.2 AVX FMA3 BMI2 AVX2
[libx264 @ 0x57e2bbacdf00] profile High, level 3.0, 4:2:0, 8-bit
[libx264 @ 0x57e2bbacdf00] 264 - core 164 r3108 31e19f9 - H.264/MPEG-4 AVC codec - Copyleft 2003-2023 - http://www.videolan.org/x264.html - options: cabac=1 ref=3 deblock=1:0:0 analyse=0x3:0x113 me=hex subme=7 psy=1 psy_rd=1.00:0.00 mixed_ref=1 me_range=16 chroma_me=1 trellis=1 8x8dct=1 cqm=0 deadzone=21,11 fast_pskip=1 chroma_qp_offset=-2 threads=15 lookahead_threads=2 sliced_threads=0 nr=0 decimate=1 interlaced=0 bluray_compat=0 constrained_intra=0 bframes=3 b_pyramid=2 b_adapt=1 b_bias=0 direct=1 weightb=1 open_gop=0 weightp=2 keyint=250 keyint_min=16 scenecut=40 intra_refresh=0 rc_lookahead=40 rc=crf mbtree=1 crf=23.0 qcomp=0.60 qpmin=0 qpmax=69 qpstep=4 ip_ratio=1.40 aq=1:1.00
Output #0, mp4, to '/data/vaishak/combined-kv-quant/results/combined/backfills/drift/moviegen/c69c6dd7711c8ceb_QUAROT_KV_INT2/QUAROT_KV_INT2_frames_165/prompt_0005_seed_5.mp4':
  Metadata:
    major_brand     : isom
    minor_version   : 512
    compatible_brands: isomiso2avc1mp41
    encoder         : Lavf60.16.100
  Stream #0:0(und): Video: h264 (avc1 / 0x31637661), yuv420p(progressive), 832x480, q=2-31, 16 fps, 16384 tbn (default)
    Metadata:
      handler_name    : VideoHandler
      vendor_id       : [0][0][0][0]
      encoder         : Lavc60.31.102 libx264
    Side data:
      cpb: bitrate max/min/avg: 0/0/0 buffer size: 0 vbv_delay: N/A
frame=    0 fps=0.0 q=0.0 size=       0kB time=N/A bitrate=N/A speed=N/A    [out#0/mp4 @ 0x57e2bba39d80] video:2487kB audio:0kB subtitle:0kB other streams:0kB global headers:0kB muxing overhead: 0.109736%
frame=  165 fps=0.0 q=-1.0 Lsize=    2490kB time=00:00:10.12 bitrate=2014.7kbits/s speed=13.1x    
[libx264 @ 0x57e2bbacdf00] frame I:2     Avg QP:22.52  size: 87579
[libx264 @ 0x57e2bbacdf00] frame P:55    Avg QP:24.41  size: 29460
[libx264 @ 0x57e2bbacdf00] frame B:108   Avg QP:27.32  size:  6953
[libx264 @ 0x57e2bbacdf00] consecutive B-frames:  6.7% 12.1% 18.2% 63.0%
[libx264 @ 0x57e2bbacdf00] mb I  I16..4:  4.2% 53.7% 42.2%
[libx264 @ 0x57e2bbacdf00] mb P  I16..4:  1.5%  4.7%  0.5%  P16..4: 47.3% 25.5% 16.2%  0.0%  0.0%    skip: 4.3%
[libx264 @ 0x57e2bbacdf00] mb B  I16..4:  0.2%  0.5%  0.1%  B16..8: 48.7%  9.4%  4.2%  direct: 5.4%  skip:31.6%  L0:57.5% L1:30.2% BI:12.2%
[libx264 @ 0x57e2bbacdf00] 8x8 transform intra:64.9% inter:66.6%
[libx264 @ 0x57e2bbacdf00] coded y,uvDC,uvAC intra: 72.0% 97.8% 83.4% inter: 31.3% 50.5% 18.2%
[libx264 @ 0x57e2bbacdf00] i16 v,h,dc,p: 12% 41% 16% 31%
[libx264 @ 0x57e2bbacdf00] i8 v,h,dc,ddl,ddr,vr,hd,vl,hu: 12% 25% 21%  5%  6%  6%  7%  6% 11%
[libx264 @ 0x57e2bbacdf00] i4 v,h,dc,ddl,ddr,vr,hd,vl,hu: 19% 15% 13%  8%  9% 10%  8% 10%  9%
[libx264 @ 0x57e2bbacdf00] i8c dc,h,v,p: 37% 35% 11% 18%
[libx264 @ 0x57e2bbacdf00] Weighted P-Frames: Y:30.9% UV:20.0%
[libx264 @ 0x57e2bbacdf00] ref P L0: 56.0% 25.1% 12.5%  5.3%  1.1%
[libx264 @ 0x57e2bbacdf00] ref B L0: 94.7%  4.6%  0.7%
[libx264 @ 0x57e2bbacdf00] ref B L1: 98.2%  1.8%
[libx264 @ 0x57e2bbacdf00] kb/s:1975.34
ffmpeg version 6.1.1-3ubuntu5 Copyright (c) 2000-2023 the FFmpeg developers
  built with gcc 13 (Ubuntu 13.2.0-23ubuntu3)
  configuration: --prefix=/usr --extra-version=3ubuntu5 --toolchain=hardened --libdir=/usr/lib/x86_64-linux-gnu --incdir=/usr/include/x86_64-linux-gnu --arch=amd64 --enable-gpl --disable-stripping --disable-omx --enable-gnutls --enable-libaom --enable-libass --enable-libbs2b --enable-libcaca --enable-libcdio --enable-libcodec2 --enable-libdav1d --enable-libflite --enable-libfontconfig --enable-libfreetype --enable-libfribidi --enable-libglslang --enable-libgme --enable-libgsm --enable-libharfbuzz --enable-libmp3lame --enable-libmysofa --enable-libopenjpeg --enable-libopenmpt --enable-libopus --enable-librubberband --enable-libshine --enable-libsnappy --enable-libsoxr --enable-libspeex --enable-libtheora --enable-libtwolame --enable-libvidstab --enable-libvorbis --enable-libvpx --enable-libwebp --enable-libx265 --enable-libxml2 --enable-libxvid --enable-libzimg --enable-openal --enable-opencl --enable-opengl --disable-sndio --enable-libvpl --disable-libmfx --enable-libdc1394 --enable-libdrm --enable-libiec61883 --enable-chromaprint --enable-frei0r --enable-ladspa --enable-libbluray --enable-libjack --enable-libpulse --enable-librabbitmq --enable-librist --enable-libsrt --enable-libssh --enable-libsvtav1 --enable-libx264 --enable-libzmq --enable-libzvbi --enable-lv2 --enable-sdl2 --enable-libplacebo --enable-librav1e --enable-pocketsphinx --enable-librsvg --enable-libjxl --enable-shared
  libavutil      58. 29.100 / 58. 29.100
  libavcodec     60. 31.102 / 60. 31.102
  libavformat    60. 16.100 / 60. 16.100
  libavdevice    60.  3.100 / 60.  3.100
  libavfilter     9. 12.100 /  9. 12.100
  libswscale      7.  5.100 /  7.  5.100
  libswresample   4. 12.100 /  4. 12.100
  libpostproc    57.  3.100 / 57.  3.100
Input #0, mov,mp4,m4a,3gp,3g2,mj2, from '/data/suraj/kv-quant-longhorizon/results/runs/1773110004_presentation_moviegen_fullmatrix/videos/QUAROT_KV_INT2/prompt_0006_seed_6.mp4':
  Metadata:
    major_brand     : isom
    minor_version   : 512
    compatible_brands: isomiso2avc1mp41
    encoder         : Lavf61.1.100
  Duration: 00:00:10.31, start: 0.000000, bitrate: 1055 kb/s
  Stream #0:0[0x1](und): Video: h264 (High) (avc1 / 0x31637661), yuv420p(progressive), 832x480, 1052 kb/s, 16 fps, 16 tbr, 16384 tbn (default)
    Metadata:
      handler_name    : VideoHandler
      vendor_id       : [0][0][0][0]
Stream mapping:
  Stream #0:0 -> #0:0 (h264 (native) -> h264 (libx264))
Press [q] to stop, [?] for help
[libx264 @ 0x61f2022ea040] using cpu capabilities: MMX2 SSE2Fast SSSE3 SSE4.2 AVX FMA3 BMI2 AVX2
[libx264 @ 0x61f2022ea040] profile High, level 3.0, 4:2:0, 8-bit
[libx264 @ 0x61f2022ea040] 264 - core 164 r3108 31e19f9 - H.264/MPEG-4 AVC codec - Copyleft 2003-2023 - http://www.videolan.org/x264.html - options: cabac=1 ref=3 deblock=1:0:0 analyse=0x3:0x113 me=hex subme=7 psy=1 psy_rd=1.00:0.00 mixed_ref=1 me_range=16 chroma_me=1 trellis=1 8x8dct=1 cqm=0 deadzone=21,11 fast_pskip=1 chroma_qp_offset=-2 threads=15 lookahead_threads=2 sliced_threads=0 nr=0 decimate=1 interlaced=0 bluray_compat=0 constrained_intra=0 bframes=3 b_pyramid=2 b_adapt=1 b_bias=0 direct=1 weightb=1 open_gop=0 weightp=2 keyint=250 keyint_min=16 scenecut=40 intra_refresh=0 rc_lookahead=40 rc=crf mbtree=1 crf=23.0 qcomp=0.60 qpmin=0 qpmax=69 qpstep=4 ip_ratio=1.40 aq=1:1.00
Output #0, mp4, to '/data/vaishak/combined-kv-quant/results/combined/backfills/drift/moviegen/c69c6dd7711c8ceb_QUAROT_KV_INT2/QUAROT_KV_INT2_frames_165/prompt_0006_seed_6.mp4':
  Metadata:
    major_brand     : isom
    minor_version   : 512
    compatible_brands: isomiso2avc1mp41
    encoder         : Lavf60.16.100
  Stream #0:0(und): Video: h264 (avc1 / 0x31637661), yuv420p(progressive), 832x480, q=2-31, 16 fps, 16384 tbn (default)
    Metadata:
      handler_name    : VideoHandler
      vendor_id       : [0][0][0][0]
      encoder         : Lavc60.31.102 libx264
    Side data:
      cpb: bitrate max/min/avg: 0/0/0 buffer size: 0 vbv_delay: N/A
frame=    0 fps=0.0 q=0.0 size=       0kB time=N/A bitrate=N/A speed=N/A    [out#0/mp4 @ 0x61f202269000] video:1555kB audio:0kB subtitle:0kB other streams:0kB global headers:0kB muxing overhead: 0.179269%
frame=  165 fps=0.0 q=-1.0 Lsize=    1558kB time=00:00:10.12 bitrate=1260.6kbits/s speed=15.3x    
[libx264 @ 0x61f2022ea040] frame I:3     Avg QP:19.67  size: 35134
[libx264 @ 0x61f2022ea040] frame P:45    Avg QP:22.41  size: 19786
[libx264 @ 0x61f2022ea040] frame B:117   Avg QP:24.39  size:  5095
[libx264 @ 0x61f2022ea040] consecutive B-frames:  3.0%  7.3%  0.0% 89.7%
[libx264 @ 0x61f2022ea040] mb I  I16..4: 24.3% 62.0% 13.7%
[libx264 @ 0x61f2022ea040] mb P  I16..4:  7.2% 12.6%  2.4%  P16..4: 50.4% 15.4%  6.9%  0.0%  0.0%    skip: 5.2%
[libx264 @ 0x61f2022ea040] mb B  I16..4:  0.6%  1.0%  0.2%  B16..8: 40.7%  5.5%  1.9%  direct: 6.4%  skip:43.5%  L0:48.2% L1:42.6% BI: 9.1%
[libx264 @ 0x61f2022ea040] 8x8 transform intra:57.4% inter:78.1%
[libx264 @ 0x61f2022ea040] coded y,uvDC,uvAC intra: 53.9% 93.0% 51.2% inter: 19.7% 39.6% 5.4%
[libx264 @ 0x61f2022ea040] i16 v,h,dc,p:  6% 22%  5% 67%
[libx264 @ 0x61f2022ea040] i8 v,h,dc,ddl,ddr,vr,hd,vl,hu: 15% 23% 18%  5%  8%  8%  8%  6%  7%
[libx264 @ 0x61f2022ea040] i4 v,h,dc,ddl,ddr,vr,hd,vl,hu: 13% 11% 13%  6% 17% 15% 11%  7%  7%
[libx264 @ 0x61f2022ea040] i8c dc,h,v,p: 32% 32% 11% 24%
[libx264 @ 0x61f2022ea040] Weighted P-Frames: Y:28.9% UV:28.9%
[libx264 @ 0x61f2022ea040] ref P L0: 54.0%  9.6% 21.3% 12.1%  3.1%
[libx264 @ 0x61f2022ea040] ref B L0: 84.7% 11.8%  3.5%
[libx264 @ 0x61f2022ea040] ref B L1: 98.3%  1.7%
[libx264 @ 0x61f2022ea040] kb/s:1234.92
ffmpeg version 6.1.1-3ubuntu5 Copyright (c) 2000-2023 the FFmpeg developers
  built with gcc 13 (Ubuntu 13.2.0-23ubuntu3)
  configuration: --prefix=/usr --extra-version=3ubuntu5 --toolchain=hardened --libdir=/usr/lib/x86_64-linux-gnu --incdir=/usr/include/x86_64-linux-gnu --arch=amd64 --enable-gpl --disable-stripping --disable-omx --enable-gnutls --enable-libaom --enable-libass --enable-libbs2b --enable-libcaca --enable-libcdio --enable-libcodec2 --enable-libdav1d --enable-libflite --enable-libfontconfig --enable-libfreetype --enable-libfribidi --enable-libglslang --enable-libgme --enable-libgsm --enable-libharfbuzz --enable-libmp3lame --enable-libmysofa --enable-libopenjpeg --enable-libopenmpt --enable-libopus --enable-librubberband --enable-libshine --enable-libsnappy --enable-libsoxr --enable-libspeex --enable-libtheora --enable-libtwolame --enable-libvidstab --enable-libvorbis --enable-libvpx --enable-libwebp --enable-libx265 --enable-libxml2 --enable-libxvid --enable-libzimg --enable-openal --enable-opencl --enable-opengl --disable-sndio --enable-libvpl --disable-libmfx --enable-libdc1394 --enable-libdrm --enable-libiec61883 --enable-chromaprint --enable-frei0r --enable-ladspa --enable-libbluray --enable-libjack --enable-libpulse --enable-librabbitmq --enable-librist --enable-libsrt --enable-libssh --enable-libsvtav1 --enable-libx264 --enable-libzmq --enable-libzvbi --enable-lv2 --enable-sdl2 --enable-libplacebo --enable-librav1e --enable-pocketsphinx --enable-librsvg --enable-libjxl --enable-shared
  libavutil      58. 29.100 / 58. 29.100
  libavcodec     60. 31.102 / 60. 31.102
  libavformat    60. 16.100 / 60. 16.100
  libavdevice    60.  3.100 / 60.  3.100
  libavfilter     9. 12.100 /  9. 12.100
  libswscale      7.  5.100 /  7.  5.100
  libswresample   4. 12.100 /  4. 12.100
  libpostproc    57.  3.100 / 57.  3.100
Input #0, mov,mp4,m4a,3gp,3g2,mj2, from '/data/suraj/kv-quant-longhorizon/results/runs/1773110004_presentation_moviegen_fullmatrix/videos/QUAROT_KV_INT2/prompt_0007_seed_7.mp4':
  Metadata:
    major_brand     : isom
    minor_version   : 512
    compatible_brands: isomiso2avc1mp41
    encoder         : Lavf61.1.100
  Duration: 00:00:10.31, start: 0.000000, bitrate: 1088 kb/s
  Stream #0:0[0x1](und): Video: h264 (High) (avc1 / 0x31637661), yuv420p(progressive), 832x480, 1086 kb/s, 16 fps, 16 tbr, 16384 tbn (default)
    Metadata:
      handler_name    : VideoHandler
      vendor_id       : [0][0][0][0]
Stream mapping:
  Stream #0:0 -> #0:0 (h264 (native) -> h264 (libx264))
Press [q] to stop, [?] for help
[libx264 @ 0x5b8289ded640] using cpu capabilities: MMX2 SSE2Fast SSSE3 SSE4.2 AVX FMA3 BMI2 AVX2
[libx264 @ 0x5b8289ded640] profile High, level 3.0, 4:2:0, 8-bit
[libx264 @ 0x5b8289ded640] 264 - core 164 r3108 31e19f9 - H.264/MPEG-4 AVC codec - Copyleft 2003-2023 - http://www.videolan.org/x264.html - options: cabac=1 ref=3 deblock=1:0:0 analyse=0x3:0x113 me=hex subme=7 psy=1 psy_rd=1.00:0.00 mixed_ref=1 me_range=16 chroma_me=1 trellis=1 8x8dct=1 cqm=0 deadzone=21,11 fast_pskip=1 chroma_qp_offset=-2 threads=15 lookahead_threads=2 sliced_threads=0 nr=0 decimate=1 interlaced=0 bluray_compat=0 constrained_intra=0 bframes=3 b_pyramid=2 b_adapt=1 b_bias=0 direct=1 weightb=1 open_gop=0 weightp=2 keyint=250 keyint_min=16 scenecut=40 intra_refresh=0 rc_lookahead=40 rc=crf mbtree=1 crf=23.0 qcomp=0.60 qpmin=0 qpmax=69 qpstep=4 ip_ratio=1.40 aq=1:1.00
Output #0, mp4, to '/data/vaishak/combined-kv-quant/results/combined/backfills/drift/moviegen/c69c6dd7711c8ceb_QUAROT_KV_INT2/QUAROT_KV_INT2_frames_165/prompt_0007_seed_7.mp4':
  Metadata:
    major_brand     : isom
    minor_version   : 512
    compatible_brands: isomiso2avc1mp41
    encoder         : Lavf60.16.100
  Stream #0:0(und): Video: h264 (avc1 / 0x31637661), yuv420p(progressive), 832x480, q=2-31, 16 fps, 16384 tbn (default)
    Metadata:
      handler_name    : VideoHandler
      vendor_id       : [0][0][0][0]
      encoder         : Lavc60.31.102 libx264
    Side data:
      cpb: bitrate max/min/avg: 0/0/0 buffer size: 0 vbv_delay: N/A
frame=    0 fps=0.0 q=0.0 size=       0kB time=N/A bitrate=N/A speed=N/A    frame=   87 fps=0.0 q=27.0 size=     768kB time=00:00:05.31 bitrate=1184.3kbits/s speed=10.3x    [out#0/mp4 @ 0x5b8289d6b100] video:1902kB audio:0kB subtitle:0kB other streams:0kB global headers:0kB muxing overhead: 0.146418%
frame=  165 fps=0.0 q=-1.0 Lsize=    1904kB time=00:00:10.12 bitrate=1540.8kbits/s speed=12.9x    
[libx264 @ 0x5b8289ded640] frame I:4     Avg QP:21.78  size: 33688
[libx264 @ 0x5b8289ded640] frame P:43    Avg QP:24.72  size: 19616
[libx264 @ 0x5b8289ded640] frame B:118   Avg QP:26.23  size:  8205
[libx264 @ 0x5b8289ded640] consecutive B-frames:  3.6%  2.4%  1.8% 92.1%
[libx264 @ 0x5b8289ded640] mb I  I16..4: 10.5% 70.9% 18.5%
[libx264 @ 0x5b8289ded640] mb P  I16..4:  6.8% 26.0%  4.4%  P16..4: 37.2% 17.3%  5.8%  0.0%  0.0%    skip: 2.5%
[libx264 @ 0x5b8289ded640] mb B  I16..4:  1.1%  3.4%  0.5%  B16..8: 42.5% 12.6%  3.2%  direct: 7.6%  skip:29.2%  L0:47.4% L1:40.7% BI:11.9%
[libx264 @ 0x5b8289ded640] 8x8 transform intra:69.9% inter:78.0%
[libx264 @ 0x5b8289ded640] coded y,uvDC,uvAC intra: 66.6% 92.5% 50.0% inter: 29.3% 45.4% 5.3%
[libx264 @ 0x5b8289ded640] i16 v,h,dc,p:  4% 41%  3% 52%
[libx264 @ 0x5b8289ded640] i8 v,h,dc,ddl,ddr,vr,hd,vl,hu: 11% 33% 14%  5%  6%  5% 10%  5% 12%
[libx264 @ 0x5b8289ded640] i4 v,h,dc,ddl,ddr,vr,hd,vl,hu: 11% 29% 13%  6%  8%  6% 12%  5% 10%
[libx264 @ 0x5b8289ded640] i8c dc,h,v,p: 31% 39% 10% 19%
[libx264 @ 0x5b8289ded640] Weighted P-Frames: Y:27.9% UV:27.9%
[libx264 @ 0x5b8289ded640] ref P L0: 47.6% 13.7% 21.2% 13.1%  4.4%
[libx264 @ 0x5b8289ded640] ref B L0: 83.4% 12.6%  4.0%
[libx264 @ 0x5b8289ded640] ref B L1: 96.8%  3.2%
[libx264 @ 0x5b8289ded640] kb/s:1509.99
ffmpeg version 6.1.1-3ubuntu5 Copyright (c) 2000-2023 the FFmpeg developers
  built with gcc 13 (Ubuntu 13.2.0-23ubuntu3)
  configuration: --prefix=/usr --extra-version=3ubuntu5 --toolchain=hardened --libdir=/usr/lib/x86_64-linux-gnu --incdir=/usr/include/x86_64-linux-gnu --arch=amd64 --enable-gpl --disable-stripping --disable-omx --enable-gnutls --enable-libaom --enable-libass --enable-libbs2b --enable-libcaca --enable-libcdio --enable-libcodec2 --enable-libdav1d --enable-libflite --enable-libfontconfig --enable-libfreetype --enable-libfribidi --enable-libglslang --enable-libgme --enable-libgsm --enable-libharfbuzz --enable-libmp3lame --enable-libmysofa --enable-libopenjpeg --enable-libopenmpt --enable-libopus --enable-librubberband --enable-libshine --enable-libsnappy --enable-libsoxr --enable-libspeex --enable-libtheora --enable-libtwolame --enable-libvidstab --enable-libvorbis --enable-libvpx --enable-libwebp --enable-libx265 --enable-libxml2 --enable-libxvid --enable-libzimg --enable-openal --enable-opencl --enable-opengl --disable-sndio --enable-libvpl --disable-libmfx --enable-libdc1394 --enable-libdrm --enable-libiec61883 --enable-chromaprint --enable-frei0r --enable-ladspa --enable-libbluray --enable-libjack --enable-libpulse --enable-librabbitmq --enable-librist --enable-libsrt --enable-libssh --enable-libsvtav1 --enable-libx264 --enable-libzmq --enable-libzvbi --enable-lv2 --enable-sdl2 --enable-libplacebo --enable-librav1e --enable-pocketsphinx --enable-librsvg --enable-libjxl --enable-shared
  libavutil      58. 29.100 / 58. 29.100
  libavcodec     60. 31.102 / 60. 31.102
  libavformat    60. 16.100 / 60. 16.100
  libavdevice    60.  3.100 / 60.  3.100
  libavfilter     9. 12.100 /  9. 12.100
  libswscale      7.  5.100 /  7.  5.100
  libswresample   4. 12.100 /  4. 12.100
  libpostproc    57.  3.100 / 57.  3.100
Input #0, mov,mp4,m4a,3gp,3g2,mj2, from '/data/suraj/kv-quant-longhorizon/results/runs/1773110004_presentation_moviegen_fullmatrix/videos/QUAROT_KV_INT2/prompt_0008_seed_8.mp4':
  Metadata:
    major_brand     : isom
    minor_version   : 512
    compatible_brands: isomiso2avc1mp41
    encoder         : Lavf61.1.100
  Duration: 00:00:10.31, start: 0.000000, bitrate: 1086 kb/s
  Stream #0:0[0x1](und): Video: h264 (High) (avc1 / 0x31637661), yuv420p(progressive), 832x480, 1084 kb/s, 16 fps, 16 tbr, 16384 tbn (default)
    Metadata:
      handler_name    : VideoHandler
      vendor_id       : [0][0][0][0]
Stream mapping:
  Stream #0:0 -> #0:0 (h264 (native) -> h264 (libx264))
Press [q] to stop, [?] for help
[libx264 @ 0x578a638ec6c0] using cpu capabilities: MMX2 SSE2Fast SSSE3 SSE4.2 AVX FMA3 BMI2 AVX2
[libx264 @ 0x578a638ec6c0] profile High, level 3.0, 4:2:0, 8-bit
[libx264 @ 0x578a638ec6c0] 264 - core 164 r3108 31e19f9 - H.264/MPEG-4 AVC codec - Copyleft 2003-2023 - http://www.videolan.org/x264.html - options: cabac=1 ref=3 deblock=1:0:0 analyse=0x3:0x113 me=hex subme=7 psy=1 psy_rd=1.00:0.00 mixed_ref=1 me_range=16 chroma_me=1 trellis=1 8x8dct=1 cqm=0 deadzone=21,11 fast_pskip=1 chroma_qp_offset=-2 threads=15 lookahead_threads=2 sliced_threads=0 nr=0 decimate=1 interlaced=0 bluray_compat=0 constrained_intra=0 bframes=3 b_pyramid=2 b_adapt=1 b_bias=0 direct=1 weightb=1 open_gop=0 weightp=2 keyint=250 keyint_min=16 scenecut=40 intra_refresh=0 rc_lookahead=40 rc=crf mbtree=1 crf=23.0 qcomp=0.60 qpmin=0 qpmax=69 qpstep=4 ip_ratio=1.40 aq=1:1.00
Output #0, mp4, to '/data/vaishak/combined-kv-quant/results/combined/backfills/drift/moviegen/c69c6dd7711c8ceb_QUAROT_KV_INT2/QUAROT_KV_INT2_frames_165/prompt_0008_seed_8.mp4':
  Metadata:
    major_brand     : isom
    minor_version   : 512
    compatible_brands: isomiso2avc1mp41
    encoder         : Lavf60.16.100
  Stream #0:0(und): Video: h264 (avc1 / 0x31637661), yuv420p(progressive), 832x480, q=2-31, 16 fps, 16384 tbn (default)
    Metadata:
      handler_name    : VideoHandler
      vendor_id       : [0][0][0][0]
      encoder         : Lavc60.31.102 libx264
    Side data:
      cpb: bitrate max/min/avg: 0/0/0 buffer size: 0 vbv_delay: N/A
frame=    0 fps=0.0 q=0.0 size=       0kB time=N/A bitrate=N/A speed=N/A    [out#0/mp4 @ 0x578a63866d40] video:1273kB audio:0kB subtitle:0kB other streams:0kB global headers:0kB muxing overhead: 0.200572%
frame=  165 fps=0.0 q=-1.0 Lsize=    1276kB time=00:00:10.12 bitrate=1032.2kbits/s speed=13.9x    
[libx264 @ 0x578a638ec6c0] frame I:1     Avg QP:20.45  size: 44810
[libx264 @ 0x578a638ec6c0] frame P:91    Avg QP:22.83  size: 11644
[libx264 @ 0x578a638ec6c0] frame B:73    Avg QP:26.04  size:  2721
[libx264 @ 0x578a638ec6c0] consecutive B-frames: 27.3% 31.5% 29.1% 12.1%
[libx264 @ 0x578a638ec6c0] mb I  I16..4:  7.8% 55.0% 37.2%
[libx264 @ 0x578a638ec6c0] mb P  I16..4:  0.8%  2.1%  0.2%  P16..4: 58.0% 22.3%  7.7%  0.0%  0.0%    skip: 8.9%
[libx264 @ 0x578a638ec6c0] mb B  I16..4:  0.0%  0.2%  0.0%  B16..8: 38.7%  4.5%  0.6%  direct: 4.1%  skip:51.9%  L0:68.5% L1:22.9% BI: 8.5%
[libx264 @ 0x578a638ec6c0] 8x8 transform intra:64.8% inter:73.0%
[libx264 @ 0x578a638ec6c0] coded y,uvDC,uvAC intra: 62.3% 95.2% 70.3% inter: 28.3% 46.9% 5.2%
[libx264 @ 0x578a638ec6c0] i16 v,h,dc,p:  5% 38%  8% 49%
[libx264 @ 0x578a638ec6c0] i8 v,h,dc,ddl,ddr,vr,hd,vl,hu: 12% 27% 17%  4%  8%  6% 11%  6%  9%
[libx264 @ 0x578a638ec6c0] i4 v,h,dc,ddl,ddr,vr,hd,vl,hu: 15% 24% 13%  6% 11%  7% 10%  6%  7%
[libx264 @ 0x578a638ec6c0] i8c dc,h,v,p: 33% 36% 10% 20%
[libx264 @ 0x578a638ec6c0] Weighted P-Frames: Y:56.0% UV:42.9%
[libx264 @ 0x578a638ec6c0] ref P L0: 53.9% 23.3% 15.5%  4.5%  2.8%
[libx264 @ 0x578a638ec6c0] ref B L0: 93.8%  5.5%  0.8%
[libx264 @ 0x578a638ec6c0] ref B L1: 99.1%  0.9%
[libx264 @ 0x578a638ec6c0] kb/s:1010.87
ffmpeg version 6.1.1-3ubuntu5 Copyright (c) 2000-2023 the FFmpeg developers
  built with gcc 13 (Ubuntu 13.2.0-23ubuntu3)
  configuration: --prefix=/usr --extra-version=3ubuntu5 --toolchain=hardened --libdir=/usr/lib/x86_64-linux-gnu --incdir=/usr/include/x86_64-linux-gnu --arch=amd64 --enable-gpl --disable-stripping --disable-omx --enable-gnutls --enable-libaom --enable-libass --enable-libbs2b --enable-libcaca --enable-libcdio --enable-libcodec2 --enable-libdav1d --enable-libflite --enable-libfontconfig --enable-libfreetype --enable-libfribidi --enable-libglslang --enable-libgme --enable-libgsm --enable-libharfbuzz --enable-libmp3lame --enable-libmysofa --enable-libopenjpeg --enable-libopenmpt --enable-libopus --enable-librubberband --enable-libshine --enable-libsnappy --enable-libsoxr --enable-libspeex --enable-libtheora --enable-libtwolame --enable-libvidstab --enable-libvorbis --enable-libvpx --enable-libwebp --enable-libx265 --enable-libxml2 --enable-libxvid --enable-libzimg --enable-openal --enable-opencl --enable-opengl --disable-sndio --enable-libvpl --disable-libmfx --enable-libdc1394 --enable-libdrm --enable-libiec61883 --enable-chromaprint --enable-frei0r --enable-ladspa --enable-libbluray --enable-libjack --enable-libpulse --enable-librabbitmq --enable-librist --enable-libsrt --enable-libssh --enable-libsvtav1 --enable-libx264 --enable-libzmq --enable-libzvbi --enable-lv2 --enable-sdl2 --enable-libplacebo --enable-librav1e --enable-pocketsphinx --enable-librsvg --enable-libjxl --enable-shared
  libavutil      58. 29.100 / 58. 29.100
  libavcodec     60. 31.102 / 60. 31.102
  libavformat    60. 16.100 / 60. 16.100
  libavdevice    60.  3.100 / 60.  3.100
  libavfilter     9. 12.100 /  9. 12.100
  libswscale      7.  5.100 /  7.  5.100
  libswresample   4. 12.100 /  4. 12.100
  libpostproc    57.  3.100 / 57.  3.100
Input #0, mov,mp4,m4a,3gp,3g2,mj2, from '/data/suraj/kv-quant-longhorizon/results/runs/1773110004_presentation_moviegen_fullmatrix/videos/QUAROT_KV_INT2/prompt_0009_seed_9.mp4':
  Metadata:
    major_brand     : isom
    minor_version   : 512
    compatible_brands: isomiso2avc1mp41
    encoder         : Lavf61.1.100
  Duration: 00:00:10.31, start: 0.000000, bitrate: 1121 kb/s
  Stream #0:0[0x1](und): Video: h264 (High) (avc1 / 0x31637661), yuv420p(progressive), 832x480, 1119 kb/s, 16 fps, 16 tbr, 16384 tbn (default)
    Metadata:
      handler_name    : VideoHandler
      vendor_id       : [0][0][0][0]
Stream mapping:
  Stream #0:0 -> #0:0 (h264 (native) -> h264 (libx264))
Press [q] to stop, [?] for help
[libx264 @ 0x59b517c2b2c0] using cpu capabilities: MMX2 SSE2Fast SSSE3 SSE4.2 AVX FMA3 BMI2 AVX2
[libx264 @ 0x59b517c2b2c0] profile High, level 3.0, 4:2:0, 8-bit
[libx264 @ 0x59b517c2b2c0] 264 - core 164 r3108 31e19f9 - H.264/MPEG-4 AVC codec - Copyleft 2003-2023 - http://www.videolan.org/x264.html - options: cabac=1 ref=3 deblock=1:0:0 analyse=0x3:0x113 me=hex subme=7 psy=1 psy_rd=1.00:0.00 mixed_ref=1 me_range=16 chroma_me=1 trellis=1 8x8dct=1 cqm=0 deadzone=21,11 fast_pskip=1 chroma_qp_offset=-2 threads=15 lookahead_threads=2 sliced_threads=0 nr=0 decimate=1 interlaced=0 bluray_compat=0 constrained_intra=0 bframes=3 b_pyramid=2 b_adapt=1 b_bias=0 direct=1 weightb=1 open_gop=0 weightp=2 keyint=250 keyint_min=16 scenecut=40 intra_refresh=0 rc_lookahead=40 rc=crf mbtree=1 crf=23.0 qcomp=0.60 qpmin=0 qpmax=69 qpstep=4 ip_ratio=1.40 aq=1:1.00
Output #0, mp4, to '/data/vaishak/combined-kv-quant/results/combined/backfills/drift/moviegen/c69c6dd7711c8ceb_QUAROT_KV_INT2/QUAROT_KV_INT2_frames_165/prompt_0009_seed_9.mp4':
  Metadata:
    major_brand     : isom
    minor_version   : 512
    compatible_brands: isomiso2avc1mp41
    encoder         : Lavf60.16.100
  Stream #0:0(und): Video: h264 (avc1 / 0x31637661), yuv420p(progressive), 832x480, q=2-31, 16 fps, 16384 tbn (default)
    Metadata:
      handler_name    : VideoHandler
      vendor_id       : [0][0][0][0]
      encoder         : Lavc60.31.102 libx264
    Side data:
      cpb: bitrate max/min/avg: 0/0/0 buffer size: 0 vbv_delay: N/A
frame=    0 fps=0.0 q=0.0 size=       0kB time=N/A bitrate=N/A speed=N/A    frame=   88 fps=0.0 q=27.0 size=    1024kB time=00:00:05.37 bitrate=1560.7kbits/s speed=10.3x    [out#0/mp4 @ 0x59b517ba0d80] video:2243kB audio:0kB subtitle:0kB other streams:0kB global headers:0kB muxing overhead: 0.117882%
frame=  165 fps=0.0 q=-1.0 Lsize=    2245kB time=00:00:10.12 bitrate=1816.6kbits/s speed=12.4x    
[libx264 @ 0x59b517c2b2c0] frame I:2     Avg QP:22.13  size: 62244
[libx264 @ 0x59b517c2b2c0] frame P:66    Avg QP:24.58  size: 23790
[libx264 @ 0x59b517c2b2c0] frame B:97    Avg QP:27.26  size:  6196
[libx264 @ 0x59b517c2b2c0] consecutive B-frames: 13.9% 12.1% 32.7% 41.2%
[libx264 @ 0x59b517c2b2c0] mb I  I16..4:  3.1% 63.3% 33.6%
[libx264 @ 0x59b517c2b2c0] mb P  I16..4:  1.2% 10.2%  2.1%  P16..4: 42.1% 22.7% 12.1%  0.0%  0.0%    skip: 9.7%
[libx264 @ 0x59b517c2b2c0] mb B  I16..4:  0.1%  0.8%  0.2%  B16..8: 43.0%  9.0%  3.4%  direct: 4.7%  skip:38.8%  L0:62.5% L1:27.6% BI: 9.9%
[libx264 @ 0x59b517c2b2c0] 8x8 transform intra:73.3% inter:65.8%
[libx264 @ 0x59b517c2b2c0] coded y,uvDC,uvAC intra: 84.2% 76.0% 20.2% inter: 34.0% 22.4% 0.6%
[libx264 @ 0x59b517c2b2c0] i16 v,h,dc,p:  9% 45% 16% 31%
[libx264 @ 0x59b517c2b2c0] i8 v,h,dc,ddl,ddr,vr,hd,vl,hu: 12% 26% 17%  5%  7%  6% 10%  6% 12%
[libx264 @ 0x59b517c2b2c0] i4 v,h,dc,ddl,ddr,vr,hd,vl,hu: 13% 24% 14%  6%  8%  7% 12%  6% 11%
[libx264 @ 0x59b517c2b2c0] i8c dc,h,v,p: 49% 28% 15%  8%
[libx264 @ 0x59b517c2b2c0] Weighted P-Frames: Y:34.8% UV:12.1%
[libx264 @ 0x59b517c2b2c0] ref P L0: 52.0% 24.9% 12.9%  8.0%  2.2%
[libx264 @ 0x59b517c2b2c0] ref B L0: 88.8%  8.7%  2.5%
[libx264 @ 0x59b517c2b2c0] ref B L1: 99.4%  0.6%
[libx264 @ 0x59b517c2b2c0] kb/s:1780.89
[rank0]:[W310 22:58:27.548738960 ProcessGroupNCCL.cpp:4115] [PG ID 0 PG GUID 0 Rank 0]  using GPU 0 to perform barrier as devices used by this process are currently unknown. This can potentially cause a hang if this rank to GPU mapping is incorrect.Specify device_ids in barrier() to force use of a particular device,or call init_process_group() with a device_id.
/home/suraj/miniforge3/envs/qvg_sf_eval/lib/python3.10/site-packages/clip/clip.py:6: UserWarning: pkg_resources is deprecated as an API. See https://setuptools.pypa.io/en/latest/pkg_resources.html. The pkg_resources package is slated for removal as early as 2025-11-30. Refrain from using this package or pin to Setuptools<81.
  from pkg_resources import packaging
/home/suraj/miniforge3/envs/qvg_sf_eval/lib/python3.10/site-packages/timm/models/layers/__init__.py:48: FutureWarning: Importing from timm.models.layers is deprecated, please import via timm.layers
  warnings.warn(f"Importing from {__name__} is deprecated, please import via timm.layers", FutureWarning)
/home/suraj/miniforge3/envs/qvg_sf_eval/lib/python3.10/site-packages/pyiqa/archs/arch_util.py:118: FutureWarning: You are using `torch.load` with `weights_only=False` (the current default value), which uses the default pickle module implicitly. It is possible to construct malicious pickle data which will execute arbitrary code during unpickling (See https://github.com/pytorch/pytorch/blob/main/SECURITY.md#untrusted-models for more details). In a future release, the default value for `weights_only` will be flipped to `True`. This limits the functions that could be executed during unpickling. Arbitrary objects will no longer be allowed to be loaded via this mode unless they are explicitly allowlisted by the user via `torch.serialization.add_safe_globals`. We recommend you start setting `weights_only=True` for any use case where you don't have full control of the loaded file. Please open an issue on GitHub for any issues related to this experimental feature.
  state_dict = torch.load(model_path, map_location=torch.device("cpu"))
args: Namespace(output_path='/data/vaishak/combined-kv-quant/results/combined/backfills/drift/moviegen/c69c6dd7711c8ceb_QUAROT_KV_INT2/vbench_QUAROT_KV_INT2_165', full_json_dir='/data/vaishak/combined-kv-quant/third_party/VBench/vbench/VBench_full_info.json', videos_path='/data/vaishak/combined-kv-quant/results/combined/backfills/drift/moviegen/c69c6dd7711c8ceb_QUAROT_KV_INT2/QUAROT_KV_INT2_frames_165', dimension=['imaging_quality'], load_ckpt_from_local=None, read_frame=None, mode='custom_input', prompt='None', prompt_file='/data/vaishak/combined-kv-quant/results/combined/backfills/drift/moviegen/c69c6dd7711c8ceb_QUAROT_KV_INT2/prompt_map_165.json', category=None, imaging_quality_preprocessing_mode='longer')
start evaluation
Evaluation meta data saved to /data/vaishak/combined-kv-quant/results/combined/backfills/drift/moviegen/c69c6dd7711c8ceb_QUAROT_KV_INT2/vbench_QUAROT_KV_INT2_165/results_2026-03-10-22:58:27_full_info.json
cur_full_info_path: /data/vaishak/combined-kv-quant/results/combined/backfills/drift/moviegen/c69c6dd7711c8ceb_QUAROT_KV_INT2/vbench_QUAROT_KV_INT2_165/results_2026-03-10-22:58:27_full_info.json
Loading pretrained model MUSIQ from /home/vaishak/.cache/vbench/pyiqa_model/musiq_spaq_ckpt-358bb6af.pth
  0%|          | 0/10 [00:00<?, ?it/s] 10%|█         | 1/10 [00:05<00:52,  5.88s/it] 20%|██        | 2/10 [00:10<00:40,  5.09s/it] 30%|███       | 3/10 [00:15<00:34,  4.92s/it] 40%|████      | 4/10 [00:19<00:29,  4.84s/it] 50%|█████     | 5/10 [00:24<00:23,  4.76s/it] 60%|██████    | 6/10 [00:30<00:20,  5.16s/it] 70%|███████   | 7/10 [00:36<00:16,  5.62s/it] 80%|████████  | 8/10 [00:43<00:11,  5.84s/it] 90%|█████████ | 9/10 [00:49<00:05,  5.98s/it]100%|██████████| 10/10 [00:54<00:00,  5.78s/it]100%|██████████| 10/10 [00:54<00:00,  5.49s/it]
Evaluation results saved to /data/vaishak/combined-kv-quant/results/combined/backfills/drift/moviegen/c69c6dd7711c8ceb_QUAROT_KV_INT2/vbench_QUAROT_KV_INT2_165/results_2026-03-10-22:58:27_eval_results.json
done
[rank0]:[W310 22:59:24.922744472 ProcessGroupNCCL.cpp:1250] Warning: WARNING: process group has NOT been destroyed before we destruct ProcessGroupNCCL. On normal program exit, the application should call destroy_process_group to ensure that any pending NCCL operations have finished in this process. In rare cases this process can exit before this point and block the progress of another member of the process group. This constraint has always been present,  but this warning has only been added since PyTorch 2.4 (function operator())
{
  "method": "QUAROT_KV_INT2",
  "frame_step": 165,
  "max_frames": 165,
  "curve": [
    {
      "frame_cap": 165,
      "imaging_quality": [
        0.5968108372312604,
        [
          {
            "video_path": "/data/vaishak/combined-kv-quant/results/combined/backfills/drift/moviegen/c69c6dd7711c8ceb_QUAROT_KV_INT2/QUAROT_KV_INT2_frames_165/prompt_0007_seed_7.mp4",
            "video_results": 62.775051648689036
          },
          {
            "video_path": "/data/vaishak/combined-kv-quant/results/combined/backfills/drift/moviegen/c69c6dd7711c8ceb_QUAROT_KV_INT2/QUAROT_KV_INT2_frames_165/prompt_0006_seed_6.mp4",
            "video_results": 56.751220321655275
          },
          {
            "video_path": "/data/vaishak/combined-kv-quant/results/combined/backfills/drift/moviegen/c69c6dd7711c8ceb_QUAROT_KV_INT2/QUAROT_KV_INT2_frames_165/prompt_0004_seed_4.mp4",
            "video_results": 44.25315964438698
          },
          {
            "video_path": "/data/vaishak/combined-kv-quant/results/combined/backfills/drift/moviegen/c69c6dd7711c8ceb_QUAROT_KV_INT2/QUAROT_KV_INT2_frames_165/prompt_0003_seed_3.mp4",
            "video_results": 58.897578383937024
          },
          {
            "video_path": "/data/vaishak/combined-kv-quant/results/combined/backfills/drift/moviegen/c69c6dd7711c8ceb_QUAROT_KV_INT2/QUAROT_KV_INT2_frames_165/prompt_0005_seed_5.mp4",
            "video_results": 67.77540810324929
          },
          {
            "video_path": "/data/vaishak/combined-kv-quant/results/combined/backfills/drift/moviegen/c69c6dd7711c8ceb_QUAROT_KV_INT2/QUAROT_KV_INT2_frames_165/prompt_0002_seed_2.mp4",
            "video_results": 60.44081855542732
          },
          {
            "video_path": "/data/vaishak/combined-kv-quant/results/combined/backfills/drift/moviegen/c69c6dd7711c8ceb_QUAROT_KV_INT2/QUAROT_KV_INT2_frames_165/prompt_0001_seed_1.mp4",
            "video_results": 63.51089708732836
          },
          {
            "video_path": "/data/vaishak/combined-kv-quant/results/combined/backfills/drift/moviegen/c69c6dd7711c8ceb_QUAROT_KV_INT2/QUAROT_KV_INT2_frames_165/prompt_0009_seed_9.mp4",
            "video_results": 67.59380257346413
          },
          {
            "video_path": "/data/vaishak/combined-kv-quant/results/combined/backfills/drift/moviegen/c69c6dd7711c8ceb_QUAROT_KV_INT2/QUAROT_KV_INT2_frames_165/prompt_0008_seed_8.mp4",
            "video_results": 67.56390586621833
          },
          {
            "video_path": "/data/vaishak/combined-kv-quant/results/combined/backfills/drift/moviegen/c69c6dd7711c8ceb_QUAROT_KV_INT2/QUAROT_KV_INT2_frames_165/prompt_0000_seed_0.mp4",
            "video_results": 47.24899504690459
          }
        ]
      ]
    }
  ]
}
ffmpeg version 6.1.1-3ubuntu5 Copyright (c) 2000-2023 the FFmpeg developers
  built with gcc 13 (Ubuntu 13.2.0-23ubuntu3)
  configuration: --prefix=/usr --extra-version=3ubuntu5 --toolchain=hardened --libdir=/usr/lib/x86_64-linux-gnu --incdir=/usr/include/x86_64-linux-gnu --arch=amd64 --enable-gpl --disable-stripping --disable-omx --enable-gnutls --enable-libaom --enable-libass --enable-libbs2b --enable-libcaca --enable-libcdio --enable-libcodec2 --enable-libdav1d --enable-libflite --enable-libfontconfig --enable-libfreetype --enable-libfribidi --enable-libglslang --enable-libgme --enable-libgsm --enable-libharfbuzz --enable-libmp3lame --enable-libmysofa --enable-libopenjpeg --enable-libopenmpt --enable-libopus --enable-librubberband --enable-libshine --enable-libsnappy --enable-libsoxr --enable-libspeex --enable-libtheora --enable-libtwolame --enable-libvidstab --enable-libvorbis --enable-libvpx --enable-libwebp --enable-libx265 --enable-libxml2 --enable-libxvid --enable-libzimg --enable-openal --enable-opencl --enable-opengl --disable-sndio --enable-libvpl --disable-libmfx --enable-libdc1394 --enable-libdrm --enable-libiec61883 --enable-chromaprint --enable-frei0r --enable-ladspa --enable-libbluray --enable-libjack --enable-libpulse --enable-librabbitmq --enable-librist --enable-libsrt --enable-libssh --enable-libsvtav1 --enable-libx264 --enable-libzmq --enable-libzvbi --enable-lv2 --enable-sdl2 --enable-libplacebo --enable-librav1e --enable-pocketsphinx --enable-librsvg --enable-libjxl --enable-shared
  libavutil      58. 29.100 / 58. 29.100
  libavcodec     60. 31.102 / 60. 31.102
  libavformat    60. 16.100 / 60. 16.100
  libavdevice    60.  3.100 / 60.  3.100
  libavfilter     9. 12.100 /  9. 12.100
  libswscale      7.  5.100 /  7.  5.100
  libswresample   4. 12.100 /  4. 12.100
  libpostproc    57.  3.100 / 57.  3.100
Input #0, mov,mp4,m4a,3gp,3g2,mj2, from '/data/suraj/kv-quant-longhorizon/results/runs/1773110004_presentation_moviegen_fullmatrix/videos/QUAROT_KV_INT4/prompt_0000_seed_0.mp4':
  Metadata:
    major_brand     : isom
    minor_version   : 512
    compatible_brands: isomiso2avc1mp41
    encoder         : Lavf61.1.100
  Duration: 00:00:10.31, start: 0.000000, bitrate: 1073 kb/s
  Stream #0:0[0x1](und): Video: h264 (High) (avc1 / 0x31637661), yuv420p(progressive), 832x480, 1071 kb/s, 16 fps, 16 tbr, 16384 tbn (default)
    Metadata:
      handler_name    : VideoHandler
      vendor_id       : [0][0][0][0]
Stream mapping:
  Stream #0:0 -> #0:0 (h264 (native) -> h264 (libx264))
Press [q] to stop, [?] for help
[libx264 @ 0x60bff769a4c0] using cpu capabilities: MMX2 SSE2Fast SSSE3 SSE4.2 AVX FMA3 BMI2 AVX2
[libx264 @ 0x60bff769a4c0] profile High, level 3.0, 4:2:0, 8-bit
[libx264 @ 0x60bff769a4c0] 264 - core 164 r3108 31e19f9 - H.264/MPEG-4 AVC codec - Copyleft 2003-2023 - http://www.videolan.org/x264.html - options: cabac=1 ref=3 deblock=1:0:0 analyse=0x3:0x113 me=hex subme=7 psy=1 psy_rd=1.00:0.00 mixed_ref=1 me_range=16 chroma_me=1 trellis=1 8x8dct=1 cqm=0 deadzone=21,11 fast_pskip=1 chroma_qp_offset=-2 threads=15 lookahead_threads=2 sliced_threads=0 nr=0 decimate=1 interlaced=0 bluray_compat=0 constrained_intra=0 bframes=3 b_pyramid=2 b_adapt=1 b_bias=0 direct=1 weightb=1 open_gop=0 weightp=2 keyint=250 keyint_min=16 scenecut=40 intra_refresh=0 rc_lookahead=40 rc=crf mbtree=1 crf=23.0 qcomp=0.60 qpmin=0 qpmax=69 qpstep=4 ip_ratio=1.40 aq=1:1.00
Output #0, mp4, to '/data/vaishak/combined-kv-quant/results/combined/backfills/drift/moviegen/cc9d575050e2ca05_QUAROT_KV_INT4/QUAROT_KV_INT4_frames_165/prompt_0000_seed_0.mp4':
  Metadata:
    major_brand     : isom
    minor_version   : 512
    compatible_brands: isomiso2avc1mp41
    encoder         : Lavf60.16.100
  Stream #0:0(und): Video: h264 (avc1 / 0x31637661), yuv420p(progressive), 832x480, q=2-31, 16 fps, 16384 tbn (default)
    Metadata:
      handler_name    : VideoHandler
      vendor_id       : [0][0][0][0]
      encoder         : Lavc60.31.102 libx264
    Side data:
      cpb: bitrate max/min/avg: 0/0/0 buffer size: 0 vbv_delay: N/A
frame=    0 fps=0.0 q=0.0 size=       0kB time=N/A bitrate=N/A speed=N/A    [out#0/mp4 @ 0x60bff760d000] video:1690kB audio:0kB subtitle:0kB other streams:0kB global headers:0kB muxing overhead: 0.161698%
frame=  165 fps=0.0 q=-1.0 Lsize=    1693kB time=00:00:10.12 bitrate=1369.9kbits/s speed=15.8x    
[libx264 @ 0x60bff769a4c0] frame I:1     Avg QP:23.56  size: 66839
[libx264 @ 0x60bff769a4c0] frame P:51    Avg QP:24.05  size: 20273
[libx264 @ 0x60bff769a4c0] frame B:113   Avg QP:27.85  size:  5571
[libx264 @ 0x60bff769a4c0] consecutive B-frames:  5.5%  7.3%  7.3% 80.0%
[libx264 @ 0x60bff769a4c0] mb I  I16..4:  1.9% 56.5% 41.5%
[libx264 @ 0x60bff769a4c0] mb P  I16..4:  1.6% 10.0%  3.1%  P16..4: 39.5% 28.6% 12.4%  0.0%  0.0%    skip: 4.9%
[libx264 @ 0x60bff769a4c0] mb B  I16..4:  0.3%  0.8%  0.3%  B16..8: 46.5% 11.9%  2.9%  direct: 3.8%  skip:33.5%  L0:40.3% L1:43.2% BI:16.5%
[libx264 @ 0x60bff769a4c0] 8x8 transform intra:65.9% inter:68.1%
[libx264 @ 0x60bff769a4c0] coded y,uvDC,uvAC intra: 73.9% 91.4% 60.5% inter: 27.9% 32.6% 4.9%
[libx264 @ 0x60bff769a4c0] i16 v,h,dc,p: 43% 12%  9% 36%
[libx264 @ 0x60bff769a4c0] i8 v,h,dc,ddl,ddr,vr,hd,vl,hu: 31% 14% 13%  5%  6% 10%  6%  9%  8%
[libx264 @ 0x60bff769a4c0] i4 v,h,dc,ddl,ddr,vr,hd,vl,hu: 31% 14% 13%  6%  6% 10%  7%  8%  5%
[libx264 @ 0x60bff769a4c0] i8c dc,h,v,p: 34% 15% 37% 14%
[libx264 @ 0x60bff769a4c0] Weighted P-Frames: Y:7.8% UV:5.9%
[libx264 @ 0x60bff769a4c0] ref P L0: 55.0% 28.9% 12.1%  3.5%  0.5%
[libx264 @ 0x60bff769a4c0] ref B L0: 94.6%  4.5%  0.9%
[libx264 @ 0x60bff769a4c0] ref B L1: 98.9%  1.1%
[libx264 @ 0x60bff769a4c0] kb/s:1342.30
ffmpeg version 6.1.1-3ubuntu5 Copyright (c) 2000-2023 the FFmpeg developers
  built with gcc 13 (Ubuntu 13.2.0-23ubuntu3)
  configuration: --prefix=/usr --extra-version=3ubuntu5 --toolchain=hardened --libdir=/usr/lib/x86_64-linux-gnu --incdir=/usr/include/x86_64-linux-gnu --arch=amd64 --enable-gpl --disable-stripping --disable-omx --enable-gnutls --enable-libaom --enable-libass --enable-libbs2b --enable-libcaca --enable-libcdio --enable-libcodec2 --enable-libdav1d --enable-libflite --enable-libfontconfig --enable-libfreetype --enable-libfribidi --enable-libglslang --enable-libgme --enable-libgsm --enable-libharfbuzz --enable-libmp3lame --enable-libmysofa --enable-libopenjpeg --enable-libopenmpt --enable-libopus --enable-librubberband --enable-libshine --enable-libsnappy --enable-libsoxr --enable-libspeex --enable-libtheora --enable-libtwolame --enable-libvidstab --enable-libvorbis --enable-libvpx --enable-libwebp --enable-libx265 --enable-libxml2 --enable-libxvid --enable-libzimg --enable-openal --enable-opencl --enable-opengl --disable-sndio --enable-libvpl --disable-libmfx --enable-libdc1394 --enable-libdrm --enable-libiec61883 --enable-chromaprint --enable-frei0r --enable-ladspa --enable-libbluray --enable-libjack --enable-libpulse --enable-librabbitmq --enable-librist --enable-libsrt --enable-libssh --enable-libsvtav1 --enable-libx264 --enable-libzmq --enable-libzvbi --enable-lv2 --enable-sdl2 --enable-libplacebo --enable-librav1e --enable-pocketsphinx --enable-librsvg --enable-libjxl --enable-shared
  libavutil      58. 29.100 / 58. 29.100
  libavcodec     60. 31.102 / 60. 31.102
  libavformat    60. 16.100 / 60. 16.100
  libavdevice    60.  3.100 / 60.  3.100
  libavfilter     9. 12.100 /  9. 12.100
  libswscale      7.  5.100 /  7.  5.100
  libswresample   4. 12.100 /  4. 12.100
  libpostproc    57.  3.100 / 57.  3.100
Input #0, mov,mp4,m4a,3gp,3g2,mj2, from '/data/suraj/kv-quant-longhorizon/results/runs/1773110004_presentation_moviegen_fullmatrix/videos/QUAROT_KV_INT4/prompt_0001_seed_1.mp4':
  Metadata:
    major_brand     : isom
    minor_version   : 512
    compatible_brands: isomiso2avc1mp41
    encoder         : Lavf61.1.100
  Duration: 00:00:10.31, start: 0.000000, bitrate: 1025 kb/s
  Stream #0:0[0x1](und): Video: h264 (High) (avc1 / 0x31637661), yuv420p(progressive), 832x480, 1023 kb/s, 16 fps, 16 tbr, 16384 tbn (default)
    Metadata:
      handler_name    : VideoHandler
      vendor_id       : [0][0][0][0]
Stream mapping:
  Stream #0:0 -> #0:0 (h264 (native) -> h264 (libx264))
Press [q] to stop, [?] for help
[libx264 @ 0x5ea335c1a540] using cpu capabilities: MMX2 SSE2Fast SSSE3 SSE4.2 AVX FMA3 BMI2 AVX2
[libx264 @ 0x5ea335c1a540] profile High, level 3.0, 4:2:0, 8-bit
[libx264 @ 0x5ea335c1a540] 264 - core 164 r3108 31e19f9 - H.264/MPEG-4 AVC codec - Copyleft 2003-2023 - http://www.videolan.org/x264.html - options: cabac=1 ref=3 deblock=1:0:0 analyse=0x3:0x113 me=hex subme=7 psy=1 psy_rd=1.00:0.00 mixed_ref=1 me_range=16 chroma_me=1 trellis=1 8x8dct=1 cqm=0 deadzone=21,11 fast_pskip=1 chroma_qp_offset=-2 threads=15 lookahead_threads=2 sliced_threads=0 nr=0 decimate=1 interlaced=0 bluray_compat=0 constrained_intra=0 bframes=3 b_pyramid=2 b_adapt=1 b_bias=0 direct=1 weightb=1 open_gop=0 weightp=2 keyint=250 keyint_min=16 scenecut=40 intra_refresh=0 rc_lookahead=40 rc=crf mbtree=1 crf=23.0 qcomp=0.60 qpmin=0 qpmax=69 qpstep=4 ip_ratio=1.40 aq=1:1.00
Output #0, mp4, to '/data/vaishak/combined-kv-quant/results/combined/backfills/drift/moviegen/cc9d575050e2ca05_QUAROT_KV_INT4/QUAROT_KV_INT4_frames_165/prompt_0001_seed_1.mp4':
  Metadata:
    major_brand     : isom
    minor_version   : 512
    compatible_brands: isomiso2avc1mp41
    encoder         : Lavf60.16.100
  Stream #0:0(und): Video: h264 (avc1 / 0x31637661), yuv420p(progressive), 832x480, q=2-31, 16 fps, 16384 tbn (default)
    Metadata:
      handler_name    : VideoHandler
      vendor_id       : [0][0][0][0]
      encoder         : Lavc60.31.102 libx264
    Side data:
      cpb: bitrate max/min/avg: 0/0/0 buffer size: 0 vbv_delay: N/A
frame=    0 fps=0.0 q=0.0 size=       0kB time=N/A bitrate=N/A speed=N/A    [out#0/mp4 @ 0x5ea335b8d000] video:1657kB audio:0kB subtitle:0kB other streams:0kB global headers:0kB muxing overhead: 0.166342%
frame=  165 fps=0.0 q=-1.0 Lsize=    1660kB time=00:00:10.12 bitrate=1343.1kbits/s speed=15.1x    
[libx264 @ 0x5ea335c1a540] frame I:1     Avg QP:22.30  size: 67011
[libx264 @ 0x5ea335c1a540] frame P:49    Avg QP:22.60  size: 23660
[libx264 @ 0x5ea335c1a540] frame B:115   Avg QP:26.46  size:  4088
[libx264 @ 0x5ea335c1a540] consecutive B-frames:  3.0%  9.7%  7.3% 80.0%
[libx264 @ 0x5ea335c1a540] mb I  I16..4:  0.1% 64.4% 35.5%
[libx264 @ 0x5ea335c1a540] mb P  I16..4:  0.5%  2.5%  0.7%  P16..4: 43.3% 29.3% 17.1%  0.0%  0.0%    skip: 6.5%
[libx264 @ 0x5ea335c1a540] mb B  I16..4:  0.0%  0.0%  0.0%  B16..8: 50.6%  7.3%  2.5%  direct: 2.1%  skip:37.4%  L0:39.6% L1:49.6% BI:10.8%
[libx264 @ 0x5ea335c1a540] 8x8 transform intra:66.6% inter:62.9%
[libx264 @ 0x5ea335c1a540] coded y,uvDC,uvAC intra: 83.7% 87.2% 48.8% inter: 24.9% 17.4% 0.3%
[libx264 @ 0x5ea335c1a540] i16 v,h,dc,p: 12% 48% 15% 24%
[libx264 @ 0x5ea335c1a540] i8 v,h,dc,ddl,ddr,vr,hd,vl,hu:  9% 27% 18%  5%  7%  6% 11%  7% 11%
[libx264 @ 0x5ea335c1a540] i4 v,h,dc,ddl,ddr,vr,hd,vl,hu: 10% 24% 13%  6%  9%  7% 13%  6% 11%
[libx264 @ 0x5ea335c1a540] i8c dc,h,v,p: 44% 33% 12% 11%
[libx264 @ 0x5ea335c1a540] Weighted P-Frames: Y:20.4% UV:2.0%
[libx264 @ 0x5ea335c1a540] ref P L0: 55.6% 28.6% 12.6%  2.9%  0.4%
[libx264 @ 0x5ea335c1a540] ref B L0: 95.9%  3.7%  0.4%
[libx264 @ 0x5ea335c1a540] ref B L1: 98.8%  1.2%
[libx264 @ 0x5ea335c1a540] kb/s:1316.00
ffmpeg version 6.1.1-3ubuntu5 Copyright (c) 2000-2023 the FFmpeg developers
  built with gcc 13 (Ubuntu 13.2.0-23ubuntu3)
  configuration: --prefix=/usr --extra-version=3ubuntu5 --toolchain=hardened --libdir=/usr/lib/x86_64-linux-gnu --incdir=/usr/include/x86_64-linux-gnu --arch=amd64 --enable-gpl --disable-stripping --disable-omx --enable-gnutls --enable-libaom --enable-libass --enable-libbs2b --enable-libcaca --enable-libcdio --enable-libcodec2 --enable-libdav1d --enable-libflite --enable-libfontconfig --enable-libfreetype --enable-libfribidi --enable-libglslang --enable-libgme --enable-libgsm --enable-libharfbuzz --enable-libmp3lame --enable-libmysofa --enable-libopenjpeg --enable-libopenmpt --enable-libopus --enable-librubberband --enable-libshine --enable-libsnappy --enable-libsoxr --enable-libspeex --enable-libtheora --enable-libtwolame --enable-libvidstab --enable-libvorbis --enable-libvpx --enable-libwebp --enable-libx265 --enable-libxml2 --enable-libxvid --enable-libzimg --enable-openal --enable-opencl --enable-opengl --disable-sndio --enable-libvpl --disable-libmfx --enable-libdc1394 --enable-libdrm --enable-libiec61883 --enable-chromaprint --enable-frei0r --enable-ladspa --enable-libbluray --enable-libjack --enable-libpulse --enable-librabbitmq --enable-librist --enable-libsrt --enable-libssh --enable-libsvtav1 --enable-libx264 --enable-libzmq --enable-libzvbi --enable-lv2 --enable-sdl2 --enable-libplacebo --enable-librav1e --enable-pocketsphinx --enable-librsvg --enable-libjxl --enable-shared
  libavutil      58. 29.100 / 58. 29.100
  libavcodec     60. 31.102 / 60. 31.102
  libavformat    60. 16.100 / 60. 16.100
  libavdevice    60.  3.100 / 60.  3.100
  libavfilter     9. 12.100 /  9. 12.100
  libswscale      7.  5.100 /  7.  5.100
  libswresample   4. 12.100 /  4. 12.100
  libpostproc    57.  3.100 / 57.  3.100
Input #0, mov,mp4,m4a,3gp,3g2,mj2, from '/data/suraj/kv-quant-longhorizon/results/runs/1773110004_presentation_moviegen_fullmatrix/videos/QUAROT_KV_INT4/prompt_0002_seed_2.mp4':
  Metadata:
    major_brand     : isom
    minor_version   : 512
    compatible_brands: isomiso2avc1mp41
    encoder         : Lavf61.1.100
  Duration: 00:00:10.31, start: 0.000000, bitrate: 1046 kb/s
  Stream #0:0[0x1](und): Video: h264 (High) (avc1 / 0x31637661), yuv420p(progressive), 832x480, 1043 kb/s, 16 fps, 16 tbr, 16384 tbn (default)
    Metadata:
      handler_name    : VideoHandler
      vendor_id       : [0][0][0][0]
Stream mapping:
  Stream #0:0 -> #0:0 (h264 (native) -> h264 (libx264))
Press [q] to stop, [?] for help
[libx264 @ 0x602af9a34400] using cpu capabilities: MMX2 SSE2Fast SSSE3 SSE4.2 AVX FMA3 BMI2 AVX2
[libx264 @ 0x602af9a34400] profile High, level 3.0, 4:2:0, 8-bit
[libx264 @ 0x602af9a34400] 264 - core 164 r3108 31e19f9 - H.264/MPEG-4 AVC codec - Copyleft 2003-2023 - http://www.videolan.org/x264.html - options: cabac=1 ref=3 deblock=1:0:0 analyse=0x3:0x113 me=hex subme=7 psy=1 psy_rd=1.00:0.00 mixed_ref=1 me_range=16 chroma_me=1 trellis=1 8x8dct=1 cqm=0 deadzone=21,11 fast_pskip=1 chroma_qp_offset=-2 threads=15 lookahead_threads=2 sliced_threads=0 nr=0 decimate=1 interlaced=0 bluray_compat=0 constrained_intra=0 bframes=3 b_pyramid=2 b_adapt=1 b_bias=0 direct=1 weightb=1 open_gop=0 weightp=2 keyint=250 keyint_min=16 scenecut=40 intra_refresh=0 rc_lookahead=40 rc=crf mbtree=1 crf=23.0 qcomp=0.60 qpmin=0 qpmax=69 qpstep=4 ip_ratio=1.40 aq=1:1.00
Output #0, mp4, to '/data/vaishak/combined-kv-quant/results/combined/backfills/drift/moviegen/cc9d575050e2ca05_QUAROT_KV_INT4/QUAROT_KV_INT4_frames_165/prompt_0002_seed_2.mp4':
  Metadata:
    major_brand     : isom
    minor_version   : 512
    compatible_brands: isomiso2avc1mp41
    encoder         : Lavf60.16.100
  Stream #0:0(und): Video: h264 (avc1 / 0x31637661), yuv420p(progressive), 832x480, q=2-31, 16 fps, 16384 tbn (default)
    Metadata:
      handler_name    : VideoHandler
      vendor_id       : [0][0][0][0]
      encoder         : Lavc60.31.102 libx264
    Side data:
      cpb: bitrate max/min/avg: 0/0/0 buffer size: 0 vbv_delay: N/A
frame=    0 fps=0.0 q=0.0 size=       0kB time=N/A bitrate=N/A speed=N/A    [out#0/mp4 @ 0x602af9a33000] video:1335kB audio:0kB subtitle:0kB other streams:0kB global headers:0kB muxing overhead: 0.207959%
frame=  165 fps=0.0 q=-1.0 Lsize=    1338kB time=00:00:10.12 bitrate=1082.4kbits/s speed=14.5x    
[libx264 @ 0x602af9a34400] frame I:2     Avg QP:20.51  size: 28986
[libx264 @ 0x602af9a34400] frame P:44    Avg QP:22.18  size: 16693
[libx264 @ 0x602af9a34400] frame B:119   Avg QP:25.19  size:  4823
[libx264 @ 0x602af9a34400] consecutive B-frames:  2.4%  3.6%  1.8% 92.1%
[libx264 @ 0x602af9a34400] mb I  I16..4: 31.1% 53.6% 15.3%
[libx264 @ 0x602af9a34400] mb P  I16..4:  5.1%  8.3%  1.5%  P16..4: 45.7% 20.0%  9.3%  0.0%  0.0%    skip:10.1%
[libx264 @ 0x602af9a34400] mb B  I16..4:  0.3%  0.6%  0.2%  B16..8: 43.2%  9.7%  2.3%  direct: 3.4%  skip:40.3%  L0:47.6% L1:40.0% BI:12.4%
[libx264 @ 0x602af9a34400] 8x8 transform intra:55.6% inter:68.9%
[libx264 @ 0x602af9a34400] coded y,uvDC,uvAC intra: 59.5% 69.5% 22.8% inter: 20.6% 27.4% 3.3%
[libx264 @ 0x602af9a34400] i16 v,h,dc,p:  3% 44%  2% 51%
[libx264 @ 0x602af9a34400] i8 v,h,dc,ddl,ddr,vr,hd,vl,hu:  9% 29% 17%  6%  6%  5% 11%  5% 12%
[libx264 @ 0x602af9a34400] i4 v,h,dc,ddl,ddr,vr,hd,vl,hu: 15% 29% 11%  6%  8%  6% 11%  5%  9%
[libx264 @ 0x602af9a34400] i8c dc,h,v,p: 42% 38% 13%  7%
[libx264 @ 0x602af9a34400] Weighted P-Frames: Y:15.9% UV:15.9%
[libx264 @ 0x602af9a34400] ref P L0: 56.7% 14.8% 20.1%  7.5%  0.9%
[libx264 @ 0x602af9a34400] ref B L0: 90.2%  8.0%  1.8%
[libx264 @ 0x602af9a34400] ref B L1: 98.8%  1.2%
[libx264 @ 0x602af9a34400] kb/s:1060.00
ffmpeg version 6.1.1-3ubuntu5 Copyright (c) 2000-2023 the FFmpeg developers
  built with gcc 13 (Ubuntu 13.2.0-23ubuntu3)
  configuration: --prefix=/usr --extra-version=3ubuntu5 --toolchain=hardened --libdir=/usr/lib/x86_64-linux-gnu --incdir=/usr/include/x86_64-linux-gnu --arch=amd64 --enable-gpl --disable-stripping --disable-omx --enable-gnutls --enable-libaom --enable-libass --enable-libbs2b --enable-libcaca --enable-libcdio --enable-libcodec2 --enable-libdav1d --enable-libflite --enable-libfontconfig --enable-libfreetype --enable-libfribidi --enable-libglslang --enable-libgme --enable-libgsm --enable-libharfbuzz --enable-libmp3lame --enable-libmysofa --enable-libopenjpeg --enable-libopenmpt --enable-libopus --enable-librubberband --enable-libshine --enable-libsnappy --enable-libsoxr --enable-libspeex --enable-libtheora --enable-libtwolame --enable-libvidstab --enable-libvorbis --enable-libvpx --enable-libwebp --enable-libx265 --enable-libxml2 --enable-libxvid --enable-libzimg --enable-openal --enable-opencl --enable-opengl --disable-sndio --enable-libvpl --disable-libmfx --enable-libdc1394 --enable-libdrm --enable-libiec61883 --enable-chromaprint --enable-frei0r --enable-ladspa --enable-libbluray --enable-libjack --enable-libpulse --enable-librabbitmq --enable-librist --enable-libsrt --enable-libssh --enable-libsvtav1 --enable-libx264 --enable-libzmq --enable-libzvbi --enable-lv2 --enable-sdl2 --enable-libplacebo --enable-librav1e --enable-pocketsphinx --enable-librsvg --enable-libjxl --enable-shared
  libavutil      58. 29.100 / 58. 29.100
  libavcodec     60. 31.102 / 60. 31.102
  libavformat    60. 16.100 / 60. 16.100
  libavdevice    60.  3.100 / 60.  3.100
  libavfilter     9. 12.100 /  9. 12.100
  libswscale      7.  5.100 /  7.  5.100
  libswresample   4. 12.100 /  4. 12.100
  libpostproc    57.  3.100 / 57.  3.100
Input #0, mov,mp4,m4a,3gp,3g2,mj2, from '/data/suraj/kv-quant-longhorizon/results/runs/1773110004_presentation_moviegen_fullmatrix/videos/QUAROT_KV_INT4/prompt_0003_seed_3.mp4':
  Metadata:
    major_brand     : isom
    minor_version   : 512
    compatible_brands: isomiso2avc1mp41
    encoder         : Lavf61.1.100
  Duration: 00:00:10.31, start: 0.000000, bitrate: 1027 kb/s
  Stream #0:0[0x1](und): Video: h264 (High) (avc1 / 0x31637661), yuv420p(progressive), 832x480, 1025 kb/s, 16 fps, 16 tbr, 16384 tbn (default)
    Metadata:
      handler_name    : VideoHandler
      vendor_id       : [0][0][0][0]
Stream mapping:
  Stream #0:0 -> #0:0 (h264 (native) -> h264 (libx264))
Press [q] to stop, [?] for help
[libx264 @ 0x62f93ef60400] using cpu capabilities: MMX2 SSE2Fast SSSE3 SSE4.2 AVX FMA3 BMI2 AVX2
[libx264 @ 0x62f93ef60400] profile High, level 3.0, 4:2:0, 8-bit
[libx264 @ 0x62f93ef60400] 264 - core 164 r3108 31e19f9 - H.264/MPEG-4 AVC codec - Copyleft 2003-2023 - http://www.videolan.org/x264.html - options: cabac=1 ref=3 deblock=1:0:0 analyse=0x3:0x113 me=hex subme=7 psy=1 psy_rd=1.00:0.00 mixed_ref=1 me_range=16 chroma_me=1 trellis=1 8x8dct=1 cqm=0 deadzone=21,11 fast_pskip=1 chroma_qp_offset=-2 threads=15 lookahead_threads=2 sliced_threads=0 nr=0 decimate=1 interlaced=0 bluray_compat=0 constrained_intra=0 bframes=3 b_pyramid=2 b_adapt=1 b_bias=0 direct=1 weightb=1 open_gop=0 weightp=2 keyint=250 keyint_min=16 scenecut=40 intra_refresh=0 rc_lookahead=40 rc=crf mbtree=1 crf=23.0 qcomp=0.60 qpmin=0 qpmax=69 qpstep=4 ip_ratio=1.40 aq=1:1.00
Output #0, mp4, to '/data/vaishak/combined-kv-quant/results/combined/backfills/drift/moviegen/cc9d575050e2ca05_QUAROT_KV_INT4/QUAROT_KV_INT4_frames_165/prompt_0003_seed_3.mp4':
  Metadata:
    major_brand     : isom
    minor_version   : 512
    compatible_brands: isomiso2avc1mp41
    encoder         : Lavf60.16.100
  Stream #0:0(und): Video: h264 (avc1 / 0x31637661), yuv420p(progressive), 832x480, q=2-31, 16 fps, 16384 tbn (default)
    Metadata:
      handler_name    : VideoHandler
      vendor_id       : [0][0][0][0]
      encoder         : Lavc60.31.102 libx264
    Side data:
      cpb: bitrate max/min/avg: 0/0/0 buffer size: 0 vbv_delay: N/A
frame=    0 fps=0.0 q=0.0 size=       0kB time=N/A bitrate=N/A speed=N/A    frame=   88 fps=0.0 q=27.0 size=    1024kB time=00:00:05.37 bitrate=1560.7kbits/s speed=10.3x    [out#0/mp4 @ 0x62f93ef5f000] video:2151kB audio:0kB subtitle:0kB other streams:0kB global headers:0kB muxing overhead: 0.129804%
frame=  165 fps=0.0 q=-1.0 Lsize=    2154kB time=00:00:10.12 bitrate=1742.5kbits/s speed=12.7x    
[libx264 @ 0x62f93ef60400] frame I:2     Avg QP:21.90  size: 55696
[libx264 @ 0x62f93ef60400] frame P:44    Avg QP:23.98  size: 28489
[libx264 @ 0x62f93ef60400] frame B:119   Avg QP:26.56  size:  7033
[libx264 @ 0x62f93ef60400] consecutive B-frames:  2.4%  3.6%  1.8% 92.1%
[libx264 @ 0x62f93ef60400] mb I  I16..4: 15.4% 60.9% 23.8%
[libx264 @ 0x62f93ef60400] mb P  I16..4:  2.0% 16.0%  3.3%  P16..4: 36.7% 24.4% 12.2%  0.0%  0.0%    skip: 5.4%
[libx264 @ 0x62f93ef60400] mb B  I16..4:  0.1%  0.3%  0.1%  B16..8: 50.4% 12.4%  3.8%  direct: 4.4%  skip:28.5%  L0:40.0% L1:48.7% BI:11.3%
[libx264 @ 0x62f93ef60400] 8x8 transform intra:72.2% inter:64.2%
[libx264 @ 0x62f93ef60400] coded y,uvDC,uvAC intra: 85.3% 89.2% 47.0% inter: 30.8% 28.7% 1.2%
[libx264 @ 0x62f93ef60400] i16 v,h,dc,p:  1% 49%  3% 47%
[libx264 @ 0x62f93ef60400] i8 v,h,dc,ddl,ddr,vr,hd,vl,hu: 10% 19% 13%  8%  9%  7% 13% 10% 10%
[libx264 @ 0x62f93ef60400] i4 v,h,dc,ddl,ddr,vr,hd,vl,hu: 11% 18% 12%  8% 11%  8% 13%  8% 10%
[libx264 @ 0x62f93ef60400] i8c dc,h,v,p: 38% 28% 15% 19%
[libx264 @ 0x62f93ef60400] Weighted P-Frames: Y:27.3% UV:20.5%
[libx264 @ 0x62f93ef60400] ref P L0: 52.8% 26.7% 14.5%  4.7%  1.3%
[libx264 @ 0x62f93ef60400] ref B L0: 94.4%  5.2%  0.4%
[libx264 @ 0x62f93ef60400] ref B L1: 98.5%  1.5%
[libx264 @ 0x62f93ef60400] kb/s:1708.10
ffmpeg version 6.1.1-3ubuntu5 Copyright (c) 2000-2023 the FFmpeg developers
  built with gcc 13 (Ubuntu 13.2.0-23ubuntu3)
  configuration: --prefix=/usr --extra-version=3ubuntu5 --toolchain=hardened --libdir=/usr/lib/x86_64-linux-gnu --incdir=/usr/include/x86_64-linux-gnu --arch=amd64 --enable-gpl --disable-stripping --disable-omx --enable-gnutls --enable-libaom --enable-libass --enable-libbs2b --enable-libcaca --enable-libcdio --enable-libcodec2 --enable-libdav1d --enable-libflite --enable-libfontconfig --enable-libfreetype --enable-libfribidi --enable-libglslang --enable-libgme --enable-libgsm --enable-libharfbuzz --enable-libmp3lame --enable-libmysofa --enable-libopenjpeg --enable-libopenmpt --enable-libopus --enable-librubberband --enable-libshine --enable-libsnappy --enable-libsoxr --enable-libspeex --enable-libtheora --enable-libtwolame --enable-libvidstab --enable-libvorbis --enable-libvpx --enable-libwebp --enable-libx265 --enable-libxml2 --enable-libxvid --enable-libzimg --enable-openal --enable-opencl --enable-opengl --disable-sndio --enable-libvpl --disable-libmfx --enable-libdc1394 --enable-libdrm --enable-libiec61883 --enable-chromaprint --enable-frei0r --enable-ladspa --enable-libbluray --enable-libjack --enable-libpulse --enable-librabbitmq --enable-librist --enable-libsrt --enable-libssh --enable-libsvtav1 --enable-libx264 --enable-libzmq --enable-libzvbi --enable-lv2 --enable-sdl2 --enable-libplacebo --enable-librav1e --enable-pocketsphinx --enable-librsvg --enable-libjxl --enable-shared
  libavutil      58. 29.100 / 58. 29.100
  libavcodec     60. 31.102 / 60. 31.102
  libavformat    60. 16.100 / 60. 16.100
  libavdevice    60.  3.100 / 60.  3.100
  libavfilter     9. 12.100 /  9. 12.100
  libswscale      7.  5.100 /  7.  5.100
  libswresample   4. 12.100 /  4. 12.100
  libpostproc    57.  3.100 / 57.  3.100
Input #0, mov,mp4,m4a,3gp,3g2,mj2, from '/data/suraj/kv-quant-longhorizon/results/runs/1773110004_presentation_moviegen_fullmatrix/videos/QUAROT_KV_INT4/prompt_0004_seed_4.mp4':
  Metadata:
    major_brand     : isom
    minor_version   : 512
    compatible_brands: isomiso2avc1mp41
    encoder         : Lavf61.1.100
  Duration: 00:00:10.31, start: 0.000000, bitrate: 1085 kb/s
  Stream #0:0[0x1](und): Video: h264 (High) (avc1 / 0x31637661), yuv420p(progressive), 832x480, 1083 kb/s, 16 fps, 16 tbr, 16384 tbn (default)
    Metadata:
      handler_name    : VideoHandler
      vendor_id       : [0][0][0][0]
Stream mapping:
  Stream #0:0 -> #0:0 (h264 (native) -> h264 (libx264))
Press [q] to stop, [?] for help
[libx264 @ 0x60507a3fc200] using cpu capabilities: MMX2 SSE2Fast SSSE3 SSE4.2 AVX FMA3 BMI2 AVX2
[libx264 @ 0x60507a3fc200] profile High, level 3.0, 4:2:0, 8-bit
[libx264 @ 0x60507a3fc200] 264 - core 164 r3108 31e19f9 - H.264/MPEG-4 AVC codec - Copyleft 2003-2023 - http://www.videolan.org/x264.html - options: cabac=1 ref=3 deblock=1:0:0 analyse=0x3:0x113 me=hex subme=7 psy=1 psy_rd=1.00:0.00 mixed_ref=1 me_range=16 chroma_me=1 trellis=1 8x8dct=1 cqm=0 deadzone=21,11 fast_pskip=1 chroma_qp_offset=-2 threads=15 lookahead_threads=2 sliced_threads=0 nr=0 decimate=1 interlaced=0 bluray_compat=0 constrained_intra=0 bframes=3 b_pyramid=2 b_adapt=1 b_bias=0 direct=1 weightb=1 open_gop=0 weightp=2 keyint=250 keyint_min=16 scenecut=40 intra_refresh=0 rc_lookahead=40 rc=crf mbtree=1 crf=23.0 qcomp=0.60 qpmin=0 qpmax=69 qpstep=4 ip_ratio=1.40 aq=1:1.00
Output #0, mp4, to '/data/vaishak/combined-kv-quant/results/combined/backfills/drift/moviegen/cc9d575050e2ca05_QUAROT_KV_INT4/QUAROT_KV_INT4_frames_165/prompt_0004_seed_4.mp4':
  Metadata:
    major_brand     : isom
    minor_version   : 512
    compatible_brands: isomiso2avc1mp41
    encoder         : Lavf60.16.100
  Stream #0:0(und): Video: h264 (avc1 / 0x31637661), yuv420p(progressive), 832x480, q=2-31, 16 fps, 16384 tbn (default)
    Metadata:
      handler_name    : VideoHandler
      vendor_id       : [0][0][0][0]
      encoder         : Lavc60.31.102 libx264
    Side data:
      cpb: bitrate max/min/avg: 0/0/0 buffer size: 0 vbv_delay: N/A
frame=    0 fps=0.0 q=0.0 size=       0kB time=N/A bitrate=N/A speed=N/A    [out#0/mp4 @ 0x60507a37b000] video:909kB audio:0kB subtitle:0kB other streams:0kB global headers:0kB muxing overhead: 0.303686%
frame=  165 fps=0.0 q=-1.0 Lsize=     912kB time=00:00:10.12 bitrate= 737.8kbits/s speed=16.8x    
[libx264 @ 0x60507a3fc200] frame I:2     Avg QP:19.93  size: 37710
[libx264 @ 0x60507a3fc200] frame P:44    Avg QP:21.53  size: 13231
[libx264 @ 0x60507a3fc200] frame B:119   Avg QP:25.74  size:  2291
[libx264 @ 0x60507a3fc200] consecutive B-frames:  1.8%  4.8%  3.6% 89.7%
[libx264 @ 0x60507a3fc200] mb I  I16..4: 15.8% 68.0% 16.2%
[libx264 @ 0x60507a3fc200] mb P  I16..4:  1.8%  3.0%  0.5%  P16..4: 49.0% 22.3% 11.2%  0.0%  0.0%    skip:12.1%
[libx264 @ 0x60507a3fc200] mb B  I16..4:  0.4%  0.6%  0.1%  B16..8: 33.5%  4.9%  0.9%  direct: 2.3%  skip:57.3%  L0:46.7% L1:44.1% BI: 9.2%
[libx264 @ 0x60507a3fc200] 8x8 transform intra:60.3% inter:73.3%
[libx264 @ 0x60507a3fc200] coded y,uvDC,uvAC intra: 55.1% 86.6% 44.5% inter: 15.6% 24.7% 1.4%
[libx264 @ 0x60507a3fc200] i16 v,h,dc,p: 23% 45%  3% 30%
[libx264 @ 0x60507a3fc200] i8 v,h,dc,ddl,ddr,vr,hd,vl,hu: 22% 31% 14%  4%  5%  6%  6%  6%  6%
[libx264 @ 0x60507a3fc200] i4 v,h,dc,ddl,ddr,vr,hd,vl,hu: 17% 22% 11%  6% 10%  9% 10%  7%  7%
[libx264 @ 0x60507a3fc200] i8c dc,h,v,p: 27% 34% 23% 16%
[libx264 @ 0x60507a3fc200] Weighted P-Frames: Y:36.4% UV:18.2%
[libx264 @ 0x60507a3fc200] ref P L0: 55.5% 18.6% 15.5%  7.6%  2.8%
[libx264 @ 0x60507a3fc200] ref B L0: 89.8%  8.2%  2.0%
[libx264 @ 0x60507a3fc200] ref B L1: 97.6%  2.4%
[libx264 @ 0x60507a3fc200] kb/s:721.61
ffmpeg version 6.1.1-3ubuntu5 Copyright (c) 2000-2023 the FFmpeg developers
  built with gcc 13 (Ubuntu 13.2.0-23ubuntu3)
  configuration: --prefix=/usr --extra-version=3ubuntu5 --toolchain=hardened --libdir=/usr/lib/x86_64-linux-gnu --incdir=/usr/include/x86_64-linux-gnu --arch=amd64 --enable-gpl --disable-stripping --disable-omx --enable-gnutls --enable-libaom --enable-libass --enable-libbs2b --enable-libcaca --enable-libcdio --enable-libcodec2 --enable-libdav1d --enable-libflite --enable-libfontconfig --enable-libfreetype --enable-libfribidi --enable-libglslang --enable-libgme --enable-libgsm --enable-libharfbuzz --enable-libmp3lame --enable-libmysofa --enable-libopenjpeg --enable-libopenmpt --enable-libopus --enable-librubberband --enable-libshine --enable-libsnappy --enable-libsoxr --enable-libspeex --enable-libtheora --enable-libtwolame --enable-libvidstab --enable-libvorbis --enable-libvpx --enable-libwebp --enable-libx265 --enable-libxml2 --enable-libxvid --enable-libzimg --enable-openal --enable-opencl --enable-opengl --disable-sndio --enable-libvpl --disable-libmfx --enable-libdc1394 --enable-libdrm --enable-libiec61883 --enable-chromaprint --enable-frei0r --enable-ladspa --enable-libbluray --enable-libjack --enable-libpulse --enable-librabbitmq --enable-librist --enable-libsrt --enable-libssh --enable-libsvtav1 --enable-libx264 --enable-libzmq --enable-libzvbi --enable-lv2 --enable-sdl2 --enable-libplacebo --enable-librav1e --enable-pocketsphinx --enable-librsvg --enable-libjxl --enable-shared
  libavutil      58. 29.100 / 58. 29.100
  libavcodec     60. 31.102 / 60. 31.102
  libavformat    60. 16.100 / 60. 16.100
  libavdevice    60.  3.100 / 60.  3.100
  libavfilter     9. 12.100 /  9. 12.100
  libswscale      7.  5.100 /  7.  5.100
  libswresample   4. 12.100 /  4. 12.100
  libpostproc    57.  3.100 / 57.  3.100
Input #0, mov,mp4,m4a,3gp,3g2,mj2, from '/data/suraj/kv-quant-longhorizon/results/runs/1773110004_presentation_moviegen_fullmatrix/videos/QUAROT_KV_INT4/prompt_0005_seed_5.mp4':
  Metadata:
    major_brand     : isom
    minor_version   : 512
    compatible_brands: isomiso2avc1mp41
    encoder         : Lavf61.1.100
  Duration: 00:00:10.31, start: 0.000000, bitrate: 1014 kb/s
  Stream #0:0[0x1](und): Video: h264 (High) (avc1 / 0x31637661), yuv420p(progressive), 832x480, 1012 kb/s, 16 fps, 16 tbr, 16384 tbn (default)
    Metadata:
      handler_name    : VideoHandler
      vendor_id       : [0][0][0][0]
Stream mapping:
  Stream #0:0 -> #0:0 (h264 (native) -> h264 (libx264))
Press [q] to stop, [?] for help
[libx264 @ 0x5b410f682ec0] using cpu capabilities: MMX2 SSE2Fast SSSE3 SSE4.2 AVX FMA3 BMI2 AVX2
[libx264 @ 0x5b410f682ec0] profile High, level 3.0, 4:2:0, 8-bit
[libx264 @ 0x5b410f682ec0] 264 - core 164 r3108 31e19f9 - H.264/MPEG-4 AVC codec - Copyleft 2003-2023 - http://www.videolan.org/x264.html - options: cabac=1 ref=3 deblock=1:0:0 analyse=0x3:0x113 me=hex subme=7 psy=1 psy_rd=1.00:0.00 mixed_ref=1 me_range=16 chroma_me=1 trellis=1 8x8dct=1 cqm=0 deadzone=21,11 fast_pskip=1 chroma_qp_offset=-2 threads=15 lookahead_threads=2 sliced_threads=0 nr=0 decimate=1 interlaced=0 bluray_compat=0 constrained_intra=0 bframes=3 b_pyramid=2 b_adapt=1 b_bias=0 direct=1 weightb=1 open_gop=0 weightp=2 keyint=250 keyint_min=16 scenecut=40 intra_refresh=0 rc_lookahead=40 rc=crf mbtree=1 crf=23.0 qcomp=0.60 qpmin=0 qpmax=69 qpstep=4 ip_ratio=1.40 aq=1:1.00
Output #0, mp4, to '/data/vaishak/combined-kv-quant/results/combined/backfills/drift/moviegen/cc9d575050e2ca05_QUAROT_KV_INT4/QUAROT_KV_INT4_frames_165/prompt_0005_seed_5.mp4':
  Metadata:
    major_brand     : isom
    minor_version   : 512
    compatible_brands: isomiso2avc1mp41
    encoder         : Lavf60.16.100
  Stream #0:0(und): Video: h264 (avc1 / 0x31637661), yuv420p(progressive), 832x480, q=2-31, 16 fps, 16384 tbn (default)
    Metadata:
      handler_name    : VideoHandler
      vendor_id       : [0][0][0][0]
      encoder         : Lavc60.31.102 libx264
    Side data:
      cpb: bitrate max/min/avg: 0/0/0 buffer size: 0 vbv_delay: N/A
frame=    0 fps=0.0 q=0.0 size=       0kB time=N/A bitrate=N/A speed=N/A    [out#0/mp4 @ 0x5b410f5eb000] video:1904kB audio:0kB subtitle:0kB other streams:0kB global headers:0kB muxing overhead: 0.146002%
frame=  165 fps=0.0 q=-1.0 Lsize=    1907kB time=00:00:10.12 bitrate=1543.0kbits/s speed=13.5x    
[libx264 @ 0x5b410f682ec0] frame I:1     Avg QP:23.26  size:107325
[libx264 @ 0x5b410f682ec0] frame P:42    Avg QP:23.83  size: 31427
[libx264 @ 0x5b410f682ec0] frame B:122   Avg QP:27.73  size:  4279
[libx264 @ 0x5b410f682ec0] consecutive B-frames:  1.2%  0.0%  1.8% 97.0%
[libx264 @ 0x5b410f682ec0] mb I  I16..4:  2.4% 32.5% 65.1%
[libx264 @ 0x5b410f682ec0] mb P  I16..4:  1.3%  6.1%  1.3%  P16..4: 35.9% 31.9% 21.0%  0.0%  0.0%    skip: 2.5%
[libx264 @ 0x5b410f682ec0] mb B  I16..4:  0.1%  0.2%  0.1%  B16..8: 51.2%  8.3%  2.5%  direct: 2.5%  skip:35.1%  L0:33.0% L1:54.3% BI:12.6%
[libx264 @ 0x5b410f682ec0] 8x8 transform intra:61.9% inter:56.6%
[libx264 @ 0x5b410f682ec0] coded y,uvDC,uvAC intra: 76.6% 96.5% 72.8% inter: 22.8% 30.9% 10.7%
[libx264 @ 0x5b410f682ec0] i16 v,h,dc,p:  3% 35% 11% 52%
[libx264 @ 0x5b410f682ec0] i8 v,h,dc,ddl,ddr,vr,hd,vl,hu:  7% 33% 22%  4%  3%  3%  8%  3% 18%
[libx264 @ 0x5b410f682ec0] i4 v,h,dc,ddl,ddr,vr,hd,vl,hu: 15% 20% 15%  7%  7%  9%  9%  8% 11%
[libx264 @ 0x5b410f682ec0] i8c dc,h,v,p: 43% 34%  8% 15%
[libx264 @ 0x5b410f682ec0] Weighted P-Frames: Y:50.0% UV:28.6%
[libx264 @ 0x5b410f682ec0] ref P L0: 50.4% 25.0% 15.0%  6.9%  2.7%
[libx264 @ 0x5b410f682ec0] ref B L0: 92.9%  5.8%  1.3%
[libx264 @ 0x5b410f682ec0] ref B L1: 97.1%  2.9%
[libx264 @ 0x5b410f682ec0] kb/s:1512.18
ffmpeg version 6.1.1-3ubuntu5 Copyright (c) 2000-2023 the FFmpeg developers
  built with gcc 13 (Ubuntu 13.2.0-23ubuntu3)
  configuration: --prefix=/usr --extra-version=3ubuntu5 --toolchain=hardened --libdir=/usr/lib/x86_64-linux-gnu --incdir=/usr/include/x86_64-linux-gnu --arch=amd64 --enable-gpl --disable-stripping --disable-omx --enable-gnutls --enable-libaom --enable-libass --enable-libbs2b --enable-libcaca --enable-libcdio --enable-libcodec2 --enable-libdav1d --enable-libflite --enable-libfontconfig --enable-libfreetype --enable-libfribidi --enable-libglslang --enable-libgme --enable-libgsm --enable-libharfbuzz --enable-libmp3lame --enable-libmysofa --enable-libopenjpeg --enable-libopenmpt --enable-libopus --enable-librubberband --enable-libshine --enable-libsnappy --enable-libsoxr --enable-libspeex --enable-libtheora --enable-libtwolame --enable-libvidstab --enable-libvorbis --enable-libvpx --enable-libwebp --enable-libx265 --enable-libxml2 --enable-libxvid --enable-libzimg --enable-openal --enable-opencl --enable-opengl --disable-sndio --enable-libvpl --disable-libmfx --enable-libdc1394 --enable-libdrm --enable-libiec61883 --enable-chromaprint --enable-frei0r --enable-ladspa --enable-libbluray --enable-libjack --enable-libpulse --enable-librabbitmq --enable-librist --enable-libsrt --enable-libssh --enable-libsvtav1 --enable-libx264 --enable-libzmq --enable-libzvbi --enable-lv2 --enable-sdl2 --enable-libplacebo --enable-librav1e --enable-pocketsphinx --enable-librsvg --enable-libjxl --enable-shared
  libavutil      58. 29.100 / 58. 29.100
  libavcodec     60. 31.102 / 60. 31.102
  libavformat    60. 16.100 / 60. 16.100
  libavdevice    60.  3.100 / 60.  3.100
  libavfilter     9. 12.100 /  9. 12.100
  libswscale      7.  5.100 /  7.  5.100
  libswresample   4. 12.100 /  4. 12.100
  libpostproc    57.  3.100 / 57.  3.100
Input #0, mov,mp4,m4a,3gp,3g2,mj2, from '/data/suraj/kv-quant-longhorizon/results/runs/1773110004_presentation_moviegen_fullmatrix/videos/QUAROT_KV_INT4/prompt_0006_seed_6.mp4':
  Metadata:
    major_brand     : isom
    minor_version   : 512
    compatible_brands: isomiso2avc1mp41
    encoder         : Lavf61.1.100
  Duration: 00:00:10.31, start: 0.000000, bitrate: 1064 kb/s
  Stream #0:0[0x1](und): Video: h264 (High) (avc1 / 0x31637661), yuv420p(progressive), 832x480, 1061 kb/s, 16 fps, 16 tbr, 16384 tbn (default)
    Metadata:
      handler_name    : VideoHandler
      vendor_id       : [0][0][0][0]
Stream mapping:
  Stream #0:0 -> #0:0 (h264 (native) -> h264 (libx264))
Press [q] to stop, [?] for help
[libx264 @ 0x58c130efe780] using cpu capabilities: MMX2 SSE2Fast SSSE3 SSE4.2 AVX FMA3 BMI2 AVX2
[libx264 @ 0x58c130efe780] profile High, level 3.0, 4:2:0, 8-bit
[libx264 @ 0x58c130efe780] 264 - core 164 r3108 31e19f9 - H.264/MPEG-4 AVC codec - Copyleft 2003-2023 - http://www.videolan.org/x264.html - options: cabac=1 ref=3 deblock=1:0:0 analyse=0x3:0x113 me=hex subme=7 psy=1 psy_rd=1.00:0.00 mixed_ref=1 me_range=16 chroma_me=1 trellis=1 8x8dct=1 cqm=0 deadzone=21,11 fast_pskip=1 chroma_qp_offset=-2 threads=15 lookahead_threads=2 sliced_threads=0 nr=0 decimate=1 interlaced=0 bluray_compat=0 constrained_intra=0 bframes=3 b_pyramid=2 b_adapt=1 b_bias=0 direct=1 weightb=1 open_gop=0 weightp=2 keyint=250 keyint_min=16 scenecut=40 intra_refresh=0 rc_lookahead=40 rc=crf mbtree=1 crf=23.0 qcomp=0.60 qpmin=0 qpmax=69 qpstep=4 ip_ratio=1.40 aq=1:1.00
Output #0, mp4, to '/data/vaishak/combined-kv-quant/results/combined/backfills/drift/moviegen/cc9d575050e2ca05_QUAROT_KV_INT4/QUAROT_KV_INT4_frames_165/prompt_0006_seed_6.mp4':
  Metadata:
    major_brand     : isom
    minor_version   : 512
    compatible_brands: isomiso2avc1mp41
    encoder         : Lavf60.16.100
  Stream #0:0(und): Video: h264 (avc1 / 0x31637661), yuv420p(progressive), 832x480, q=2-31, 16 fps, 16384 tbn (default)
    Metadata:
      handler_name    : VideoHandler
      vendor_id       : [0][0][0][0]
      encoder         : Lavc60.31.102 libx264
    Side data:
      cpb: bitrate max/min/avg: 0/0/0 buffer size: 0 vbv_delay: N/A
frame=    0 fps=0.0 q=0.0 size=       0kB time=N/A bitrate=N/A speed=N/A    [out#0/mp4 @ 0x58c130e7d000] video:1334kB audio:0kB subtitle:0kB other streams:0kB global headers:0kB muxing overhead: 0.208646%
frame=  165 fps=0.0 q=-1.0 Lsize=    1337kB time=00:00:10.12 bitrate=1081.9kbits/s speed=16.5x    
[libx264 @ 0x58c130efe780] frame I:2     Avg QP:19.32  size: 40359
[libx264 @ 0x58c130efe780] frame P:43    Avg QP:21.15  size: 18053
[libx264 @ 0x58c130efe780] frame B:120   Avg QP:24.30  size:  4239
[libx264 @ 0x58c130efe780] consecutive B-frames:  1.8%  3.6%  0.0% 94.5%
[libx264 @ 0x58c130efe780] mb I  I16..4: 28.7% 53.4% 17.9%
[libx264 @ 0x58c130efe780] mb P  I16..4:  4.5%  7.7%  1.3%  P16..4: 50.6% 15.6%  9.2%  0.0%  0.0%    skip:11.1%
[libx264 @ 0x58c130efe780] mb B  I16..4:  0.8%  0.8%  0.0%  B16..8: 38.6%  5.2%  1.9%  direct: 3.4%  skip:49.3%  L0:30.8% L1:59.6% BI: 9.6%
[libx264 @ 0x58c130efe780] 8x8 transform intra:54.8% inter:69.8%
[libx264 @ 0x58c130efe780] coded y,uvDC,uvAC intra: 44.7% 87.2% 27.1% inter: 15.2% 25.5% 2.4%
[libx264 @ 0x58c130efe780] i16 v,h,dc,p: 12% 20%  7% 61%
[libx264 @ 0x58c130efe780] i8 v,h,dc,ddl,ddr,vr,hd,vl,hu: 17% 21% 25%  5%  8%  7%  7%  5%  6%
[libx264 @ 0x58c130efe780] i4 v,h,dc,ddl,ddr,vr,hd,vl,hu: 11% 10% 13%  5% 21% 15% 13%  6%  6%
[libx264 @ 0x58c130efe780] i8c dc,h,v,p: 44% 24% 15% 16%
[libx264 @ 0x58c130efe780] Weighted P-Frames: Y:16.3% UV:11.6%
[libx264 @ 0x58c130efe780] ref P L0: 52.4% 11.5% 24.0% 10.4%  1.7%
[libx264 @ 0x58c130efe780] ref B L0: 85.7% 11.9%  2.4%
[libx264 @ 0x58c130efe780] ref B L1: 97.0%  3.0%
[libx264 @ 0x58c130efe780] kb/s:1059.48
ffmpeg version 6.1.1-3ubuntu5 Copyright (c) 2000-2023 the FFmpeg developers
  built with gcc 13 (Ubuntu 13.2.0-23ubuntu3)
  configuration: --prefix=/usr --extra-version=3ubuntu5 --toolchain=hardened --libdir=/usr/lib/x86_64-linux-gnu --incdir=/usr/include/x86_64-linux-gnu --arch=amd64 --enable-gpl --disable-stripping --disable-omx --enable-gnutls --enable-libaom --enable-libass --enable-libbs2b --enable-libcaca --enable-libcdio --enable-libcodec2 --enable-libdav1d --enable-libflite --enable-libfontconfig --enable-libfreetype --enable-libfribidi --enable-libglslang --enable-libgme --enable-libgsm --enable-libharfbuzz --enable-libmp3lame --enable-libmysofa --enable-libopenjpeg --enable-libopenmpt --enable-libopus --enable-librubberband --enable-libshine --enable-libsnappy --enable-libsoxr --enable-libspeex --enable-libtheora --enable-libtwolame --enable-libvidstab --enable-libvorbis --enable-libvpx --enable-libwebp --enable-libx265 --enable-libxml2 --enable-libxvid --enable-libzimg --enable-openal --enable-opencl --enable-opengl --disable-sndio --enable-libvpl --disable-libmfx --enable-libdc1394 --enable-libdrm --enable-libiec61883 --enable-chromaprint --enable-frei0r --enable-ladspa --enable-libbluray --enable-libjack --enable-libpulse --enable-librabbitmq --enable-librist --enable-libsrt --enable-libssh --enable-libsvtav1 --enable-libx264 --enable-libzmq --enable-libzvbi --enable-lv2 --enable-sdl2 --enable-libplacebo --enable-librav1e --enable-pocketsphinx --enable-librsvg --enable-libjxl --enable-shared
  libavutil      58. 29.100 / 58. 29.100
  libavcodec     60. 31.102 / 60. 31.102
  libavformat    60. 16.100 / 60. 16.100
  libavdevice    60.  3.100 / 60.  3.100
  libavfilter     9. 12.100 /  9. 12.100
  libswscale      7.  5.100 /  7.  5.100
  libswresample   4. 12.100 /  4. 12.100
  libpostproc    57.  3.100 / 57.  3.100
Input #0, mov,mp4,m4a,3gp,3g2,mj2, from '/data/suraj/kv-quant-longhorizon/results/runs/1773110004_presentation_moviegen_fullmatrix/videos/QUAROT_KV_INT4/prompt_0007_seed_7.mp4':
  Metadata:
    major_brand     : isom
    minor_version   : 512
    compatible_brands: isomiso2avc1mp41
    encoder         : Lavf61.1.100
  Duration: 00:00:10.31, start: 0.000000, bitrate: 1004 kb/s
  Stream #0:0[0x1](und): Video: h264 (High) (avc1 / 0x31637661), yuv420p(progressive), 832x480, 1002 kb/s, 16 fps, 16 tbr, 16384 tbn (default)
    Metadata:
      handler_name    : VideoHandler
      vendor_id       : [0][0][0][0]
Stream mapping:
  Stream #0:0 -> #0:0 (h264 (native) -> h264 (libx264))
Press [q] to stop, [?] for help
[libx264 @ 0x616a6a759fc0] using cpu capabilities: MMX2 SSE2Fast SSSE3 SSE4.2 AVX FMA3 BMI2 AVX2
[libx264 @ 0x616a6a759fc0] profile High, level 3.0, 4:2:0, 8-bit
[libx264 @ 0x616a6a759fc0] 264 - core 164 r3108 31e19f9 - H.264/MPEG-4 AVC codec - Copyleft 2003-2023 - http://www.videolan.org/x264.html - options: cabac=1 ref=3 deblock=1:0:0 analyse=0x3:0x113 me=hex subme=7 psy=1 psy_rd=1.00:0.00 mixed_ref=1 me_range=16 chroma_me=1 trellis=1 8x8dct=1 cqm=0 deadzone=21,11 fast_pskip=1 chroma_qp_offset=-2 threads=15 lookahead_threads=2 sliced_threads=0 nr=0 decimate=1 interlaced=0 bluray_compat=0 constrained_intra=0 bframes=3 b_pyramid=2 b_adapt=1 b_bias=0 direct=1 weightb=1 open_gop=0 weightp=2 keyint=250 keyint_min=16 scenecut=40 intra_refresh=0 rc_lookahead=40 rc=crf mbtree=1 crf=23.0 qcomp=0.60 qpmin=0 qpmax=69 qpstep=4 ip_ratio=1.40 aq=1:1.00
Output #0, mp4, to '/data/vaishak/combined-kv-quant/results/combined/backfills/drift/moviegen/cc9d575050e2ca05_QUAROT_KV_INT4/QUAROT_KV_INT4_frames_165/prompt_0007_seed_7.mp4':
  Metadata:
    major_brand     : isom
    minor_version   : 512
    compatible_brands: isomiso2avc1mp41
    encoder         : Lavf60.16.100
  Stream #0:0(und): Video: h264 (avc1 / 0x31637661), yuv420p(progressive), 832x480, q=2-31, 16 fps, 16384 tbn (default)
    Metadata:
      handler_name    : VideoHandler
      vendor_id       : [0][0][0][0]
      encoder         : Lavc60.31.102 libx264
    Side data:
      cpb: bitrate max/min/avg: 0/0/0 buffer size: 0 vbv_delay: N/A
frame=    0 fps=0.0 q=0.0 size=       0kB time=N/A bitrate=N/A speed=N/A    [out#0/mp4 @ 0x616a6a6d7000] video:1326kB audio:0kB subtitle:0kB other streams:0kB global headers:0kB muxing overhead: 0.209685%
frame=  165 fps=0.0 q=-1.0 Lsize=    1329kB time=00:00:10.12 bitrate=1075.0kbits/s speed=16.3x    
[libx264 @ 0x616a6a759fc0] frame I:1     Avg QP:22.98  size: 41538
[libx264 @ 0x616a6a759fc0] frame P:44    Avg QP:23.19  size: 18541
[libx264 @ 0x616a6a759fc0] frame B:120   Avg QP:27.23  size:  4164
[libx264 @ 0x616a6a759fc0] consecutive B-frames:  1.2%  4.8%  1.8% 92.1%
[libx264 @ 0x616a6a759fc0] mb I  I16..4:  9.4% 59.7% 31.0%
[libx264 @ 0x616a6a759fc0] mb P  I16..4:  2.6% 11.1%  1.2%  P16..4: 38.0% 25.6% 12.5%  0.0%  0.0%    skip: 9.1%
[libx264 @ 0x616a6a759fc0] mb B  I16..4:  0.8%  4.3%  0.1%  B16..8: 39.0% 10.2%  2.1%  direct: 2.7%  skip:40.7%  L0:35.6% L1:49.6% BI:14.8%
[libx264 @ 0x616a6a759fc0] 8x8 transform intra:77.1% inter:67.6%
[libx264 @ 0x616a6a759fc0] coded y,uvDC,uvAC intra: 61.0% 82.6% 18.9% inter: 21.3% 23.2% 1.5%
[libx264 @ 0x616a6a759fc0] i16 v,h,dc,p:  3% 39%  1% 56%
[libx264 @ 0x616a6a759fc0] i8 v,h,dc,ddl,ddr,vr,hd,vl,hu: 13% 29% 11%  5%  8%  8% 10%  6%  9%
[libx264 @ 0x616a6a759fc0] i4 v,h,dc,ddl,ddr,vr,hd,vl,hu: 15% 29% 13%  5%  8%  7% 11%  5%  6%
[libx264 @ 0x616a6a759fc0] i8c dc,h,v,p: 37% 39% 11% 13%
[libx264 @ 0x616a6a759fc0] Weighted P-Frames: Y:22.7% UV:9.1%
[libx264 @ 0x616a6a759fc0] ref P L0: 49.5% 21.8% 17.4%  8.9%  2.5%
[libx264 @ 0x616a6a759fc0] ref B L0: 89.5%  7.9%  2.6%
[libx264 @ 0x616a6a759fc0] ref B L1: 96.9%  3.1%
[libx264 @ 0x616a6a759fc0] kb/s:1052.75
ffmpeg version 6.1.1-3ubuntu5 Copyright (c) 2000-2023 the FFmpeg developers
  built with gcc 13 (Ubuntu 13.2.0-23ubuntu3)
  configuration: --prefix=/usr --extra-version=3ubuntu5 --toolchain=hardened --libdir=/usr/lib/x86_64-linux-gnu --incdir=/usr/include/x86_64-linux-gnu --arch=amd64 --enable-gpl --disable-stripping --disable-omx --enable-gnutls --enable-libaom --enable-libass --enable-libbs2b --enable-libcaca --enable-libcdio --enable-libcodec2 --enable-libdav1d --enable-libflite --enable-libfontconfig --enable-libfreetype --enable-libfribidi --enable-libglslang --enable-libgme --enable-libgsm --enable-libharfbuzz --enable-libmp3lame --enable-libmysofa --enable-libopenjpeg --enable-libopenmpt --enable-libopus --enable-librubberband --enable-libshine --enable-libsnappy --enable-libsoxr --enable-libspeex --enable-libtheora --enable-libtwolame --enable-libvidstab --enable-libvorbis --enable-libvpx --enable-libwebp --enable-libx265 --enable-libxml2 --enable-libxvid --enable-libzimg --enable-openal --enable-opencl --enable-opengl --disable-sndio --enable-libvpl --disable-libmfx --enable-libdc1394 --enable-libdrm --enable-libiec61883 --enable-chromaprint --enable-frei0r --enable-ladspa --enable-libbluray --enable-libjack --enable-libpulse --enable-librabbitmq --enable-librist --enable-libsrt --enable-libssh --enable-libsvtav1 --enable-libx264 --enable-libzmq --enable-libzvbi --enable-lv2 --enable-sdl2 --enable-libplacebo --enable-librav1e --enable-pocketsphinx --enable-librsvg --enable-libjxl --enable-shared
  libavutil      58. 29.100 / 58. 29.100
  libavcodec     60. 31.102 / 60. 31.102
  libavformat    60. 16.100 / 60. 16.100
  libavdevice    60.  3.100 / 60.  3.100
  libavfilter     9. 12.100 /  9. 12.100
  libswscale      7.  5.100 /  7.  5.100
  libswresample   4. 12.100 /  4. 12.100
  libpostproc    57.  3.100 / 57.  3.100
Input #0, mov,mp4,m4a,3gp,3g2,mj2, from '/data/suraj/kv-quant-longhorizon/results/runs/1773110004_presentation_moviegen_fullmatrix/videos/QUAROT_KV_INT4/prompt_0008_seed_8.mp4':
  Metadata:
    major_brand     : isom
    minor_version   : 512
    compatible_brands: isomiso2avc1mp41
    encoder         : Lavf61.1.100
  Duration: 00:00:10.31, start: 0.000000, bitrate: 1081 kb/s
  Stream #0:0[0x1](und): Video: h264 (High) (avc1 / 0x31637661), yuv420p(progressive), 832x480, 1079 kb/s, 16 fps, 16 tbr, 16384 tbn (default)
    Metadata:
      handler_name    : VideoHandler
      vendor_id       : [0][0][0][0]
Stream mapping:
  Stream #0:0 -> #0:0 (h264 (native) -> h264 (libx264))
Press [q] to stop, [?] for help
[libx264 @ 0x5fd83b04ec00] using cpu capabilities: MMX2 SSE2Fast SSSE3 SSE4.2 AVX FMA3 BMI2 AVX2
[libx264 @ 0x5fd83b04ec00] profile High, level 3.0, 4:2:0, 8-bit
[libx264 @ 0x5fd83b04ec00] 264 - core 164 r3108 31e19f9 - H.264/MPEG-4 AVC codec - Copyleft 2003-2023 - http://www.videolan.org/x264.html - options: cabac=1 ref=3 deblock=1:0:0 analyse=0x3:0x113 me=hex subme=7 psy=1 psy_rd=1.00:0.00 mixed_ref=1 me_range=16 chroma_me=1 trellis=1 8x8dct=1 cqm=0 deadzone=21,11 fast_pskip=1 chroma_qp_offset=-2 threads=15 lookahead_threads=2 sliced_threads=0 nr=0 decimate=1 interlaced=0 bluray_compat=0 constrained_intra=0 bframes=3 b_pyramid=2 b_adapt=1 b_bias=0 direct=1 weightb=1 open_gop=0 weightp=2 keyint=250 keyint_min=16 scenecut=40 intra_refresh=0 rc_lookahead=40 rc=crf mbtree=1 crf=23.0 qcomp=0.60 qpmin=0 qpmax=69 qpstep=4 ip_ratio=1.40 aq=1:1.00
Output #0, mp4, to '/data/vaishak/combined-kv-quant/results/combined/backfills/drift/moviegen/cc9d575050e2ca05_QUAROT_KV_INT4/QUAROT_KV_INT4_frames_165/prompt_0008_seed_8.mp4':
  Metadata:
    major_brand     : isom
    minor_version   : 512
    compatible_brands: isomiso2avc1mp41
    encoder         : Lavf60.16.100
  Stream #0:0(und): Video: h264 (avc1 / 0x31637661), yuv420p(progressive), 832x480, q=2-31, 16 fps, 16384 tbn (default)
    Metadata:
      handler_name    : VideoHandler
      vendor_id       : [0][0][0][0]
      encoder         : Lavc60.31.102 libx264
    Side data:
      cpb: bitrate max/min/avg: 0/0/0 buffer size: 0 vbv_delay: N/A
frame=    0 fps=0.0 q=0.0 size=       0kB time=N/A bitrate=N/A speed=N/A    [out#0/mp4 @ 0x5fd83afc6000] video:783kB audio:0kB subtitle:0kB other streams:0kB global headers:0kB muxing overhead: 0.353214%
frame=  165 fps=0.0 q=-1.0 Lsize=     785kB time=00:00:10.12 bitrate= 635.5kbits/s speed=18.1x    
[libx264 @ 0x5fd83b04ec00] frame I:1     Avg QP:19.22  size: 51951
[libx264 @ 0x5fd83b04ec00] frame P:47    Avg QP:21.01  size: 12331
[libx264 @ 0x5fd83b04ec00] frame B:117   Avg QP:25.39  size:  1447
[libx264 @ 0x5fd83b04ec00] consecutive B-frames:  1.2% 12.1%  1.8% 84.8%
[libx264 @ 0x5fd83b04ec00] mb I  I16..4:  8.0% 51.3% 40.7%
[libx264 @ 0x5fd83b04ec00] mb P  I16..4:  0.8%  1.7%  0.3%  P16..4: 48.9% 24.0% 12.9%  0.0%  0.0%    skip:11.4%
[libx264 @ 0x5fd83b04ec00] mb B  I16..4:  0.0%  0.1%  0.0%  B16..8: 37.6%  2.4%  0.5%  direct: 1.8%  skip:57.6%  L0:43.2% L1:49.2% BI: 7.7%
[libx264 @ 0x5fd83b04ec00] 8x8 transform intra:57.0% inter:64.7%
[libx264 @ 0x5fd83b04ec00] coded y,uvDC,uvAC intra: 62.3% 86.3% 50.0% inter: 14.8% 22.3% 0.7%
[libx264 @ 0x5fd83b04ec00] i16 v,h,dc,p: 11% 37%  9% 43%
[libx264 @ 0x5fd83b04ec00] i8 v,h,dc,ddl,ddr,vr,hd,vl,hu: 12% 24% 19%  4%  9%  6% 11%  6%  8%
[libx264 @ 0x5fd83b04ec00] i4 v,h,dc,ddl,ddr,vr,hd,vl,hu: 15% 21% 14%  7% 12%  7% 10%  6%  7%
[libx264 @ 0x5fd83b04ec00] i8c dc,h,v,p: 43% 29% 13% 14%
[libx264 @ 0x5fd83b04ec00] Weighted P-Frames: Y:40.4% UV:21.3%
[libx264 @ 0x5fd83b04ec00] ref P L0: 54.8% 23.7% 14.1%  5.3%  2.1%
[libx264 @ 0x5fd83b04ec00] ref B L0: 91.2%  7.4%  1.4%
[libx264 @ 0x5fd83b04ec00] ref B L1: 97.4%  2.6%
[libx264 @ 0x5fd83b04ec00] kb/s:621.23
ffmpeg version 6.1.1-3ubuntu5 Copyright (c) 2000-2023 the FFmpeg developers
  built with gcc 13 (Ubuntu 13.2.0-23ubuntu3)
  configuration: --prefix=/usr --extra-version=3ubuntu5 --toolchain=hardened --libdir=/usr/lib/x86_64-linux-gnu --incdir=/usr/include/x86_64-linux-gnu --arch=amd64 --enable-gpl --disable-stripping --disable-omx --enable-gnutls --enable-libaom --enable-libass --enable-libbs2b --enable-libcaca --enable-libcdio --enable-libcodec2 --enable-libdav1d --enable-libflite --enable-libfontconfig --enable-libfreetype --enable-libfribidi --enable-libglslang --enable-libgme --enable-libgsm --enable-libharfbuzz --enable-libmp3lame --enable-libmysofa --enable-libopenjpeg --enable-libopenmpt --enable-libopus --enable-librubberband --enable-libshine --enable-libsnappy --enable-libsoxr --enable-libspeex --enable-libtheora --enable-libtwolame --enable-libvidstab --enable-libvorbis --enable-libvpx --enable-libwebp --enable-libx265 --enable-libxml2 --enable-libxvid --enable-libzimg --enable-openal --enable-opencl --enable-opengl --disable-sndio --enable-libvpl --disable-libmfx --enable-libdc1394 --enable-libdrm --enable-libiec61883 --enable-chromaprint --enable-frei0r --enable-ladspa --enable-libbluray --enable-libjack --enable-libpulse --enable-librabbitmq --enable-librist --enable-libsrt --enable-libssh --enable-libsvtav1 --enable-libx264 --enable-libzmq --enable-libzvbi --enable-lv2 --enable-sdl2 --enable-libplacebo --enable-librav1e --enable-pocketsphinx --enable-librsvg --enable-libjxl --enable-shared
  libavutil      58. 29.100 / 58. 29.100
  libavcodec     60. 31.102 / 60. 31.102
  libavformat    60. 16.100 / 60. 16.100
  libavdevice    60.  3.100 / 60.  3.100
  libavfilter     9. 12.100 /  9. 12.100
  libswscale      7.  5.100 /  7.  5.100
  libswresample   4. 12.100 /  4. 12.100
  libpostproc    57.  3.100 / 57.  3.100
Input #0, mov,mp4,m4a,3gp,3g2,mj2, from '/data/suraj/kv-quant-longhorizon/results/runs/1773110004_presentation_moviegen_fullmatrix/videos/QUAROT_KV_INT4/prompt_0009_seed_9.mp4':
  Metadata:
    major_brand     : isom
    minor_version   : 512
    compatible_brands: isomiso2avc1mp41
    encoder         : Lavf61.1.100
  Duration: 00:00:10.31, start: 0.000000, bitrate: 1007 kb/s
  Stream #0:0[0x1](und): Video: h264 (High) (avc1 / 0x31637661), yuv420p(progressive), 832x480, 1005 kb/s, 16 fps, 16 tbr, 16384 tbn (default)
    Metadata:
      handler_name    : VideoHandler
      vendor_id       : [0][0][0][0]
Stream mapping:
  Stream #0:0 -> #0:0 (h264 (native) -> h264 (libx264))
Press [q] to stop, [?] for help
[libx264 @ 0x5e96a9cbf4c0] using cpu capabilities: MMX2 SSE2Fast SSSE3 SSE4.2 AVX FMA3 BMI2 AVX2
[libx264 @ 0x5e96a9cbf4c0] profile High, level 3.0, 4:2:0, 8-bit
[libx264 @ 0x5e96a9cbf4c0] 264 - core 164 r3108 31e19f9 - H.264/MPEG-4 AVC codec - Copyleft 2003-2023 - http://www.videolan.org/x264.html - options: cabac=1 ref=3 deblock=1:0:0 analyse=0x3:0x113 me=hex subme=7 psy=1 psy_rd=1.00:0.00 mixed_ref=1 me_range=16 chroma_me=1 trellis=1 8x8dct=1 cqm=0 deadzone=21,11 fast_pskip=1 chroma_qp_offset=-2 threads=15 lookahead_threads=2 sliced_threads=0 nr=0 decimate=1 interlaced=0 bluray_compat=0 constrained_intra=0 bframes=3 b_pyramid=2 b_adapt=1 b_bias=0 direct=1 weightb=1 open_gop=0 weightp=2 keyint=250 keyint_min=16 scenecut=40 intra_refresh=0 rc_lookahead=40 rc=crf mbtree=1 crf=23.0 qcomp=0.60 qpmin=0 qpmax=69 qpstep=4 ip_ratio=1.40 aq=1:1.00
Output #0, mp4, to '/data/vaishak/combined-kv-quant/results/combined/backfills/drift/moviegen/cc9d575050e2ca05_QUAROT_KV_INT4/QUAROT_KV_INT4_frames_165/prompt_0009_seed_9.mp4':
  Metadata:
    major_brand     : isom
    minor_version   : 512
    compatible_brands: isomiso2avc1mp41
    encoder         : Lavf60.16.100
  Stream #0:0(und): Video: h264 (avc1 / 0x31637661), yuv420p(progressive), 832x480, q=2-31, 16 fps, 16384 tbn (default)
    Metadata:
      handler_name    : VideoHandler
      vendor_id       : [0][0][0][0]
      encoder         : Lavc60.31.102 libx264
    Side data:
      cpb: bitrate max/min/avg: 0/0/0 buffer size: 0 vbv_delay: N/A
frame=    0 fps=0.0 q=0.0 size=       0kB time=N/A bitrate=N/A speed=N/A    [out#0/mp4 @ 0x5e96a9c32100] video:1711kB audio:0kB subtitle:0kB other streams:0kB global headers:0kB muxing overhead: 0.162001%
frame=  165 fps=0.0 q=-1.0 Lsize=    1714kB time=00:00:10.12 bitrate=1386.9kbits/s speed=15.2x    
[libx264 @ 0x5e96a9cbf4c0] frame I:1     Avg QP:22.14  size: 68008
[libx264 @ 0x5e96a9cbf4c0] frame P:43    Avg QP:22.44  size: 27176
[libx264 @ 0x5e96a9cbf4c0] frame B:121   Avg QP:27.22  size:  4258
[libx264 @ 0x5e96a9cbf4c0] consecutive B-frames:  0.6%  3.6%  3.6% 92.1%
[libx264 @ 0x5e96a9cbf4c0] mb I  I16..4:  3.4% 55.0% 41.6%
[libx264 @ 0x5e96a9cbf4c0] mb P  I16..4:  0.7%  4.2%  2.1%  P16..4: 39.9% 30.2% 17.6%  0.0%  0.0%    skip: 5.3%
[libx264 @ 0x5e96a9cbf4c0] mb B  I16..4:  0.0%  0.2%  0.1%  B16..8: 49.0%  8.2%  2.7%  direct: 2.5%  skip:37.2%  L0:46.8% L1:40.8% BI:12.5%
[libx264 @ 0x5e96a9cbf4c0] 8x8 transform intra:58.7% inter:58.3%
[libx264 @ 0x5e96a9cbf4c0] coded y,uvDC,uvAC intra: 84.2% 60.8% 16.0% inter: 24.3% 10.8% 0.0%
[libx264 @ 0x5e96a9cbf4c0] i16 v,h,dc,p: 11% 34% 22% 33%
[libx264 @ 0x5e96a9cbf4c0] i8 v,h,dc,ddl,ddr,vr,hd,vl,hu: 12% 30% 17%  4%  5%  5% 10%  5% 12%
[libx264 @ 0x5e96a9cbf4c0] i4 v,h,dc,ddl,ddr,vr,hd,vl,hu: 16% 26% 13%  5%  7%  6% 11%  5% 10%
[libx264 @ 0x5e96a9cbf4c0] i8c dc,h,v,p: 57% 23% 16%  4%
[libx264 @ 0x5e96a9cbf4c0] Weighted P-Frames: Y:23.3% UV:0.0%
[libx264 @ 0x5e96a9cbf4c0] ref P L0: 52.4% 29.0% 13.3%  4.3%  1.0%
[libx264 @ 0x5e96a9cbf4c0] ref B L0: 92.6%  5.9%  1.6%
[libx264 @ 0x5e96a9cbf4c0] ref B L1: 99.0%  1.0%
[libx264 @ 0x5e96a9cbf4c0] kb/s:1358.95
[rank0]:[W310 22:59:39.635917416 ProcessGroupNCCL.cpp:4115] [PG ID 0 PG GUID 0 Rank 0]  using GPU 0 to perform barrier as devices used by this process are currently unknown. This can potentially cause a hang if this rank to GPU mapping is incorrect.Specify device_ids in barrier() to force use of a particular device,or call init_process_group() with a device_id.
/home/suraj/miniforge3/envs/qvg_sf_eval/lib/python3.10/site-packages/clip/clip.py:6: UserWarning: pkg_resources is deprecated as an API. See https://setuptools.pypa.io/en/latest/pkg_resources.html. The pkg_resources package is slated for removal as early as 2025-11-30. Refrain from using this package or pin to Setuptools<81.
  from pkg_resources import packaging
/home/suraj/miniforge3/envs/qvg_sf_eval/lib/python3.10/site-packages/timm/models/layers/__init__.py:48: FutureWarning: Importing from timm.models.layers is deprecated, please import via timm.layers
  warnings.warn(f"Importing from {__name__} is deprecated, please import via timm.layers", FutureWarning)
/home/suraj/miniforge3/envs/qvg_sf_eval/lib/python3.10/site-packages/pyiqa/archs/arch_util.py:118: FutureWarning: You are using `torch.load` with `weights_only=False` (the current default value), which uses the default pickle module implicitly. It is possible to construct malicious pickle data which will execute arbitrary code during unpickling (See https://github.com/pytorch/pytorch/blob/main/SECURITY.md#untrusted-models for more details). In a future release, the default value for `weights_only` will be flipped to `True`. This limits the functions that could be executed during unpickling. Arbitrary objects will no longer be allowed to be loaded via this mode unless they are explicitly allowlisted by the user via `torch.serialization.add_safe_globals`. We recommend you start setting `weights_only=True` for any use case where you don't have full control of the loaded file. Please open an issue on GitHub for any issues related to this experimental feature.
  state_dict = torch.load(model_path, map_location=torch.device("cpu"))
args: Namespace(output_path='/data/vaishak/combined-kv-quant/results/combined/backfills/drift/moviegen/cc9d575050e2ca05_QUAROT_KV_INT4/vbench_QUAROT_KV_INT4_165', full_json_dir='/data/vaishak/combined-kv-quant/third_party/VBench/vbench/VBench_full_info.json', videos_path='/data/vaishak/combined-kv-quant/results/combined/backfills/drift/moviegen/cc9d575050e2ca05_QUAROT_KV_INT4/QUAROT_KV_INT4_frames_165', dimension=['imaging_quality'], load_ckpt_from_local=None, read_frame=None, mode='custom_input', prompt='None', prompt_file='/data/vaishak/combined-kv-quant/results/combined/backfills/drift/moviegen/cc9d575050e2ca05_QUAROT_KV_INT4/prompt_map_165.json', category=None, imaging_quality_preprocessing_mode='longer')
start evaluation
Evaluation meta data saved to /data/vaishak/combined-kv-quant/results/combined/backfills/drift/moviegen/cc9d575050e2ca05_QUAROT_KV_INT4/vbench_QUAROT_KV_INT4_165/results_2026-03-10-22:59:39_full_info.json
cur_full_info_path: /data/vaishak/combined-kv-quant/results/combined/backfills/drift/moviegen/cc9d575050e2ca05_QUAROT_KV_INT4/vbench_QUAROT_KV_INT4_165/results_2026-03-10-22:59:39_full_info.json
Loading pretrained model MUSIQ from /home/vaishak/.cache/vbench/pyiqa_model/musiq_spaq_ckpt-358bb6af.pth
  0%|          | 0/10 [00:00<?, ?it/s] 10%|█         | 1/10 [00:04<00:40,  4.55s/it] 20%|██        | 2/10 [00:08<00:35,  4.48s/it] 30%|███       | 3/10 [00:13<00:32,  4.58s/it] 40%|████      | 4/10 [00:18<00:27,  4.55s/it] 50%|█████     | 5/10 [00:22<00:22,  4.52s/it] 60%|██████    | 6/10 [00:28<00:20,  5.05s/it] 70%|███████   | 7/10 [00:35<00:16,  5.51s/it] 80%|████████  | 8/10 [00:41<00:11,  5.79s/it] 90%|█████████ | 9/10 [00:47<00:05,  5.91s/it]100%|██████████| 10/10 [00:53<00:00,  5.95s/it]100%|██████████| 10/10 [00:53<00:00,  5.38s/it]
Evaluation results saved to /data/vaishak/combined-kv-quant/results/combined/backfills/drift/moviegen/cc9d575050e2ca05_QUAROT_KV_INT4/vbench_QUAROT_KV_INT4_165/results_2026-03-10-22:59:39_eval_results.json
done
[rank0]:[W310 23:00:35.792340574 ProcessGroupNCCL.cpp:1250] Warning: WARNING: process group has NOT been destroyed before we destruct ProcessGroupNCCL. On normal program exit, the application should call destroy_process_group to ensure that any pending NCCL operations have finished in this process. In rare cases this process can exit before this point and block the progress of another member of the process group. This constraint has always been present,  but this warning has only been added since PyTorch 2.4 (function operator())
{
  "method": "QUAROT_KV_INT4",
  "frame_step": 165,
  "max_frames": 165,
  "curve": [
    {
      "frame_cap": 165,
      "imaging_quality": [
        0.7377509789206765,
        [
          {
            "video_path": "/data/vaishak/combined-kv-quant/results/combined/backfills/drift/moviegen/cc9d575050e2ca05_QUAROT_KV_INT4/QUAROT_KV_INT4_frames_165/prompt_0007_seed_7.mp4",
            "video_results": 76.94216188372988
          },
          {
            "video_path": "/data/vaishak/combined-kv-quant/results/combined/backfills/drift/moviegen/cc9d575050e2ca05_QUAROT_KV_INT4/QUAROT_KV_INT4_frames_165/prompt_0006_seed_6.mp4",
            "video_results": 68.83627055775035
          },
          {
            "video_path": "/data/vaishak/combined-kv-quant/results/combined/backfills/drift/moviegen/cc9d575050e2ca05_QUAROT_KV_INT4/QUAROT_KV_INT4_frames_165/prompt_0004_seed_4.mp4",
            "video_results": 70.60685808586352
          },
          {
            "video_path": "/data/vaishak/combined-kv-quant/results/combined/backfills/drift/moviegen/cc9d575050e2ca05_QUAROT_KV_INT4/QUAROT_KV_INT4_frames_165/prompt_0003_seed_3.mp4",
            "video_results": 74.68149968927557
          },
          {
            "video_path": "/data/vaishak/combined-kv-quant/results/combined/backfills/drift/moviegen/cc9d575050e2ca05_QUAROT_KV_INT4/QUAROT_KV_INT4_frames_165/prompt_0005_seed_5.mp4",
            "video_results": 77.86624889951764
          },
          {
            "video_path": "/data/vaishak/combined-kv-quant/results/combined/backfills/drift/moviegen/cc9d575050e2ca05_QUAROT_KV_INT4/QUAROT_KV_INT4_frames_165/prompt_0002_seed_2.mp4",
            "video_results": 73.6772353663589
          },
          {
            "video_path": "/data/vaishak/combined-kv-quant/results/combined/backfills/drift/moviegen/cc9d575050e2ca05_QUAROT_KV_INT4/QUAROT_KV_INT4_frames_165/prompt_0001_seed_1.mp4",
            "video_results": 76.86995031183416
          },
          {
            "video_path": "/data/vaishak/combined-kv-quant/results/combined/backfills/drift/moviegen/cc9d575050e2ca05_QUAROT_KV_INT4/QUAROT_KV_INT4_frames_165/prompt_0009_seed_9.mp4",
            "video_results": 74.51637966271603
          },
          {
            "video_path": "/data/vaishak/combined-kv-quant/results/combined/backfills/drift/moviegen/cc9d575050e2ca05_QUAROT_KV_INT4/QUAROT_KV_INT4_frames_165/prompt_0008_seed_8.mp4",
            "video_results": 77.96563498757102
          },
          {
            "video_path": "/data/vaishak/combined-kv-quant/results/combined/backfills/drift/moviegen/cc9d575050e2ca05_QUAROT_KV_INT4/QUAROT_KV_INT4_frames_165/prompt_0000_seed_0.mp4",
            "video_results": 65.78873947605942
          }
        ]
      ]
    }
  ]
}
ffmpeg version 6.1.1-3ubuntu5 Copyright (c) 2000-2023 the FFmpeg developers
  built with gcc 13 (Ubuntu 13.2.0-23ubuntu3)
  configuration: --prefix=/usr --extra-version=3ubuntu5 --toolchain=hardened --libdir=/usr/lib/x86_64-linux-gnu --incdir=/usr/include/x86_64-linux-gnu --arch=amd64 --enable-gpl --disable-stripping --disable-omx --enable-gnutls --enable-libaom --enable-libass --enable-libbs2b --enable-libcaca --enable-libcdio --enable-libcodec2 --enable-libdav1d --enable-libflite --enable-libfontconfig --enable-libfreetype --enable-libfribidi --enable-libglslang --enable-libgme --enable-libgsm --enable-libharfbuzz --enable-libmp3lame --enable-libmysofa --enable-libopenjpeg --enable-libopenmpt --enable-libopus --enable-librubberband --enable-libshine --enable-libsnappy --enable-libsoxr --enable-libspeex --enable-libtheora --enable-libtwolame --enable-libvidstab --enable-libvorbis --enable-libvpx --enable-libwebp --enable-libx265 --enable-libxml2 --enable-libxvid --enable-libzimg --enable-openal --enable-opencl --enable-opengl --disable-sndio --enable-libvpl --disable-libmfx --enable-libdc1394 --enable-libdrm --enable-libiec61883 --enable-chromaprint --enable-frei0r --enable-ladspa --enable-libbluray --enable-libjack --enable-libpulse --enable-librabbitmq --enable-librist --enable-libsrt --enable-libssh --enable-libsvtav1 --enable-libx264 --enable-libzmq --enable-libzvbi --enable-lv2 --enable-sdl2 --enable-libplacebo --enable-librav1e --enable-pocketsphinx --enable-librsvg --enable-libjxl --enable-shared
  libavutil      58. 29.100 / 58. 29.100
  libavcodec     60. 31.102 / 60. 31.102
  libavformat    60. 16.100 / 60. 16.100
  libavdevice    60.  3.100 / 60.  3.100
  libavfilter     9. 12.100 /  9. 12.100
  libswscale      7.  5.100 /  7.  5.100
  libswresample   4. 12.100 /  4. 12.100
  libpostproc    57.  3.100 / 57.  3.100
Input #0, mov,mp4,m4a,3gp,3g2,mj2, from '/data/suraj/kv-quant-longhorizon/results/runs/1773110004_presentation_moviegen_fullmatrix/videos/QUAROT_KV_INT4_REFRESH/prompt_0000_seed_0.mp4':
  Metadata:
    major_brand     : isom
    minor_version   : 512
    compatible_brands: isomiso2avc1mp41
    encoder         : Lavf61.1.100
  Duration: 00:00:10.31, start: 0.000000, bitrate: 1028 kb/s
  Stream #0:0[0x1](und): Video: h264 (High) (avc1 / 0x31637661), yuv420p(progressive), 832x480, 1026 kb/s, 16 fps, 16 tbr, 16384 tbn (default)
    Metadata:
      handler_name    : VideoHandler
      vendor_id       : [0][0][0][0]
Stream mapping:
  Stream #0:0 -> #0:0 (h264 (native) -> h264 (libx264))
Press [q] to stop, [?] for help
[libx264 @ 0x574858d4c480] using cpu capabilities: MMX2 SSE2Fast SSSE3 SSE4.2 AVX FMA3 BMI2 AVX2
[libx264 @ 0x574858d4c480] profile High, level 3.0, 4:2:0, 8-bit
[libx264 @ 0x574858d4c480] 264 - core 164 r3108 31e19f9 - H.264/MPEG-4 AVC codec - Copyleft 2003-2023 - http://www.videolan.org/x264.html - options: cabac=1 ref=3 deblock=1:0:0 analyse=0x3:0x113 me=hex subme=7 psy=1 psy_rd=1.00:0.00 mixed_ref=1 me_range=16 chroma_me=1 trellis=1 8x8dct=1 cqm=0 deadzone=21,11 fast_pskip=1 chroma_qp_offset=-2 threads=15 lookahead_threads=2 sliced_threads=0 nr=0 decimate=1 interlaced=0 bluray_compat=0 constrained_intra=0 bframes=3 b_pyramid=2 b_adapt=1 b_bias=0 direct=1 weightb=1 open_gop=0 weightp=2 keyint=250 keyint_min=16 scenecut=40 intra_refresh=0 rc_lookahead=40 rc=crf mbtree=1 crf=23.0 qcomp=0.60 qpmin=0 qpmax=69 qpstep=4 ip_ratio=1.40 aq=1:1.00
Output #0, mp4, to '/data/vaishak/combined-kv-quant/results/combined/backfills/drift/moviegen/1004b806a2a39d46_QUAROT_KV_INT4_REFRESH/QUAROT_KV_INT4_REFRESH_frames_165/prompt_0000_seed_0.mp4':
  Metadata:
    major_brand     : isom
    minor_version   : 512
    compatible_brands: isomiso2avc1mp41
    encoder         : Lavf60.16.100
  Stream #0:0(und): Video: h264 (avc1 / 0x31637661), yuv420p(progressive), 832x480, q=2-31, 16 fps, 16384 tbn (default)
    Metadata:
      handler_name    : VideoHandler
      vendor_id       : [0][0][0][0]
      encoder         : Lavc60.31.102 libx264
    Side data:
      cpb: bitrate max/min/avg: 0/0/0 buffer size: 0 vbv_delay: N/A
frame=    0 fps=0.0 q=0.0 size=       0kB time=N/A bitrate=N/A speed=N/A    [out#0/mp4 @ 0x574858cbefc0] video:1533kB audio:0kB subtitle:0kB other streams:0kB global headers:0kB muxing overhead: 0.179870%
frame=  165 fps=0.0 q=-1.0 Lsize=    1535kB time=00:00:10.12 bitrate=1242.3kbits/s speed=15.2x    
[libx264 @ 0x574858d4c480] frame I:1     Avg QP:23.52  size: 67189
[libx264 @ 0x574858d4c480] frame P:48    Avg QP:23.71  size: 19953
[libx264 @ 0x574858d4c480] frame B:116   Avg QP:28.04  size:  4688
[libx264 @ 0x574858d4c480] consecutive B-frames:  3.0%  7.3%  7.3% 82.4%
[libx264 @ 0x574858d4c480] mb I  I16..4:  1.6% 56.9% 41.5%
[libx264 @ 0x574858d4c480] mb P  I16..4:  1.6%  8.0%  2.5%  P16..4: 39.6% 30.4% 14.3%  0.0%  0.0%    skip: 3.5%
[libx264 @ 0x574858d4c480] mb B  I16..4:  0.3%  0.6%  0.2%  B16..8: 46.2% 10.8%  2.5%  direct: 3.1%  skip:36.4%  L0:40.8% L1:42.5% BI:16.7%
[libx264 @ 0x574858d4c480] 8x8 transform intra:63.7% inter:67.8%
[libx264 @ 0x574858d4c480] coded y,uvDC,uvAC intra: 69.7% 91.3% 60.7% inter: 25.7% 30.3% 4.7%
[libx264 @ 0x574858d4c480] i16 v,h,dc,p: 49% 12%  9% 29%
[libx264 @ 0x574858d4c480] i8 v,h,dc,ddl,ddr,vr,hd,vl,hu: 33% 13% 14%  5%  5% 10%  5%  8%  7%
[libx264 @ 0x574858d4c480] i4 v,h,dc,ddl,ddr,vr,hd,vl,hu: 35% 13% 13%  5%  6%  9%  7%  8%  5%
[libx264 @ 0x574858d4c480] i8c dc,h,v,p: 33% 14% 40% 13%
[libx264 @ 0x574858d4c480] Weighted P-Frames: Y:12.5% UV:10.4%
[libx264 @ 0x574858d4c480] ref P L0: 54.2% 29.3% 12.7%  3.5%  0.3%
[libx264 @ 0x574858d4c480] ref B L0: 95.1%  4.0%  0.9%
[libx264 @ 0x574858d4c480] ref B L1: 99.1%  0.9%
[libx264 @ 0x574858d4c480] kb/s:1216.99
ffmpeg version 6.1.1-3ubuntu5 Copyright (c) 2000-2023 the FFmpeg developers
  built with gcc 13 (Ubuntu 13.2.0-23ubuntu3)
  configuration: --prefix=/usr --extra-version=3ubuntu5 --toolchain=hardened --libdir=/usr/lib/x86_64-linux-gnu --incdir=/usr/include/x86_64-linux-gnu --arch=amd64 --enable-gpl --disable-stripping --disable-omx --enable-gnutls --enable-libaom --enable-libass --enable-libbs2b --enable-libcaca --enable-libcdio --enable-libcodec2 --enable-libdav1d --enable-libflite --enable-libfontconfig --enable-libfreetype --enable-libfribidi --enable-libglslang --enable-libgme --enable-libgsm --enable-libharfbuzz --enable-libmp3lame --enable-libmysofa --enable-libopenjpeg --enable-libopenmpt --enable-libopus --enable-librubberband --enable-libshine --enable-libsnappy --enable-libsoxr --enable-libspeex --enable-libtheora --enable-libtwolame --enable-libvidstab --enable-libvorbis --enable-libvpx --enable-libwebp --enable-libx265 --enable-libxml2 --enable-libxvid --enable-libzimg --enable-openal --enable-opencl --enable-opengl --disable-sndio --enable-libvpl --disable-libmfx --enable-libdc1394 --enable-libdrm --enable-libiec61883 --enable-chromaprint --enable-frei0r --enable-ladspa --enable-libbluray --enable-libjack --enable-libpulse --enable-librabbitmq --enable-librist --enable-libsrt --enable-libssh --enable-libsvtav1 --enable-libx264 --enable-libzmq --enable-libzvbi --enable-lv2 --enable-sdl2 --enable-libplacebo --enable-librav1e --enable-pocketsphinx --enable-librsvg --enable-libjxl --enable-shared
  libavutil      58. 29.100 / 58. 29.100
  libavcodec     60. 31.102 / 60. 31.102
  libavformat    60. 16.100 / 60. 16.100
  libavdevice    60.  3.100 / 60.  3.100
  libavfilter     9. 12.100 /  9. 12.100
  libswscale      7.  5.100 /  7.  5.100
  libswresample   4. 12.100 /  4. 12.100
  libpostproc    57.  3.100 / 57.  3.100
Input #0, mov,mp4,m4a,3gp,3g2,mj2, from '/data/suraj/kv-quant-longhorizon/results/runs/1773110004_presentation_moviegen_fullmatrix/videos/QUAROT_KV_INT4_REFRESH/prompt_0001_seed_1.mp4':
  Metadata:
    major_brand     : isom
    minor_version   : 512
    compatible_brands: isomiso2avc1mp41
    encoder         : Lavf61.1.100
  Duration: 00:00:10.31, start: 0.000000, bitrate: 978 kb/s
  Stream #0:0[0x1](und): Video: h264 (High) (avc1 / 0x31637661), yuv420p(progressive), 832x480, 976 kb/s, 16 fps, 16 tbr, 16384 tbn (default)
    Metadata:
      handler_name    : VideoHandler
      vendor_id       : [0][0][0][0]
Stream mapping:
  Stream #0:0 -> #0:0 (h264 (native) -> h264 (libx264))
Press [q] to stop, [?] for help
[libx264 @ 0x56a119e77500] using cpu capabilities: MMX2 SSE2Fast SSSE3 SSE4.2 AVX FMA3 BMI2 AVX2
[libx264 @ 0x56a119e77500] profile High, level 3.0, 4:2:0, 8-bit
[libx264 @ 0x56a119e77500] 264 - core 164 r3108 31e19f9 - H.264/MPEG-4 AVC codec - Copyleft 2003-2023 - http://www.videolan.org/x264.html - options: cabac=1 ref=3 deblock=1:0:0 analyse=0x3:0x113 me=hex subme=7 psy=1 psy_rd=1.00:0.00 mixed_ref=1 me_range=16 chroma_me=1 trellis=1 8x8dct=1 cqm=0 deadzone=21,11 fast_pskip=1 chroma_qp_offset=-2 threads=15 lookahead_threads=2 sliced_threads=0 nr=0 decimate=1 interlaced=0 bluray_compat=0 constrained_intra=0 bframes=3 b_pyramid=2 b_adapt=1 b_bias=0 direct=1 weightb=1 open_gop=0 weightp=2 keyint=250 keyint_min=16 scenecut=40 intra_refresh=0 rc_lookahead=40 rc=crf mbtree=1 crf=23.0 qcomp=0.60 qpmin=0 qpmax=69 qpstep=4 ip_ratio=1.40 aq=1:1.00
Output #0, mp4, to '/data/vaishak/combined-kv-quant/results/combined/backfills/drift/moviegen/1004b806a2a39d46_QUAROT_KV_INT4_REFRESH/QUAROT_KV_INT4_REFRESH_frames_165/prompt_0001_seed_1.mp4':
  Metadata:
    major_brand     : isom
    minor_version   : 512
    compatible_brands: isomiso2avc1mp41
    encoder         : Lavf60.16.100
  Stream #0:0(und): Video: h264 (avc1 / 0x31637661), yuv420p(progressive), 832x480, q=2-31, 16 fps, 16384 tbn (default)
    Metadata:
      handler_name    : VideoHandler
      vendor_id       : [0][0][0][0]
      encoder         : Lavc60.31.102 libx264
    Side data:
      cpb: bitrate max/min/avg: 0/0/0 buffer size: 0 vbv_delay: N/A
frame=    0 fps=0.0 q=0.0 size=       0kB time=N/A bitrate=N/A speed=N/A    [out#0/mp4 @ 0x56a119de9fc0] video:1544kB audio:0kB subtitle:0kB other streams:0kB global headers:0kB muxing overhead: 0.180093%
frame=  165 fps=0.0 q=-1.0 Lsize=    1547kB time=00:00:10.12 bitrate=1251.3kbits/s speed=16.7x    
[libx264 @ 0x56a119e77500] frame I:1     Avg QP:22.27  size: 67074
[libx264 @ 0x56a119e77500] frame P:45    Avg QP:22.23  size: 24075
[libx264 @ 0x56a119e77500] frame B:119   Avg QP:26.49  size:  3611
[libx264 @ 0x56a119e77500] consecutive B-frames:  1.2%  7.3%  1.8% 89.7%
[libx264 @ 0x56a119e77500] mb I  I16..4:  0.4% 68.1% 31.5%
[libx264 @ 0x56a119e77500] mb P  I16..4:  0.5%  2.7%  0.7%  P16..4: 42.3% 30.6% 16.7%  0.0%  0.0%    skip: 6.4%
[libx264 @ 0x56a119e77500] mb B  I16..4:  0.0%  0.0%  0.0%  B16..8: 49.3%  6.7%  2.1%  direct: 2.1%  skip:39.8%  L0:38.0% L1:51.0% BI:11.0%
[libx264 @ 0x56a119e77500] 8x8 transform intra:67.5% inter:62.3%
[libx264 @ 0x56a119e77500] coded y,uvDC,uvAC intra: 80.3% 86.5% 51.9% inter: 22.9% 17.7% 0.5%
[libx264 @ 0x56a119e77500] i16 v,h,dc,p: 22% 40% 16% 22%
[libx264 @ 0x56a119e77500] i8 v,h,dc,ddl,ddr,vr,hd,vl,hu: 10% 27% 18%  5%  6%  6% 11%  6% 10%
[libx264 @ 0x56a119e77500] i4 v,h,dc,ddl,ddr,vr,hd,vl,hu: 11% 24% 13%  6%  9%  7% 13%  7% 10%
[libx264 @ 0x56a119e77500] i8c dc,h,v,p: 42% 34% 12% 12%
[libx264 @ 0x56a119e77500] Weighted P-Frames: Y:15.6% UV:4.4%
[libx264 @ 0x56a119e77500] ref P L0: 53.9% 28.2% 14.2%  3.4%  0.3%
[libx264 @ 0x56a119e77500] ref B L0: 94.5%  5.0%  0.5%
[libx264 @ 0x56a119e77500] ref B L1: 98.8%  1.2%
[libx264 @ 0x56a119e77500] kb/s:1225.82
[rank0]:[W310 23:00:41.699828901 ProcessGroupNCCL.cpp:4115] [PG ID 0 PG GUID 0 Rank 0]  using GPU 0 to perform barrier as devices used by this process are currently unknown. This can potentially cause a hang if this rank to GPU mapping is incorrect.Specify device_ids in barrier() to force use of a particular device,or call init_process_group() with a device_id.
/home/suraj/miniforge3/envs/qvg_sf_eval/lib/python3.10/site-packages/clip/clip.py:6: UserWarning: pkg_resources is deprecated as an API. See https://setuptools.pypa.io/en/latest/pkg_resources.html. The pkg_resources package is slated for removal as early as 2025-11-30. Refrain from using this package or pin to Setuptools<81.
  from pkg_resources import packaging
/home/suraj/miniforge3/envs/qvg_sf_eval/lib/python3.10/site-packages/timm/models/layers/__init__.py:48: FutureWarning: Importing from timm.models.layers is deprecated, please import via timm.layers
  warnings.warn(f"Importing from {__name__} is deprecated, please import via timm.layers", FutureWarning)
/home/suraj/miniforge3/envs/qvg_sf_eval/lib/python3.10/site-packages/pyiqa/archs/arch_util.py:118: FutureWarning: You are using `torch.load` with `weights_only=False` (the current default value), which uses the default pickle module implicitly. It is possible to construct malicious pickle data which will execute arbitrary code during unpickling (See https://github.com/pytorch/pytorch/blob/main/SECURITY.md#untrusted-models for more details). In a future release, the default value for `weights_only` will be flipped to `True`. This limits the functions that could be executed during unpickling. Arbitrary objects will no longer be allowed to be loaded via this mode unless they are explicitly allowlisted by the user via `torch.serialization.add_safe_globals`. We recommend you start setting `weights_only=True` for any use case where you don't have full control of the loaded file. Please open an issue on GitHub for any issues related to this experimental feature.
  state_dict = torch.load(model_path, map_location=torch.device("cpu"))
args: Namespace(output_path='/data/vaishak/combined-kv-quant/results/combined/backfills/drift/moviegen/1004b806a2a39d46_QUAROT_KV_INT4_REFRESH/vbench_QUAROT_KV_INT4_REFRESH_165', full_json_dir='/data/vaishak/combined-kv-quant/third_party/VBench/vbench/VBench_full_info.json', videos_path='/data/vaishak/combined-kv-quant/results/combined/backfills/drift/moviegen/1004b806a2a39d46_QUAROT_KV_INT4_REFRESH/QUAROT_KV_INT4_REFRESH_frames_165', dimension=['imaging_quality'], load_ckpt_from_local=None, read_frame=None, mode='custom_input', prompt='None', prompt_file='/data/vaishak/combined-kv-quant/results/combined/backfills/drift/moviegen/1004b806a2a39d46_QUAROT_KV_INT4_REFRESH/prompt_map_165.json', category=None, imaging_quality_preprocessing_mode='longer')
start evaluation
Evaluation meta data saved to /data/vaishak/combined-kv-quant/results/combined/backfills/drift/moviegen/1004b806a2a39d46_QUAROT_KV_INT4_REFRESH/vbench_QUAROT_KV_INT4_REFRESH_165/results_2026-03-10-23:00:41_full_info.json
cur_full_info_path: /data/vaishak/combined-kv-quant/results/combined/backfills/drift/moviegen/1004b806a2a39d46_QUAROT_KV_INT4_REFRESH/vbench_QUAROT_KV_INT4_REFRESH_165/results_2026-03-10-23:00:41_full_info.json
Loading pretrained model MUSIQ from /home/vaishak/.cache/vbench/pyiqa_model/musiq_spaq_ckpt-358bb6af.pth
  0%|          | 0/2 [00:00<?, ?it/s] 50%|█████     | 1/2 [00:03<00:03,  3.75s/it]100%|██████████| 2/2 [00:08<00:00,  4.06s/it]100%|██████████| 2/2 [00:08<00:00,  4.01s/it]
Evaluation results saved to /data/vaishak/combined-kv-quant/results/combined/backfills/drift/moviegen/1004b806a2a39d46_QUAROT_KV_INT4_REFRESH/vbench_QUAROT_KV_INT4_REFRESH_165/results_2026-03-10-23:00:41_eval_results.json
done
[rank0]:[W310 23:00:51.999662440 ProcessGroupNCCL.cpp:1250] Warning: WARNING: process group has NOT been destroyed before we destruct ProcessGroupNCCL. On normal program exit, the application should call destroy_process_group to ensure that any pending NCCL operations have finished in this process. In rare cases this process can exit before this point and block the progress of another member of the process group. This constraint has always been present,  but this warning has only been added since PyTorch 2.4 (function operator())
{
  "method": "QUAROT_KV_INT4_REFRESH",
  "frame_step": 165,
  "max_frames": 165,
  "curve": [
    {
      "frame_cap": 165,
      "imaging_quality": [
        0.7191578630389589,
        [
          {
            "video_path": "/data/vaishak/combined-kv-quant/results/combined/backfills/drift/moviegen/1004b806a2a39d46_QUAROT_KV_INT4_REFRESH/QUAROT_KV_INT4_REFRESH_frames_165/prompt_0001_seed_1.mp4",
            "video_results": 76.2199589584813
          },
          {
            "video_path": "/data/vaishak/combined-kv-quant/results/combined/backfills/drift/moviegen/1004b806a2a39d46_QUAROT_KV_INT4_REFRESH/QUAROT_KV_INT4_REFRESH_frames_165/prompt_0000_seed_0.mp4",
            "video_results": 67.61161364931048
          }
        ]
      ]
    }
  ]
}
ffmpeg version 6.1.1-3ubuntu5 Copyright (c) 2000-2023 the FFmpeg developers
  built with gcc 13 (Ubuntu 13.2.0-23ubuntu3)
  configuration: --prefix=/usr --extra-version=3ubuntu5 --toolchain=hardened --libdir=/usr/lib/x86_64-linux-gnu --incdir=/usr/include/x86_64-linux-gnu --arch=amd64 --enable-gpl --disable-stripping --disable-omx --enable-gnutls --enable-libaom --enable-libass --enable-libbs2b --enable-libcaca --enable-libcdio --enable-libcodec2 --enable-libdav1d --enable-libflite --enable-libfontconfig --enable-libfreetype --enable-libfribidi --enable-libglslang --enable-libgme --enable-libgsm --enable-libharfbuzz --enable-libmp3lame --enable-libmysofa --enable-libopenjpeg --enable-libopenmpt --enable-libopus --enable-librubberband --enable-libshine --enable-libsnappy --enable-libsoxr --enable-libspeex --enable-libtheora --enable-libtwolame --enable-libvidstab --enable-libvorbis --enable-libvpx --enable-libwebp --enable-libx265 --enable-libxml2 --enable-libxvid --enable-libzimg --enable-openal --enable-opencl --enable-opengl --disable-sndio --enable-libvpl --disable-libmfx --enable-libdc1394 --enable-libdrm --enable-libiec61883 --enable-chromaprint --enable-frei0r --enable-ladspa --enable-libbluray --enable-libjack --enable-libpulse --enable-librabbitmq --enable-librist --enable-libsrt --enable-libssh --enable-libsvtav1 --enable-libx264 --enable-libzmq --enable-libzvbi --enable-lv2 --enable-sdl2 --enable-libplacebo --enable-librav1e --enable-pocketsphinx --enable-librsvg --enable-libjxl --enable-shared
  libavutil      58. 29.100 / 58. 29.100
  libavcodec     60. 31.102 / 60. 31.102
  libavformat    60. 16.100 / 60. 16.100
  libavdevice    60.  3.100 / 60.  3.100
  libavfilter     9. 12.100 /  9. 12.100
  libswscale      7.  5.100 /  7.  5.100
  libswresample   4. 12.100 /  4. 12.100
  libpostproc    57.  3.100 / 57.  3.100
Input #0, mov,mp4,m4a,3gp,3g2,mj2, from '/data/suraj/kv-quant-longhorizon/results/runs/1773110004_presentation_moviegen_fullmatrix/videos/RTN_INT2/prompt_0000_seed_0.mp4':
  Metadata:
    major_brand     : isom
    minor_version   : 512
    compatible_brands: isomiso2avc1mp41
    encoder         : Lavf61.1.100
  Duration: 00:00:10.31, start: 0.000000, bitrate: 1165 kb/s
  Stream #0:0[0x1](und): Video: h264 (High) (avc1 / 0x31637661), yuv420p(progressive), 832x480, 1163 kb/s, 16 fps, 16 tbr, 16384 tbn (default)
    Metadata:
      handler_name    : VideoHandler
      vendor_id       : [0][0][0][0]
Stream mapping:
  Stream #0:0 -> #0:0 (h264 (native) -> h264 (libx264))
Press [q] to stop, [?] for help
[libx264 @ 0x63ddbcabd080] using cpu capabilities: MMX2 SSE2Fast SSSE3 SSE4.2 AVX FMA3 BMI2 AVX2
[libx264 @ 0x63ddbcabd080] profile High, level 3.0, 4:2:0, 8-bit
[libx264 @ 0x63ddbcabd080] 264 - core 164 r3108 31e19f9 - H.264/MPEG-4 AVC codec - Copyleft 2003-2023 - http://www.videolan.org/x264.html - options: cabac=1 ref=3 deblock=1:0:0 analyse=0x3:0x113 me=hex subme=7 psy=1 psy_rd=1.00:0.00 mixed_ref=1 me_range=16 chroma_me=1 trellis=1 8x8dct=1 cqm=0 deadzone=21,11 fast_pskip=1 chroma_qp_offset=-2 threads=15 lookahead_threads=2 sliced_threads=0 nr=0 decimate=1 interlaced=0 bluray_compat=0 constrained_intra=0 bframes=3 b_pyramid=2 b_adapt=1 b_bias=0 direct=1 weightb=1 open_gop=0 weightp=2 keyint=250 keyint_min=16 scenecut=40 intra_refresh=0 rc_lookahead=40 rc=crf mbtree=1 crf=23.0 qcomp=0.60 qpmin=0 qpmax=69 qpstep=4 ip_ratio=1.40 aq=1:1.00
Output #0, mp4, to '/data/vaishak/combined-kv-quant/results/combined/backfills/drift/moviegen/a5845b3e8ce92b43_RTN_INT2/RTN_INT2_frames_165/prompt_0000_seed_0.mp4':
  Metadata:
    major_brand     : isom
    minor_version   : 512
    compatible_brands: isomiso2avc1mp41
    encoder         : Lavf60.16.100
  Stream #0:0(und): Video: h264 (avc1 / 0x31637661), yuv420p(progressive), 832x480, q=2-31, 16 fps, 16384 tbn (default)
    Metadata:
      handler_name    : VideoHandler
      vendor_id       : [0][0][0][0]
      encoder         : Lavc60.31.102 libx264
    Side data:
      cpb: bitrate max/min/avg: 0/0/0 buffer size: 0 vbv_delay: N/A
frame=    0 fps=0.0 q=0.0 size=       0kB time=N/A bitrate=N/A speed=N/A    frame=   82 fps=0.0 q=27.0 size=    1280kB time=00:00:04.93 bitrate=2123.8kbits/s speed=9.48x    [out#0/mp4 @ 0x63ddbca31000] video:2695kB audio:0kB subtitle:0kB other streams:0kB global headers:0kB muxing overhead: 0.103457%
frame=  165 fps=0.0 q=-1.0 Lsize=    2698kB time=00:00:10.12 bitrate=2182.7kbits/s speed=12.4x    
[libx264 @ 0x63ddbcabd080] frame I:5     Avg QP:22.90  size: 47926
[libx264 @ 0x63ddbcabd080] frame P:43    Avg QP:25.78  size: 27532
[libx264 @ 0x63ddbcabd080] frame B:117   Avg QP:27.71  size: 11414
[libx264 @ 0x63ddbcabd080] consecutive B-frames:  3.6%  3.6%  5.5% 87.3%
[libx264 @ 0x63ddbcabd080] mb I  I16..4:  1.7% 75.3% 23.0%
[libx264 @ 0x63ddbcabd080] mb P  I16..4:  1.0% 26.3%  4.3%  P16..4: 34.1% 23.1%  9.3%  0.0%  0.0%    skip: 1.9%
[libx264 @ 0x63ddbcabd080] mb B  I16..4:  0.1%  3.6%  0.9%  B16..8: 47.1% 15.9%  4.9%  direct: 7.2%  skip:20.2%  L0:51.5% L1:35.7% BI:12.8%
[libx264 @ 0x63ddbcabd080] 8x8 transform intra:80.4% inter:75.9%
[libx264 @ 0x63ddbcabd080] coded y,uvDC,uvAC intra: 90.9% 93.2% 63.0% inter: 43.0% 41.7% 5.7%
[libx264 @ 0x63ddbcabd080] i16 v,h,dc,p: 20% 20%  7% 53%
[libx264 @ 0x63ddbcabd080] i8 v,h,dc,ddl,ddr,vr,hd,vl,hu: 16% 16% 13%  7%  9%  9% 10%  9% 12%
[libx264 @ 0x63ddbcabd080] i4 v,h,dc,ddl,ddr,vr,hd,vl,hu: 18% 17% 12%  7%  9%  9% 10%  8%  9%
[libx264 @ 0x63ddbcabd080] i8c dc,h,v,p: 37% 21% 22% 20%
[libx264 @ 0x63ddbcabd080] Weighted P-Frames: Y:46.5% UV:37.2%
[libx264 @ 0x63ddbcabd080] ref P L0: 47.9% 18.9% 17.3% 11.8%  4.1%
[libx264 @ 0x63ddbcabd080] ref B L0: 87.6%  9.6%  2.7%
[libx264 @ 0x63ddbcabd080] ref B L1: 98.2%  1.8%
[libx264 @ 0x63ddbcabd080] kb/s:2140.25
ffmpeg version 6.1.1-3ubuntu5 Copyright (c) 2000-2023 the FFmpeg developers
  built with gcc 13 (Ubuntu 13.2.0-23ubuntu3)
  configuration: --prefix=/usr --extra-version=3ubuntu5 --toolchain=hardened --libdir=/usr/lib/x86_64-linux-gnu --incdir=/usr/include/x86_64-linux-gnu --arch=amd64 --enable-gpl --disable-stripping --disable-omx --enable-gnutls --enable-libaom --enable-libass --enable-libbs2b --enable-libcaca --enable-libcdio --enable-libcodec2 --enable-libdav1d --enable-libflite --enable-libfontconfig --enable-libfreetype --enable-libfribidi --enable-libglslang --enable-libgme --enable-libgsm --enable-libharfbuzz --enable-libmp3lame --enable-libmysofa --enable-libopenjpeg --enable-libopenmpt --enable-libopus --enable-librubberband --enable-libshine --enable-libsnappy --enable-libsoxr --enable-libspeex --enable-libtheora --enable-libtwolame --enable-libvidstab --enable-libvorbis --enable-libvpx --enable-libwebp --enable-libx265 --enable-libxml2 --enable-libxvid --enable-libzimg --enable-openal --enable-opencl --enable-opengl --disable-sndio --enable-libvpl --disable-libmfx --enable-libdc1394 --enable-libdrm --enable-libiec61883 --enable-chromaprint --enable-frei0r --enable-ladspa --enable-libbluray --enable-libjack --enable-libpulse --enable-librabbitmq --enable-librist --enable-libsrt --enable-libssh --enable-libsvtav1 --enable-libx264 --enable-libzmq --enable-libzvbi --enable-lv2 --enable-sdl2 --enable-libplacebo --enable-librav1e --enable-pocketsphinx --enable-librsvg --enable-libjxl --enable-shared
  libavutil      58. 29.100 / 58. 29.100
  libavcodec     60. 31.102 / 60. 31.102
  libavformat    60. 16.100 / 60. 16.100
  libavdevice    60.  3.100 / 60.  3.100
  libavfilter     9. 12.100 /  9. 12.100
  libswscale      7.  5.100 /  7.  5.100
  libswresample   4. 12.100 /  4. 12.100
  libpostproc    57.  3.100 / 57.  3.100
Input #0, mov,mp4,m4a,3gp,3g2,mj2, from '/data/suraj/kv-quant-longhorizon/results/runs/1773110004_presentation_moviegen_fullmatrix/videos/RTN_INT2/prompt_0001_seed_1.mp4':
  Metadata:
    major_brand     : isom
    minor_version   : 512
    compatible_brands: isomiso2avc1mp41
    encoder         : Lavf61.1.100
  Duration: 00:00:10.31, start: 0.000000, bitrate: 1092 kb/s
  Stream #0:0[0x1](und): Video: h264 (High) (avc1 / 0x31637661), yuv420p(progressive), 832x480, 1090 kb/s, 16 fps, 16 tbr, 16384 tbn (default)
    Metadata:
      handler_name    : VideoHandler
      vendor_id       : [0][0][0][0]
Stream mapping:
  Stream #0:0 -> #0:0 (h264 (native) -> h264 (libx264))
Press [q] to stop, [?] for help
[libx264 @ 0x556f6d821e00] using cpu capabilities: MMX2 SSE2Fast SSSE3 SSE4.2 AVX FMA3 BMI2 AVX2
[libx264 @ 0x556f6d821e00] profile High, level 3.0, 4:2:0, 8-bit
[libx264 @ 0x556f6d821e00] 264 - core 164 r3108 31e19f9 - H.264/MPEG-4 AVC codec - Copyleft 2003-2023 - http://www.videolan.org/x264.html - options: cabac=1 ref=3 deblock=1:0:0 analyse=0x3:0x113 me=hex subme=7 psy=1 psy_rd=1.00:0.00 mixed_ref=1 me_range=16 chroma_me=1 trellis=1 8x8dct=1 cqm=0 deadzone=21,11 fast_pskip=1 chroma_qp_offset=-2 threads=15 lookahead_threads=2 sliced_threads=0 nr=0 decimate=1 interlaced=0 bluray_compat=0 constrained_intra=0 bframes=3 b_pyramid=2 b_adapt=1 b_bias=0 direct=1 weightb=1 open_gop=0 weightp=2 keyint=250 keyint_min=16 scenecut=40 intra_refresh=0 rc_lookahead=40 rc=crf mbtree=1 crf=23.0 qcomp=0.60 qpmin=0 qpmax=69 qpstep=4 ip_ratio=1.40 aq=1:1.00
Output #0, mp4, to '/data/vaishak/combined-kv-quant/results/combined/backfills/drift/moviegen/a5845b3e8ce92b43_RTN_INT2/RTN_INT2_frames_165/prompt_0001_seed_1.mp4':
  Metadata:
    major_brand     : isom
    minor_version   : 512
    compatible_brands: isomiso2avc1mp41
    encoder         : Lavf60.16.100
  Stream #0:0(und): Video: h264 (avc1 / 0x31637661), yuv420p(progressive), 832x480, q=2-31, 16 fps, 16384 tbn (default)
    Metadata:
      handler_name    : VideoHandler
      vendor_id       : [0][0][0][0]
      encoder         : Lavc60.31.102 libx264
    Side data:
      cpb: bitrate max/min/avg: 0/0/0 buffer size: 0 vbv_delay: N/A
frame=    0 fps=0.0 q=0.0 size=       0kB time=N/A bitrate=N/A speed=N/A    frame=   89 fps=0.0 q=27.0 size=    1024kB time=00:00:05.37 bitrate=1560.7kbits/s speed=10.3x    [out#0/mp4 @ 0x556f6d796000] video:2289kB audio:0kB subtitle:0kB other streams:0kB global headers:0kB muxing overhead: 0.121269%
frame=  165 fps=0.0 q=-1.0 Lsize=    2292kB time=00:00:10.12 bitrate=1854.6kbits/s speed=13.2x    
[libx264 @ 0x556f6d821e00] frame I:6     Avg QP:21.48  size: 45643
[libx264 @ 0x556f6d821e00] frame P:48    Avg QP:24.45  size: 26241
[libx264 @ 0x556f6d821e00] frame B:111   Avg QP:26.15  size:  7300
[libx264 @ 0x556f6d821e00] consecutive B-frames:  6.7%  9.7%  3.6% 80.0%
[libx264 @ 0x556f6d821e00] mb I  I16..4:  5.6% 81.0% 13.4%
[libx264 @ 0x556f6d821e00] mb P  I16..4:  2.8% 25.5%  2.8%  P16..4: 37.4% 18.3%  7.9%  0.0%  0.0%    skip: 5.3%
[libx264 @ 0x556f6d821e00] mb B  I16..4:  0.4%  1.2%  0.1%  B16..8: 49.7% 10.9%  3.8%  direct: 4.2%  skip:29.8%  L0:50.3% L1:40.7% BI: 9.0%
[libx264 @ 0x556f6d821e00] 8x8 transform intra:80.7% inter:72.7%
[libx264 @ 0x556f6d821e00] coded y,uvDC,uvAC intra: 83.0% 88.5% 35.0% inter: 29.9% 29.3% 0.7%
[libx264 @ 0x556f6d821e00] i16 v,h,dc,p:  3% 45%  4% 48%
[libx264 @ 0x556f6d821e00] i8 v,h,dc,ddl,ddr,vr,hd,vl,hu:  9% 28% 19%  5%  6%  5%  9%  6% 12%
[libx264 @ 0x556f6d821e00] i4 v,h,dc,ddl,ddr,vr,hd,vl,hu: 11% 23% 14%  7%  8%  7% 11%  7% 11%
[libx264 @ 0x556f6d821e00] i8c dc,h,v,p: 31% 45%  8% 17%
[libx264 @ 0x556f6d821e00] Weighted P-Frames: Y:39.6% UV:18.8%
[libx264 @ 0x556f6d821e00] ref P L0: 55.7% 17.5% 15.7%  8.7%  2.3%
[libx264 @ 0x556f6d821e00] ref B L0: 87.0% 11.3%  1.8%
[libx264 @ 0x556f6d821e00] ref B L1: 99.1%  0.9%
[libx264 @ 0x556f6d821e00] kb/s:1818.14
ffmpeg version 6.1.1-3ubuntu5 Copyright (c) 2000-2023 the FFmpeg developers
  built with gcc 13 (Ubuntu 13.2.0-23ubuntu3)
  configuration: --prefix=/usr --extra-version=3ubuntu5 --toolchain=hardened --libdir=/usr/lib/x86_64-linux-gnu --incdir=/usr/include/x86_64-linux-gnu --arch=amd64 --enable-gpl --disable-stripping --disable-omx --enable-gnutls --enable-libaom --enable-libass --enable-libbs2b --enable-libcaca --enable-libcdio --enable-libcodec2 --enable-libdav1d --enable-libflite --enable-libfontconfig --enable-libfreetype --enable-libfribidi --enable-libglslang --enable-libgme --enable-libgsm --enable-libharfbuzz --enable-libmp3lame --enable-libmysofa --enable-libopenjpeg --enable-libopenmpt --enable-libopus --enable-librubberband --enable-libshine --enable-libsnappy --enable-libsoxr --enable-libspeex --enable-libtheora --enable-libtwolame --enable-libvidstab --enable-libvorbis --enable-libvpx --enable-libwebp --enable-libx265 --enable-libxml2 --enable-libxvid --enable-libzimg --enable-openal --enable-opencl --enable-opengl --disable-sndio --enable-libvpl --disable-libmfx --enable-libdc1394 --enable-libdrm --enable-libiec61883 --enable-chromaprint --enable-frei0r --enable-ladspa --enable-libbluray --enable-libjack --enable-libpulse --enable-librabbitmq --enable-librist --enable-libsrt --enable-libssh --enable-libsvtav1 --enable-libx264 --enable-libzmq --enable-libzvbi --enable-lv2 --enable-sdl2 --enable-libplacebo --enable-librav1e --enable-pocketsphinx --enable-librsvg --enable-libjxl --enable-shared
  libavutil      58. 29.100 / 58. 29.100
  libavcodec     60. 31.102 / 60. 31.102
  libavformat    60. 16.100 / 60. 16.100
  libavdevice    60.  3.100 / 60.  3.100
  libavfilter     9. 12.100 /  9. 12.100
  libswscale      7.  5.100 /  7.  5.100
  libswresample   4. 12.100 /  4. 12.100
  libpostproc    57.  3.100 / 57.  3.100
Input #0, mov,mp4,m4a,3gp,3g2,mj2, from '/data/suraj/kv-quant-longhorizon/results/runs/1773110004_presentation_moviegen_fullmatrix/videos/RTN_INT2/prompt_0002_seed_2.mp4':
  Metadata:
    major_brand     : isom
    minor_version   : 512
    compatible_brands: isomiso2avc1mp41
    encoder         : Lavf61.1.100
  Duration: 00:00:10.31, start: 0.000000, bitrate: 1173 kb/s
  Stream #0:0[0x1](und): Video: h264 (High) (avc1 / 0x31637661), yuv420p(progressive), 832x480, 1171 kb/s, 16 fps, 16 tbr, 16384 tbn (default)
    Metadata:
      handler_name    : VideoHandler
      vendor_id       : [0][0][0][0]
Stream mapping:
  Stream #0:0 -> #0:0 (h264 (native) -> h264 (libx264))
Press [q] to stop, [?] for help
[libx264 @ 0x60f66f8bb980] using cpu capabilities: MMX2 SSE2Fast SSSE3 SSE4.2 AVX FMA3 BMI2 AVX2
[libx264 @ 0x60f66f8bb980] profile High, level 3.0, 4:2:0, 8-bit
[libx264 @ 0x60f66f8bb980] 264 - core 164 r3108 31e19f9 - H.264/MPEG-4 AVC codec - Copyleft 2003-2023 - http://www.videolan.org/x264.html - options: cabac=1 ref=3 deblock=1:0:0 analyse=0x3:0x113 me=hex subme=7 psy=1 psy_rd=1.00:0.00 mixed_ref=1 me_range=16 chroma_me=1 trellis=1 8x8dct=1 cqm=0 deadzone=21,11 fast_pskip=1 chroma_qp_offset=-2 threads=15 lookahead_threads=2 sliced_threads=0 nr=0 decimate=1 interlaced=0 bluray_compat=0 constrained_intra=0 bframes=3 b_pyramid=2 b_adapt=1 b_bias=0 direct=1 weightb=1 open_gop=0 weightp=2 keyint=250 keyint_min=16 scenecut=40 intra_refresh=0 rc_lookahead=40 rc=crf mbtree=1 crf=23.0 qcomp=0.60 qpmin=0 qpmax=69 qpstep=4 ip_ratio=1.40 aq=1:1.00
Output #0, mp4, to '/data/vaishak/combined-kv-quant/results/combined/backfills/drift/moviegen/a5845b3e8ce92b43_RTN_INT2/RTN_INT2_frames_165/prompt_0002_seed_2.mp4':
  Metadata:
    major_brand     : isom
    minor_version   : 512
    compatible_brands: isomiso2avc1mp41
    encoder         : Lavf60.16.100
  Stream #0:0(und): Video: h264 (avc1 / 0x31637661), yuv420p(progressive), 832x480, q=2-31, 16 fps, 16384 tbn (default)
    Metadata:
      handler_name    : VideoHandler
      vendor_id       : [0][0][0][0]
      encoder         : Lavc60.31.102 libx264
    Side data:
      cpb: bitrate max/min/avg: 0/0/0 buffer size: 0 vbv_delay: N/A
frame=    0 fps=0.0 q=0.0 size=       0kB time=N/A bitrate=N/A speed=N/A    [out#0/mp4 @ 0x60f66f7d8d00] video:2023kB audio:0kB subtitle:0kB other streams:0kB global headers:0kB muxing overhead: 0.132604%
frame=  165 fps=0.0 q=-1.0 Lsize=    2026kB time=00:00:10.12 bitrate=1639.0kbits/s speed=14.7x    
[libx264 @ 0x60f66f8bb980] frame I:19    Avg QP:20.71  size: 24837
[libx264 @ 0x60f66f8bb980] frame P:43    Avg QP:24.32  size: 14918
[libx264 @ 0x60f66f8bb980] frame B:103   Avg QP:25.49  size:  9296
[libx264 @ 0x60f66f8bb980] consecutive B-frames: 12.1%  3.6% 30.9% 53.3%
[libx264 @ 0x60f66f8bb980] mb I  I16..4: 28.5% 61.1% 10.3%
[libx264 @ 0x60f66f8bb980] mb P  I16..4:  9.9% 22.1%  3.7%  P16..4: 41.2% 11.7%  4.1%  0.0%  0.0%    skip: 7.1%
[libx264 @ 0x60f66f8bb980] mb B  I16..4:  0.3%  3.5%  1.2%  B16..8: 38.1% 10.5%  3.7%  direct: 5.7%  skip:36.9%  L0:49.7% L1:40.7% BI: 9.6%
[libx264 @ 0x60f66f8bb980] 8x8 transform intra:62.6% inter:77.1%
[libx264 @ 0x60f66f8bb980] coded y,uvDC,uvAC intra: 64.8% 83.7% 39.3% inter: 25.1% 34.7% 3.6%
[libx264 @ 0x60f66f8bb980] i16 v,h,dc,p:  1% 47%  1% 51%
[libx264 @ 0x60f66f8bb980] i8 v,h,dc,ddl,ddr,vr,hd,vl,hu: 10% 28% 15%  6%  8%  6% 10%  6% 11%
[libx264 @ 0x60f66f8bb980] i4 v,h,dc,ddl,ddr,vr,hd,vl,hu: 13% 24% 13%  7% 10%  7% 11%  6%  9%
[libx264 @ 0x60f66f8bb980] i8c dc,h,v,p: 31% 38% 11% 19%
[libx264 @ 0x60f66f8bb980] Weighted P-Frames: Y:18.6% UV:11.6%
[libx264 @ 0x60f66f8bb980] ref P L0: 62.9%  9.6% 15.7% 10.6%  1.2%
[libx264 @ 0x60f66f8bb980] ref B L0: 85.9% 11.3%  2.8%
[libx264 @ 0x60f66f8bb980] ref B L1: 96.9%  3.1%
[libx264 @ 0x60f66f8bb980] kb/s:1606.50
ffmpeg version 6.1.1-3ubuntu5 Copyright (c) 2000-2023 the FFmpeg developers
  built with gcc 13 (Ubuntu 13.2.0-23ubuntu3)
  configuration: --prefix=/usr --extra-version=3ubuntu5 --toolchain=hardened --libdir=/usr/lib/x86_64-linux-gnu --incdir=/usr/include/x86_64-linux-gnu --arch=amd64 --enable-gpl --disable-stripping --disable-omx --enable-gnutls --enable-libaom --enable-libass --enable-libbs2b --enable-libcaca --enable-libcdio --enable-libcodec2 --enable-libdav1d --enable-libflite --enable-libfontconfig --enable-libfreetype --enable-libfribidi --enable-libglslang --enable-libgme --enable-libgsm --enable-libharfbuzz --enable-libmp3lame --enable-libmysofa --enable-libopenjpeg --enable-libopenmpt --enable-libopus --enable-librubberband --enable-libshine --enable-libsnappy --enable-libsoxr --enable-libspeex --enable-libtheora --enable-libtwolame --enable-libvidstab --enable-libvorbis --enable-libvpx --enable-libwebp --enable-libx265 --enable-libxml2 --enable-libxvid --enable-libzimg --enable-openal --enable-opencl --enable-opengl --disable-sndio --enable-libvpl --disable-libmfx --enable-libdc1394 --enable-libdrm --enable-libiec61883 --enable-chromaprint --enable-frei0r --enable-ladspa --enable-libbluray --enable-libjack --enable-libpulse --enable-librabbitmq --enable-librist --enable-libsrt --enable-libssh --enable-libsvtav1 --enable-libx264 --enable-libzmq --enable-libzvbi --enable-lv2 --enable-sdl2 --enable-libplacebo --enable-librav1e --enable-pocketsphinx --enable-librsvg --enable-libjxl --enable-shared
  libavutil      58. 29.100 / 58. 29.100
  libavcodec     60. 31.102 / 60. 31.102
  libavformat    60. 16.100 / 60. 16.100
  libavdevice    60.  3.100 / 60.  3.100
  libavfilter     9. 12.100 /  9. 12.100
  libswscale      7.  5.100 /  7.  5.100
  libswresample   4. 12.100 /  4. 12.100
  libpostproc    57.  3.100 / 57.  3.100
Input #0, mov,mp4,m4a,3gp,3g2,mj2, from '/data/suraj/kv-quant-longhorizon/results/runs/1773110004_presentation_moviegen_fullmatrix/videos/RTN_INT2/prompt_0003_seed_3.mp4':
  Metadata:
    major_brand     : isom
    minor_version   : 512
    compatible_brands: isomiso2avc1mp41
    encoder         : Lavf61.1.100
  Duration: 00:00:10.31, start: 0.000000, bitrate: 1071 kb/s
  Stream #0:0[0x1](und): Video: h264 (High) (avc1 / 0x31637661), yuv420p(progressive), 832x480, 1069 kb/s, 16 fps, 16 tbr, 16384 tbn (default)
    Metadata:
      handler_name    : VideoHandler
      vendor_id       : [0][0][0][0]
Stream mapping:
  Stream #0:0 -> #0:0 (h264 (native) -> h264 (libx264))
Press [q] to stop, [?] for help
[libx264 @ 0x5eb4394b9a40] using cpu capabilities: MMX2 SSE2Fast SSSE3 SSE4.2 AVX FMA3 BMI2 AVX2
[libx264 @ 0x5eb4394b9a40] profile High, level 3.0, 4:2:0, 8-bit
[libx264 @ 0x5eb4394b9a40] 264 - core 164 r3108 31e19f9 - H.264/MPEG-4 AVC codec - Copyleft 2003-2023 - http://www.videolan.org/x264.html - options: cabac=1 ref=3 deblock=1:0:0 analyse=0x3:0x113 me=hex subme=7 psy=1 psy_rd=1.00:0.00 mixed_ref=1 me_range=16 chroma_me=1 trellis=1 8x8dct=1 cqm=0 deadzone=21,11 fast_pskip=1 chroma_qp_offset=-2 threads=15 lookahead_threads=2 sliced_threads=0 nr=0 decimate=1 interlaced=0 bluray_compat=0 constrained_intra=0 bframes=3 b_pyramid=2 b_adapt=1 b_bias=0 direct=1 weightb=1 open_gop=0 weightp=2 keyint=250 keyint_min=16 scenecut=40 intra_refresh=0 rc_lookahead=40 rc=crf mbtree=1 crf=23.0 qcomp=0.60 qpmin=0 qpmax=69 qpstep=4 ip_ratio=1.40 aq=1:1.00
Output #0, mp4, to '/data/vaishak/combined-kv-quant/results/combined/backfills/drift/moviegen/a5845b3e8ce92b43_RTN_INT2/RTN_INT2_frames_165/prompt_0003_seed_3.mp4':
  Metadata:
    major_brand     : isom
    minor_version   : 512
    compatible_brands: isomiso2avc1mp41
    encoder         : Lavf60.16.100
  Stream #0:0(und): Video: h264 (avc1 / 0x31637661), yuv420p(progressive), 832x480, q=2-31, 16 fps, 16384 tbn (default)
    Metadata:
      handler_name    : VideoHandler
      vendor_id       : [0][0][0][0]
      encoder         : Lavc60.31.102 libx264
    Side data:
      cpb: bitrate max/min/avg: 0/0/0 buffer size: 0 vbv_delay: N/A
frame=    0 fps=0.0 q=0.0 size=       0kB time=N/A bitrate=N/A speed=N/A    [out#0/mp4 @ 0x5eb43941fd40] video:2608kB audio:0kB subtitle:0kB other streams:0kB global headers:0kB muxing overhead: 0.106016%
frame=  165 fps=0.0 q=-1.0 Lsize=    2611kB time=00:00:10.12 bitrate=2112.1kbits/s speed=14.1x    
[libx264 @ 0x5eb4394b9a40] frame I:10    Avg QP:21.92  size: 41122
[libx264 @ 0x5eb4394b9a40] frame P:45    Avg QP:25.21  size: 25662
[libx264 @ 0x5eb4394b9a40] frame B:110   Avg QP:26.50  size: 10033
[libx264 @ 0x5eb4394b9a40] consecutive B-frames:  8.5%  4.8%  9.1% 77.6%
[libx264 @ 0x5eb4394b9a40] mb I  I16..4: 10.1% 74.5% 15.5%
[libx264 @ 0x5eb4394b9a40] mb P  I16..4:  3.7% 27.0%  4.0%  P16..4: 35.9% 17.0%  6.7%  0.0%  0.0%    skip: 5.6%
[libx264 @ 0x5eb4394b9a40] mb B  I16..4:  0.2%  2.7%  0.7%  B16..8: 45.3% 11.8%  4.4%  direct: 5.4%  skip:29.6%  L0:47.7% L1:41.1% BI:11.2%
[libx264 @ 0x5eb4394b9a40] 8x8 transform intra:76.3% inter:74.7%
[libx264 @ 0x5eb4394b9a40] coded y,uvDC,uvAC intra: 84.7% 95.3% 66.1% inter: 34.2% 38.9% 4.1%
[libx264 @ 0x5eb4394b9a40] i16 v,h,dc,p:  3% 45%  7% 44%
[libx264 @ 0x5eb4394b9a40] i8 v,h,dc,ddl,ddr,vr,hd,vl,hu: 11% 19% 16%  7%  8%  7% 10%  9% 12%
[libx264 @ 0x5eb4394b9a40] i4 v,h,dc,ddl,ddr,vr,hd,vl,hu: 12% 21% 12%  8% 10%  8% 11%  7% 11%
[libx264 @ 0x5eb4394b9a40] i8c dc,h,v,p: 34% 31% 14% 21%
[libx264 @ 0x5eb4394b9a40] Weighted P-Frames: Y:17.8% UV:11.1%
[libx264 @ 0x5eb4394b9a40] ref P L0: 59.8% 15.1% 15.7%  8.2%  1.2%
[libx264 @ 0x5eb4394b9a40] ref B L0: 86.2% 10.7%  3.1%
[libx264 @ 0x5eb4394b9a40] ref B L1: 98.2%  1.8%
[libx264 @ 0x5eb4394b9a40] kb/s:2071.02
ffmpeg version 6.1.1-3ubuntu5 Copyright (c) 2000-2023 the FFmpeg developers
  built with gcc 13 (Ubuntu 13.2.0-23ubuntu3)
  configuration: --prefix=/usr --extra-version=3ubuntu5 --toolchain=hardened --libdir=/usr/lib/x86_64-linux-gnu --incdir=/usr/include/x86_64-linux-gnu --arch=amd64 --enable-gpl --disable-stripping --disable-omx --enable-gnutls --enable-libaom --enable-libass --enable-libbs2b --enable-libcaca --enable-libcdio --enable-libcodec2 --enable-libdav1d --enable-libflite --enable-libfontconfig --enable-libfreetype --enable-libfribidi --enable-libglslang --enable-libgme --enable-libgsm --enable-libharfbuzz --enable-libmp3lame --enable-libmysofa --enable-libopenjpeg --enable-libopenmpt --enable-libopus --enable-librubberband --enable-libshine --enable-libsnappy --enable-libsoxr --enable-libspeex --enable-libtheora --enable-libtwolame --enable-libvidstab --enable-libvorbis --enable-libvpx --enable-libwebp --enable-libx265 --enable-libxml2 --enable-libxvid --enable-libzimg --enable-openal --enable-opencl --enable-opengl --disable-sndio --enable-libvpl --disable-libmfx --enable-libdc1394 --enable-libdrm --enable-libiec61883 --enable-chromaprint --enable-frei0r --enable-ladspa --enable-libbluray --enable-libjack --enable-libpulse --enable-librabbitmq --enable-librist --enable-libsrt --enable-libssh --enable-libsvtav1 --enable-libx264 --enable-libzmq --enable-libzvbi --enable-lv2 --enable-sdl2 --enable-libplacebo --enable-librav1e --enable-pocketsphinx --enable-librsvg --enable-libjxl --enable-shared
  libavutil      58. 29.100 / 58. 29.100
  libavcodec     60. 31.102 / 60. 31.102
  libavformat    60. 16.100 / 60. 16.100
  libavdevice    60.  3.100 / 60.  3.100
  libavfilter     9. 12.100 /  9. 12.100
  libswscale      7.  5.100 /  7.  5.100
  libswresample   4. 12.100 /  4. 12.100
  libpostproc    57.  3.100 / 57.  3.100
Input #0, mov,mp4,m4a,3gp,3g2,mj2, from '/data/suraj/kv-quant-longhorizon/results/runs/1773110004_presentation_moviegen_fullmatrix/videos/RTN_INT2/prompt_0004_seed_4.mp4':
  Metadata:
    major_brand     : isom
    minor_version   : 512
    compatible_brands: isomiso2avc1mp41
    encoder         : Lavf61.1.100
  Duration: 00:00:10.31, start: 0.000000, bitrate: 1106 kb/s
  Stream #0:0[0x1](und): Video: h264 (High) (avc1 / 0x31637661), yuv420p(progressive), 832x480, 1104 kb/s, 16 fps, 16 tbr, 16384 tbn (default)
    Metadata:
      handler_name    : VideoHandler
      vendor_id       : [0][0][0][0]
Stream mapping:
  Stream #0:0 -> #0:0 (h264 (native) -> h264 (libx264))
Press [q] to stop, [?] for help
[libx264 @ 0x5ec828766680] using cpu capabilities: MMX2 SSE2Fast SSSE3 SSE4.2 AVX FMA3 BMI2 AVX2
[libx264 @ 0x5ec828766680] profile High, level 3.0, 4:2:0, 8-bit
[libx264 @ 0x5ec828766680] 264 - core 164 r3108 31e19f9 - H.264/MPEG-4 AVC codec - Copyleft 2003-2023 - http://www.videolan.org/x264.html - options: cabac=1 ref=3 deblock=1:0:0 analyse=0x3:0x113 me=hex subme=7 psy=1 psy_rd=1.00:0.00 mixed_ref=1 me_range=16 chroma_me=1 trellis=1 8x8dct=1 cqm=0 deadzone=21,11 fast_pskip=1 chroma_qp_offset=-2 threads=15 lookahead_threads=2 sliced_threads=0 nr=0 decimate=1 interlaced=0 bluray_compat=0 constrained_intra=0 bframes=3 b_pyramid=2 b_adapt=1 b_bias=0 direct=1 weightb=1 open_gop=0 weightp=2 keyint=250 keyint_min=16 scenecut=40 intra_refresh=0 rc_lookahead=40 rc=crf mbtree=1 crf=23.0 qcomp=0.60 qpmin=0 qpmax=69 qpstep=4 ip_ratio=1.40 aq=1:1.00
Output #0, mp4, to '/data/vaishak/combined-kv-quant/results/combined/backfills/drift/moviegen/a5845b3e8ce92b43_RTN_INT2/RTN_INT2_frames_165/prompt_0004_seed_4.mp4':
  Metadata:
    major_brand     : isom
    minor_version   : 512
    compatible_brands: isomiso2avc1mp41
    encoder         : Lavf60.16.100
  Stream #0:0(und): Video: h264 (avc1 / 0x31637661), yuv420p(progressive), 832x480, q=2-31, 16 fps, 16384 tbn (default)
    Metadata:
      handler_name    : VideoHandler
      vendor_id       : [0][0][0][0]
      encoder         : Lavc60.31.102 libx264
    Side data:
      cpb: bitrate max/min/avg: 0/0/0 buffer size: 0 vbv_delay: N/A
frame=    0 fps=0.0 q=0.0 size=       0kB time=N/A bitrate=N/A speed=N/A    [out#0/mp4 @ 0x5ec8286e6000] video:1308kB audio:0kB subtitle:0kB other streams:0kB global headers:0kB muxing overhead: 0.213154%
frame=  165 fps=0.0 q=-1.0 Lsize=    1311kB time=00:00:10.12 bitrate=1060.6kbits/s speed=15.6x    
[libx264 @ 0x5ec828766680] frame I:3     Avg QP:20.13  size: 32942
[libx264 @ 0x5ec828766680] frame P:43    Avg QP:22.74  size: 16330
[libx264 @ 0x5ec828766680] frame B:119   Avg QP:24.87  size:  4518
[libx264 @ 0x5ec828766680] consecutive B-frames:  2.4%  3.6%  1.8% 92.1%
[libx264 @ 0x5ec828766680] mb I  I16..4: 15.4% 72.0% 12.6%
[libx264 @ 0x5ec828766680] mb P  I16..4:  5.0% 10.4%  1.5%  P16..4: 50.5% 21.1%  7.6%  0.0%  0.0%    skip: 3.8%
[libx264 @ 0x5ec828766680] mb B  I16..4:  0.7%  1.3%  0.2%  B16..8: 39.8%  6.9%  1.5%  direct: 6.6%  skip:43.0%  L0:45.2% L1:44.8% BI: 9.9%
[libx264 @ 0x5ec828766680] 8x8 transform intra:63.2% inter:79.9%
[libx264 @ 0x5ec828766680] coded y,uvDC,uvAC intra: 57.0% 92.1% 55.1% inter: 22.8% 41.9% 3.7%
[libx264 @ 0x5ec828766680] i16 v,h,dc,p: 15% 37%  6% 42%
[libx264 @ 0x5ec828766680] i8 v,h,dc,ddl,ddr,vr,hd,vl,hu: 18% 29% 16%  5%  5%  6%  6%  7%  7%
[libx264 @ 0x5ec828766680] i4 v,h,dc,ddl,ddr,vr,hd,vl,hu: 14% 23% 11%  6% 10%  9% 10%  7%  9%
[libx264 @ 0x5ec828766680] i8c dc,h,v,p: 26% 34% 18% 22%
[libx264 @ 0x5ec828766680] Weighted P-Frames: Y:67.4% UV:67.4%
[libx264 @ 0x5ec828766680] ref P L0: 48.2% 14.2% 18.2% 13.4%  5.9%
[libx264 @ 0x5ec828766680] ref B L0: 84.0% 12.4%  3.6%
[libx264 @ 0x5ec828766680] ref B L1: 97.7%  2.3%
[libx264 @ 0x5ec828766680] kb/s:1038.52
ffmpeg version 6.1.1-3ubuntu5 Copyright (c) 2000-2023 the FFmpeg developers
  built with gcc 13 (Ubuntu 13.2.0-23ubuntu3)
  configuration: --prefix=/usr --extra-version=3ubuntu5 --toolchain=hardened --libdir=/usr/lib/x86_64-linux-gnu --incdir=/usr/include/x86_64-linux-gnu --arch=amd64 --enable-gpl --disable-stripping --disable-omx --enable-gnutls --enable-libaom --enable-libass --enable-libbs2b --enable-libcaca --enable-libcdio --enable-libcodec2 --enable-libdav1d --enable-libflite --enable-libfontconfig --enable-libfreetype --enable-libfribidi --enable-libglslang --enable-libgme --enable-libgsm --enable-libharfbuzz --enable-libmp3lame --enable-libmysofa --enable-libopenjpeg --enable-libopenmpt --enable-libopus --enable-librubberband --enable-libshine --enable-libsnappy --enable-libsoxr --enable-libspeex --enable-libtheora --enable-libtwolame --enable-libvidstab --enable-libvorbis --enable-libvpx --enable-libwebp --enable-libx265 --enable-libxml2 --enable-libxvid --enable-libzimg --enable-openal --enable-opencl --enable-opengl --disable-sndio --enable-libvpl --disable-libmfx --enable-libdc1394 --enable-libdrm --enable-libiec61883 --enable-chromaprint --enable-frei0r --enable-ladspa --enable-libbluray --enable-libjack --enable-libpulse --enable-librabbitmq --enable-librist --enable-libsrt --enable-libssh --enable-libsvtav1 --enable-libx264 --enable-libzmq --enable-libzvbi --enable-lv2 --enable-sdl2 --enable-libplacebo --enable-librav1e --enable-pocketsphinx --enable-librsvg --enable-libjxl --enable-shared
  libavutil      58. 29.100 / 58. 29.100
  libavcodec     60. 31.102 / 60. 31.102
  libavformat    60. 16.100 / 60. 16.100
  libavdevice    60.  3.100 / 60.  3.100
  libavfilter     9. 12.100 /  9. 12.100
  libswscale      7.  5.100 /  7.  5.100
  libswresample   4. 12.100 /  4. 12.100
  libpostproc    57.  3.100 / 57.  3.100
Input #0, mov,mp4,m4a,3gp,3g2,mj2, from '/data/suraj/kv-quant-longhorizon/results/runs/1773110004_presentation_moviegen_fullmatrix/videos/RTN_INT2/prompt_0005_seed_5.mp4':
  Metadata:
    major_brand     : isom
    minor_version   : 512
    compatible_brands: isomiso2avc1mp41
    encoder         : Lavf61.1.100
  Duration: 00:00:10.31, start: 0.000000, bitrate: 1103 kb/s
  Stream #0:0[0x1](und): Video: h264 (High) (avc1 / 0x31637661), yuv420p(progressive), 832x480, 1101 kb/s, 16 fps, 16 tbr, 16384 tbn (default)
    Metadata:
      handler_name    : VideoHandler
      vendor_id       : [0][0][0][0]
Stream mapping:
  Stream #0:0 -> #0:0 (h264 (native) -> h264 (libx264))
Press [q] to stop, [?] for help
[libx264 @ 0x57c1c4d51300] using cpu capabilities: MMX2 SSE2Fast SSSE3 SSE4.2 AVX FMA3 BMI2 AVX2
[libx264 @ 0x57c1c4d51300] profile High, level 3.0, 4:2:0, 8-bit
[libx264 @ 0x57c1c4d51300] 264 - core 164 r3108 31e19f9 - H.264/MPEG-4 AVC codec - Copyleft 2003-2023 - http://www.videolan.org/x264.html - options: cabac=1 ref=3 deblock=1:0:0 analyse=0x3:0x113 me=hex subme=7 psy=1 psy_rd=1.00:0.00 mixed_ref=1 me_range=16 chroma_me=1 trellis=1 8x8dct=1 cqm=0 deadzone=21,11 fast_pskip=1 chroma_qp_offset=-2 threads=15 lookahead_threads=2 sliced_threads=0 nr=0 decimate=1 interlaced=0 bluray_compat=0 constrained_intra=0 bframes=3 b_pyramid=2 b_adapt=1 b_bias=0 direct=1 weightb=1 open_gop=0 weightp=2 keyint=250 keyint_min=16 scenecut=40 intra_refresh=0 rc_lookahead=40 rc=crf mbtree=1 crf=23.0 qcomp=0.60 qpmin=0 qpmax=69 qpstep=4 ip_ratio=1.40 aq=1:1.00
Output #0, mp4, to '/data/vaishak/combined-kv-quant/results/combined/backfills/drift/moviegen/a5845b3e8ce92b43_RTN_INT2/RTN_INT2_frames_165/prompt_0005_seed_5.mp4':
  Metadata:
    major_brand     : isom
    minor_version   : 512
    compatible_brands: isomiso2avc1mp41
    encoder         : Lavf60.16.100
  Stream #0:0(und): Video: h264 (avc1 / 0x31637661), yuv420p(progressive), 832x480, q=2-31, 16 fps, 16384 tbn (default)
    Metadata:
      handler_name    : VideoHandler
      vendor_id       : [0][0][0][0]
      encoder         : Lavc60.31.102 libx264
    Side data:
      cpb: bitrate max/min/avg: 0/0/0 buffer size: 0 vbv_delay: N/A
frame=    0 fps=0.0 q=0.0 size=       0kB time=N/A bitrate=N/A speed=N/A    [out#0/mp4 @ 0x57c1c4cbcd40] video:2361kB audio:0kB subtitle:0kB other streams:0kB global headers:0kB muxing overhead: 0.116750%
frame=  165 fps=0.0 q=-1.0 Lsize=    2364kB time=00:00:10.12 bitrate=1912.7kbits/s speed=14.8x    
[libx264 @ 0x57c1c4d51300] frame I:3     Avg QP:22.62  size: 70190
[libx264 @ 0x57c1c4d51300] frame P:54    Avg QP:24.58  size: 26796
[libx264 @ 0x57c1c4d51300] frame B:108   Avg QP:27.26  size:  7035
[libx264 @ 0x57c1c4d51300] consecutive B-frames:  7.3% 12.1% 12.7% 67.9%
[libx264 @ 0x57c1c4d51300] mb I  I16..4:  5.4% 63.6% 31.0%
[libx264 @ 0x57c1c4d51300] mb P  I16..4:  1.8%  8.2%  1.0%  P16..4: 46.4% 23.9% 14.1%  0.0%  0.0%    skip: 4.6%
[libx264 @ 0x57c1c4d51300] mb B  I16..4:  0.2%  1.1%  0.1%  B16..8: 48.3%  8.8%  3.5%  direct: 5.3%  skip:32.8%  L0:51.5% L1:38.2% BI:10.4%
[libx264 @ 0x57c1c4d51300] 8x8 transform intra:71.8% inter:68.9%
[libx264 @ 0x57c1c4d51300] coded y,uvDC,uvAC intra: 74.2% 97.0% 84.6% inter: 30.4% 47.8% 16.3%
[libx264 @ 0x57c1c4d51300] i16 v,h,dc,p: 17% 37% 13% 34%
[libx264 @ 0x57c1c4d51300] i8 v,h,dc,ddl,ddr,vr,hd,vl,hu: 13% 21% 23%  5%  6%  7%  8%  7% 11%
[libx264 @ 0x57c1c4d51300] i4 v,h,dc,ddl,ddr,vr,hd,vl,hu: 18% 16% 14%  8%  9% 10%  8%  9%  8%
[libx264 @ 0x57c1c4d51300] i8c dc,h,v,p: 36% 34% 11% 20%
[libx264 @ 0x57c1c4d51300] Weighted P-Frames: Y:38.9% UV:27.8%
[libx264 @ 0x57c1c4d51300] ref P L0: 50.7% 24.3% 15.9%  7.2%  2.0%
[libx264 @ 0x57c1c4d51300] ref B L0: 89.8%  8.6%  1.6%
[libx264 @ 0x57c1c4d51300] ref B L1: 98.8%  1.2%
[libx264 @ 0x57c1c4d51300] kb/s:1875.23
ffmpeg version 6.1.1-3ubuntu5 Copyright (c) 2000-2023 the FFmpeg developers
  built with gcc 13 (Ubuntu 13.2.0-23ubuntu3)
  configuration: --prefix=/usr --extra-version=3ubuntu5 --toolchain=hardened --libdir=/usr/lib/x86_64-linux-gnu --incdir=/usr/include/x86_64-linux-gnu --arch=amd64 --enable-gpl --disable-stripping --disable-omx --enable-gnutls --enable-libaom --enable-libass --enable-libbs2b --enable-libcaca --enable-libcdio --enable-libcodec2 --enable-libdav1d --enable-libflite --enable-libfontconfig --enable-libfreetype --enable-libfribidi --enable-libglslang --enable-libgme --enable-libgsm --enable-libharfbuzz --enable-libmp3lame --enable-libmysofa --enable-libopenjpeg --enable-libopenmpt --enable-libopus --enable-librubberband --enable-libshine --enable-libsnappy --enable-libsoxr --enable-libspeex --enable-libtheora --enable-libtwolame --enable-libvidstab --enable-libvorbis --enable-libvpx --enable-libwebp --enable-libx265 --enable-libxml2 --enable-libxvid --enable-libzimg --enable-openal --enable-opencl --enable-opengl --disable-sndio --enable-libvpl --disable-libmfx --enable-libdc1394 --enable-libdrm --enable-libiec61883 --enable-chromaprint --enable-frei0r --enable-ladspa --enable-libbluray --enable-libjack --enable-libpulse --enable-librabbitmq --enable-librist --enable-libsrt --enable-libssh --enable-libsvtav1 --enable-libx264 --enable-libzmq --enable-libzvbi --enable-lv2 --enable-sdl2 --enable-libplacebo --enable-librav1e --enable-pocketsphinx --enable-librsvg --enable-libjxl --enable-shared
  libavutil      58. 29.100 / 58. 29.100
  libavcodec     60. 31.102 / 60. 31.102
  libavformat    60. 16.100 / 60. 16.100
  libavdevice    60.  3.100 / 60.  3.100
  libavfilter     9. 12.100 /  9. 12.100
  libswscale      7.  5.100 /  7.  5.100
  libswresample   4. 12.100 /  4. 12.100
  libpostproc    57.  3.100 / 57.  3.100
Input #0, mov,mp4,m4a,3gp,3g2,mj2, from '/data/suraj/kv-quant-longhorizon/results/runs/1773110004_presentation_moviegen_fullmatrix/videos/RTN_INT2/prompt_0006_seed_6.mp4':
  Metadata:
    major_brand     : isom
    minor_version   : 512
    compatible_brands: isomiso2avc1mp41
    encoder         : Lavf61.1.100
  Duration: 00:00:10.31, start: 0.000000, bitrate: 1042 kb/s
  Stream #0:0[0x1](und): Video: h264 (High) (avc1 / 0x31637661), yuv420p(progressive), 832x480, 1039 kb/s, 16 fps, 16 tbr, 16384 tbn (default)
    Metadata:
      handler_name    : VideoHandler
      vendor_id       : [0][0][0][0]
Stream mapping:
  Stream #0:0 -> #0:0 (h264 (native) -> h264 (libx264))
Press [q] to stop, [?] for help
[libx264 @ 0x5fcd960e7600] using cpu capabilities: MMX2 SSE2Fast SSSE3 SSE4.2 AVX FMA3 BMI2 AVX2
[libx264 @ 0x5fcd960e7600] profile High, level 3.0, 4:2:0, 8-bit
[libx264 @ 0x5fcd960e7600] 264 - core 164 r3108 31e19f9 - H.264/MPEG-4 AVC codec - Copyleft 2003-2023 - http://www.videolan.org/x264.html - options: cabac=1 ref=3 deblock=1:0:0 analyse=0x3:0x113 me=hex subme=7 psy=1 psy_rd=1.00:0.00 mixed_ref=1 me_range=16 chroma_me=1 trellis=1 8x8dct=1 cqm=0 deadzone=21,11 fast_pskip=1 chroma_qp_offset=-2 threads=15 lookahead_threads=2 sliced_threads=0 nr=0 decimate=1 interlaced=0 bluray_compat=0 constrained_intra=0 bframes=3 b_pyramid=2 b_adapt=1 b_bias=0 direct=1 weightb=1 open_gop=0 weightp=2 keyint=250 keyint_min=16 scenecut=40 intra_refresh=0 rc_lookahead=40 rc=crf mbtree=1 crf=23.0 qcomp=0.60 qpmin=0 qpmax=69 qpstep=4 ip_ratio=1.40 aq=1:1.00
Output #0, mp4, to '/data/vaishak/combined-kv-quant/results/combined/backfills/drift/moviegen/a5845b3e8ce92b43_RTN_INT2/RTN_INT2_frames_165/prompt_0006_seed_6.mp4':
  Metadata:
    major_brand     : isom
    minor_version   : 512
    compatible_brands: isomiso2avc1mp41
    encoder         : Lavf60.16.100
  Stream #0:0(und): Video: h264 (avc1 / 0x31637661), yuv420p(progressive), 832x480, q=2-31, 16 fps, 16384 tbn (default)
    Metadata:
      handler_name    : VideoHandler
      vendor_id       : [0][0][0][0]
      encoder         : Lavc60.31.102 libx264
    Side data:
      cpb: bitrate max/min/avg: 0/0/0 buffer size: 0 vbv_delay: N/A
frame=    0 fps=0.0 q=0.0 size=       0kB time=N/A bitrate=N/A speed=N/A    [out#0/mp4 @ 0x5fcd960e6100] video:1633kB audio:0kB subtitle:0kB other streams:0kB global headers:0kB muxing overhead: 0.170518%
frame=  165 fps=0.0 q=-1.0 Lsize=    1636kB time=00:00:10.12 bitrate=1323.3kbits/s speed=14.9x    
[libx264 @ 0x5fcd960e7600] frame I:4     Avg QP:19.81  size: 33171
[libx264 @ 0x5fcd960e7600] frame P:45    Avg QP:22.65  size: 19253
[libx264 @ 0x5fcd960e7600] frame B:116   Avg QP:24.69  size:  5795
[libx264 @ 0x5fcd960e7600] consecutive B-frames:  4.2%  6.1%  0.0% 89.7%
[libx264 @ 0x5fcd960e7600] mb I  I16..4: 22.7% 67.7%  9.6%
[libx264 @ 0x5fcd960e7600] mb P  I16..4:  7.2% 17.2%  2.3%  P16..4: 47.5% 14.8%  5.9%  0.0%  0.0%    skip: 5.2%
[libx264 @ 0x5fcd960e7600] mb B  I16..4:  0.7%  1.1%  0.2%  B16..8: 41.1%  6.5%  2.1%  direct: 7.1%  skip:41.3%  L0:50.2% L1:40.9% BI: 8.9%
[libx264 @ 0x5fcd960e7600] 8x8 transform intra:64.0% inter:79.5%
[libx264 @ 0x5fcd960e7600] coded y,uvDC,uvAC intra: 57.2% 93.5% 55.9% inter: 20.4% 41.3% 5.6%
[libx264 @ 0x5fcd960e7600] i16 v,h,dc,p:  7% 23%  4% 65%
[libx264 @ 0x5fcd960e7600] i8 v,h,dc,ddl,ddr,vr,hd,vl,hu: 16% 21% 18%  5%  9%  8%  8%  7%  7%
[libx264 @ 0x5fcd960e7600] i4 v,h,dc,ddl,ddr,vr,hd,vl,hu: 11%  9% 11%  5% 25% 15% 12%  6%  5%
[libx264 @ 0x5fcd960e7600] i8c dc,h,v,p: 31% 26% 14% 28%
[libx264 @ 0x5fcd960e7600] Weighted P-Frames: Y:31.1% UV:28.9%
[libx264 @ 0x5fcd960e7600] ref P L0: 54.7% 11.3% 19.0% 12.6%  2.4%
[libx264 @ 0x5fcd960e7600] ref B L0: 84.6% 12.2%  3.2%
[libx264 @ 0x5fcd960e7600] ref B L1: 97.5%  2.5%
[libx264 @ 0x5fcd960e7600] kb/s:1296.50
ffmpeg version 6.1.1-3ubuntu5 Copyright (c) 2000-2023 the FFmpeg developers
  built with gcc 13 (Ubuntu 13.2.0-23ubuntu3)
  configuration: --prefix=/usr --extra-version=3ubuntu5 --toolchain=hardened --libdir=/usr/lib/x86_64-linux-gnu --incdir=/usr/include/x86_64-linux-gnu --arch=amd64 --enable-gpl --disable-stripping --disable-omx --enable-gnutls --enable-libaom --enable-libass --enable-libbs2b --enable-libcaca --enable-libcdio --enable-libcodec2 --enable-libdav1d --enable-libflite --enable-libfontconfig --enable-libfreetype --enable-libfribidi --enable-libglslang --enable-libgme --enable-libgsm --enable-libharfbuzz --enable-libmp3lame --enable-libmysofa --enable-libopenjpeg --enable-libopenmpt --enable-libopus --enable-librubberband --enable-libshine --enable-libsnappy --enable-libsoxr --enable-libspeex --enable-libtheora --enable-libtwolame --enable-libvidstab --enable-libvorbis --enable-libvpx --enable-libwebp --enable-libx265 --enable-libxml2 --enable-libxvid --enable-libzimg --enable-openal --enable-opencl --enable-opengl --disable-sndio --enable-libvpl --disable-libmfx --enable-libdc1394 --enable-libdrm --enable-libiec61883 --enable-chromaprint --enable-frei0r --enable-ladspa --enable-libbluray --enable-libjack --enable-libpulse --enable-librabbitmq --enable-librist --enable-libsrt --enable-libssh --enable-libsvtav1 --enable-libx264 --enable-libzmq --enable-libzvbi --enable-lv2 --enable-sdl2 --enable-libplacebo --enable-librav1e --enable-pocketsphinx --enable-librsvg --enable-libjxl --enable-shared
  libavutil      58. 29.100 / 58. 29.100
  libavcodec     60. 31.102 / 60. 31.102
  libavformat    60. 16.100 / 60. 16.100
  libavdevice    60.  3.100 / 60.  3.100
  libavfilter     9. 12.100 /  9. 12.100
  libswscale      7.  5.100 /  7.  5.100
  libswresample   4. 12.100 /  4. 12.100
  libpostproc    57.  3.100 / 57.  3.100
Input #0, mov,mp4,m4a,3gp,3g2,mj2, from '/data/suraj/kv-quant-longhorizon/results/runs/1773110004_presentation_moviegen_fullmatrix/videos/RTN_INT2/prompt_0007_seed_7.mp4':
  Metadata:
    major_brand     : isom
    minor_version   : 512
    compatible_brands: isomiso2avc1mp41
    encoder         : Lavf61.1.100
  Duration: 00:00:10.31, start: 0.000000, bitrate: 1038 kb/s
  Stream #0:0[0x1](und): Video: h264 (High) (avc1 / 0x31637661), yuv420p(progressive), 832x480, 1036 kb/s, 16 fps, 16 tbr, 16384 tbn (default)
    Metadata:
      handler_name    : VideoHandler
      vendor_id       : [0][0][0][0]
Stream mapping:
  Stream #0:0 -> #0:0 (h264 (native) -> h264 (libx264))
Press [q] to stop, [?] for help
[libx264 @ 0x6500fd147680] using cpu capabilities: MMX2 SSE2Fast SSSE3 SSE4.2 AVX FMA3 BMI2 AVX2
[libx264 @ 0x6500fd147680] profile High, level 3.0, 4:2:0, 8-bit
[libx264 @ 0x6500fd147680] 264 - core 164 r3108 31e19f9 - H.264/MPEG-4 AVC codec - Copyleft 2003-2023 - http://www.videolan.org/x264.html - options: cabac=1 ref=3 deblock=1:0:0 analyse=0x3:0x113 me=hex subme=7 psy=1 psy_rd=1.00:0.00 mixed_ref=1 me_range=16 chroma_me=1 trellis=1 8x8dct=1 cqm=0 deadzone=21,11 fast_pskip=1 chroma_qp_offset=-2 threads=15 lookahead_threads=2 sliced_threads=0 nr=0 decimate=1 interlaced=0 bluray_compat=0 constrained_intra=0 bframes=3 b_pyramid=2 b_adapt=1 b_bias=0 direct=1 weightb=1 open_gop=0 weightp=2 keyint=250 keyint_min=16 scenecut=40 intra_refresh=0 rc_lookahead=40 rc=crf mbtree=1 crf=23.0 qcomp=0.60 qpmin=0 qpmax=69 qpstep=4 ip_ratio=1.40 aq=1:1.00
Output #0, mp4, to '/data/vaishak/combined-kv-quant/results/combined/backfills/drift/moviegen/a5845b3e8ce92b43_RTN_INT2/RTN_INT2_frames_165/prompt_0007_seed_7.mp4':
  Metadata:
    major_brand     : isom
    minor_version   : 512
    compatible_brands: isomiso2avc1mp41
    encoder         : Lavf60.16.100
  Stream #0:0(und): Video: h264 (avc1 / 0x31637661), yuv420p(progressive), 832x480, q=2-31, 16 fps, 16384 tbn (default)
    Metadata:
      handler_name    : VideoHandler
      vendor_id       : [0][0][0][0]
      encoder         : Lavc60.31.102 libx264
    Side data:
      cpb: bitrate max/min/avg: 0/0/0 buffer size: 0 vbv_delay: N/A
frame=    0 fps=0.0 q=0.0 size=       0kB time=N/A bitrate=N/A speed=N/A    [out#0/mp4 @ 0x6500fd0c5000] video:1928kB audio:0kB subtitle:0kB other streams:0kB global headers:0kB muxing overhead: 0.144780%
frame=  165 fps=0.0 q=-1.0 Lsize=    1931kB time=00:00:10.12 bitrate=1562.5kbits/s speed=13.8x    
[libx264 @ 0x6500fd147680] frame I:2     Avg QP:22.29  size: 35038
[libx264 @ 0x6500fd147680] frame P:43    Avg QP:24.36  size: 21556
[libx264 @ 0x6500fd147680] frame B:120   Avg QP:26.06  size:  8142
[libx264 @ 0x6500fd147680] consecutive B-frames:  1.8%  3.6%  0.0% 94.5%
[libx264 @ 0x6500fd147680] mb I  I16..4:  9.5% 69.0% 21.5%
[libx264 @ 0x6500fd147680] mb P  I16..4:  5.8% 26.1%  4.6%  P16..4: 37.9% 18.0%  5.7%  0.0%  0.0%    skip: 1.9%
[libx264 @ 0x6500fd147680] mb B  I16..4:  1.2%  4.0%  0.6%  B16..8: 43.4% 12.8%  3.2%  direct: 6.3%  skip:28.4%  L0:49.5% L1:39.6% BI:10.9%
[libx264 @ 0x6500fd147680] 8x8 transform intra:70.4% inter:77.5%
[libx264 @ 0x6500fd147680] coded y,uvDC,uvAC intra: 69.5% 92.3% 46.6% inter: 30.5% 43.9% 2.9%
[libx264 @ 0x6500fd147680] i16 v,h,dc,p:  3% 39%  3% 55%
[libx264 @ 0x6500fd147680] i8 v,h,dc,ddl,ddr,vr,hd,vl,hu: 10% 32% 13%  5%  6%  5% 11%  5% 11%
[libx264 @ 0x6500fd147680] i4 v,h,dc,ddl,ddr,vr,hd,vl,hu: 11% 27% 13%  6%  8%  7% 12%  6% 11%
[libx264 @ 0x6500fd147680] i8c dc,h,v,p: 31% 39% 11% 20%
[libx264 @ 0x6500fd147680] Weighted P-Frames: Y:39.5% UV:34.9%
[libx264 @ 0x6500fd147680] ref P L0: 43.5% 14.2% 22.7% 15.5%  4.0%
[libx264 @ 0x6500fd147680] ref B L0: 80.8% 14.6%  4.6%
[libx264 @ 0x6500fd147680] ref B L1: 97.7%  2.3%
[libx264 @ 0x6500fd147680] kb/s:1531.37
ffmpeg version 6.1.1-3ubuntu5 Copyright (c) 2000-2023 the FFmpeg developers
  built with gcc 13 (Ubuntu 13.2.0-23ubuntu3)
  configuration: --prefix=/usr --extra-version=3ubuntu5 --toolchain=hardened --libdir=/usr/lib/x86_64-linux-gnu --incdir=/usr/include/x86_64-linux-gnu --arch=amd64 --enable-gpl --disable-stripping --disable-omx --enable-gnutls --enable-libaom --enable-libass --enable-libbs2b --enable-libcaca --enable-libcdio --enable-libcodec2 --enable-libdav1d --enable-libflite --enable-libfontconfig --enable-libfreetype --enable-libfribidi --enable-libglslang --enable-libgme --enable-libgsm --enable-libharfbuzz --enable-libmp3lame --enable-libmysofa --enable-libopenjpeg --enable-libopenmpt --enable-libopus --enable-librubberband --enable-libshine --enable-libsnappy --enable-libsoxr --enable-libspeex --enable-libtheora --enable-libtwolame --enable-libvidstab --enable-libvorbis --enable-libvpx --enable-libwebp --enable-libx265 --enable-libxml2 --enable-libxvid --enable-libzimg --enable-openal --enable-opencl --enable-opengl --disable-sndio --enable-libvpl --disable-libmfx --enable-libdc1394 --enable-libdrm --enable-libiec61883 --enable-chromaprint --enable-frei0r --enable-ladspa --enable-libbluray --enable-libjack --enable-libpulse --enable-librabbitmq --enable-librist --enable-libsrt --enable-libssh --enable-libsvtav1 --enable-libx264 --enable-libzmq --enable-libzvbi --enable-lv2 --enable-sdl2 --enable-libplacebo --enable-librav1e --enable-pocketsphinx --enable-librsvg --enable-libjxl --enable-shared
  libavutil      58. 29.100 / 58. 29.100
  libavcodec     60. 31.102 / 60. 31.102
  libavformat    60. 16.100 / 60. 16.100
  libavdevice    60.  3.100 / 60.  3.100
  libavfilter     9. 12.100 /  9. 12.100
  libswscale      7.  5.100 /  7.  5.100
  libswresample   4. 12.100 /  4. 12.100
  libpostproc    57.  3.100 / 57.  3.100
Input #0, mov,mp4,m4a,3gp,3g2,mj2, from '/data/suraj/kv-quant-longhorizon/results/runs/1773110004_presentation_moviegen_fullmatrix/videos/RTN_INT2/prompt_0008_seed_8.mp4':
  Metadata:
    major_brand     : isom
    minor_version   : 512
    compatible_brands: isomiso2avc1mp41
    encoder         : Lavf61.1.100
  Duration: 00:00:10.31, start: 0.000000, bitrate: 1074 kb/s
  Stream #0:0[0x1](und): Video: h264 (High) (avc1 / 0x31637661), yuv420p(progressive), 832x480, 1072 kb/s, 16 fps, 16 tbr, 16384 tbn (default)
    Metadata:
      handler_name    : VideoHandler
      vendor_id       : [0][0][0][0]
Stream mapping:
  Stream #0:0 -> #0:0 (h264 (native) -> h264 (libx264))
Press [q] to stop, [?] for help
[libx264 @ 0x621a5d863540] using cpu capabilities: MMX2 SSE2Fast SSSE3 SSE4.2 AVX FMA3 BMI2 AVX2
[libx264 @ 0x621a5d863540] profile High, level 3.0, 4:2:0, 8-bit
[libx264 @ 0x621a5d863540] 264 - core 164 r3108 31e19f9 - H.264/MPEG-4 AVC codec - Copyleft 2003-2023 - http://www.videolan.org/x264.html - options: cabac=1 ref=3 deblock=1:0:0 analyse=0x3:0x113 me=hex subme=7 psy=1 psy_rd=1.00:0.00 mixed_ref=1 me_range=16 chroma_me=1 trellis=1 8x8dct=1 cqm=0 deadzone=21,11 fast_pskip=1 chroma_qp_offset=-2 threads=15 lookahead_threads=2 sliced_threads=0 nr=0 decimate=1 interlaced=0 bluray_compat=0 constrained_intra=0 bframes=3 b_pyramid=2 b_adapt=1 b_bias=0 direct=1 weightb=1 open_gop=0 weightp=2 keyint=250 keyint_min=16 scenecut=40 intra_refresh=0 rc_lookahead=40 rc=crf mbtree=1 crf=23.0 qcomp=0.60 qpmin=0 qpmax=69 qpstep=4 ip_ratio=1.40 aq=1:1.00
Output #0, mp4, to '/data/vaishak/combined-kv-quant/results/combined/backfills/drift/moviegen/a5845b3e8ce92b43_RTN_INT2/RTN_INT2_frames_165/prompt_0008_seed_8.mp4':
  Metadata:
    major_brand     : isom
    minor_version   : 512
    compatible_brands: isomiso2avc1mp41
    encoder         : Lavf60.16.100
  Stream #0:0(und): Video: h264 (avc1 / 0x31637661), yuv420p(progressive), 832x480, q=2-31, 16 fps, 16384 tbn (default)
    Metadata:
      handler_name    : VideoHandler
      vendor_id       : [0][0][0][0]
      encoder         : Lavc60.31.102 libx264
    Side data:
      cpb: bitrate max/min/avg: 0/0/0 buffer size: 0 vbv_delay: N/A
frame=    0 fps=0.0 q=0.0 size=       0kB time=N/A bitrate=N/A speed=N/A    [out#0/mp4 @ 0x621a5d7ddd80] video:1214kB audio:0kB subtitle:0kB other streams:0kB global headers:0kB muxing overhead: 0.220050%
frame=  165 fps=0.0 q=-1.0 Lsize=    1216kB time=00:00:10.12 bitrate= 984.2kbits/s speed=14.9x    
[libx264 @ 0x621a5d863540] frame I:1     Avg QP:20.41  size: 45868
[libx264 @ 0x621a5d863540] frame P:72    Avg QP:22.61  size: 12887
[libx264 @ 0x621a5d863540] frame B:92    Avg QP:25.91  size:  2918
[libx264 @ 0x621a5d863540] consecutive B-frames: 15.2% 27.9% 10.9% 46.1%
[libx264 @ 0x621a5d863540] mb I  I16..4:  7.6% 56.2% 36.2%
[libx264 @ 0x621a5d863540] mb P  I16..4:  2.0%  5.0%  0.5%  P16..4: 54.9% 22.1%  8.2%  0.0%  0.0%    skip: 7.4%
[libx264 @ 0x621a5d863540] mb B  I16..4:  0.1%  0.3%  0.0%  B16..8: 37.1%  4.9%  0.7%  direct: 6.3%  skip:50.7%  L0:57.9% L1:31.7% BI:10.5%
[libx264 @ 0x621a5d863540] 8x8 transform intra:65.1% inter:71.4%
[libx264 @ 0x621a5d863540] coded y,uvDC,uvAC intra: 56.4% 94.6% 61.1% inter: 26.6% 42.9% 3.9%
[libx264 @ 0x621a5d863540] i16 v,h,dc,p:  6% 37%  6% 51%
[libx264 @ 0x621a5d863540] i8 v,h,dc,ddl,ddr,vr,hd,vl,hu: 13% 30% 16%  4%  7%  6% 10%  5%  8%
[libx264 @ 0x621a5d863540] i4 v,h,dc,ddl,ddr,vr,hd,vl,hu: 14% 24% 13%  7% 11%  7% 10%  6%  7%
[libx264 @ 0x621a5d863540] i8c dc,h,v,p: 29% 35% 11% 24%
[libx264 @ 0x621a5d863540] Weighted P-Frames: Y:54.2% UV:44.4%
[libx264 @ 0x621a5d863540] ref P L0: 55.1% 20.4% 15.8%  6.2%  2.4%
[libx264 @ 0x621a5d863540] ref B L0: 88.9%  9.1%  2.1%
[libx264 @ 0x621a5d863540] ref B L1: 97.4%  2.6%
[libx264 @ 0x621a5d863540] kb/s:963.65
ffmpeg version 6.1.1-3ubuntu5 Copyright (c) 2000-2023 the FFmpeg developers
  built with gcc 13 (Ubuntu 13.2.0-23ubuntu3)
  configuration: --prefix=/usr --extra-version=3ubuntu5 --toolchain=hardened --libdir=/usr/lib/x86_64-linux-gnu --incdir=/usr/include/x86_64-linux-gnu --arch=amd64 --enable-gpl --disable-stripping --disable-omx --enable-gnutls --enable-libaom --enable-libass --enable-libbs2b --enable-libcaca --enable-libcdio --enable-libcodec2 --enable-libdav1d --enable-libflite --enable-libfontconfig --enable-libfreetype --enable-libfribidi --enable-libglslang --enable-libgme --enable-libgsm --enable-libharfbuzz --enable-libmp3lame --enable-libmysofa --enable-libopenjpeg --enable-libopenmpt --enable-libopus --enable-librubberband --enable-libshine --enable-libsnappy --enable-libsoxr --enable-libspeex --enable-libtheora --enable-libtwolame --enable-libvidstab --enable-libvorbis --enable-libvpx --enable-libwebp --enable-libx265 --enable-libxml2 --enable-libxvid --enable-libzimg --enable-openal --enable-opencl --enable-opengl --disable-sndio --enable-libvpl --disable-libmfx --enable-libdc1394 --enable-libdrm --enable-libiec61883 --enable-chromaprint --enable-frei0r --enable-ladspa --enable-libbluray --enable-libjack --enable-libpulse --enable-librabbitmq --enable-librist --enable-libsrt --enable-libssh --enable-libsvtav1 --enable-libx264 --enable-libzmq --enable-libzvbi --enable-lv2 --enable-sdl2 --enable-libplacebo --enable-librav1e --enable-pocketsphinx --enable-librsvg --enable-libjxl --enable-shared
  libavutil      58. 29.100 / 58. 29.100
  libavcodec     60. 31.102 / 60. 31.102
  libavformat    60. 16.100 / 60. 16.100
  libavdevice    60.  3.100 / 60.  3.100
  libavfilter     9. 12.100 /  9. 12.100
  libswscale      7.  5.100 /  7.  5.100
  libswresample   4. 12.100 /  4. 12.100
  libpostproc    57.  3.100 / 57.  3.100
Input #0, mov,mp4,m4a,3gp,3g2,mj2, from '/data/suraj/kv-quant-longhorizon/results/runs/1773110004_presentation_moviegen_fullmatrix/videos/RTN_INT2/prompt_0009_seed_9.mp4':
  Metadata:
    major_brand     : isom
    minor_version   : 512
    compatible_brands: isomiso2avc1mp41
    encoder         : Lavf61.1.100
  Duration: 00:00:10.31, start: 0.000000, bitrate: 1132 kb/s
  Stream #0:0[0x1](und): Video: h264 (High) (avc1 / 0x31637661), yuv420p(progressive), 832x480, 1130 kb/s, 16 fps, 16 tbr, 16384 tbn (default)
    Metadata:
      handler_name    : VideoHandler
      vendor_id       : [0][0][0][0]
Stream mapping:
  Stream #0:0 -> #0:0 (h264 (native) -> h264 (libx264))
Press [q] to stop, [?] for help
[libx264 @ 0x5c3eb5a94700] using cpu capabilities: MMX2 SSE2Fast SSSE3 SSE4.2 AVX FMA3 BMI2 AVX2
[libx264 @ 0x5c3eb5a94700] profile High, level 3.0, 4:2:0, 8-bit
[libx264 @ 0x5c3eb5a94700] 264 - core 164 r3108 31e19f9 - H.264/MPEG-4 AVC codec - Copyleft 2003-2023 - http://www.videolan.org/x264.html - options: cabac=1 ref=3 deblock=1:0:0 analyse=0x3:0x113 me=hex subme=7 psy=1 psy_rd=1.00:0.00 mixed_ref=1 me_range=16 chroma_me=1 trellis=1 8x8dct=1 cqm=0 deadzone=21,11 fast_pskip=1 chroma_qp_offset=-2 threads=15 lookahead_threads=2 sliced_threads=0 nr=0 decimate=1 interlaced=0 bluray_compat=0 constrained_intra=0 bframes=3 b_pyramid=2 b_adapt=1 b_bias=0 direct=1 weightb=1 open_gop=0 weightp=2 keyint=250 keyint_min=16 scenecut=40 intra_refresh=0 rc_lookahead=40 rc=crf mbtree=1 crf=23.0 qcomp=0.60 qpmin=0 qpmax=69 qpstep=4 ip_ratio=1.40 aq=1:1.00
Output #0, mp4, to '/data/vaishak/combined-kv-quant/results/combined/backfills/drift/moviegen/a5845b3e8ce92b43_RTN_INT2/RTN_INT2_frames_165/prompt_0009_seed_9.mp4':
  Metadata:
    major_brand     : isom
    minor_version   : 512
    compatible_brands: isomiso2avc1mp41
    encoder         : Lavf60.16.100
  Stream #0:0(und): Video: h264 (avc1 / 0x31637661), yuv420p(progressive), 832x480, q=2-31, 16 fps, 16384 tbn (default)
    Metadata:
      handler_name    : VideoHandler
      vendor_id       : [0][0][0][0]
      encoder         : Lavc60.31.102 libx264
    Side data:
      cpb: bitrate max/min/avg: 0/0/0 buffer size: 0 vbv_delay: N/A
frame=    0 fps=0.0 q=0.0 size=       0kB time=N/A bitrate=N/A speed=N/A    [out#0/mp4 @ 0x5c3eb5a93100] video:2640kB audio:0kB subtitle:0kB other streams:0kB global headers:0kB muxing overhead: 0.105757%
frame=  165 fps=0.0 q=-1.0 Lsize=    2643kB time=00:00:10.12 bitrate=2138.3kbits/s speed=13.6x    
[libx264 @ 0x5c3eb5a94700] frame I:2     Avg QP:22.26  size: 64406
[libx264 @ 0x5c3eb5a94700] frame P:43    Avg QP:24.57  size: 35399
[libx264 @ 0x5c3eb5a94700] frame B:120   Avg QP:27.39  size:  8764
[libx264 @ 0x5c3eb5a94700] consecutive B-frames:  2.4%  1.2%  1.8% 94.5%
[libx264 @ 0x5c3eb5a94700] mb I  I16..4:  2.6% 64.8% 32.6%
[libx264 @ 0x5c3eb5a94700] mb P  I16..4:  1.1% 20.8%  4.8%  P16..4: 33.5% 23.8% 12.8%  0.0%  0.0%    skip: 3.2%
[libx264 @ 0x5c3eb5a94700] mb B  I16..4:  0.2%  1.5%  0.7%  B16..8: 43.6% 11.6%  5.3%  direct: 5.0%  skip:32.2%  L0:56.5% L1:31.4% BI:12.1%
[libx264 @ 0x5c3eb5a94700] 8x8 transform intra:73.9% inter:64.8%
[libx264 @ 0x5c3eb5a94700] coded y,uvDC,uvAC intra: 90.1% 82.6% 29.0% inter: 34.4% 24.9% 1.2%
[libx264 @ 0x5c3eb5a94700] i16 v,h,dc,p:  9% 37% 17% 37%
[libx264 @ 0x5c3eb5a94700] i8 v,h,dc,ddl,ddr,vr,hd,vl,hu: 12% 23% 16%  5%  7%  7% 11%  6% 12%
[libx264 @ 0x5c3eb5a94700] i4 v,h,dc,ddl,ddr,vr,hd,vl,hu: 13% 22% 14%  6%  9%  7% 12%  6% 10%
[libx264 @ 0x5c3eb5a94700] i8c dc,h,v,p: 42% 30% 15% 13%
[libx264 @ 0x5c3eb5a94700] Weighted P-Frames: Y:46.5% UV:23.3%
[libx264 @ 0x5c3eb5a94700] ref P L0: 40.3% 21.9% 20.5% 12.9%  4.4%
[libx264 @ 0x5c3eb5a94700] ref B L0: 83.3% 12.8%  4.0%
[libx264 @ 0x5c3eb5a94700] ref B L1: 98.9%  1.1%
[libx264 @ 0x5c3eb5a94700] kb/s:2096.62
[rank0]:[W310 23:01:07.719937156 ProcessGroupNCCL.cpp:4115] [PG ID 0 PG GUID 0 Rank 0]  using GPU 0 to perform barrier as devices used by this process are currently unknown. This can potentially cause a hang if this rank to GPU mapping is incorrect.Specify device_ids in barrier() to force use of a particular device,or call init_process_group() with a device_id.
/home/suraj/miniforge3/envs/qvg_sf_eval/lib/python3.10/site-packages/clip/clip.py:6: UserWarning: pkg_resources is deprecated as an API. See https://setuptools.pypa.io/en/latest/pkg_resources.html. The pkg_resources package is slated for removal as early as 2025-11-30. Refrain from using this package or pin to Setuptools<81.
  from pkg_resources import packaging
/home/suraj/miniforge3/envs/qvg_sf_eval/lib/python3.10/site-packages/timm/models/layers/__init__.py:48: FutureWarning: Importing from timm.models.layers is deprecated, please import via timm.layers
  warnings.warn(f"Importing from {__name__} is deprecated, please import via timm.layers", FutureWarning)
/home/suraj/miniforge3/envs/qvg_sf_eval/lib/python3.10/site-packages/pyiqa/archs/arch_util.py:118: FutureWarning: You are using `torch.load` with `weights_only=False` (the current default value), which uses the default pickle module implicitly. It is possible to construct malicious pickle data which will execute arbitrary code during unpickling (See https://github.com/pytorch/pytorch/blob/main/SECURITY.md#untrusted-models for more details). In a future release, the default value for `weights_only` will be flipped to `True`. This limits the functions that could be executed during unpickling. Arbitrary objects will no longer be allowed to be loaded via this mode unless they are explicitly allowlisted by the user via `torch.serialization.add_safe_globals`. We recommend you start setting `weights_only=True` for any use case where you don't have full control of the loaded file. Please open an issue on GitHub for any issues related to this experimental feature.
  state_dict = torch.load(model_path, map_location=torch.device("cpu"))
args: Namespace(output_path='/data/vaishak/combined-kv-quant/results/combined/backfills/drift/moviegen/a5845b3e8ce92b43_RTN_INT2/vbench_RTN_INT2_165', full_json_dir='/data/vaishak/combined-kv-quant/third_party/VBench/vbench/VBench_full_info.json', videos_path='/data/vaishak/combined-kv-quant/results/combined/backfills/drift/moviegen/a5845b3e8ce92b43_RTN_INT2/RTN_INT2_frames_165', dimension=['imaging_quality'], load_ckpt_from_local=None, read_frame=None, mode='custom_input', prompt='None', prompt_file='/data/vaishak/combined-kv-quant/results/combined/backfills/drift/moviegen/a5845b3e8ce92b43_RTN_INT2/prompt_map_165.json', category=None, imaging_quality_preprocessing_mode='longer')
start evaluation
Evaluation meta data saved to /data/vaishak/combined-kv-quant/results/combined/backfills/drift/moviegen/a5845b3e8ce92b43_RTN_INT2/vbench_RTN_INT2_165/results_2026-03-10-23:01:07_full_info.json
cur_full_info_path: /data/vaishak/combined-kv-quant/results/combined/backfills/drift/moviegen/a5845b3e8ce92b43_RTN_INT2/vbench_RTN_INT2_165/results_2026-03-10-23:01:07_full_info.json
Loading pretrained model MUSIQ from /home/vaishak/.cache/vbench/pyiqa_model/musiq_spaq_ckpt-358bb6af.pth
  0%|          | 0/10 [00:00<?, ?it/s] 10%|█         | 1/10 [00:04<00:41,  4.63s/it] 20%|██        | 2/10 [00:10<00:42,  5.33s/it] 30%|███       | 3/10 [00:17<00:42,  6.05s/it] 40%|████      | 4/10 [00:24<00:39,  6.53s/it] 50%|█████     | 5/10 [00:31<00:33,  6.69s/it] 60%|██████    | 6/10 [00:36<00:24,  6.22s/it] 70%|███████   | 7/10 [00:41<00:17,  5.73s/it] 80%|████████  | 8/10 [00:46<00:10,  5.50s/it] 90%|█████████ | 9/10 [00:51<00:05,  5.25s/it]100%|██████████| 10/10 [00:55<00:00,  4.99s/it]100%|██████████| 10/10 [00:55<00:00,  5.57s/it]
Evaluation results saved to /data/vaishak/combined-kv-quant/results/combined/backfills/drift/moviegen/a5845b3e8ce92b43_RTN_INT2/vbench_RTN_INT2_165/results_2026-03-10-23:01:07_eval_results.json
done
[rank0]:[W310 23:02:05.856898906 ProcessGroupNCCL.cpp:1250] Warning: WARNING: process group has NOT been destroyed before we destruct ProcessGroupNCCL. On normal program exit, the application should call destroy_process_group to ensure that any pending NCCL operations have finished in this process. In rare cases this process can exit before this point and block the progress of another member of the process group. This constraint has always been present,  but this warning has only been added since PyTorch 2.4 (function operator())
{
  "method": "RTN_INT2",
  "frame_step": 165,
  "max_frames": 165,
  "curve": [
    {
      "frame_cap": 165,
      "imaging_quality": [
        0.5617108896428887,
        [
          {
            "video_path": "/data/vaishak/combined-kv-quant/results/combined/backfills/drift/moviegen/a5845b3e8ce92b43_RTN_INT2/RTN_INT2_frames_165/prompt_0007_seed_7.mp4",
            "video_results": 61.768966767282194
          },
          {
            "video_path": "/data/vaishak/combined-kv-quant/results/combined/backfills/drift/moviegen/a5845b3e8ce92b43_RTN_INT2/RTN_INT2_frames_165/prompt_0006_seed_6.mp4",
            "video_results": 45.370326105753584
          },
          {
            "video_path": "/data/vaishak/combined-kv-quant/results/combined/backfills/drift/moviegen/a5845b3e8ce92b43_RTN_INT2/RTN_INT2_frames_165/prompt_0004_seed_4.mp4",
            "video_results": 49.285618764703926
          },
          {
            "video_path": "/data/vaishak/combined-kv-quant/results/combined/backfills/drift/moviegen/a5845b3e8ce92b43_RTN_INT2/RTN_INT2_frames_165/prompt_0003_seed_3.mp4",
            "video_results": 56.66830245509292
          },
          {
            "video_path": "/data/vaishak/combined-kv-quant/results/combined/backfills/drift/moviegen/a5845b3e8ce92b43_RTN_INT2/RTN_INT2_frames_165/prompt_0005_seed_5.mp4",
            "video_results": 63.65341833866004
          },
          {
            "video_path": "/data/vaishak/combined-kv-quant/results/combined/backfills/drift/moviegen/a5845b3e8ce92b43_RTN_INT2/RTN_INT2_frames_165/prompt_0002_seed_2.mp4",
            "video_results": 59.715995002515385
          },
          {
            "video_path": "/data/vaishak/combined-kv-quant/results/combined/backfills/drift/moviegen/a5845b3e8ce92b43_RTN_INT2/RTN_INT2_frames_165/prompt_0001_seed_1.mp4",
            "video_results": 61.4017973466353
          },
          {
            "video_path": "/data/vaishak/combined-kv-quant/results/combined/backfills/drift/moviegen/a5845b3e8ce92b43_RTN_INT2/RTN_INT2_frames_165/prompt_0009_seed_9.mp4",
            "video_results": 63.16777094060724
          },
          {
            "video_path": "/data/vaishak/combined-kv-quant/results/combined/backfills/drift/moviegen/a5845b3e8ce92b43_RTN_INT2/RTN_INT2_frames_165/prompt_0008_seed_8.mp4",
            "video_results": 57.93096402486165
          },
          {
            "video_path": "/data/vaishak/combined-kv-quant/results/combined/backfills/drift/moviegen/a5845b3e8ce92b43_RTN_INT2/RTN_INT2_frames_165/prompt_0000_seed_0.mp4",
            "video_results": 42.747729896776605
          }
        ]
      ]
    }
  ]
}
ffmpeg version 6.1.1-3ubuntu5 Copyright (c) 2000-2023 the FFmpeg developers
  built with gcc 13 (Ubuntu 13.2.0-23ubuntu3)
  configuration: --prefix=/usr --extra-version=3ubuntu5 --toolchain=hardened --libdir=/usr/lib/x86_64-linux-gnu --incdir=/usr/include/x86_64-linux-gnu --arch=amd64 --enable-gpl --disable-stripping --disable-omx --enable-gnutls --enable-libaom --enable-libass --enable-libbs2b --enable-libcaca --enable-libcdio --enable-libcodec2 --enable-libdav1d --enable-libflite --enable-libfontconfig --enable-libfreetype --enable-libfribidi --enable-libglslang --enable-libgme --enable-libgsm --enable-libharfbuzz --enable-libmp3lame --enable-libmysofa --enable-libopenjpeg --enable-libopenmpt --enable-libopus --enable-librubberband --enable-libshine --enable-libsnappy --enable-libsoxr --enable-libspeex --enable-libtheora --enable-libtwolame --enable-libvidstab --enable-libvorbis --enable-libvpx --enable-libwebp --enable-libx265 --enable-libxml2 --enable-libxvid --enable-libzimg --enable-openal --enable-opencl --enable-opengl --disable-sndio --enable-libvpl --disable-libmfx --enable-libdc1394 --enable-libdrm --enable-libiec61883 --enable-chromaprint --enable-frei0r --enable-ladspa --enable-libbluray --enable-libjack --enable-libpulse --enable-librabbitmq --enable-librist --enable-libsrt --enable-libssh --enable-libsvtav1 --enable-libx264 --enable-libzmq --enable-libzvbi --enable-lv2 --enable-sdl2 --enable-libplacebo --enable-librav1e --enable-pocketsphinx --enable-librsvg --enable-libjxl --enable-shared
  libavutil      58. 29.100 / 58. 29.100
  libavcodec     60. 31.102 / 60. 31.102
  libavformat    60. 16.100 / 60. 16.100
  libavdevice    60.  3.100 / 60.  3.100
  libavfilter     9. 12.100 /  9. 12.100
  libswscale      7.  5.100 /  7.  5.100
  libswresample   4. 12.100 /  4. 12.100
  libpostproc    57.  3.100 / 57.  3.100
Input #0, mov,mp4,m4a,3gp,3g2,mj2, from '/data/vaishak/combined-kv-quant/results/runs/backfill_prq_int4_23a612bd2862_10s/videos/PRQ_INT4/prompt_0000_seed_0.mp4':
  Metadata:
    major_brand     : isom
    minor_version   : 512
    compatible_brands: isomiso2avc1mp41
    encoder         : Lavf61.1.100
  Duration: 00:00:10.31, start: 0.000000, bitrate: 985 kb/s
  Stream #0:0[0x1](und): Video: h264 (High) (avc1 / 0x31637661), yuv420p(progressive), 832x480, 983 kb/s, 16 fps, 16 tbr, 16384 tbn (default)
    Metadata:
      handler_name    : VideoHandler
      vendor_id       : [0][0][0][0]
Stream mapping:
  Stream #0:0 -> #0:0 (h264 (native) -> h264 (libx264))
Press [q] to stop, [?] for help
[libx264 @ 0x5fd326c36500] using cpu capabilities: MMX2 SSE2Fast SSSE3 SSE4.2 AVX FMA3 BMI2 AVX2
[libx264 @ 0x5fd326c36500] profile High, level 3.0, 4:2:0, 8-bit
[libx264 @ 0x5fd326c36500] 264 - core 164 r3108 31e19f9 - H.264/MPEG-4 AVC codec - Copyleft 2003-2023 - http://www.videolan.org/x264.html - options: cabac=1 ref=3 deblock=1:0:0 analyse=0x3:0x113 me=hex subme=7 psy=1 psy_rd=1.00:0.00 mixed_ref=1 me_range=16 chroma_me=1 trellis=1 8x8dct=1 cqm=0 deadzone=21,11 fast_pskip=1 chroma_qp_offset=-2 threads=15 lookahead_threads=2 sliced_threads=0 nr=0 decimate=1 interlaced=0 bluray_compat=0 constrained_intra=0 bframes=3 b_pyramid=2 b_adapt=1 b_bias=0 direct=1 weightb=1 open_gop=0 weightp=2 keyint=250 keyint_min=16 scenecut=40 intra_refresh=0 rc_lookahead=40 rc=crf mbtree=1 crf=23.0 qcomp=0.60 qpmin=0 qpmax=69 qpstep=4 ip_ratio=1.40 aq=1:1.00
Output #0, mp4, to '/data/vaishak/combined-kv-quant/results/combined/backfills/drift/moviegen/50ee67a1d4abb902_PRQ_INT4/PRQ_INT4_frames_165/prompt_0000_seed_0.mp4':
  Metadata:
    major_brand     : isom
    minor_version   : 512
    compatible_brands: isomiso2avc1mp41
    encoder         : Lavf60.16.100
  Stream #0:0(und): Video: h264 (avc1 / 0x31637661), yuv420p(progressive), 832x480, q=2-31, 16 fps, 16384 tbn (default)
    Metadata:
      handler_name    : VideoHandler
      vendor_id       : [0][0][0][0]
      encoder         : Lavc60.31.102 libx264
    Side data:
      cpb: bitrate max/min/avg: 0/0/0 buffer size: 0 vbv_delay: N/A
frame=    0 fps=0.0 q=0.0 size=       0kB time=N/A bitrate=N/A speed=N/A    [out#0/mp4 @ 0x5fd326ba9040] video:1480kB audio:0kB subtitle:0kB other streams:0kB global headers:0kB muxing overhead: 0.185782%
frame=  165 fps=0.0 q=-1.0 Lsize=    1482kB time=00:00:10.12 bitrate=1199.4kbits/s speed=16.8x    
[libx264 @ 0x5fd326c36500] frame I:1     Avg QP:23.54  size: 66935
[libx264 @ 0x5fd326c36500] frame P:45    Avg QP:23.96  size: 19839
[libx264 @ 0x5fd326c36500] frame B:119   Avg QP:28.48  size:  4663
[libx264 @ 0x5fd326c36500] consecutive B-frames:  1.8%  3.6%  7.3% 87.3%
[libx264 @ 0x5fd326c36500] mb I  I16..4:  1.5% 56.2% 42.4%
[libx264 @ 0x5fd326c36500] mb P  I16..4:  1.7% 10.4%  3.1%  P16..4: 36.7% 30.6% 14.0%  0.0%  0.0%    skip: 3.4%
[libx264 @ 0x5fd326c36500] mb B  I16..4:  0.3%  0.8%  0.3%  B16..8: 45.5% 11.7%  2.6%  direct: 2.8%  skip:36.0%  L0:38.3% L1:45.2% BI:16.5%
[libx264 @ 0x5fd326c36500] 8x8 transform intra:65.6% inter:68.0%
[libx264 @ 0x5fd326c36500] coded y,uvDC,uvAC intra: 71.0% 92.2% 64.6% inter: 23.2% 28.3% 5.2%
[libx264 @ 0x5fd326c36500] i16 v,h,dc,p: 47% 14%  8% 31%
[libx264 @ 0x5fd326c36500] i8 v,h,dc,ddl,ddr,vr,hd,vl,hu: 33% 14% 13%  5%  5%  9%  5%  8%  8%
[libx264 @ 0x5fd326c36500] i4 v,h,dc,ddl,ddr,vr,hd,vl,hu: 36% 13% 14%  5%  5%  9%  6%  7%  5%
[libx264 @ 0x5fd326c36500] i8c dc,h,v,p: 34% 14% 38% 14%
[libx264 @ 0x5fd326c36500] Weighted P-Frames: Y:2.2% UV:0.0%
[libx264 @ 0x5fd326c36500] ref P L0: 54.9% 27.3% 13.5%  4.2%  0.0%
[libx264 @ 0x5fd326c36500] ref B L0: 94.5%  4.6%  0.9%
[libx264 @ 0x5fd326c36500] ref B L1: 98.9%  1.1%
[libx264 @ 0x5fd326c36500] kb/s:1174.90
ffmpeg version 6.1.1-3ubuntu5 Copyright (c) 2000-2023 the FFmpeg developers
  built with gcc 13 (Ubuntu 13.2.0-23ubuntu3)
  configuration: --prefix=/usr --extra-version=3ubuntu5 --toolchain=hardened --libdir=/usr/lib/x86_64-linux-gnu --incdir=/usr/include/x86_64-linux-gnu --arch=amd64 --enable-gpl --disable-stripping --disable-omx --enable-gnutls --enable-libaom --enable-libass --enable-libbs2b --enable-libcaca --enable-libcdio --enable-libcodec2 --enable-libdav1d --enable-libflite --enable-libfontconfig --enable-libfreetype --enable-libfribidi --enable-libglslang --enable-libgme --enable-libgsm --enable-libharfbuzz --enable-libmp3lame --enable-libmysofa --enable-libopenjpeg --enable-libopenmpt --enable-libopus --enable-librubberband --enable-libshine --enable-libsnappy --enable-libsoxr --enable-libspeex --enable-libtheora --enable-libtwolame --enable-libvidstab --enable-libvorbis --enable-libvpx --enable-libwebp --enable-libx265 --enable-libxml2 --enable-libxvid --enable-libzimg --enable-openal --enable-opencl --enable-opengl --disable-sndio --enable-libvpl --disable-libmfx --enable-libdc1394 --enable-libdrm --enable-libiec61883 --enable-chromaprint --enable-frei0r --enable-ladspa --enable-libbluray --enable-libjack --enable-libpulse --enable-librabbitmq --enable-librist --enable-libsrt --enable-libssh --enable-libsvtav1 --enable-libx264 --enable-libzmq --enable-libzvbi --enable-lv2 --enable-sdl2 --enable-libplacebo --enable-librav1e --enable-pocketsphinx --enable-librsvg --enable-libjxl --enable-shared
  libavutil      58. 29.100 / 58. 29.100
  libavcodec     60. 31.102 / 60. 31.102
  libavformat    60. 16.100 / 60. 16.100
  libavdevice    60.  3.100 / 60.  3.100
  libavfilter     9. 12.100 /  9. 12.100
  libswscale      7.  5.100 /  7.  5.100
  libswresample   4. 12.100 /  4. 12.100
  libpostproc    57.  3.100 / 57.  3.100
Input #0, mov,mp4,m4a,3gp,3g2,mj2, from '/data/vaishak/combined-kv-quant/results/runs/backfill_prq_int4_23a612bd2862_10s/videos/PRQ_INT4/prompt_0001_seed_1.mp4':
  Metadata:
    major_brand     : isom
    minor_version   : 512
    compatible_brands: isomiso2avc1mp41
    encoder         : Lavf61.1.100
  Duration: 00:00:10.31, start: 0.000000, bitrate: 929 kb/s
  Stream #0:0[0x1](und): Video: h264 (High) (avc1 / 0x31637661), yuv420p(progressive), 832x480, 927 kb/s, 16 fps, 16 tbr, 16384 tbn (default)
    Metadata:
      handler_name    : VideoHandler
      vendor_id       : [0][0][0][0]
Stream mapping:
  Stream #0:0 -> #0:0 (h264 (native) -> h264 (libx264))
Press [q] to stop, [?] for help
[libx264 @ 0x55773e6e9700] using cpu capabilities: MMX2 SSE2Fast SSSE3 SSE4.2 AVX FMA3 BMI2 AVX2
[libx264 @ 0x55773e6e9700] profile High, level 3.0, 4:2:0, 8-bit
[libx264 @ 0x55773e6e9700] 264 - core 164 r3108 31e19f9 - H.264/MPEG-4 AVC codec - Copyleft 2003-2023 - http://www.videolan.org/x264.html - options: cabac=1 ref=3 deblock=1:0:0 analyse=0x3:0x113 me=hex subme=7 psy=1 psy_rd=1.00:0.00 mixed_ref=1 me_range=16 chroma_me=1 trellis=1 8x8dct=1 cqm=0 deadzone=21,11 fast_pskip=1 chroma_qp_offset=-2 threads=15 lookahead_threads=2 sliced_threads=0 nr=0 decimate=1 interlaced=0 bluray_compat=0 constrained_intra=0 bframes=3 b_pyramid=2 b_adapt=1 b_bias=0 direct=1 weightb=1 open_gop=0 weightp=2 keyint=250 keyint_min=16 scenecut=40 intra_refresh=0 rc_lookahead=40 rc=crf mbtree=1 crf=23.0 qcomp=0.60 qpmin=0 qpmax=69 qpstep=4 ip_ratio=1.40 aq=1:1.00
Output #0, mp4, to '/data/vaishak/combined-kv-quant/results/combined/backfills/drift/moviegen/50ee67a1d4abb902_PRQ_INT4/PRQ_INT4_frames_165/prompt_0001_seed_1.mp4':
  Metadata:
    major_brand     : isom
    minor_version   : 512
    compatible_brands: isomiso2avc1mp41
    encoder         : Lavf60.16.100
  Stream #0:0(und): Video: h264 (avc1 / 0x31637661), yuv420p(progressive), 832x480, q=2-31, 16 fps, 16384 tbn (default)
    Metadata:
      handler_name    : VideoHandler
      vendor_id       : [0][0][0][0]
      encoder         : Lavc60.31.102 libx264
    Side data:
      cpb: bitrate max/min/avg: 0/0/0 buffer size: 0 vbv_delay: N/A
frame=    0 fps=0.0 q=0.0 size=       0kB time=N/A bitrate=N/A speed=N/A    [out#0/mp4 @ 0x55773e65c040] video:1409kB audio:0kB subtitle:0kB other streams:0kB global headers:0kB muxing overhead: 0.197340%
frame=  165 fps=0.0 q=-1.0 Lsize=    1412kB time=00:00:10.12 bitrate=1142.2kbits/s speed=17.2x    
[libx264 @ 0x55773e6e9700] frame I:1     Avg QP:22.29  size: 67158
[libx264 @ 0x55773e6e9700] frame P:43    Avg QP:21.99  size: 23264
[libx264 @ 0x55773e6e9700] frame B:121   Avg QP:26.60  size:  3095
[libx264 @ 0x55773e6e9700] consecutive B-frames:  1.2%  2.4%  1.8% 94.5%
[libx264 @ 0x55773e6e9700] mb I  I16..4:  0.3% 66.4% 33.3%
[libx264 @ 0x55773e6e9700] mb P  I16..4:  0.4%  2.6%  0.7%  P16..4: 41.1% 30.7% 18.0%  0.0%  0.0%    skip: 6.5%
[libx264 @ 0x55773e6e9700] mb B  I16..4:  0.0%  0.1%  0.0%  B16..8: 49.4%  6.0%  1.8%  direct: 1.7%  skip:41.0%  L0:41.4% L1:47.7% BI:11.0%
[libx264 @ 0x55773e6e9700] 8x8 transform intra:68.9% inter:62.3%
[libx264 @ 0x55773e6e9700] coded y,uvDC,uvAC intra: 78.0% 82.7% 53.5% inter: 20.9% 17.1% 0.6%
[libx264 @ 0x55773e6e9700] i16 v,h,dc,p: 20% 42% 17% 20%
[libx264 @ 0x55773e6e9700] i8 v,h,dc,ddl,ddr,vr,hd,vl,hu: 12% 28% 19%  4%  6%  5% 11%  6%  9%
[libx264 @ 0x55773e6e9700] i4 v,h,dc,ddl,ddr,vr,hd,vl,hu: 11% 25% 13%  6%  8%  7% 13%  7% 10%
[libx264 @ 0x55773e6e9700] i8c dc,h,v,p: 44% 33% 12% 11%
[libx264 @ 0x55773e6e9700] Weighted P-Frames: Y:14.0% UV:2.3%
[libx264 @ 0x55773e6e9700] ref P L0: 56.7% 27.6% 12.5%  2.9%  0.3%
[libx264 @ 0x55773e6e9700] ref B L0: 95.0%  4.4%  0.6%
[libx264 @ 0x55773e6e9700] ref B L1: 98.9%  1.1%
[libx264 @ 0x55773e6e9700] kb/s:1118.64
ffmpeg version 6.1.1-3ubuntu5 Copyright (c) 2000-2023 the FFmpeg developers
  built with gcc 13 (Ubuntu 13.2.0-23ubuntu3)
  configuration: --prefix=/usr --extra-version=3ubuntu5 --toolchain=hardened --libdir=/usr/lib/x86_64-linux-gnu --incdir=/usr/include/x86_64-linux-gnu --arch=amd64 --enable-gpl --disable-stripping --disable-omx --enable-gnutls --enable-libaom --enable-libass --enable-libbs2b --enable-libcaca --enable-libcdio --enable-libcodec2 --enable-libdav1d --enable-libflite --enable-libfontconfig --enable-libfreetype --enable-libfribidi --enable-libglslang --enable-libgme --enable-libgsm --enable-libharfbuzz --enable-libmp3lame --enable-libmysofa --enable-libopenjpeg --enable-libopenmpt --enable-libopus --enable-librubberband --enable-libshine --enable-libsnappy --enable-libsoxr --enable-libspeex --enable-libtheora --enable-libtwolame --enable-libvidstab --enable-libvorbis --enable-libvpx --enable-libwebp --enable-libx265 --enable-libxml2 --enable-libxvid --enable-libzimg --enable-openal --enable-opencl --enable-opengl --disable-sndio --enable-libvpl --disable-libmfx --enable-libdc1394 --enable-libdrm --enable-libiec61883 --enable-chromaprint --enable-frei0r --enable-ladspa --enable-libbluray --enable-libjack --enable-libpulse --enable-librabbitmq --enable-librist --enable-libsrt --enable-libssh --enable-libsvtav1 --enable-libx264 --enable-libzmq --enable-libzvbi --enable-lv2 --enable-sdl2 --enable-libplacebo --enable-librav1e --enable-pocketsphinx --enable-librsvg --enable-libjxl --enable-shared
  libavutil      58. 29.100 / 58. 29.100
  libavcodec     60. 31.102 / 60. 31.102
  libavformat    60. 16.100 / 60. 16.100
  libavdevice    60.  3.100 / 60.  3.100
  libavfilter     9. 12.100 /  9. 12.100
  libswscale      7.  5.100 /  7.  5.100
  libswresample   4. 12.100 /  4. 12.100
  libpostproc    57.  3.100 / 57.  3.100
Input #0, mov,mp4,m4a,3gp,3g2,mj2, from '/data/vaishak/combined-kv-quant/results/runs/backfill_prq_int4_23a612bd2862_10s/videos/PRQ_INT4/prompt_0002_seed_2.mp4':
  Metadata:
    major_brand     : isom
    minor_version   : 512
    compatible_brands: isomiso2avc1mp41
    encoder         : Lavf61.1.100
  Duration: 00:00:10.31, start: 0.000000, bitrate: 962 kb/s
  Stream #0:0[0x1](und): Video: h264 (High) (avc1 / 0x31637661), yuv420p(progressive), 832x480, 960 kb/s, 16 fps, 16 tbr, 16384 tbn (default)
    Metadata:
      handler_name    : VideoHandler
      vendor_id       : [0][0][0][0]
Stream mapping:
  Stream #0:0 -> #0:0 (h264 (native) -> h264 (libx264))
Press [q] to stop, [?] for help
[libx264 @ 0x5c13c78cb440] using cpu capabilities: MMX2 SSE2Fast SSSE3 SSE4.2 AVX FMA3 BMI2 AVX2
[libx264 @ 0x5c13c78cb440] profile High, level 3.0, 4:2:0, 8-bit
[libx264 @ 0x5c13c78cb440] 264 - core 164 r3108 31e19f9 - H.264/MPEG-4 AVC codec - Copyleft 2003-2023 - http://www.videolan.org/x264.html - options: cabac=1 ref=3 deblock=1:0:0 analyse=0x3:0x113 me=hex subme=7 psy=1 psy_rd=1.00:0.00 mixed_ref=1 me_range=16 chroma_me=1 trellis=1 8x8dct=1 cqm=0 deadzone=21,11 fast_pskip=1 chroma_qp_offset=-2 threads=15 lookahead_threads=2 sliced_threads=0 nr=0 decimate=1 interlaced=0 bluray_compat=0 constrained_intra=0 bframes=3 b_pyramid=2 b_adapt=1 b_bias=0 direct=1 weightb=1 open_gop=0 weightp=2 keyint=250 keyint_min=16 scenecut=40 intra_refresh=0 rc_lookahead=40 rc=crf mbtree=1 crf=23.0 qcomp=0.60 qpmin=0 qpmax=69 qpstep=4 ip_ratio=1.40 aq=1:1.00
Output #0, mp4, to '/data/vaishak/combined-kv-quant/results/combined/backfills/drift/moviegen/50ee67a1d4abb902_PRQ_INT4/PRQ_INT4_frames_165/prompt_0002_seed_2.mp4':
  Metadata:
    major_brand     : isom
    minor_version   : 512
    compatible_brands: isomiso2avc1mp41
    encoder         : Lavf60.16.100
  Stream #0:0(und): Video: h264 (avc1 / 0x31637661), yuv420p(progressive), 832x480, q=2-31, 16 fps, 16384 tbn (default)
    Metadata:
      handler_name    : VideoHandler
      vendor_id       : [0][0][0][0]
      encoder         : Lavc60.31.102 libx264
    Side data:
      cpb: bitrate max/min/avg: 0/0/0 buffer size: 0 vbv_delay: N/A
frame=    0 fps=0.0 q=0.0 size=       0kB time=N/A bitrate=N/A speed=N/A    [out#0/mp4 @ 0x5c13c78ca040] video:1115kB audio:0kB subtitle:0kB other streams:0kB global headers:0kB muxing overhead: 0.248729%
frame=  165 fps=0.0 q=-1.0 Lsize=    1117kB time=00:00:10.12 bitrate= 904.1kbits/s speed=17.3x    
[libx264 @ 0x5c13c78cb440] frame I:1     Avg QP:21.04  size: 28005
[libx264 @ 0x5c13c78cb440] frame P:43    Avg QP:21.86  size: 15182
[libx264 @ 0x5c13c78cb440] frame B:121   Avg QP:25.34  size:  3801
[libx264 @ 0x5c13c78cb440] consecutive B-frames:  0.6%  3.6%  3.6% 92.1%
[libx264 @ 0x5c13c78cb440] mb I  I16..4: 35.4% 44.4% 20.2%
[libx264 @ 0x5c13c78cb440] mb P  I16..4:  4.2%  6.4%  1.2%  P16..4: 46.3% 20.8% 10.3%  0.0%  0.0%    skip:10.8%
[libx264 @ 0x5c13c78cb440] mb B  I16..4:  0.1%  0.3%  0.1%  B16..8: 44.0%  9.2%  1.8%  direct: 2.6%  skip:42.0%  L0:42.6% L1:46.9% BI:10.5%
[libx264 @ 0x5c13c78cb440] 8x8 transform intra:53.1% inter:71.9%
[libx264 @ 0x5c13c78cb440] coded y,uvDC,uvAC intra: 54.0% 67.8% 22.4% inter: 17.7% 24.4% 3.3%
[libx264 @ 0x5c13c78cb440] i16 v,h,dc,p:  5% 43%  3% 49%
[libx264 @ 0x5c13c78cb440] i8 v,h,dc,ddl,ddr,vr,hd,vl,hu:  9% 27% 18%  6%  6%  4% 11%  5% 13%
[libx264 @ 0x5c13c78cb440] i4 v,h,dc,ddl,ddr,vr,hd,vl,hu: 16% 29% 13%  5%  7%  6% 11%  4%  7%
[libx264 @ 0x5c13c78cb440] i8c dc,h,v,p: 45% 35% 14%  6%
[libx264 @ 0x5c13c78cb440] Weighted P-Frames: Y:30.2% UV:18.6%
[libx264 @ 0x5c13c78cb440] ref P L0: 56.4% 15.3% 18.3%  8.2%  1.8%
[libx264 @ 0x5c13c78cb440] ref B L0: 91.9%  6.2%  1.8%
[libx264 @ 0x5c13c78cb440] ref B L1: 98.3%  1.7%
[libx264 @ 0x5c13c78cb440] kb/s:884.92
ffmpeg version 6.1.1-3ubuntu5 Copyright (c) 2000-2023 the FFmpeg developers
  built with gcc 13 (Ubuntu 13.2.0-23ubuntu3)
  configuration: --prefix=/usr --extra-version=3ubuntu5 --toolchain=hardened --libdir=/usr/lib/x86_64-linux-gnu --incdir=/usr/include/x86_64-linux-gnu --arch=amd64 --enable-gpl --disable-stripping --disable-omx --enable-gnutls --enable-libaom --enable-libass --enable-libbs2b --enable-libcaca --enable-libcdio --enable-libcodec2 --enable-libdav1d --enable-libflite --enable-libfontconfig --enable-libfreetype --enable-libfribidi --enable-libglslang --enable-libgme --enable-libgsm --enable-libharfbuzz --enable-libmp3lame --enable-libmysofa --enable-libopenjpeg --enable-libopenmpt --enable-libopus --enable-librubberband --enable-libshine --enable-libsnappy --enable-libsoxr --enable-libspeex --enable-libtheora --enable-libtwolame --enable-libvidstab --enable-libvorbis --enable-libvpx --enable-libwebp --enable-libx265 --enable-libxml2 --enable-libxvid --enable-libzimg --enable-openal --enable-opencl --enable-opengl --disable-sndio --enable-libvpl --disable-libmfx --enable-libdc1394 --enable-libdrm --enable-libiec61883 --enable-chromaprint --enable-frei0r --enable-ladspa --enable-libbluray --enable-libjack --enable-libpulse --enable-librabbitmq --enable-librist --enable-libsrt --enable-libssh --enable-libsvtav1 --enable-libx264 --enable-libzmq --enable-libzvbi --enable-lv2 --enable-sdl2 --enable-libplacebo --enable-librav1e --enable-pocketsphinx --enable-librsvg --enable-libjxl --enable-shared
  libavutil      58. 29.100 / 58. 29.100
  libavcodec     60. 31.102 / 60. 31.102
  libavformat    60. 16.100 / 60. 16.100
  libavdevice    60.  3.100 / 60.  3.100
  libavfilter     9. 12.100 /  9. 12.100
  libswscale      7.  5.100 /  7.  5.100
  libswresample   4. 12.100 /  4. 12.100
  libpostproc    57.  3.100 / 57.  3.100
Input #0, mov,mp4,m4a,3gp,3g2,mj2, from '/data/vaishak/combined-kv-quant/results/runs/backfill_prq_int4_23a612bd2862_10s/videos/PRQ_INT4/prompt_0003_seed_3.mp4':
  Metadata:
    major_brand     : isom
    minor_version   : 512
    compatible_brands: isomiso2avc1mp41
    encoder         : Lavf61.1.100
  Duration: 00:00:10.31, start: 0.000000, bitrate: 936 kb/s
  Stream #0:0[0x1](und): Video: h264 (High) (avc1 / 0x31637661), yuv420p(progressive), 832x480, 934 kb/s, 16 fps, 16 tbr, 16384 tbn (default)
    Metadata:
      handler_name    : VideoHandler
      vendor_id       : [0][0][0][0]
Stream mapping:
  Stream #0:0 -> #0:0 (h264 (native) -> h264 (libx264))
Press [q] to stop, [?] for help
[libx264 @ 0x6467d1741180] using cpu capabilities: MMX2 SSE2Fast SSSE3 SSE4.2 AVX FMA3 BMI2 AVX2
[libx264 @ 0x6467d1741180] profile High, level 3.0, 4:2:0, 8-bit
[libx264 @ 0x6467d1741180] 264 - core 164 r3108 31e19f9 - H.264/MPEG-4 AVC codec - Copyleft 2003-2023 - http://www.videolan.org/x264.html - options: cabac=1 ref=3 deblock=1:0:0 analyse=0x3:0x113 me=hex subme=7 psy=1 psy_rd=1.00:0.00 mixed_ref=1 me_range=16 chroma_me=1 trellis=1 8x8dct=1 cqm=0 deadzone=21,11 fast_pskip=1 chroma_qp_offset=-2 threads=15 lookahead_threads=2 sliced_threads=0 nr=0 decimate=1 interlaced=0 bluray_compat=0 constrained_intra=0 bframes=3 b_pyramid=2 b_adapt=1 b_bias=0 direct=1 weightb=1 open_gop=0 weightp=2 keyint=250 keyint_min=16 scenecut=40 intra_refresh=0 rc_lookahead=40 rc=crf mbtree=1 crf=23.0 qcomp=0.60 qpmin=0 qpmax=69 qpstep=4 ip_ratio=1.40 aq=1:1.00
Output #0, mp4, to '/data/vaishak/combined-kv-quant/results/combined/backfills/drift/moviegen/50ee67a1d4abb902_PRQ_INT4/PRQ_INT4_frames_165/prompt_0003_seed_3.mp4':
  Metadata:
    major_brand     : isom
    minor_version   : 512
    compatible_brands: isomiso2avc1mp41
    encoder         : Lavf60.16.100
  Stream #0:0(und): Video: h264 (avc1 / 0x31637661), yuv420p(progressive), 832x480, q=2-31, 16 fps, 16384 tbn (default)
    Metadata:
      handler_name    : VideoHandler
      vendor_id       : [0][0][0][0]
      encoder         : Lavc60.31.102 libx264
    Side data:
      cpb: bitrate max/min/avg: 0/0/0 buffer size: 0 vbv_delay: N/A
frame=    0 fps=0.0 q=0.0 size=       0kB time=N/A bitrate=N/A speed=N/A    [out#0/mp4 @ 0x6467d1740040] video:1786kB audio:0kB subtitle:0kB other streams:0kB global headers:0kB muxing overhead: 0.156150%
frame=  165 fps=0.0 q=-1.0 Lsize=    1788kB time=00:00:10.12 bitrate=1446.9kbits/s speed=15.3x    
[libx264 @ 0x6467d1741180] frame I:1     Avg QP:23.06  size: 67668
[libx264 @ 0x6467d1741180] frame P:44    Avg QP:23.44  size: 26232
[libx264 @ 0x6467d1741180] frame B:120   Avg QP:26.63  size:  5048
[libx264 @ 0x6467d1741180] consecutive B-frames:  1.8%  3.6%  0.0% 94.5%
[libx264 @ 0x6467d1741180] mb I  I16..4: 15.2% 47.8% 37.1%
[libx264 @ 0x6467d1741180] mb P  I16..4:  1.8%  8.0%  1.8%  P16..4: 39.4% 28.0% 15.2%  0.0%  0.0%    skip: 5.7%
[libx264 @ 0x6467d1741180] mb B  I16..4:  0.1%  0.1%  0.0%  B16..8: 49.9%  9.8%  2.8%  direct: 3.2%  skip:34.1%  L0:37.8% L1:50.2% BI:12.1%
[libx264 @ 0x6467d1741180] 8x8 transform intra:64.8% inter:62.2%
[libx264 @ 0x6467d1741180] coded y,uvDC,uvAC intra: 77.6% 91.5% 55.9% inter: 26.2% 27.2% 1.8%
[libx264 @ 0x6467d1741180] i16 v,h,dc,p:  1% 41%  4% 54%
[libx264 @ 0x6467d1741180] i8 v,h,dc,ddl,ddr,vr,hd,vl,hu:  9% 20% 13%  7% 11%  8% 15%  8% 10%
[libx264 @ 0x6467d1741180] i4 v,h,dc,ddl,ddr,vr,hd,vl,hu: 10% 19% 12%  7% 12%  8% 15%  7%  9%
[libx264 @ 0x6467d1741180] i8c dc,h,v,p: 38% 31% 13% 18%
[libx264 @ 0x6467d1741180] Weighted P-Frames: Y:40.9% UV:31.8%
[libx264 @ 0x6467d1741180] ref P L0: 47.0% 30.3% 16.4%  5.1%  1.1%
[libx264 @ 0x6467d1741180] ref B L0: 95.1%  4.2%  0.7%
[libx264 @ 0x6467d1741180] ref B L1: 98.5%  1.5%
[libx264 @ 0x6467d1741180] kb/s:1417.84
ffmpeg version 6.1.1-3ubuntu5 Copyright (c) 2000-2023 the FFmpeg developers
  built with gcc 13 (Ubuntu 13.2.0-23ubuntu3)
  configuration: --prefix=/usr --extra-version=3ubuntu5 --toolchain=hardened --libdir=/usr/lib/x86_64-linux-gnu --incdir=/usr/include/x86_64-linux-gnu --arch=amd64 --enable-gpl --disable-stripping --disable-omx --enable-gnutls --enable-libaom --enable-libass --enable-libbs2b --enable-libcaca --enable-libcdio --enable-libcodec2 --enable-libdav1d --enable-libflite --enable-libfontconfig --enable-libfreetype --enable-libfribidi --enable-libglslang --enable-libgme --enable-libgsm --enable-libharfbuzz --enable-libmp3lame --enable-libmysofa --enable-libopenjpeg --enable-libopenmpt --enable-libopus --enable-librubberband --enable-libshine --enable-libsnappy --enable-libsoxr --enable-libspeex --enable-libtheora --enable-libtwolame --enable-libvidstab --enable-libvorbis --enable-libvpx --enable-libwebp --enable-libx265 --enable-libxml2 --enable-libxvid --enable-libzimg --enable-openal --enable-opencl --enable-opengl --disable-sndio --enable-libvpl --disable-libmfx --enable-libdc1394 --enable-libdrm --enable-libiec61883 --enable-chromaprint --enable-frei0r --enable-ladspa --enable-libbluray --enable-libjack --enable-libpulse --enable-librabbitmq --enable-librist --enable-libsrt --enable-libssh --enable-libsvtav1 --enable-libx264 --enable-libzmq --enable-libzvbi --enable-lv2 --enable-sdl2 --enable-libplacebo --enable-librav1e --enable-pocketsphinx --enable-librsvg --enable-libjxl --enable-shared
  libavutil      58. 29.100 / 58. 29.100
  libavcodec     60. 31.102 / 60. 31.102
  libavformat    60. 16.100 / 60. 16.100
  libavdevice    60.  3.100 / 60.  3.100
  libavfilter     9. 12.100 /  9. 12.100
  libswscale      7.  5.100 /  7.  5.100
  libswresample   4. 12.100 /  4. 12.100
  libpostproc    57.  3.100 / 57.  3.100
Input #0, mov,mp4,m4a,3gp,3g2,mj2, from '/data/vaishak/combined-kv-quant/results/runs/backfill_prq_int4_23a612bd2862_10s/videos/PRQ_INT4/prompt_0004_seed_4.mp4':
  Metadata:
    major_brand     : isom
    minor_version   : 512
    compatible_brands: isomiso2avc1mp41
    encoder         : Lavf61.1.100
  Duration: 00:00:10.31, start: 0.000000, bitrate: 981 kb/s
  Stream #0:0[0x1](und): Video: h264 (High) (avc1 / 0x31637661), yuv420p(progressive), 832x480, 978 kb/s, 16 fps, 16 tbr, 16384 tbn (default)
    Metadata:
      handler_name    : VideoHandler
      vendor_id       : [0][0][0][0]
Stream mapping:
  Stream #0:0 -> #0:0 (h264 (native) -> h264 (libx264))
Press [q] to stop, [?] for help
[libx264 @ 0x56b6a8681640] using cpu capabilities: MMX2 SSE2Fast SSSE3 SSE4.2 AVX FMA3 BMI2 AVX2
[libx264 @ 0x56b6a8681640] profile High, level 3.0, 4:2:0, 8-bit
[libx264 @ 0x56b6a8681640] 264 - core 164 r3108 31e19f9 - H.264/MPEG-4 AVC codec - Copyleft 2003-2023 - http://www.videolan.org/x264.html - options: cabac=1 ref=3 deblock=1:0:0 analyse=0x3:0x113 me=hex subme=7 psy=1 psy_rd=1.00:0.00 mixed_ref=1 me_range=16 chroma_me=1 trellis=1 8x8dct=1 cqm=0 deadzone=21,11 fast_pskip=1 chroma_qp_offset=-2 threads=15 lookahead_threads=2 sliced_threads=0 nr=0 decimate=1 interlaced=0 bluray_compat=0 constrained_intra=0 bframes=3 b_pyramid=2 b_adapt=1 b_bias=0 direct=1 weightb=1 open_gop=0 weightp=2 keyint=250 keyint_min=16 scenecut=40 intra_refresh=0 rc_lookahead=40 rc=crf mbtree=1 crf=23.0 qcomp=0.60 qpmin=0 qpmax=69 qpstep=4 ip_ratio=1.40 aq=1:1.00
Output #0, mp4, to '/data/vaishak/combined-kv-quant/results/combined/backfills/drift/moviegen/50ee67a1d4abb902_PRQ_INT4/PRQ_INT4_frames_165/prompt_0004_seed_4.mp4':
  Metadata:
    major_brand     : isom
    minor_version   : 512
    compatible_brands: isomiso2avc1mp41
    encoder         : Lavf60.16.100
  Stream #0:0(und): Video: h264 (avc1 / 0x31637661), yuv420p(progressive), 832x480, q=2-31, 16 fps, 16384 tbn (default)
    Metadata:
      handler_name    : VideoHandler
      vendor_id       : [0][0][0][0]
      encoder         : Lavc60.31.102 libx264
    Side data:
      cpb: bitrate max/min/avg: 0/0/0 buffer size: 0 vbv_delay: N/A
frame=    0 fps=0.0 q=0.0 size=       0kB time=N/A bitrate=N/A speed=N/A    [out#0/mp4 @ 0x56b6a8680140] video:747kB audio:0kB subtitle:0kB other streams:0kB global headers:0kB muxing overhead: 0.371257%
frame=  165 fps=0.0 q=-1.0 Lsize=     750kB time=00:00:10.12 bitrate= 606.4kbits/s speed=  20x    
[libx264 @ 0x56b6a8681640] frame I:1     Avg QP:20.19  size: 36145
[libx264 @ 0x56b6a8681640] frame P:42    Avg QP:21.21  size: 12038
[libx264 @ 0x56b6a8681640] frame B:122   Avg QP:25.90  size:  1822
[libx264 @ 0x56b6a8681640] consecutive B-frames:  0.6%  2.4%  0.0% 97.0%
[libx264 @ 0x56b6a8681640] mb I  I16..4: 20.0% 61.7% 18.3%
[libx264 @ 0x56b6a8681640] mb P  I16..4:  1.1%  1.7%  0.5%  P16..4: 47.8% 21.9% 12.2%  0.0%  0.0%    skip:14.8%
[libx264 @ 0x56b6a8681640] mb B  I16..4:  0.1%  0.3%  0.1%  B16..8: 31.5%  4.4%  0.8%  direct: 0.9%  skip:61.9%  L0:30.7% L1:59.4% BI: 9.9%
[libx264 @ 0x56b6a8681640] 8x8 transform intra:56.6% inter:71.5%
[libx264 @ 0x56b6a8681640] coded y,uvDC,uvAC intra: 57.0% 85.4% 49.5% inter: 12.2% 20.4% 1.5%
[libx264 @ 0x56b6a8681640] i16 v,h,dc,p: 26% 46%  4% 25%
[libx264 @ 0x56b6a8681640] i8 v,h,dc,ddl,ddr,vr,hd,vl,hu: 22% 27% 13%  4%  6%  7%  7%  7%  7%
[libx264 @ 0x56b6a8681640] i4 v,h,dc,ddl,ddr,vr,hd,vl,hu: 19% 23% 12%  5% 11%  9%  9%  7%  5%
[libx264 @ 0x56b6a8681640] i8c dc,h,v,p: 27% 34% 24% 15%
[libx264 @ 0x56b6a8681640] Weighted P-Frames: Y:31.0% UV:14.3%
[libx264 @ 0x56b6a8681640] ref P L0: 52.7% 17.1% 16.8%  9.3%  4.1%
[libx264 @ 0x56b6a8681640] ref B L0: 85.6% 11.1%  3.2%
[libx264 @ 0x56b6a8681640] ref B L1: 95.8%  4.2%
[libx264 @ 0x56b6a8681640] kb/s:592.69
ffmpeg version 6.1.1-3ubuntu5 Copyright (c) 2000-2023 the FFmpeg developers
  built with gcc 13 (Ubuntu 13.2.0-23ubuntu3)
  configuration: --prefix=/usr --extra-version=3ubuntu5 --toolchain=hardened --libdir=/usr/lib/x86_64-linux-gnu --incdir=/usr/include/x86_64-linux-gnu --arch=amd64 --enable-gpl --disable-stripping --disable-omx --enable-gnutls --enable-libaom --enable-libass --enable-libbs2b --enable-libcaca --enable-libcdio --enable-libcodec2 --enable-libdav1d --enable-libflite --enable-libfontconfig --enable-libfreetype --enable-libfribidi --enable-libglslang --enable-libgme --enable-libgsm --enable-libharfbuzz --enable-libmp3lame --enable-libmysofa --enable-libopenjpeg --enable-libopenmpt --enable-libopus --enable-librubberband --enable-libshine --enable-libsnappy --enable-libsoxr --enable-libspeex --enable-libtheora --enable-libtwolame --enable-libvidstab --enable-libvorbis --enable-libvpx --enable-libwebp --enable-libx265 --enable-libxml2 --enable-libxvid --enable-libzimg --enable-openal --enable-opencl --enable-opengl --disable-sndio --enable-libvpl --disable-libmfx --enable-libdc1394 --enable-libdrm --enable-libiec61883 --enable-chromaprint --enable-frei0r --enable-ladspa --enable-libbluray --enable-libjack --enable-libpulse --enable-librabbitmq --enable-librist --enable-libsrt --enable-libssh --enable-libsvtav1 --enable-libx264 --enable-libzmq --enable-libzvbi --enable-lv2 --enable-sdl2 --enable-libplacebo --enable-librav1e --enable-pocketsphinx --enable-librsvg --enable-libjxl --enable-shared
  libavutil      58. 29.100 / 58. 29.100
  libavcodec     60. 31.102 / 60. 31.102
  libavformat    60. 16.100 / 60. 16.100
  libavdevice    60.  3.100 / 60.  3.100
  libavfilter     9. 12.100 /  9. 12.100
  libswscale      7.  5.100 /  7.  5.100
  libswresample   4. 12.100 /  4. 12.100
  libpostproc    57.  3.100 / 57.  3.100
Input #0, mov,mp4,m4a,3gp,3g2,mj2, from '/data/vaishak/combined-kv-quant/results/runs/backfill_prq_int4_23a612bd2862_10s/videos/PRQ_INT4/prompt_0005_seed_5.mp4':
  Metadata:
    major_brand     : isom
    minor_version   : 512
    compatible_brands: isomiso2avc1mp41
    encoder         : Lavf61.1.100
  Duration: 00:00:10.31, start: 0.000000, bitrate: 992 kb/s
  Stream #0:0[0x1](und): Video: h264 (High) (avc1 / 0x31637661), yuv420p(progressive), 832x480, 989 kb/s, 16 fps, 16 tbr, 16384 tbn (default)
    Metadata:
      handler_name    : VideoHandler
      vendor_id       : [0][0][0][0]
Stream mapping:
  Stream #0:0 -> #0:0 (h264 (native) -> h264 (libx264))
Press [q] to stop, [?] for help
[libx264 @ 0x56809341f040] using cpu capabilities: MMX2 SSE2Fast SSSE3 SSE4.2 AVX FMA3 BMI2 AVX2
[libx264 @ 0x56809341f040] profile High, level 3.0, 4:2:0, 8-bit
[libx264 @ 0x56809341f040] 264 - core 164 r3108 31e19f9 - H.264/MPEG-4 AVC codec - Copyleft 2003-2023 - http://www.videolan.org/x264.html - options: cabac=1 ref=3 deblock=1:0:0 analyse=0x3:0x113 me=hex subme=7 psy=1 psy_rd=1.00:0.00 mixed_ref=1 me_range=16 chroma_me=1 trellis=1 8x8dct=1 cqm=0 deadzone=21,11 fast_pskip=1 chroma_qp_offset=-2 threads=15 lookahead_threads=2 sliced_threads=0 nr=0 decimate=1 interlaced=0 bluray_compat=0 constrained_intra=0 bframes=3 b_pyramid=2 b_adapt=1 b_bias=0 direct=1 weightb=1 open_gop=0 weightp=2 keyint=250 keyint_min=16 scenecut=40 intra_refresh=0 rc_lookahead=40 rc=crf mbtree=1 crf=23.0 qcomp=0.60 qpmin=0 qpmax=69 qpstep=4 ip_ratio=1.40 aq=1:1.00
Output #0, mp4, to '/data/vaishak/combined-kv-quant/results/combined/backfills/drift/moviegen/50ee67a1d4abb902_PRQ_INT4/PRQ_INT4_frames_165/prompt_0005_seed_5.mp4':
  Metadata:
    major_brand     : isom
    minor_version   : 512
    compatible_brands: isomiso2avc1mp41
    encoder         : Lavf60.16.100
  Stream #0:0(und): Video: h264 (avc1 / 0x31637661), yuv420p(progressive), 832x480, q=2-31, 16 fps, 16384 tbn (default)
    Metadata:
      handler_name    : VideoHandler
      vendor_id       : [0][0][0][0]
      encoder         : Lavc60.31.102 libx264
    Side data:
      cpb: bitrate max/min/avg: 0/0/0 buffer size: 0 vbv_delay: N/A
frame=    0 fps=0.0 q=0.0 size=       0kB time=N/A bitrate=N/A speed=N/A    [out#0/mp4 @ 0x568093387140] video:1484kB audio:0kB subtitle:0kB other streams:0kB global headers:0kB muxing overhead: 0.187914%
frame=  165 fps=0.0 q=-1.0 Lsize=    1486kB time=00:00:10.12 bitrate=1202.7kbits/s speed=15.2x    
[libx264 @ 0x56809341f040] frame I:1     Avg QP:23.24  size:107719
[libx264 @ 0x56809341f040] frame P:41    Avg QP:23.68  size: 25616
[libx264 @ 0x56809341f040] frame B:123   Avg QP:27.84  size:  2932
[libx264 @ 0x56809341f040] consecutive B-frames:  0.6%  0.0%  0.0% 99.4%
[libx264 @ 0x56809341f040] mb I  I16..4:  2.2% 33.8% 63.9%
[libx264 @ 0x56809341f040] mb P  I16..4:  1.2%  4.0%  1.5%  P16..4: 37.1% 32.2% 21.1%  0.0%  0.0%    skip: 2.8%
[libx264 @ 0x56809341f040] mb B  I16..4:  0.0%  0.1%  0.0%  B16..8: 47.9%  6.9%  1.8%  direct: 1.6%  skip:41.7%  L0:25.6% L1:63.3% BI:11.1%
[libx264 @ 0x56809341f040] 8x8 transform intra:52.7% inter:53.6%
[libx264 @ 0x56809341f040] coded y,uvDC,uvAC intra: 72.0% 93.2% 69.6% inter: 17.4% 25.4% 10.1%
[libx264 @ 0x56809341f040] i16 v,h,dc,p:  4% 38% 11% 47%
[libx264 @ 0x56809341f040] i8 v,h,dc,ddl,ddr,vr,hd,vl,hu:  8% 32% 24%  3%  4%  4%  8%  3% 16%
[libx264 @ 0x56809341f040] i4 v,h,dc,ddl,ddr,vr,hd,vl,hu: 16% 19% 17%  6%  7%  9%  9%  8% 10%
[libx264 @ 0x56809341f040] i8c dc,h,v,p: 48% 31%  9% 12%
[libx264 @ 0x56809341f040] Weighted P-Frames: Y:63.4% UV:36.6%
[libx264 @ 0x56809341f040] ref P L0: 51.9% 24.1% 13.2%  7.2%  3.6%
[libx264 @ 0x56809341f040] ref B L0: 95.3%  3.6%  1.1%
[libx264 @ 0x56809341f040] ref B L1: 95.9%  4.1%
[libx264 @ 0x56809341f040] kb/s:1178.08
ffmpeg version 6.1.1-3ubuntu5 Copyright (c) 2000-2023 the FFmpeg developers
  built with gcc 13 (Ubuntu 13.2.0-23ubuntu3)
  configuration: --prefix=/usr --extra-version=3ubuntu5 --toolchain=hardened --libdir=/usr/lib/x86_64-linux-gnu --incdir=/usr/include/x86_64-linux-gnu --arch=amd64 --enable-gpl --disable-stripping --disable-omx --enable-gnutls --enable-libaom --enable-libass --enable-libbs2b --enable-libcaca --enable-libcdio --enable-libcodec2 --enable-libdav1d --enable-libflite --enable-libfontconfig --enable-libfreetype --enable-libfribidi --enable-libglslang --enable-libgme --enable-libgsm --enable-libharfbuzz --enable-libmp3lame --enable-libmysofa --enable-libopenjpeg --enable-libopenmpt --enable-libopus --enable-librubberband --enable-libshine --enable-libsnappy --enable-libsoxr --enable-libspeex --enable-libtheora --enable-libtwolame --enable-libvidstab --enable-libvorbis --enable-libvpx --enable-libwebp --enable-libx265 --enable-libxml2 --enable-libxvid --enable-libzimg --enable-openal --enable-opencl --enable-opengl --disable-sndio --enable-libvpl --disable-libmfx --enable-libdc1394 --enable-libdrm --enable-libiec61883 --enable-chromaprint --enable-frei0r --enable-ladspa --enable-libbluray --enable-libjack --enable-libpulse --enable-librabbitmq --enable-librist --enable-libsrt --enable-libssh --enable-libsvtav1 --enable-libx264 --enable-libzmq --enable-libzvbi --enable-lv2 --enable-sdl2 --enable-libplacebo --enable-librav1e --enable-pocketsphinx --enable-librsvg --enable-libjxl --enable-shared
  libavutil      58. 29.100 / 58. 29.100
  libavcodec     60. 31.102 / 60. 31.102
  libavformat    60. 16.100 / 60. 16.100
  libavdevice    60.  3.100 / 60.  3.100
  libavfilter     9. 12.100 /  9. 12.100
  libswscale      7.  5.100 /  7.  5.100
  libswresample   4. 12.100 /  4. 12.100
  libpostproc    57.  3.100 / 57.  3.100
Input #0, mov,mp4,m4a,3gp,3g2,mj2, from '/data/vaishak/combined-kv-quant/results/runs/backfill_prq_int4_23a612bd2862_10s/videos/PRQ_INT4/prompt_0006_seed_6.mp4':
  Metadata:
    major_brand     : isom
    minor_version   : 512
    compatible_brands: isomiso2avc1mp41
    encoder         : Lavf61.1.100
  Duration: 00:00:10.31, start: 0.000000, bitrate: 1021 kb/s
  Stream #0:0[0x1](und): Video: h264 (High) (avc1 / 0x31637661), yuv420p(progressive), 832x480, 1019 kb/s, 16 fps, 16 tbr, 16384 tbn (default)
    Metadata:
      handler_name    : VideoHandler
      vendor_id       : [0][0][0][0]
Stream mapping:
  Stream #0:0 -> #0:0 (h264 (native) -> h264 (libx264))
Press [q] to stop, [?] for help
[libx264 @ 0x603de3f2a640] using cpu capabilities: MMX2 SSE2Fast SSSE3 SSE4.2 AVX FMA3 BMI2 AVX2
[libx264 @ 0x603de3f2a640] profile High, level 3.0, 4:2:0, 8-bit
[libx264 @ 0x603de3f2a640] 264 - core 164 r3108 31e19f9 - H.264/MPEG-4 AVC codec - Copyleft 2003-2023 - http://www.videolan.org/x264.html - options: cabac=1 ref=3 deblock=1:0:0 analyse=0x3:0x113 me=hex subme=7 psy=1 psy_rd=1.00:0.00 mixed_ref=1 me_range=16 chroma_me=1 trellis=1 8x8dct=1 cqm=0 deadzone=21,11 fast_pskip=1 chroma_qp_offset=-2 threads=15 lookahead_threads=2 sliced_threads=0 nr=0 decimate=1 interlaced=0 bluray_compat=0 constrained_intra=0 bframes=3 b_pyramid=2 b_adapt=1 b_bias=0 direct=1 weightb=1 open_gop=0 weightp=2 keyint=250 keyint_min=16 scenecut=40 intra_refresh=0 rc_lookahead=40 rc=crf mbtree=1 crf=23.0 qcomp=0.60 qpmin=0 qpmax=69 qpstep=4 ip_ratio=1.40 aq=1:1.00
Output #0, mp4, to '/data/vaishak/combined-kv-quant/results/combined/backfills/drift/moviegen/50ee67a1d4abb902_PRQ_INT4/PRQ_INT4_frames_165/prompt_0006_seed_6.mp4':
  Metadata:
    major_brand     : isom
    minor_version   : 512
    compatible_brands: isomiso2avc1mp41
    encoder         : Lavf60.16.100
  Stream #0:0(und): Video: h264 (avc1 / 0x31637661), yuv420p(progressive), 832x480, q=2-31, 16 fps, 16384 tbn (default)
    Metadata:
      handler_name    : VideoHandler
      vendor_id       : [0][0][0][0]
      encoder         : Lavc60.31.102 libx264
    Side data:
      cpb: bitrate max/min/avg: 0/0/0 buffer size: 0 vbv_delay: N/A
frame=    0 fps=0.0 q=0.0 size=       0kB time=N/A bitrate=N/A speed=N/A    [out#0/mp4 @ 0x603de3f29140] video:1198kB audio:0kB subtitle:0kB other streams:0kB global headers:0kB muxing overhead: 0.231695%
frame=  165 fps=0.0 q=-1.0 Lsize=    1201kB time=00:00:10.12 bitrate= 971.8kbits/s speed=17.7x    
[libx264 @ 0x603de3f2a640] frame I:2     Avg QP:19.48  size: 41337
[libx264 @ 0x603de3f2a640] frame P:44    Avg QP:20.71  size: 17348
[libx264 @ 0x603de3f2a640] frame B:119   Avg QP:24.46  size:  3197
[libx264 @ 0x603de3f2a640] consecutive B-frames:  2.4%  3.6%  1.8% 92.1%
[libx264 @ 0x603de3f2a640] mb I  I16..4: 26.7% 54.7% 18.6%
[libx264 @ 0x603de3f2a640] mb P  I16..4:  1.6%  3.0%  0.7%  P16..4: 51.5% 18.3% 10.8%  0.0%  0.0%    skip:14.1%
[libx264 @ 0x603de3f2a640] mb B  I16..4:  0.3%  0.3%  0.0%  B16..8: 38.0%  4.9%  1.5%  direct: 2.4%  skip:52.5%  L0:33.3% L1:54.5% BI:12.2%
[libx264 @ 0x603de3f2a640] 8x8 transform intra:54.4% inter:69.0%
[libx264 @ 0x603de3f2a640] coded y,uvDC,uvAC intra: 50.7% 86.8% 32.2% inter: 14.1% 21.8% 2.8%
[libx264 @ 0x603de3f2a640] i16 v,h,dc,p: 10% 19%  8% 63%
[libx264 @ 0x603de3f2a640] i8 v,h,dc,ddl,ddr,vr,hd,vl,hu: 16% 20% 23%  6%  9%  7%  8%  6%  6%
[libx264 @ 0x603de3f2a640] i4 v,h,dc,ddl,ddr,vr,hd,vl,hu: 13% 10% 13%  5% 19% 14% 14%  6%  6%
[libx264 @ 0x603de3f2a640] i8c dc,h,v,p: 45% 24% 16% 16%
[libx264 @ 0x603de3f2a640] Weighted P-Frames: Y:20.5% UV:13.6%
[libx264 @ 0x603de3f2a640] ref P L0: 55.2% 14.0% 19.7%  9.3%  1.8%
[libx264 @ 0x603de3f2a640] ref B L0: 92.1%  6.8%  1.2%
[libx264 @ 0x603de3f2a640] ref B L1: 97.1%  2.9%
[libx264 @ 0x603de3f2a640] kb/s:951.35
ffmpeg version 6.1.1-3ubuntu5 Copyright (c) 2000-2023 the FFmpeg developers
  built with gcc 13 (Ubuntu 13.2.0-23ubuntu3)
  configuration: --prefix=/usr --extra-version=3ubuntu5 --toolchain=hardened --libdir=/usr/lib/x86_64-linux-gnu --incdir=/usr/include/x86_64-linux-gnu --arch=amd64 --enable-gpl --disable-stripping --disable-omx --enable-gnutls --enable-libaom --enable-libass --enable-libbs2b --enable-libcaca --enable-libcdio --enable-libcodec2 --enable-libdav1d --enable-libflite --enable-libfontconfig --enable-libfreetype --enable-libfribidi --enable-libglslang --enable-libgme --enable-libgsm --enable-libharfbuzz --enable-libmp3lame --enable-libmysofa --enable-libopenjpeg --enable-libopenmpt --enable-libopus --enable-librubberband --enable-libshine --enable-libsnappy --enable-libsoxr --enable-libspeex --enable-libtheora --enable-libtwolame --enable-libvidstab --enable-libvorbis --enable-libvpx --enable-libwebp --enable-libx265 --enable-libxml2 --enable-libxvid --enable-libzimg --enable-openal --enable-opencl --enable-opengl --disable-sndio --enable-libvpl --disable-libmfx --enable-libdc1394 --enable-libdrm --enable-libiec61883 --enable-chromaprint --enable-frei0r --enable-ladspa --enable-libbluray --enable-libjack --enable-libpulse --enable-librabbitmq --enable-librist --enable-libsrt --enable-libssh --enable-libsvtav1 --enable-libx264 --enable-libzmq --enable-libzvbi --enable-lv2 --enable-sdl2 --enable-libplacebo --enable-librav1e --enable-pocketsphinx --enable-librsvg --enable-libjxl --enable-shared
  libavutil      58. 29.100 / 58. 29.100
  libavcodec     60. 31.102 / 60. 31.102
  libavformat    60. 16.100 / 60. 16.100
  libavdevice    60.  3.100 / 60.  3.100
  libavfilter     9. 12.100 /  9. 12.100
  libswscale      7.  5.100 /  7.  5.100
  libswresample   4. 12.100 /  4. 12.100
  libpostproc    57.  3.100 / 57.  3.100
Input #0, mov,mp4,m4a,3gp,3g2,mj2, from '/data/vaishak/combined-kv-quant/results/runs/backfill_prq_int4_23a612bd2862_10s/videos/PRQ_INT4/prompt_0007_seed_7.mp4':
  Metadata:
    major_brand     : isom
    minor_version   : 512
    compatible_brands: isomiso2avc1mp41
    encoder         : Lavf61.1.100
  Duration: 00:00:10.31, start: 0.000000, bitrate: 948 kb/s
  Stream #0:0[0x1](und): Video: h264 (High) (avc1 / 0x31637661), yuv420p(progressive), 832x480, 946 kb/s, 16 fps, 16 tbr, 16384 tbn (default)
    Metadata:
      handler_name    : VideoHandler
      vendor_id       : [0][0][0][0]
Stream mapping:
  Stream #0:0 -> #0:0 (h264 (native) -> h264 (libx264))
Press [q] to stop, [?] for help
[libx264 @ 0x6240bbb47640] using cpu capabilities: MMX2 SSE2Fast SSSE3 SSE4.2 AVX FMA3 BMI2 AVX2
[libx264 @ 0x6240bbb47640] profile High, level 3.0, 4:2:0, 8-bit
[libx264 @ 0x6240bbb47640] 264 - core 164 r3108 31e19f9 - H.264/MPEG-4 AVC codec - Copyleft 2003-2023 - http://www.videolan.org/x264.html - options: cabac=1 ref=3 deblock=1:0:0 analyse=0x3:0x113 me=hex subme=7 psy=1 psy_rd=1.00:0.00 mixed_ref=1 me_range=16 chroma_me=1 trellis=1 8x8dct=1 cqm=0 deadzone=21,11 fast_pskip=1 chroma_qp_offset=-2 threads=15 lookahead_threads=2 sliced_threads=0 nr=0 decimate=1 interlaced=0 bluray_compat=0 constrained_intra=0 bframes=3 b_pyramid=2 b_adapt=1 b_bias=0 direct=1 weightb=1 open_gop=0 weightp=2 keyint=250 keyint_min=16 scenecut=40 intra_refresh=0 rc_lookahead=40 rc=crf mbtree=1 crf=23.0 qcomp=0.60 qpmin=0 qpmax=69 qpstep=4 ip_ratio=1.40 aq=1:1.00
Output #0, mp4, to '/data/vaishak/combined-kv-quant/results/combined/backfills/drift/moviegen/50ee67a1d4abb902_PRQ_INT4/PRQ_INT4_frames_165/prompt_0007_seed_7.mp4':
  Metadata:
    major_brand     : isom
    minor_version   : 512
    compatible_brands: isomiso2avc1mp41
    encoder         : Lavf60.16.100
  Stream #0:0(und): Video: h264 (avc1 / 0x31637661), yuv420p(progressive), 832x480, q=2-31, 16 fps, 16384 tbn (default)
    Metadata:
      handler_name    : VideoHandler
      vendor_id       : [0][0][0][0]
      encoder         : Lavc60.31.102 libx264
    Side data:
      cpb: bitrate max/min/avg: 0/0/0 buffer size: 0 vbv_delay: N/A
frame=    0 fps=0.0 q=0.0 size=       0kB time=N/A bitrate=N/A speed=N/A    [out#0/mp4 @ 0x6240bbb46140] video:1166kB audio:0kB subtitle:0kB other streams:0kB global headers:0kB muxing overhead: 0.239036%
frame=  165 fps=0.0 q=-1.0 Lsize=    1169kB time=00:00:10.12 bitrate= 946.0kbits/s speed=18.5x    
[libx264 @ 0x6240bbb47640] frame I:1     Avg QP:22.93  size: 41581
[libx264 @ 0x6240bbb47640] frame P:41    Avg QP:22.86  size: 17249
[libx264 @ 0x6240bbb47640] frame B:123   Avg QP:27.12  size:  3617
[libx264 @ 0x6240bbb47640] consecutive B-frames:  0.6%  0.0%  0.0% 99.4%
[libx264 @ 0x6240bbb47640] mb I  I16..4:  8.3% 61.2% 30.4%
[libx264 @ 0x6240bbb47640] mb P  I16..4:  2.7% 10.8%  0.9%  P16..4: 38.2% 25.0% 13.8%  0.0%  0.0%    skip: 8.6%
[libx264 @ 0x6240bbb47640] mb B  I16..4:  0.7%  4.3%  0.1%  B16..8: 38.3%  9.5%  1.8%  direct: 2.0%  skip:43.2%  L0:29.8% L1:55.5% BI:14.7%
[libx264 @ 0x6240bbb47640] 8x8 transform intra:78.3% inter:68.6%
[libx264 @ 0x6240bbb47640] coded y,uvDC,uvAC intra: 60.5% 82.9% 21.7% inter: 17.8% 21.2% 2.0%
[libx264 @ 0x6240bbb47640] i16 v,h,dc,p:  4% 39%  1% 56%
[libx264 @ 0x6240bbb47640] i8 v,h,dc,ddl,ddr,vr,hd,vl,hu: 14% 28% 11%  5%  8%  8% 10%  7%  9%
[libx264 @ 0x6240bbb47640] i4 v,h,dc,ddl,ddr,vr,hd,vl,hu: 17% 30% 12%  4%  8%  8% 10%  5%  6%
[libx264 @ 0x6240bbb47640] i8c dc,h,v,p: 36% 39% 12% 14%
[libx264 @ 0x6240bbb47640] Weighted P-Frames: Y:36.6% UV:12.2%
[libx264 @ 0x6240bbb47640] ref P L0: 46.5% 20.7% 18.8% 10.5%  3.5%
[libx264 @ 0x6240bbb47640] ref B L0: 87.9%  8.9%  3.2%
[libx264 @ 0x6240bbb47640] ref B L1: 95.5%  4.5%
[libx264 @ 0x6240bbb47640] kb/s:926.02
ffmpeg version 6.1.1-3ubuntu5 Copyright (c) 2000-2023 the FFmpeg developers
  built with gcc 13 (Ubuntu 13.2.0-23ubuntu3)
  configuration: --prefix=/usr --extra-version=3ubuntu5 --toolchain=hardened --libdir=/usr/lib/x86_64-linux-gnu --incdir=/usr/include/x86_64-linux-gnu --arch=amd64 --enable-gpl --disable-stripping --disable-omx --enable-gnutls --enable-libaom --enable-libass --enable-libbs2b --enable-libcaca --enable-libcdio --enable-libcodec2 --enable-libdav1d --enable-libflite --enable-libfontconfig --enable-libfreetype --enable-libfribidi --enable-libglslang --enable-libgme --enable-libgsm --enable-libharfbuzz --enable-libmp3lame --enable-libmysofa --enable-libopenjpeg --enable-libopenmpt --enable-libopus --enable-librubberband --enable-libshine --enable-libsnappy --enable-libsoxr --enable-libspeex --enable-libtheora --enable-libtwolame --enable-libvidstab --enable-libvorbis --enable-libvpx --enable-libwebp --enable-libx265 --enable-libxml2 --enable-libxvid --enable-libzimg --enable-openal --enable-opencl --enable-opengl --disable-sndio --enable-libvpl --disable-libmfx --enable-libdc1394 --enable-libdrm --enable-libiec61883 --enable-chromaprint --enable-frei0r --enable-ladspa --enable-libbluray --enable-libjack --enable-libpulse --enable-librabbitmq --enable-librist --enable-libsrt --enable-libssh --enable-libsvtav1 --enable-libx264 --enable-libzmq --enable-libzvbi --enable-lv2 --enable-sdl2 --enable-libplacebo --enable-librav1e --enable-pocketsphinx --enable-librsvg --enable-libjxl --enable-shared
  libavutil      58. 29.100 / 58. 29.100
  libavcodec     60. 31.102 / 60. 31.102
  libavformat    60. 16.100 / 60. 16.100
  libavdevice    60.  3.100 / 60.  3.100
  libavfilter     9. 12.100 /  9. 12.100
  libswscale      7.  5.100 /  7.  5.100
  libswresample   4. 12.100 /  4. 12.100
  libpostproc    57.  3.100 / 57.  3.100
Input #0, mov,mp4,m4a,3gp,3g2,mj2, from '/data/vaishak/combined-kv-quant/results/runs/backfill_prq_int4_23a612bd2862_10s/videos/PRQ_INT4/prompt_0008_seed_8.mp4':
  Metadata:
    major_brand     : isom
    minor_version   : 512
    compatible_brands: isomiso2avc1mp41
    encoder         : Lavf61.1.100
  Duration: 00:00:10.31, start: 0.000000, bitrate: 1100 kb/s
  Stream #0:0[0x1](und): Video: h264 (High) (avc1 / 0x31637661), yuv420p(progressive), 832x480, 1098 kb/s, 16 fps, 16 tbr, 16384 tbn (default)
    Metadata:
      handler_name    : VideoHandler
      vendor_id       : [0][0][0][0]
Stream mapping:
  Stream #0:0 -> #0:0 (h264 (native) -> h264 (libx264))
Press [q] to stop, [?] for help
[libx264 @ 0x59f9b1b09c00] using cpu capabilities: MMX2 SSE2Fast SSSE3 SSE4.2 AVX FMA3 BMI2 AVX2
[libx264 @ 0x59f9b1b09c00] profile High, level 3.0, 4:2:0, 8-bit
[libx264 @ 0x59f9b1b09c00] 264 - core 164 r3108 31e19f9 - H.264/MPEG-4 AVC codec - Copyleft 2003-2023 - http://www.videolan.org/x264.html - options: cabac=1 ref=3 deblock=1:0:0 analyse=0x3:0x113 me=hex subme=7 psy=1 psy_rd=1.00:0.00 mixed_ref=1 me_range=16 chroma_me=1 trellis=1 8x8dct=1 cqm=0 deadzone=21,11 fast_pskip=1 chroma_qp_offset=-2 threads=15 lookahead_threads=2 sliced_threads=0 nr=0 decimate=1 interlaced=0 bluray_compat=0 constrained_intra=0 bframes=3 b_pyramid=2 b_adapt=1 b_bias=0 direct=1 weightb=1 open_gop=0 weightp=2 keyint=250 keyint_min=16 scenecut=40 intra_refresh=0 rc_lookahead=40 rc=crf mbtree=1 crf=23.0 qcomp=0.60 qpmin=0 qpmax=69 qpstep=4 ip_ratio=1.40 aq=1:1.00
Output #0, mp4, to '/data/vaishak/combined-kv-quant/results/combined/backfills/drift/moviegen/50ee67a1d4abb902_PRQ_INT4/PRQ_INT4_frames_165/prompt_0008_seed_8.mp4':
  Metadata:
    major_brand     : isom
    minor_version   : 512
    compatible_brands: isomiso2avc1mp41
    encoder         : Lavf60.16.100
  Stream #0:0(und): Video: h264 (avc1 / 0x31637661), yuv420p(progressive), 832x480, q=2-31, 16 fps, 16384 tbn (default)
    Metadata:
      handler_name    : VideoHandler
      vendor_id       : [0][0][0][0]
      encoder         : Lavc60.31.102 libx264
    Side data:
      cpb: bitrate max/min/avg: 0/0/0 buffer size: 0 vbv_delay: N/A
frame=    0 fps=0.0 q=0.0 size=       0kB time=N/A bitrate=N/A speed=N/A    [out#0/mp4 @ 0x59f9b1a81040] video:731kB audio:0kB subtitle:0kB other streams:0kB global headers:0kB muxing overhead: 0.376367%
frame=  165 fps=0.0 q=-1.0 Lsize=     734kB time=00:00:10.12 bitrate= 594.0kbits/s speed=19.7x    
[libx264 @ 0x59f9b1b09c00] frame I:2     Avg QP:19.13  size: 53964
[libx264 @ 0x59f9b1b09c00] frame P:44    Avg QP:20.70  size: 11133
[libx264 @ 0x59f9b1b09c00] frame B:119   Avg QP:25.01  size:  1265
[libx264 @ 0x59f9b1b09c00] consecutive B-frames:  2.4%  2.4%  5.5% 89.7%
[libx264 @ 0x59f9b1b09c00] mb I  I16..4:  6.1% 56.7% 37.2%
[libx264 @ 0x59f9b1b09c00] mb P  I16..4:  0.7%  1.5%  0.2%  P16..4: 48.7% 23.0% 13.7%  0.0%  0.0%    skip:12.1%
[libx264 @ 0x59f9b1b09c00] mb B  I16..4:  0.0%  0.1%  0.0%  B16..8: 34.9%  2.0%  0.4%  direct: 1.4%  skip:61.1%  L0:45.4% L1:45.8% BI: 8.8%
[libx264 @ 0x59f9b1b09c00] 8x8 transform intra:59.1% inter:64.6%
[libx264 @ 0x59f9b1b09c00] coded y,uvDC,uvAC intra: 72.5% 89.3% 62.6% inter: 12.9% 19.9% 1.0%
[libx264 @ 0x59f9b1b09c00] i16 v,h,dc,p: 13% 40% 10% 37%
[libx264 @ 0x59f9b1b09c00] i8 v,h,dc,ddl,ddr,vr,hd,vl,hu: 11% 22% 17%  4% 11%  8% 12%  6%  9%
[libx264 @ 0x59f9b1b09c00] i4 v,h,dc,ddl,ddr,vr,hd,vl,hu: 15% 21% 13%  7% 12%  8% 10%  7%  8%
[libx264 @ 0x59f9b1b09c00] i8c dc,h,v,p: 44% 28% 14% 14%
[libx264 @ 0x59f9b1b09c00] Weighted P-Frames: Y:52.3% UV:22.7%
[libx264 @ 0x59f9b1b09c00] ref P L0: 58.1% 21.1% 14.0%  4.9%  1.8%
[libx264 @ 0x59f9b1b09c00] ref B L0: 92.1%  7.0%  0.9%
[libx264 @ 0x59f9b1b09c00] ref B L1: 97.7%  2.3%
[libx264 @ 0x59f9b1b09c00] kb/s:580.51
ffmpeg version 6.1.1-3ubuntu5 Copyright (c) 2000-2023 the FFmpeg developers
  built with gcc 13 (Ubuntu 13.2.0-23ubuntu3)
  configuration: --prefix=/usr --extra-version=3ubuntu5 --toolchain=hardened --libdir=/usr/lib/x86_64-linux-gnu --incdir=/usr/include/x86_64-linux-gnu --arch=amd64 --enable-gpl --disable-stripping --disable-omx --enable-gnutls --enable-libaom --enable-libass --enable-libbs2b --enable-libcaca --enable-libcdio --enable-libcodec2 --enable-libdav1d --enable-libflite --enable-libfontconfig --enable-libfreetype --enable-libfribidi --enable-libglslang --enable-libgme --enable-libgsm --enable-libharfbuzz --enable-libmp3lame --enable-libmysofa --enable-libopenjpeg --enable-libopenmpt --enable-libopus --enable-librubberband --enable-libshine --enable-libsnappy --enable-libsoxr --enable-libspeex --enable-libtheora --enable-libtwolame --enable-libvidstab --enable-libvorbis --enable-libvpx --enable-libwebp --enable-libx265 --enable-libxml2 --enable-libxvid --enable-libzimg --enable-openal --enable-opencl --enable-opengl --disable-sndio --enable-libvpl --disable-libmfx --enable-libdc1394 --enable-libdrm --enable-libiec61883 --enable-chromaprint --enable-frei0r --enable-ladspa --enable-libbluray --enable-libjack --enable-libpulse --enable-librabbitmq --enable-librist --enable-libsrt --enable-libssh --enable-libsvtav1 --enable-libx264 --enable-libzmq --enable-libzvbi --enable-lv2 --enable-sdl2 --enable-libplacebo --enable-librav1e --enable-pocketsphinx --enable-librsvg --enable-libjxl --enable-shared
  libavutil      58. 29.100 / 58. 29.100
  libavcodec     60. 31.102 / 60. 31.102
  libavformat    60. 16.100 / 60. 16.100
  libavdevice    60.  3.100 / 60.  3.100
  libavfilter     9. 12.100 /  9. 12.100
  libswscale      7.  5.100 /  7.  5.100
  libswresample   4. 12.100 /  4. 12.100
  libpostproc    57.  3.100 / 57.  3.100
Input #0, mov,mp4,m4a,3gp,3g2,mj2, from '/data/vaishak/combined-kv-quant/results/runs/backfill_prq_int4_23a612bd2862_10s/videos/PRQ_INT4/prompt_0009_seed_9.mp4':
  Metadata:
    major_brand     : isom
    minor_version   : 512
    compatible_brands: isomiso2avc1mp41
    encoder         : Lavf61.1.100
  Duration: 00:00:10.31, start: 0.000000, bitrate: 926 kb/s
  Stream #0:0[0x1](und): Video: h264 (High) (avc1 / 0x31637661), yuv420p(progressive), 832x480, 923 kb/s, 16 fps, 16 tbr, 16384 tbn (default)
    Metadata:
      handler_name    : VideoHandler
      vendor_id       : [0][0][0][0]
Stream mapping:
  Stream #0:0 -> #0:0 (h264 (native) -> h264 (libx264))
Press [q] to stop, [?] for help
[libx264 @ 0x5a7938c34700] using cpu capabilities: MMX2 SSE2Fast SSSE3 SSE4.2 AVX FMA3 BMI2 AVX2
[libx264 @ 0x5a7938c34700] profile High, level 3.0, 4:2:0, 8-bit
[libx264 @ 0x5a7938c34700] 264 - core 164 r3108 31e19f9 - H.264/MPEG-4 AVC codec - Copyleft 2003-2023 - http://www.videolan.org/x264.html - options: cabac=1 ref=3 deblock=1:0:0 analyse=0x3:0x113 me=hex subme=7 psy=1 psy_rd=1.00:0.00 mixed_ref=1 me_range=16 chroma_me=1 trellis=1 8x8dct=1 cqm=0 deadzone=21,11 fast_pskip=1 chroma_qp_offset=-2 threads=15 lookahead_threads=2 sliced_threads=0 nr=0 decimate=1 interlaced=0 bluray_compat=0 constrained_intra=0 bframes=3 b_pyramid=2 b_adapt=1 b_bias=0 direct=1 weightb=1 open_gop=0 weightp=2 keyint=250 keyint_min=16 scenecut=40 intra_refresh=0 rc_lookahead=40 rc=crf mbtree=1 crf=23.0 qcomp=0.60 qpmin=0 qpmax=69 qpstep=4 ip_ratio=1.40 aq=1:1.00
Output #0, mp4, to '/data/vaishak/combined-kv-quant/results/combined/backfills/drift/moviegen/50ee67a1d4abb902_PRQ_INT4/PRQ_INT4_frames_165/prompt_0009_seed_9.mp4':
  Metadata:
    major_brand     : isom
    minor_version   : 512
    compatible_brands: isomiso2avc1mp41
    encoder         : Lavf60.16.100
  Stream #0:0(und): Video: h264 (avc1 / 0x31637661), yuv420p(progressive), 832x480, q=2-31, 16 fps, 16384 tbn (default)
    Metadata:
      handler_name    : VideoHandler
      vendor_id       : [0][0][0][0]
      encoder         : Lavc60.31.102 libx264
    Side data:
      cpb: bitrate max/min/avg: 0/0/0 buffer size: 0 vbv_delay: N/A
frame=    0 fps=0.0 q=0.0 size=       0kB time=N/A bitrate=N/A speed=N/A    [out#0/mp4 @ 0x5a7938ba7040] video:1448kB audio:0kB subtitle:0kB other streams:0kB global headers:0kB muxing overhead: 0.191986%
frame=  165 fps=0.0 q=-1.0 Lsize=    1451kB time=00:00:10.12 bitrate=1173.9kbits/s speed=16.3x    
[libx264 @ 0x5a7938c34700] frame I:1     Avg QP:22.07  size: 68342
[libx264 @ 0x5a7938c34700] frame P:42    Avg QP:21.95  size: 23916
[libx264 @ 0x5a7938c34700] frame B:122   Avg QP:27.26  size:  3356
[libx264 @ 0x5a7938c34700] consecutive B-frames:  1.2%  0.0%  1.8% 97.0%
[libx264 @ 0x5a7938c34700] mb I  I16..4:  3.1% 55.2% 41.7%
[libx264 @ 0x5a7938c34700] mb P  I16..4:  0.6%  3.3%  1.9%  P16..4: 39.3% 29.0% 18.8%  0.0%  0.0%    skip: 7.2%
[libx264 @ 0x5a7938c34700] mb B  I16..4:  0.0%  0.2%  0.2%  B16..8: 48.0%  6.9%  2.2%  direct: 1.8%  skip:40.7%  L0:46.2% L1:42.7% BI:11.1%
[libx264 @ 0x5a7938c34700] 8x8 transform intra:55.8% inter:56.5%
[libx264 @ 0x5a7938c34700] coded y,uvDC,uvAC intra: 82.0% 56.1% 16.2% inter: 20.4% 10.4% 0.1%
[libx264 @ 0x5a7938c34700] i16 v,h,dc,p: 14% 36% 23% 26%
[libx264 @ 0x5a7938c34700] i8 v,h,dc,ddl,ddr,vr,hd,vl,hu: 11% 31% 18%  4%  5%  4% 10%  5% 12%
[libx264 @ 0x5a7938c34700] i4 v,h,dc,ddl,ddr,vr,hd,vl,hu: 15% 27% 15%  5%  7%  6% 11%  5% 10%
[libx264 @ 0x5a7938c34700] i8c dc,h,v,p: 57% 24% 16%  4%
[libx264 @ 0x5a7938c34700] Weighted P-Frames: Y:21.4% UV:0.0%
[libx264 @ 0x5a7938c34700] ref P L0: 54.4% 27.5% 12.7%  4.6%  0.9%
[libx264 @ 0x5a7938c34700] ref B L0: 91.6%  6.5%  1.9%
[libx264 @ 0x5a7938c34700] ref B L1: 98.8%  1.2%
[libx264 @ 0x5a7938c34700] kb/s:1149.85
[rank0]:[W310 23:02:19.884175655 ProcessGroupNCCL.cpp:4115] [PG ID 0 PG GUID 0 Rank 0]  using GPU 0 to perform barrier as devices used by this process are currently unknown. This can potentially cause a hang if this rank to GPU mapping is incorrect.Specify device_ids in barrier() to force use of a particular device,or call init_process_group() with a device_id.
/home/suraj/miniforge3/envs/qvg_sf_eval/lib/python3.10/site-packages/clip/clip.py:6: UserWarning: pkg_resources is deprecated as an API. See https://setuptools.pypa.io/en/latest/pkg_resources.html. The pkg_resources package is slated for removal as early as 2025-11-30. Refrain from using this package or pin to Setuptools<81.
  from pkg_resources import packaging
/home/suraj/miniforge3/envs/qvg_sf_eval/lib/python3.10/site-packages/timm/models/layers/__init__.py:48: FutureWarning: Importing from timm.models.layers is deprecated, please import via timm.layers
  warnings.warn(f"Importing from {__name__} is deprecated, please import via timm.layers", FutureWarning)
/home/suraj/miniforge3/envs/qvg_sf_eval/lib/python3.10/site-packages/pyiqa/archs/arch_util.py:118: FutureWarning: You are using `torch.load` with `weights_only=False` (the current default value), which uses the default pickle module implicitly. It is possible to construct malicious pickle data which will execute arbitrary code during unpickling (See https://github.com/pytorch/pytorch/blob/main/SECURITY.md#untrusted-models for more details). In a future release, the default value for `weights_only` will be flipped to `True`. This limits the functions that could be executed during unpickling. Arbitrary objects will no longer be allowed to be loaded via this mode unless they are explicitly allowlisted by the user via `torch.serialization.add_safe_globals`. We recommend you start setting `weights_only=True` for any use case where you don't have full control of the loaded file. Please open an issue on GitHub for any issues related to this experimental feature.
  state_dict = torch.load(model_path, map_location=torch.device("cpu"))
args: Namespace(output_path='/data/vaishak/combined-kv-quant/results/combined/backfills/drift/moviegen/50ee67a1d4abb902_PRQ_INT4/vbench_PRQ_INT4_165', full_json_dir='/data/vaishak/combined-kv-quant/third_party/VBench/vbench/VBench_full_info.json', videos_path='/data/vaishak/combined-kv-quant/results/combined/backfills/drift/moviegen/50ee67a1d4abb902_PRQ_INT4/PRQ_INT4_frames_165', dimension=['imaging_quality'], load_ckpt_from_local=None, read_frame=None, mode='custom_input', prompt='None', prompt_file='/data/vaishak/combined-kv-quant/results/combined/backfills/drift/moviegen/50ee67a1d4abb902_PRQ_INT4/prompt_map_165.json', category=None, imaging_quality_preprocessing_mode='longer')
start evaluation
Evaluation meta data saved to /data/vaishak/combined-kv-quant/results/combined/backfills/drift/moviegen/50ee67a1d4abb902_PRQ_INT4/vbench_PRQ_INT4_165/results_2026-03-10-23:02:19_full_info.json
cur_full_info_path: /data/vaishak/combined-kv-quant/results/combined/backfills/drift/moviegen/50ee67a1d4abb902_PRQ_INT4/vbench_PRQ_INT4_165/results_2026-03-10-23:02:19_full_info.json
Loading pretrained model MUSIQ from /home/vaishak/.cache/vbench/pyiqa_model/musiq_spaq_ckpt-358bb6af.pth
  0%|          | 0/10 [00:00<?, ?it/s] 10%|█         | 1/10 [00:05<00:45,  5.00s/it] 20%|██        | 2/10 [00:11<00:45,  5.66s/it] 30%|███       | 3/10 [00:17<00:41,  5.91s/it] 40%|████      | 4/10 [00:24<00:37,  6.22s/it] 50%|█████     | 5/10 [00:30<00:31,  6.29s/it] 60%|██████    | 6/10 [00:35<00:23,  5.97s/it] 70%|███████   | 7/10 [00:40<00:16,  5.42s/it] 80%|████████  | 8/10 [00:44<00:10,  5.07s/it] 90%|█████████ | 9/10 [00:48<00:04,  4.84s/it]100%|██████████| 10/10 [00:53<00:00,  4.80s/it]100%|██████████| 10/10 [00:53<00:00,  5.34s/it]
Evaluation results saved to /data/vaishak/combined-kv-quant/results/combined/backfills/drift/moviegen/50ee67a1d4abb902_PRQ_INT4/vbench_PRQ_INT4_165/results_2026-03-10-23:02:19_eval_results.json
done
[rank0]:[W310 23:03:15.724488592 ProcessGroupNCCL.cpp:1250] Warning: WARNING: process group has NOT been destroyed before we destruct ProcessGroupNCCL. On normal program exit, the application should call destroy_process_group to ensure that any pending NCCL operations have finished in this process. In rare cases this process can exit before this point and block the progress of another member of the process group. This constraint has always been present,  but this warning has only been added since PyTorch 2.4 (function operator())
{
  "method": "PRQ_INT4",
  "frame_step": 165,
  "max_frames": 165,
  "curve": [
    {
      "frame_cap": 165,
      "imaging_quality": [
        0.7392896611993962,
        [
          {
            "video_path": "/data/vaishak/combined-kv-quant/results/combined/backfills/drift/moviegen/50ee67a1d4abb902_PRQ_INT4/PRQ_INT4_frames_165/prompt_0007_seed_7.mp4",
            "video_results": 76.50313554243608
          },
          {
            "video_path": "/data/vaishak/combined-kv-quant/results/combined/backfills/drift/moviegen/50ee67a1d4abb902_PRQ_INT4/PRQ_INT4_frames_165/prompt_0006_seed_6.mp4",
            "video_results": 68.97607995235559
          },
          {
            "video_path": "/data/vaishak/combined-kv-quant/results/combined/backfills/drift/moviegen/50ee67a1d4abb902_PRQ_INT4/PRQ_INT4_frames_165/prompt_0004_seed_4.mp4",
            "video_results": 70.99147616299716
          },
          {
            "video_path": "/data/vaishak/combined-kv-quant/results/combined/backfills/drift/moviegen/50ee67a1d4abb902_PRQ_INT4/PRQ_INT4_frames_165/prompt_0003_seed_3.mp4",
            "video_results": 76.50431051543265
          },
          {
            "video_path": "/data/vaishak/combined-kv-quant/results/combined/backfills/drift/moviegen/50ee67a1d4abb902_PRQ_INT4/PRQ_INT4_frames_165/prompt_0005_seed_5.mp4",
            "video_results": 78.4898203531901
          },
          {
            "video_path": "/data/vaishak/combined-kv-quant/results/combined/backfills/drift/moviegen/50ee67a1d4abb902_PRQ_INT4/PRQ_INT4_frames_165/prompt_0002_seed_2.mp4",
            "video_results": 73.64826156153823
          },
          {
            "video_path": "/data/vaishak/combined-kv-quant/results/combined/backfills/drift/moviegen/50ee67a1d4abb902_PRQ_INT4/PRQ_INT4_frames_165/prompt_0001_seed_1.mp4",
            "video_results": 77.27486710981889
          },
          {
            "video_path": "/data/vaishak/combined-kv-quant/results/combined/backfills/drift/moviegen/50ee67a1d4abb902_PRQ_INT4/PRQ_INT4_frames_165/prompt_0009_seed_9.mp4",
            "video_results": 71.87273457845052
          },
          {
            "video_path": "/data/vaishak/combined-kv-quant/results/combined/backfills/drift/moviegen/50ee67a1d4abb902_PRQ_INT4/PRQ_INT4_frames_165/prompt_0008_seed_8.mp4",
            "video_results": 78.03257719097715
          },
          {
            "video_path": "/data/vaishak/combined-kv-quant/results/combined/backfills/drift/moviegen/50ee67a1d4abb902_PRQ_INT4/PRQ_INT4_frames_165/prompt_0000_seed_0.mp4",
            "video_results": 66.99639823219992
          }
        ]
      ]
    }
  ]
}
ffmpeg version 6.1.1-3ubuntu5 Copyright (c) 2000-2023 the FFmpeg developers
  built with gcc 13 (Ubuntu 13.2.0-23ubuntu3)
  configuration: --prefix=/usr --extra-version=3ubuntu5 --toolchain=hardened --libdir=/usr/lib/x86_64-linux-gnu --incdir=/usr/include/x86_64-linux-gnu --arch=amd64 --enable-gpl --disable-stripping --disable-omx --enable-gnutls --enable-libaom --enable-libass --enable-libbs2b --enable-libcaca --enable-libcdio --enable-libcodec2 --enable-libdav1d --enable-libflite --enable-libfontconfig --enable-libfreetype --enable-libfribidi --enable-libglslang --enable-libgme --enable-libgsm --enable-libharfbuzz --enable-libmp3lame --enable-libmysofa --enable-libopenjpeg --enable-libopenmpt --enable-libopus --enable-librubberband --enable-libshine --enable-libsnappy --enable-libsoxr --enable-libspeex --enable-libtheora --enable-libtwolame --enable-libvidstab --enable-libvorbis --enable-libvpx --enable-libwebp --enable-libx265 --enable-libxml2 --enable-libxvid --enable-libzimg --enable-openal --enable-opencl --enable-opengl --disable-sndio --enable-libvpl --disable-libmfx --enable-libdc1394 --enable-libdrm --enable-libiec61883 --enable-chromaprint --enable-frei0r --enable-ladspa --enable-libbluray --enable-libjack --enable-libpulse --enable-librabbitmq --enable-librist --enable-libsrt --enable-libssh --enable-libsvtav1 --enable-libx264 --enable-libzmq --enable-libzvbi --enable-lv2 --enable-sdl2 --enable-libplacebo --enable-librav1e --enable-pocketsphinx --enable-librsvg --enable-libjxl --enable-shared
  libavutil      58. 29.100 / 58. 29.100
  libavcodec     60. 31.102 / 60. 31.102
  libavformat    60. 16.100 / 60. 16.100
  libavdevice    60.  3.100 / 60.  3.100
  libavfilter     9. 12.100 /  9. 12.100
  libswscale      7.  5.100 /  7.  5.100
  libswresample   4. 12.100 /  4. 12.100
  libpostproc    57.  3.100 / 57.  3.100
Input #0, mov,mp4,m4a,3gp,3g2,mj2, from '/data/vaishak/combined-kv-quant/results/runs/backfill_qaq_int2_dcc080e7d18f_10s/videos/QAQ_INT2/prompt_0000_seed_0.mp4':
  Metadata:
    major_brand     : isom
    minor_version   : 512
    compatible_brands: isomiso2avc1mp41
    encoder         : Lavf61.1.100
  Duration: 00:00:10.31, start: 0.000000, bitrate: 1168 kb/s
  Stream #0:0[0x1](und): Video: h264 (High) (avc1 / 0x31637661), yuv420p(progressive), 832x480, 1167 kb/s, 16 fps, 16 tbr, 16384 tbn (default)
    Metadata:
      handler_name    : VideoHandler
      vendor_id       : [0][0][0][0]
Stream mapping:
  Stream #0:0 -> #0:0 (h264 (native) -> h264 (libx264))
Press [q] to stop, [?] for help
[libx264 @ 0x5c6b27adfb00] using cpu capabilities: MMX2 SSE2Fast SSSE3 SSE4.2 AVX FMA3 BMI2 AVX2
[libx264 @ 0x5c6b27adfb00] profile High, level 3.0, 4:2:0, 8-bit
[libx264 @ 0x5c6b27adfb00] 264 - core 164 r3108 31e19f9 - H.264/MPEG-4 AVC codec - Copyleft 2003-2023 - http://www.videolan.org/x264.html - options: cabac=1 ref=3 deblock=1:0:0 analyse=0x3:0x113 me=hex subme=7 psy=1 psy_rd=1.00:0.00 mixed_ref=1 me_range=16 chroma_me=1 trellis=1 8x8dct=1 cqm=0 deadzone=21,11 fast_pskip=1 chroma_qp_offset=-2 threads=15 lookahead_threads=2 sliced_threads=0 nr=0 decimate=1 interlaced=0 bluray_compat=0 constrained_intra=0 bframes=3 b_pyramid=2 b_adapt=1 b_bias=0 direct=1 weightb=1 open_gop=0 weightp=2 keyint=250 keyint_min=16 scenecut=40 intra_refresh=0 rc_lookahead=40 rc=crf mbtree=1 crf=23.0 qcomp=0.60 qpmin=0 qpmax=69 qpstep=4 ip_ratio=1.40 aq=1:1.00
Output #0, mp4, to '/data/vaishak/combined-kv-quant/results/combined/backfills/drift/moviegen/f9613337b9bbed86_QAQ_INT2/QAQ_INT2_frames_165/prompt_0000_seed_0.mp4':
  Metadata:
    major_brand     : isom
    minor_version   : 512
    compatible_brands: isomiso2avc1mp41
    encoder         : Lavf60.16.100
  Stream #0:0(und): Video: h264 (avc1 / 0x31637661), yuv420p(progressive), 832x480, q=2-31, 16 fps, 16384 tbn (default)
    Metadata:
      handler_name    : VideoHandler
      vendor_id       : [0][0][0][0]
      encoder         : Lavc60.31.102 libx264
    Side data:
      cpb: bitrate max/min/avg: 0/0/0 buffer size: 0 vbv_delay: N/A
frame=    0 fps=0.0 q=0.0 size=       0kB time=N/A bitrate=N/A speed=N/A    [out#0/mp4 @ 0x5c6b27a54e80] video:1884kB audio:0kB subtitle:0kB other streams:0kB global headers:0kB muxing overhead: 0.129943%
frame=  165 fps=0.0 q=-1.0 Lsize=    1887kB time=00:00:10.12 bitrate=1526.4kbits/s speed=15.1x    
[libx264 @ 0x5c6b27adfb00] frame I:8     Avg QP:23.68  size: 57897
[libx264 @ 0x5c6b27adfb00] frame P:98    Avg QP:26.27  size: 12835
[libx264 @ 0x5c6b27adfb00] frame B:59    Avg QP:29.32  size:  3518
[libx264 @ 0x5c6b27adfb00] consecutive B-frames: 43.6% 25.5%  1.8% 29.1%
[libx264 @ 0x5c6b27adfb00] mb I  I16..4:  0.4% 69.7% 29.8%
[libx264 @ 0x5c6b27adfb00] mb P  I16..4:  0.4%  4.3%  1.3%  P16..4: 43.6% 20.9%  8.9%  0.0%  0.0%    skip:20.5%
[libx264 @ 0x5c6b27adfb00] mb B  I16..4:  0.2%  0.5%  0.1%  B16..8: 43.4%  7.1%  1.6%  direct: 3.1%  skip:44.1%  L0:48.1% L1:42.0% BI: 9.9%
[libx264 @ 0x5c6b27adfb00] 8x8 transform intra:70.4% inter:75.3%
[libx264 @ 0x5c6b27adfb00] coded y,uvDC,uvAC intra: 86.9% 98.6% 91.4% inter: 28.7% 42.5% 10.9%
[libx264 @ 0x5c6b27adfb00] i16 v,h,dc,p: 41% 16% 10% 34%
[libx264 @ 0x5c6b27adfb00] i8 v,h,dc,ddl,ddr,vr,hd,vl,hu: 22% 19%  9%  5%  7%  9%  8%  9% 10%
[libx264 @ 0x5c6b27adfb00] i4 v,h,dc,ddl,ddr,vr,hd,vl,hu: 24% 22%  9%  5%  7%  8%  9%  8%  7%
[libx264 @ 0x5c6b27adfb00] i8c dc,h,v,p: 39% 20% 24% 17%
[libx264 @ 0x5c6b27adfb00] Weighted P-Frames: Y:31.6% UV:29.6%
[libx264 @ 0x5c6b27adfb00] ref P L0: 57.0% 31.5%  9.6%  1.6%  0.3%
[libx264 @ 0x5c6b27adfb00] ref B L0: 94.8%  4.8%  0.4%
[libx264 @ 0x5c6b27adfb00] ref B L1: 98.8%  1.2%
[libx264 @ 0x5c6b27adfb00] kb/s:1496.13
ffmpeg version 6.1.1-3ubuntu5 Copyright (c) 2000-2023 the FFmpeg developers
  built with gcc 13 (Ubuntu 13.2.0-23ubuntu3)
  configuration: --prefix=/usr --extra-version=3ubuntu5 --toolchain=hardened --libdir=/usr/lib/x86_64-linux-gnu --incdir=/usr/include/x86_64-linux-gnu --arch=amd64 --enable-gpl --disable-stripping --disable-omx --enable-gnutls --enable-libaom --enable-libass --enable-libbs2b --enable-libcaca --enable-libcdio --enable-libcodec2 --enable-libdav1d --enable-libflite --enable-libfontconfig --enable-libfreetype --enable-libfribidi --enable-libglslang --enable-libgme --enable-libgsm --enable-libharfbuzz --enable-libmp3lame --enable-libmysofa --enable-libopenjpeg --enable-libopenmpt --enable-libopus --enable-librubberband --enable-libshine --enable-libsnappy --enable-libsoxr --enable-libspeex --enable-libtheora --enable-libtwolame --enable-libvidstab --enable-libvorbis --enable-libvpx --enable-libwebp --enable-libx265 --enable-libxml2 --enable-libxvid --enable-libzimg --enable-openal --enable-opencl --enable-opengl --disable-sndio --enable-libvpl --disable-libmfx --enable-libdc1394 --enable-libdrm --enable-libiec61883 --enable-chromaprint --enable-frei0r --enable-ladspa --enable-libbluray --enable-libjack --enable-libpulse --enable-librabbitmq --enable-librist --enable-libsrt --enable-libssh --enable-libsvtav1 --enable-libx264 --enable-libzmq --enable-libzvbi --enable-lv2 --enable-sdl2 --enable-libplacebo --enable-librav1e --enable-pocketsphinx --enable-librsvg --enable-libjxl --enable-shared
  libavutil      58. 29.100 / 58. 29.100
  libavcodec     60. 31.102 / 60. 31.102
  libavformat    60. 16.100 / 60. 16.100
  libavdevice    60.  3.100 / 60.  3.100
  libavfilter     9. 12.100 /  9. 12.100
  libswscale      7.  5.100 /  7.  5.100
  libswresample   4. 12.100 /  4. 12.100
  libpostproc    57.  3.100 / 57.  3.100
Input #0, mov,mp4,m4a,3gp,3g2,mj2, from '/data/vaishak/combined-kv-quant/results/runs/backfill_qaq_int2_dcc080e7d18f_10s/videos/QAQ_INT2/prompt_0001_seed_1.mp4':
  Metadata:
    major_brand     : isom
    minor_version   : 512
    compatible_brands: isomiso2avc1mp41
    encoder         : Lavf61.1.100
  Duration: 00:00:10.31, start: 0.000000, bitrate: 1151 kb/s
  Stream #0:0[0x1](und): Video: h264 (High) (avc1 / 0x31637661), yuv420p(progressive), 832x480, 1149 kb/s, 16 fps, 16 tbr, 16384 tbn (default)
    Metadata:
      handler_name    : VideoHandler
      vendor_id       : [0][0][0][0]
Stream mapping:
  Stream #0:0 -> #0:0 (h264 (native) -> h264 (libx264))
Press [q] to stop, [?] for help
[libx264 @ 0x5b8a2ce56780] using cpu capabilities: MMX2 SSE2Fast SSSE3 SSE4.2 AVX FMA3 BMI2 AVX2
[libx264 @ 0x5b8a2ce56780] profile High, level 3.0, 4:2:0, 8-bit
[libx264 @ 0x5b8a2ce56780] 264 - core 164 r3108 31e19f9 - H.264/MPEG-4 AVC codec - Copyleft 2003-2023 - http://www.videolan.org/x264.html - options: cabac=1 ref=3 deblock=1:0:0 analyse=0x3:0x113 me=hex subme=7 psy=1 psy_rd=1.00:0.00 mixed_ref=1 me_range=16 chroma_me=1 trellis=1 8x8dct=1 cqm=0 deadzone=21,11 fast_pskip=1 chroma_qp_offset=-2 threads=15 lookahead_threads=2 sliced_threads=0 nr=0 decimate=1 interlaced=0 bluray_compat=0 constrained_intra=0 bframes=3 b_pyramid=2 b_adapt=1 b_bias=0 direct=1 weightb=1 open_gop=0 weightp=2 keyint=250 keyint_min=16 scenecut=40 intra_refresh=0 rc_lookahead=40 rc=crf mbtree=1 crf=23.0 qcomp=0.60 qpmin=0 qpmax=69 qpstep=4 ip_ratio=1.40 aq=1:1.00
Output #0, mp4, to '/data/vaishak/combined-kv-quant/results/combined/backfills/drift/moviegen/f9613337b9bbed86_QAQ_INT2/QAQ_INT2_frames_165/prompt_0001_seed_1.mp4':
  Metadata:
    major_brand     : isom
    minor_version   : 512
    compatible_brands: isomiso2avc1mp41
    encoder         : Lavf60.16.100
  Stream #0:0(und): Video: h264 (avc1 / 0x31637661), yuv420p(progressive), 832x480, q=2-31, 16 fps, 16384 tbn (default)
    Metadata:
      handler_name    : VideoHandler
      vendor_id       : [0][0][0][0]
      encoder         : Lavc60.31.102 libx264
    Side data:
      cpb: bitrate max/min/avg: 0/0/0 buffer size: 0 vbv_delay: N/A
frame=    0 fps=0.0 q=0.0 size=       0kB time=N/A bitrate=N/A speed=N/A    [out#0/mp4 @ 0x5b8a2cdcbdc0] video:1792kB audio:0kB subtitle:0kB other streams:0kB global headers:0kB muxing overhead: 0.128789%
frame=  165 fps=0.0 q=-1.0 Lsize=    1794kB time=00:00:10.12 bitrate=1451.6kbits/s speed=14.8x    
[libx264 @ 0x5b8a2ce56780] frame I:10    Avg QP:23.00  size: 52437
[libx264 @ 0x5b8a2ce56780] frame P:107   Avg QP:25.58  size: 11232
[libx264 @ 0x5b8a2ce56780] frame B:48    Avg QP:28.11  size:  2248
[libx264 @ 0x5b8a2ce56780] consecutive B-frames: 51.5% 25.5% 10.9% 12.1%
[libx264 @ 0x5b8a2ce56780] mb I  I16..4:  0.8% 64.6% 34.6%
[libx264 @ 0x5b8a2ce56780] mb P  I16..4:  0.5%  3.7%  1.4%  P16..4: 40.4% 18.5%  8.4%  0.0%  0.0%    skip:27.1%
[libx264 @ 0x5b8a2ce56780] mb B  I16..4:  0.1%  0.3%  0.0%  B16..8: 39.9%  4.5%  1.0%  direct: 2.6%  skip:51.6%  L0:49.0% L1:44.2% BI: 6.8%
[libx264 @ 0x5b8a2ce56780] 8x8 transform intra:65.3% inter:70.1%
[libx264 @ 0x5b8a2ce56780] coded y,uvDC,uvAC intra: 86.1% 97.0% 79.8% inter: 28.1% 34.6% 5.6%
[libx264 @ 0x5b8a2ce56780] i16 v,h,dc,p: 10% 40% 10% 40%
[libx264 @ 0x5b8a2ce56780] i8 v,h,dc,ddl,ddr,vr,hd,vl,hu: 14% 29% 11%  5%  7%  7% 10%  7% 11%
[libx264 @ 0x5b8a2ce56780] i4 v,h,dc,ddl,ddr,vr,hd,vl,hu: 17% 33% 10%  5%  6%  6% 10%  6%  8%
[libx264 @ 0x5b8a2ce56780] i8c dc,h,v,p: 41% 31% 14% 14%
[libx264 @ 0x5b8a2ce56780] Weighted P-Frames: Y:23.4% UV:21.5%
[libx264 @ 0x5b8a2ce56780] ref P L0: 60.3% 31.1%  7.4%  1.0%  0.2%
[libx264 @ 0x5b8a2ce56780] ref B L0: 96.0%  3.8%  0.2%
[libx264 @ 0x5b8a2ce56780] ref B L1: 99.8%  0.2%
[libx264 @ 0x5b8a2ce56780] kb/s:1422.81
ffmpeg version 6.1.1-3ubuntu5 Copyright (c) 2000-2023 the FFmpeg developers
  built with gcc 13 (Ubuntu 13.2.0-23ubuntu3)
  configuration: --prefix=/usr --extra-version=3ubuntu5 --toolchain=hardened --libdir=/usr/lib/x86_64-linux-gnu --incdir=/usr/include/x86_64-linux-gnu --arch=amd64 --enable-gpl --disable-stripping --disable-omx --enable-gnutls --enable-libaom --enable-libass --enable-libbs2b --enable-libcaca --enable-libcdio --enable-libcodec2 --enable-libdav1d --enable-libflite --enable-libfontconfig --enable-libfreetype --enable-libfribidi --enable-libglslang --enable-libgme --enable-libgsm --enable-libharfbuzz --enable-libmp3lame --enable-libmysofa --enable-libopenjpeg --enable-libopenmpt --enable-libopus --enable-librubberband --enable-libshine --enable-libsnappy --enable-libsoxr --enable-libspeex --enable-libtheora --enable-libtwolame --enable-libvidstab --enable-libvorbis --enable-libvpx --enable-libwebp --enable-libx265 --enable-libxml2 --enable-libxvid --enable-libzimg --enable-openal --enable-opencl --enable-opengl --disable-sndio --enable-libvpl --disable-libmfx --enable-libdc1394 --enable-libdrm --enable-libiec61883 --enable-chromaprint --enable-frei0r --enable-ladspa --enable-libbluray --enable-libjack --enable-libpulse --enable-librabbitmq --enable-librist --enable-libsrt --enable-libssh --enable-libsvtav1 --enable-libx264 --enable-libzmq --enable-libzvbi --enable-lv2 --enable-sdl2 --enable-libplacebo --enable-librav1e --enable-pocketsphinx --enable-librsvg --enable-libjxl --enable-shared
  libavutil      58. 29.100 / 58. 29.100
  libavcodec     60. 31.102 / 60. 31.102
  libavformat    60. 16.100 / 60. 16.100
  libavdevice    60.  3.100 / 60.  3.100
  libavfilter     9. 12.100 /  9. 12.100
  libswscale      7.  5.100 /  7.  5.100
  libswresample   4. 12.100 /  4. 12.100
  libpostproc    57.  3.100 / 57.  3.100
Input #0, mov,mp4,m4a,3gp,3g2,mj2, from '/data/vaishak/combined-kv-quant/results/runs/backfill_qaq_int2_dcc080e7d18f_10s/videos/QAQ_INT2/prompt_0002_seed_2.mp4':
  Metadata:
    major_brand     : isom
    minor_version   : 512
    compatible_brands: isomiso2avc1mp41
    encoder         : Lavf61.1.100
  Duration: 00:00:10.31, start: 0.000000, bitrate: 1207 kb/s
  Stream #0:0[0x1](und): Video: h264 (High) (avc1 / 0x31637661), yuv420p(progressive), 832x480, 1205 kb/s, 16 fps, 16 tbr, 16384 tbn (default)
    Metadata:
      handler_name    : VideoHandler
      vendor_id       : [0][0][0][0]
Stream mapping:
  Stream #0:0 -> #0:0 (h264 (native) -> h264 (libx264))
Press [q] to stop, [?] for help
[libx264 @ 0x5b87a0889b80] using cpu capabilities: MMX2 SSE2Fast SSSE3 SSE4.2 AVX FMA3 BMI2 AVX2
[libx264 @ 0x5b87a0889b80] profile High, level 3.0, 4:2:0, 8-bit
[libx264 @ 0x5b87a0889b80] 264 - core 164 r3108 31e19f9 - H.264/MPEG-4 AVC codec - Copyleft 2003-2023 - http://www.videolan.org/x264.html - options: cabac=1 ref=3 deblock=1:0:0 analyse=0x3:0x113 me=hex subme=7 psy=1 psy_rd=1.00:0.00 mixed_ref=1 me_range=16 chroma_me=1 trellis=1 8x8dct=1 cqm=0 deadzone=21,11 fast_pskip=1 chroma_qp_offset=-2 threads=15 lookahead_threads=2 sliced_threads=0 nr=0 decimate=1 interlaced=0 bluray_compat=0 constrained_intra=0 bframes=3 b_pyramid=2 b_adapt=1 b_bias=0 direct=1 weightb=1 open_gop=0 weightp=2 keyint=250 keyint_min=16 scenecut=40 intra_refresh=0 rc_lookahead=40 rc=crf mbtree=1 crf=23.0 qcomp=0.60 qpmin=0 qpmax=69 qpstep=4 ip_ratio=1.40 aq=1:1.00
Output #0, mp4, to '/data/vaishak/combined-kv-quant/results/combined/backfills/drift/moviegen/f9613337b9bbed86_QAQ_INT2/QAQ_INT2_frames_165/prompt_0002_seed_2.mp4':
  Metadata:
    major_brand     : isom
    minor_version   : 512
    compatible_brands: isomiso2avc1mp41
    encoder         : Lavf60.16.100
  Stream #0:0(und): Video: h264 (avc1 / 0x31637661), yuv420p(progressive), 832x480, q=2-31, 16 fps, 16384 tbn (default)
    Metadata:
      handler_name    : VideoHandler
      vendor_id       : [0][0][0][0]
      encoder         : Lavc60.31.102 libx264
    Side data:
      cpb: bitrate max/min/avg: 0/0/0 buffer size: 0 vbv_delay: N/A
frame=    0 fps=0.0 q=0.0 size=       0kB time=N/A bitrate=N/A speed=N/A    [out#0/mp4 @ 0x5b87a07a6d80] video:1667kB audio:0kB subtitle:0kB other streams:0kB global headers:0kB muxing overhead: 0.156466%
frame=  165 fps=0.0 q=-1.0 Lsize=    1670kB time=00:00:10.12 bitrate=1350.9kbits/s speed=17.4x    
[libx264 @ 0x5b87a0889b80] frame I:10    Avg QP:22.23  size: 38781
[libx264 @ 0x5b87a0889b80] frame P:76    Avg QP:24.72  size: 13683
[libx264 @ 0x5b87a0889b80] frame B:79    Avg QP:26.76  size:  3527
[libx264 @ 0x5b87a0889b80] consecutive B-frames: 22.4% 36.4% 14.5% 26.7%
[libx264 @ 0x5b87a0889b80] mb I  I16..4: 12.0% 67.8% 20.2%
[libx264 @ 0x5b87a0889b80] mb P  I16..4:  4.5%  9.0%  2.3%  P16..4: 45.4% 17.6%  6.9%  0.0%  0.0%    skip:14.4%
[libx264 @ 0x5b87a0889b80] mb B  I16..4:  0.3%  0.6%  0.1%  B16..8: 36.7%  6.3%  1.4%  direct: 5.4%  skip:49.1%  L0:41.7% L1:47.1% BI:11.2%
[libx264 @ 0x5b87a0889b80] 8x8 transform intra:61.9% inter:74.1%
[libx264 @ 0x5b87a0889b80] coded y,uvDC,uvAC intra: 65.6% 90.5% 61.1% inter: 25.2% 39.2% 7.3%
[libx264 @ 0x5b87a0889b80] i16 v,h,dc,p:  4% 46%  2% 47%
[libx264 @ 0x5b87a0889b80] i8 v,h,dc,ddl,ddr,vr,hd,vl,hu: 16% 36% 11%  4%  5%  5%  8%  5%  9%
[libx264 @ 0x5b87a0889b80] i4 v,h,dc,ddl,ddr,vr,hd,vl,hu: 22% 30%  9%  5%  7%  7%  8%  5%  7%
[libx264 @ 0x5b87a0889b80] i8c dc,h,v,p: 36% 35% 16% 12%
[libx264 @ 0x5b87a0889b80] Weighted P-Frames: Y:30.3% UV:27.6%
[libx264 @ 0x5b87a0889b80] ref P L0: 61.9% 24.1% 11.9%  1.8%  0.2%
[libx264 @ 0x5b87a0889b80] ref B L0: 92.0%  7.2%  0.7%
[libx264 @ 0x5b87a0889b80] ref B L1: 99.0%  1.0%
[libx264 @ 0x5b87a0889b80] kb/s:1323.74
ffmpeg version 6.1.1-3ubuntu5 Copyright (c) 2000-2023 the FFmpeg developers
  built with gcc 13 (Ubuntu 13.2.0-23ubuntu3)
  configuration: --prefix=/usr --extra-version=3ubuntu5 --toolchain=hardened --libdir=/usr/lib/x86_64-linux-gnu --incdir=/usr/include/x86_64-linux-gnu --arch=amd64 --enable-gpl --disable-stripping --disable-omx --enable-gnutls --enable-libaom --enable-libass --enable-libbs2b --enable-libcaca --enable-libcdio --enable-libcodec2 --enable-libdav1d --enable-libflite --enable-libfontconfig --enable-libfreetype --enable-libfribidi --enable-libglslang --enable-libgme --enable-libgsm --enable-libharfbuzz --enable-libmp3lame --enable-libmysofa --enable-libopenjpeg --enable-libopenmpt --enable-libopus --enable-librubberband --enable-libshine --enable-libsnappy --enable-libsoxr --enable-libspeex --enable-libtheora --enable-libtwolame --enable-libvidstab --enable-libvorbis --enable-libvpx --enable-libwebp --enable-libx265 --enable-libxml2 --enable-libxvid --enable-libzimg --enable-openal --enable-opencl --enable-opengl --disable-sndio --enable-libvpl --disable-libmfx --enable-libdc1394 --enable-libdrm --enable-libiec61883 --enable-chromaprint --enable-frei0r --enable-ladspa --enable-libbluray --enable-libjack --enable-libpulse --enable-librabbitmq --enable-librist --enable-libsrt --enable-libssh --enable-libsvtav1 --enable-libx264 --enable-libzmq --enable-libzvbi --enable-lv2 --enable-sdl2 --enable-libplacebo --enable-librav1e --enable-pocketsphinx --enable-librsvg --enable-libjxl --enable-shared
  libavutil      58. 29.100 / 58. 29.100
  libavcodec     60. 31.102 / 60. 31.102
  libavformat    60. 16.100 / 60. 16.100
  libavdevice    60.  3.100 / 60.  3.100
  libavfilter     9. 12.100 /  9. 12.100
  libswscale      7.  5.100 /  7.  5.100
  libswresample   4. 12.100 /  4. 12.100
  libpostproc    57.  3.100 / 57.  3.100
Input #0, mov,mp4,m4a,3gp,3g2,mj2, from '/data/vaishak/combined-kv-quant/results/runs/backfill_qaq_int2_dcc080e7d18f_10s/videos/QAQ_INT2/prompt_0003_seed_3.mp4':
  Metadata:
    major_brand     : isom
    minor_version   : 512
    compatible_brands: isomiso2avc1mp41
    encoder         : Lavf61.1.100
  Duration: 00:00:10.31, start: 0.000000, bitrate: 1091 kb/s
  Stream #0:0[0x1](und): Video: h264 (High) (avc1 / 0x31637661), yuv420p(progressive), 832x480, 1089 kb/s, 16 fps, 16 tbr, 16384 tbn (default)
    Metadata:
      handler_name    : VideoHandler
      vendor_id       : [0][0][0][0]
Stream mapping:
  Stream #0:0 -> #0:0 (h264 (native) -> h264 (libx264))
Press [q] to stop, [?] for help
[libx264 @ 0x56f73fa94d00] using cpu capabilities: MMX2 SSE2Fast SSSE3 SSE4.2 AVX FMA3 BMI2 AVX2
[libx264 @ 0x56f73fa94d00] profile High, level 3.0, 4:2:0, 8-bit
[libx264 @ 0x56f73fa94d00] 264 - core 164 r3108 31e19f9 - H.264/MPEG-4 AVC codec - Copyleft 2003-2023 - http://www.videolan.org/x264.html - options: cabac=1 ref=3 deblock=1:0:0 analyse=0x3:0x113 me=hex subme=7 psy=1 psy_rd=1.00:0.00 mixed_ref=1 me_range=16 chroma_me=1 trellis=1 8x8dct=1 cqm=0 deadzone=21,11 fast_pskip=1 chroma_qp_offset=-2 threads=15 lookahead_threads=2 sliced_threads=0 nr=0 decimate=1 interlaced=0 bluray_compat=0 constrained_intra=0 bframes=3 b_pyramid=2 b_adapt=1 b_bias=0 direct=1 weightb=1 open_gop=0 weightp=2 keyint=250 keyint_min=16 scenecut=40 intra_refresh=0 rc_lookahead=40 rc=crf mbtree=1 crf=23.0 qcomp=0.60 qpmin=0 qpmax=69 qpstep=4 ip_ratio=1.40 aq=1:1.00
Output #0, mp4, to '/data/vaishak/combined-kv-quant/results/combined/backfills/drift/moviegen/f9613337b9bbed86_QAQ_INT2/QAQ_INT2_frames_165/prompt_0003_seed_3.mp4':
  Metadata:
    major_brand     : isom
    minor_version   : 512
    compatible_brands: isomiso2avc1mp41
    encoder         : Lavf60.16.100
  Stream #0:0(und): Video: h264 (avc1 / 0x31637661), yuv420p(progressive), 832x480, q=2-31, 16 fps, 16384 tbn (default)
    Metadata:
      handler_name    : VideoHandler
      vendor_id       : [0][0][0][0]
      encoder         : Lavc60.31.102 libx264
    Side data:
      cpb: bitrate max/min/avg: 0/0/0 buffer size: 0 vbv_delay: N/A
frame=    0 fps=0.0 q=0.0 size=       0kB time=N/A bitrate=N/A speed=N/A    [out#0/mp4 @ 0x56f73f9fae00] video:1773kB audio:0kB subtitle:0kB other streams:0kB global headers:0kB muxing overhead: 0.127044%
frame=  165 fps=0.0 q=-1.0 Lsize=    1776kB time=00:00:10.12 bitrate=1436.6kbits/s speed=16.5x    
[libx264 @ 0x56f73fa94d00] frame I:11    Avg QP:22.69  size: 49250
[libx264 @ 0x56f73fa94d00] frame P:107   Avg QP:25.49  size: 10743
[libx264 @ 0x56f73fa94d00] frame B:47    Avg QP:28.06  size:  2639
[libx264 @ 0x56f73fa94d00] consecutive B-frames: 53.9% 20.6% 10.9% 14.5%
[libx264 @ 0x56f73fa94d00] mb I  I16..4:  6.3% 60.0% 33.8%
[libx264 @ 0x56f73fa94d00] mb P  I16..4:  1.2%  3.3%  0.9%  P16..4: 41.9% 17.0%  8.2%  0.0%  0.0%    skip:27.6%
[libx264 @ 0x56f73fa94d00] mb B  I16..4:  0.1%  0.1%  0.0%  B16..8: 41.5%  5.1%  1.2%  direct: 2.5%  skip:49.4%  L0:48.7% L1:43.8% BI: 7.5%
[libx264 @ 0x56f73fa94d00] 8x8 transform intra:60.2% inter:69.7%
[libx264 @ 0x56f73fa94d00] coded y,uvDC,uvAC intra: 78.2% 96.0% 75.7% inter: 26.8% 36.9% 5.8%
[libx264 @ 0x56f73fa94d00] i16 v,h,dc,p:  4% 48%  4% 44%
[libx264 @ 0x56f73fa94d00] i8 v,h,dc,ddl,ddr,vr,hd,vl,hu: 12% 33% 11%  4%  7%  6% 12%  5% 10%
[libx264 @ 0x56f73fa94d00] i4 v,h,dc,ddl,ddr,vr,hd,vl,hu: 17% 32% 10%  4%  7%  7% 11%  5%  8%
[libx264 @ 0x56f73fa94d00] i8c dc,h,v,p: 37% 34% 14% 15%
[libx264 @ 0x56f73fa94d00] Weighted P-Frames: Y:35.5% UV:23.4%
[libx264 @ 0x56f73fa94d00] ref P L0: 54.7% 31.7% 11.7%  1.7%  0.3%
[libx264 @ 0x56f73fa94d00] ref B L0: 96.6%  3.3%  0.2%
[libx264 @ 0x56f73fa94d00] ref B L1: 99.6%  0.4%
[libx264 @ 0x56f73fa94d00] kb/s:1408.17
ffmpeg version 6.1.1-3ubuntu5 Copyright (c) 2000-2023 the FFmpeg developers
  built with gcc 13 (Ubuntu 13.2.0-23ubuntu3)
  configuration: --prefix=/usr --extra-version=3ubuntu5 --toolchain=hardened --libdir=/usr/lib/x86_64-linux-gnu --incdir=/usr/include/x86_64-linux-gnu --arch=amd64 --enable-gpl --disable-stripping --disable-omx --enable-gnutls --enable-libaom --enable-libass --enable-libbs2b --enable-libcaca --enable-libcdio --enable-libcodec2 --enable-libdav1d --enable-libflite --enable-libfontconfig --enable-libfreetype --enable-libfribidi --enable-libglslang --enable-libgme --enable-libgsm --enable-libharfbuzz --enable-libmp3lame --enable-libmysofa --enable-libopenjpeg --enable-libopenmpt --enable-libopus --enable-librubberband --enable-libshine --enable-libsnappy --enable-libsoxr --enable-libspeex --enable-libtheora --enable-libtwolame --enable-libvidstab --enable-libvorbis --enable-libvpx --enable-libwebp --enable-libx265 --enable-libxml2 --enable-libxvid --enable-libzimg --enable-openal --enable-opencl --enable-opengl --disable-sndio --enable-libvpl --disable-libmfx --enable-libdc1394 --enable-libdrm --enable-libiec61883 --enable-chromaprint --enable-frei0r --enable-ladspa --enable-libbluray --enable-libjack --enable-libpulse --enable-librabbitmq --enable-librist --enable-libsrt --enable-libssh --enable-libsvtav1 --enable-libx264 --enable-libzmq --enable-libzvbi --enable-lv2 --enable-sdl2 --enable-libplacebo --enable-librav1e --enable-pocketsphinx --enable-librsvg --enable-libjxl --enable-shared
  libavutil      58. 29.100 / 58. 29.100
  libavcodec     60. 31.102 / 60. 31.102
  libavformat    60. 16.100 / 60. 16.100
  libavdevice    60.  3.100 / 60.  3.100
  libavfilter     9. 12.100 /  9. 12.100
  libswscale      7.  5.100 /  7.  5.100
  libswresample   4. 12.100 /  4. 12.100
  libpostproc    57.  3.100 / 57.  3.100
Input #0, mov,mp4,m4a,3gp,3g2,mj2, from '/data/vaishak/combined-kv-quant/results/runs/backfill_qaq_int2_dcc080e7d18f_10s/videos/QAQ_INT2/prompt_0004_seed_4.mp4':
  Metadata:
    major_brand     : isom
    minor_version   : 512
    compatible_brands: isomiso2avc1mp41
    encoder         : Lavf61.1.100
  Duration: 00:00:10.31, start: 0.000000, bitrate: 1204 kb/s
  Stream #0:0[0x1](und): Video: h264 (High) (avc1 / 0x31637661), yuv420p(progressive), 832x480, 1201 kb/s, 16 fps, 16 tbr, 16384 tbn (default)
    Metadata:
      handler_name    : VideoHandler
      vendor_id       : [0][0][0][0]
Stream mapping:
  Stream #0:0 -> #0:0 (h264 (native) -> h264 (libx264))
Press [q] to stop, [?] for help
[libx264 @ 0x60a2a1556d40] using cpu capabilities: MMX2 SSE2Fast SSSE3 SSE4.2 AVX FMA3 BMI2 AVX2
[libx264 @ 0x60a2a1556d40] profile High, level 3.0, 4:2:0, 8-bit
[libx264 @ 0x60a2a1556d40] 264 - core 164 r3108 31e19f9 - H.264/MPEG-4 AVC codec - Copyleft 2003-2023 - http://www.videolan.org/x264.html - options: cabac=1 ref=3 deblock=1:0:0 analyse=0x3:0x113 me=hex subme=7 psy=1 psy_rd=1.00:0.00 mixed_ref=1 me_range=16 chroma_me=1 trellis=1 8x8dct=1 cqm=0 deadzone=21,11 fast_pskip=1 chroma_qp_offset=-2 threads=15 lookahead_threads=2 sliced_threads=0 nr=0 decimate=1 interlaced=0 bluray_compat=0 constrained_intra=0 bframes=3 b_pyramid=2 b_adapt=1 b_bias=0 direct=1 weightb=1 open_gop=0 weightp=2 keyint=250 keyint_min=16 scenecut=40 intra_refresh=0 rc_lookahead=40 rc=crf mbtree=1 crf=23.0 qcomp=0.60 qpmin=0 qpmax=69 qpstep=4 ip_ratio=1.40 aq=1:1.00
Output #0, mp4, to '/data/vaishak/combined-kv-quant/results/combined/backfills/drift/moviegen/f9613337b9bbed86_QAQ_INT2/QAQ_INT2_frames_165/prompt_0004_seed_4.mp4':
  Metadata:
    major_brand     : isom
    minor_version   : 512
    compatible_brands: isomiso2avc1mp41
    encoder         : Lavf60.16.100
  Stream #0:0(und): Video: h264 (avc1 / 0x31637661), yuv420p(progressive), 832x480, q=2-31, 16 fps, 16384 tbn (default)
    Metadata:
      handler_name    : VideoHandler
      vendor_id       : [0][0][0][0]
      encoder         : Lavc60.31.102 libx264
    Side data:
      cpb: bitrate max/min/avg: 0/0/0 buffer size: 0 vbv_delay: N/A
frame=    0 fps=0.0 q=0.0 size=       0kB time=N/A bitrate=N/A speed=N/A    [out#0/mp4 @ 0x60a2a14d7d80] video:1344kB audio:0kB subtitle:0kB other streams:0kB global headers:0kB muxing overhead: 0.201273%
frame=  165 fps=0.0 q=-1.0 Lsize=    1347kB time=00:00:10.12 bitrate=1090.0kbits/s speed=17.2x    
[libx264 @ 0x60a2a1556d40] frame I:8     Avg QP:21.48  size: 37765
[libx264 @ 0x60a2a1556d40] frame P:64    Avg QP:23.76  size: 13131
[libx264 @ 0x60a2a1556d40] frame B:93    Avg QP:26.30  size:  2511
[libx264 @ 0x60a2a1556d40] consecutive B-frames: 13.9% 29.1% 10.9% 46.1%
[libx264 @ 0x60a2a1556d40] mb I  I16..4:  8.2% 73.3% 18.5%
[libx264 @ 0x60a2a1556d40] mb P  I16..4:  3.7%  8.7%  1.6%  P16..4: 46.6% 19.4%  7.0%  0.0%  0.0%    skip:12.9%
[libx264 @ 0x60a2a1556d40] mb B  I16..4:  0.9%  1.3%  0.1%  B16..8: 30.8%  4.5%  0.8%  direct: 3.8%  skip:57.8%  L0:42.3% L1:48.3% BI: 9.3%
[libx264 @ 0x60a2a1556d40] 8x8 transform intra:66.3% inter:75.0%
[libx264 @ 0x60a2a1556d40] coded y,uvDC,uvAC intra: 64.4% 89.4% 59.7% inter: 20.7% 34.6% 4.8%
[libx264 @ 0x60a2a1556d40] i16 v,h,dc,p: 23% 41%  3% 33%
[libx264 @ 0x60a2a1556d40] i8 v,h,dc,ddl,ddr,vr,hd,vl,hu: 23% 31% 10%  4%  5%  6%  7%  7%  7%
[libx264 @ 0x60a2a1556d40] i4 v,h,dc,ddl,ddr,vr,hd,vl,hu: 21% 27%  8%  5%  8%  9%  9%  7%  7%
[libx264 @ 0x60a2a1556d40] i8c dc,h,v,p: 30% 31% 23% 16%
[libx264 @ 0x60a2a1556d40] Weighted P-Frames: Y:42.2% UV:34.4%
[libx264 @ 0x60a2a1556d40] ref P L0: 56.2% 27.6% 11.3%  3.7%  1.3%
[libx264 @ 0x60a2a1556d40] ref B L0: 89.3%  8.6%  2.1%
[libx264 @ 0x60a2a1556d40] ref B L1: 98.4%  1.6%
[libx264 @ 0x60a2a1556d40] kb/s:1067.48
ffmpeg version 6.1.1-3ubuntu5 Copyright (c) 2000-2023 the FFmpeg developers
  built with gcc 13 (Ubuntu 13.2.0-23ubuntu3)
  configuration: --prefix=/usr --extra-version=3ubuntu5 --toolchain=hardened --libdir=/usr/lib/x86_64-linux-gnu --incdir=/usr/include/x86_64-linux-gnu --arch=amd64 --enable-gpl --disable-stripping --disable-omx --enable-gnutls --enable-libaom --enable-libass --enable-libbs2b --enable-libcaca --enable-libcdio --enable-libcodec2 --enable-libdav1d --enable-libflite --enable-libfontconfig --enable-libfreetype --enable-libfribidi --enable-libglslang --enable-libgme --enable-libgsm --enable-libharfbuzz --enable-libmp3lame --enable-libmysofa --enable-libopenjpeg --enable-libopenmpt --enable-libopus --enable-librubberband --enable-libshine --enable-libsnappy --enable-libsoxr --enable-libspeex --enable-libtheora --enable-libtwolame --enable-libvidstab --enable-libvorbis --enable-libvpx --enable-libwebp --enable-libx265 --enable-libxml2 --enable-libxvid --enable-libzimg --enable-openal --enable-opencl --enable-opengl --disable-sndio --enable-libvpl --disable-libmfx --enable-libdc1394 --enable-libdrm --enable-libiec61883 --enable-chromaprint --enable-frei0r --enable-ladspa --enable-libbluray --enable-libjack --enable-libpulse --enable-librabbitmq --enable-librist --enable-libsrt --enable-libssh --enable-libsvtav1 --enable-libx264 --enable-libzmq --enable-libzvbi --enable-lv2 --enable-sdl2 --enable-libplacebo --enable-librav1e --enable-pocketsphinx --enable-librsvg --enable-libjxl --enable-shared
  libavutil      58. 29.100 / 58. 29.100
  libavcodec     60. 31.102 / 60. 31.102
  libavformat    60. 16.100 / 60. 16.100
  libavdevice    60.  3.100 / 60.  3.100
  libavfilter     9. 12.100 /  9. 12.100
  libswscale      7.  5.100 /  7.  5.100
  libswresample   4. 12.100 /  4. 12.100
  libpostproc    57.  3.100 / 57.  3.100
Input #0, mov,mp4,m4a,3gp,3g2,mj2, from '/data/vaishak/combined-kv-quant/results/runs/backfill_qaq_int2_dcc080e7d18f_10s/videos/QAQ_INT2/prompt_0005_seed_5.mp4':
  Metadata:
    major_brand     : isom
    minor_version   : 512
    compatible_brands: isomiso2avc1mp41
    encoder         : Lavf61.1.100
  Duration: 00:00:10.31, start: 0.000000, bitrate: 1116 kb/s
  Stream #0:0[0x1](und): Video: h264 (High) (avc1 / 0x31637661), yuv420p(progressive), 832x480, 1114 kb/s, 16 fps, 16 tbr, 16384 tbn (default)
    Metadata:
      handler_name    : VideoHandler
      vendor_id       : [0][0][0][0]
Stream mapping:
  Stream #0:0 -> #0:0 (h264 (native) -> h264 (libx264))
Press [q] to stop, [?] for help
[libx264 @ 0x60b6dcf1b080] using cpu capabilities: MMX2 SSE2Fast SSSE3 SSE4.2 AVX FMA3 BMI2 AVX2
[libx264 @ 0x60b6dcf1b080] profile High, level 3.0, 4:2:0, 8-bit
[libx264 @ 0x60b6dcf1b080] 264 - core 164 r3108 31e19f9 - H.264/MPEG-4 AVC codec - Copyleft 2003-2023 - http://www.videolan.org/x264.html - options: cabac=1 ref=3 deblock=1:0:0 analyse=0x3:0x113 me=hex subme=7 psy=1 psy_rd=1.00:0.00 mixed_ref=1 me_range=16 chroma_me=1 trellis=1 8x8dct=1 cqm=0 deadzone=21,11 fast_pskip=1 chroma_qp_offset=-2 threads=15 lookahead_threads=2 sliced_threads=0 nr=0 decimate=1 interlaced=0 bluray_compat=0 constrained_intra=0 bframes=3 b_pyramid=2 b_adapt=1 b_bias=0 direct=1 weightb=1 open_gop=0 weightp=2 keyint=250 keyint_min=16 scenecut=40 intra_refresh=0 rc_lookahead=40 rc=crf mbtree=1 crf=23.0 qcomp=0.60 qpmin=0 qpmax=69 qpstep=4 ip_ratio=1.40 aq=1:1.00
Output #0, mp4, to '/data/vaishak/combined-kv-quant/results/combined/backfills/drift/moviegen/f9613337b9bbed86_QAQ_INT2/QAQ_INT2_frames_165/prompt_0005_seed_5.mp4':
  Metadata:
    major_brand     : isom
    minor_version   : 512
    compatible_brands: isomiso2avc1mp41
    encoder         : Lavf60.16.100
  Stream #0:0(und): Video: h264 (avc1 / 0x31637661), yuv420p(progressive), 832x480, q=2-31, 16 fps, 16384 tbn (default)
    Metadata:
      handler_name    : VideoHandler
      vendor_id       : [0][0][0][0]
      encoder         : Lavc60.31.102 libx264
    Side data:
      cpb: bitrate max/min/avg: 0/0/0 buffer size: 0 vbv_delay: N/A
frame=    0 fps=0.0 q=0.0 size=       0kB time=N/A bitrate=N/A speed=N/A    [out#0/mp4 @ 0x60b6dce85e00] video:2075kB audio:0kB subtitle:0kB other streams:0kB global headers:0kB muxing overhead: 0.114052%
frame=  165 fps=0.0 q=-1.0 Lsize=    2077kB time=00:00:10.12 bitrate=1680.5kbits/s speed=15.7x    
[libx264 @ 0x60b6dcf1b080] frame I:8     Avg QP:23.26  size: 71565
[libx264 @ 0x60b6dcf1b080] frame P:103   Avg QP:26.01  size: 13636
[libx264 @ 0x60b6dcf1b080] frame B:54    Avg QP:29.19  size:  2717
[libx264 @ 0x60b6dcf1b080] consecutive B-frames: 46.1% 25.5% 16.4% 12.1%
[libx264 @ 0x60b6dcf1b080] mb I  I16..4:  1.2% 57.2% 41.7%
[libx264 @ 0x60b6dcf1b080] mb P  I16..4:  0.3%  2.5%  0.8%  P16..4: 41.7% 18.0% 10.8%  0.0%  0.0%    skip:25.8%
[libx264 @ 0x60b6dcf1b080] mb B  I16..4:  0.1%  0.2%  0.0%  B16..8: 40.4%  5.1%  1.6%  direct: 2.1%  skip:50.6%  L0:47.0% L1:45.4% BI: 7.7%
[libx264 @ 0x60b6dcf1b080] 8x8 transform intra:60.9% inter:68.8%
[libx264 @ 0x60b6dcf1b080] coded y,uvDC,uvAC intra: 89.6% 99.1% 92.2% inter: 26.7% 40.8% 12.2%
[libx264 @ 0x60b6dcf1b080] i16 v,h,dc,p:  9% 42% 11% 39%
[libx264 @ 0x60b6dcf1b080] i8 v,h,dc,ddl,ddr,vr,hd,vl,hu: 15% 22% 13%  6%  7%  8%  9%  8% 12%
[libx264 @ 0x60b6dcf1b080] i4 v,h,dc,ddl,ddr,vr,hd,vl,hu: 19% 19% 11%  7%  9% 10%  9%  9%  9%
[libx264 @ 0x60b6dcf1b080] i8c dc,h,v,p: 46% 22% 16% 16%
[libx264 @ 0x60b6dcf1b080] Weighted P-Frames: Y:34.0% UV:28.2%
[libx264 @ 0x60b6dcf1b080] ref P L0: 60.9% 28.3%  8.8%  1.5%  0.5%
[libx264 @ 0x60b6dcf1b080] ref B L0: 93.0%  6.1%  0.9%
[libx264 @ 0x60b6dcf1b080] ref B L1: 99.5%  0.5%
[libx264 @ 0x60b6dcf1b080] kb/s:1647.53
ffmpeg version 6.1.1-3ubuntu5 Copyright (c) 2000-2023 the FFmpeg developers
  built with gcc 13 (Ubuntu 13.2.0-23ubuntu3)
  configuration: --prefix=/usr --extra-version=3ubuntu5 --toolchain=hardened --libdir=/usr/lib/x86_64-linux-gnu --incdir=/usr/include/x86_64-linux-gnu --arch=amd64 --enable-gpl --disable-stripping --disable-omx --enable-gnutls --enable-libaom --enable-libass --enable-libbs2b --enable-libcaca --enable-libcdio --enable-libcodec2 --enable-libdav1d --enable-libflite --enable-libfontconfig --enable-libfreetype --enable-libfribidi --enable-libglslang --enable-libgme --enable-libgsm --enable-libharfbuzz --enable-libmp3lame --enable-libmysofa --enable-libopenjpeg --enable-libopenmpt --enable-libopus --enable-librubberband --enable-libshine --enable-libsnappy --enable-libsoxr --enable-libspeex --enable-libtheora --enable-libtwolame --enable-libvidstab --enable-libvorbis --enable-libvpx --enable-libwebp --enable-libx265 --enable-libxml2 --enable-libxvid --enable-libzimg --enable-openal --enable-opencl --enable-opengl --disable-sndio --enable-libvpl --disable-libmfx --enable-libdc1394 --enable-libdrm --enable-libiec61883 --enable-chromaprint --enable-frei0r --enable-ladspa --enable-libbluray --enable-libjack --enable-libpulse --enable-librabbitmq --enable-librist --enable-libsrt --enable-libssh --enable-libsvtav1 --enable-libx264 --enable-libzmq --enable-libzvbi --enable-lv2 --enable-sdl2 --enable-libplacebo --enable-librav1e --enable-pocketsphinx --enable-librsvg --enable-libjxl --enable-shared
  libavutil      58. 29.100 / 58. 29.100
  libavcodec     60. 31.102 / 60. 31.102
  libavformat    60. 16.100 / 60. 16.100
  libavdevice    60.  3.100 / 60.  3.100
  libavfilter     9. 12.100 /  9. 12.100
  libswscale      7.  5.100 /  7.  5.100
  libswresample   4. 12.100 /  4. 12.100
  libpostproc    57.  3.100 / 57.  3.100
Input #0, mov,mp4,m4a,3gp,3g2,mj2, from '/data/vaishak/combined-kv-quant/results/runs/backfill_qaq_int2_dcc080e7d18f_10s/videos/QAQ_INT2/prompt_0006_seed_6.mp4':
  Metadata:
    major_brand     : isom
    minor_version   : 512
    compatible_brands: isomiso2avc1mp41
    encoder         : Lavf61.1.100
  Duration: 00:00:10.31, start: 0.000000, bitrate: 1174 kb/s
  Stream #0:0[0x1](und): Video: h264 (High) (avc1 / 0x31637661), yuv420p(progressive), 832x480, 1173 kb/s, 16 fps, 16 tbr, 16384 tbn (default)
    Metadata:
      handler_name    : VideoHandler
      vendor_id       : [0][0][0][0]
Stream mapping:
  Stream #0:0 -> #0:0 (h264 (native) -> h264 (libx264))
Press [q] to stop, [?] for help
[libx264 @ 0x62b19a772cc0] using cpu capabilities: MMX2 SSE2Fast SSSE3 SSE4.2 AVX FMA3 BMI2 AVX2
[libx264 @ 0x62b19a772cc0] profile High, level 3.0, 4:2:0, 8-bit
[libx264 @ 0x62b19a772cc0] 264 - core 164 r3108 31e19f9 - H.264/MPEG-4 AVC codec - Copyleft 2003-2023 - http://www.videolan.org/x264.html - options: cabac=1 ref=3 deblock=1:0:0 analyse=0x3:0x113 me=hex subme=7 psy=1 psy_rd=1.00:0.00 mixed_ref=1 me_range=16 chroma_me=1 trellis=1 8x8dct=1 cqm=0 deadzone=21,11 fast_pskip=1 chroma_qp_offset=-2 threads=15 lookahead_threads=2 sliced_threads=0 nr=0 decimate=1 interlaced=0 bluray_compat=0 constrained_intra=0 bframes=3 b_pyramid=2 b_adapt=1 b_bias=0 direct=1 weightb=1 open_gop=0 weightp=2 keyint=250 keyint_min=16 scenecut=40 intra_refresh=0 rc_lookahead=40 rc=crf mbtree=1 crf=23.0 qcomp=0.60 qpmin=0 qpmax=69 qpstep=4 ip_ratio=1.40 aq=1:1.00
Output #0, mp4, to '/data/vaishak/combined-kv-quant/results/combined/backfills/drift/moviegen/f9613337b9bbed86_QAQ_INT2/QAQ_INT2_frames_165/prompt_0006_seed_6.mp4':
  Metadata:
    major_brand     : isom
    minor_version   : 512
    compatible_brands: isomiso2avc1mp41
    encoder         : Lavf60.16.100
  Stream #0:0(und): Video: h264 (avc1 / 0x31637661), yuv420p(progressive), 832x480, q=2-31, 16 fps, 16384 tbn (default)
    Metadata:
      handler_name    : VideoHandler
      vendor_id       : [0][0][0][0]
      encoder         : Lavc60.31.102 libx264
    Side data:
      cpb: bitrate max/min/avg: 0/0/0 buffer size: 0 vbv_delay: N/A
frame=    0 fps=0.0 q=0.0 size=       0kB time=N/A bitrate=N/A speed=N/A    [out#0/mp4 @ 0x62b19a6f2ec0] video:1628kB audio:0kB subtitle:0kB other streams:0kB global headers:0kB muxing overhead: 0.151796%
frame=  165 fps=0.0 q=-1.0 Lsize=    1631kB time=00:00:10.12 bitrate=1319.4kbits/s speed=17.1x    
[libx264 @ 0x62b19a772cc0] frame I:9     Avg QP:21.39  size: 42119
[libx264 @ 0x62b19a772cc0] frame P:88    Avg QP:23.95  size: 12803
[libx264 @ 0x62b19a772cc0] frame B:68    Avg QP:26.12  size:  2367
[libx264 @ 0x62b19a772cc0] consecutive B-frames: 35.2% 26.7%  9.1% 29.1%
[libx264 @ 0x62b19a772cc0] mb I  I16..4: 11.9% 68.4% 19.7%
[libx264 @ 0x62b19a772cc0] mb P  I16..4:  3.1%  7.0%  1.2%  P16..4: 48.5% 16.9%  7.1%  0.0%  0.0%    skip:16.1%
[libx264 @ 0x62b19a772cc0] mb B  I16..4:  0.6%  0.7%  0.0%  B16..8: 36.4%  4.1%  0.9%  direct: 3.2%  skip:54.2%  L0:47.9% L1:42.5% BI: 9.6%
[libx264 @ 0x62b19a772cc0] 8x8 transform intra:64.3% inter:72.2%
[libx264 @ 0x62b19a772cc0] coded y,uvDC,uvAC intra: 61.5% 93.1% 60.7% inter: 25.0% 40.5% 8.0%
[libx264 @ 0x62b19a772cc0] i16 v,h,dc,p: 10% 18%  5% 67%
[libx264 @ 0x62b19a772cc0] i8 v,h,dc,ddl,ddr,vr,hd,vl,hu: 20% 22% 13%  5%  8%  8%  9%  7%  8%
[libx264 @ 0x62b19a772cc0] i4 v,h,dc,ddl,ddr,vr,hd,vl,hu: 18% 18% 10%  5% 15% 11% 13%  5%  6%
[libx264 @ 0x62b19a772cc0] i8c dc,h,v,p: 42% 22% 18% 18%
[libx264 @ 0x62b19a772cc0] Weighted P-Frames: Y:29.5% UV:23.9%
[libx264 @ 0x62b19a772cc0] ref P L0: 60.5% 26.1% 11.0%  2.3%  0.2%
[libx264 @ 0x62b19a772cc0] ref B L0: 94.7%  4.9%  0.3%
[libx264 @ 0x62b19a772cc0] ref B L1: 98.6%  1.4%
[libx264 @ 0x62b19a772cc0] kb/s:1292.94
ffmpeg version 6.1.1-3ubuntu5 Copyright (c) 2000-2023 the FFmpeg developers
  built with gcc 13 (Ubuntu 13.2.0-23ubuntu3)
  configuration: --prefix=/usr --extra-version=3ubuntu5 --toolchain=hardened --libdir=/usr/lib/x86_64-linux-gnu --incdir=/usr/include/x86_64-linux-gnu --arch=amd64 --enable-gpl --disable-stripping --disable-omx --enable-gnutls --enable-libaom --enable-libass --enable-libbs2b --enable-libcaca --enable-libcdio --enable-libcodec2 --enable-libdav1d --enable-libflite --enable-libfontconfig --enable-libfreetype --enable-libfribidi --enable-libglslang --enable-libgme --enable-libgsm --enable-libharfbuzz --enable-libmp3lame --enable-libmysofa --enable-libopenjpeg --enable-libopenmpt --enable-libopus --enable-librubberband --enable-libshine --enable-libsnappy --enable-libsoxr --enable-libspeex --enable-libtheora --enable-libtwolame --enable-libvidstab --enable-libvorbis --enable-libvpx --enable-libwebp --enable-libx265 --enable-libxml2 --enable-libxvid --enable-libzimg --enable-openal --enable-opencl --enable-opengl --disable-sndio --enable-libvpl --disable-libmfx --enable-libdc1394 --enable-libdrm --enable-libiec61883 --enable-chromaprint --enable-frei0r --enable-ladspa --enable-libbluray --enable-libjack --enable-libpulse --enable-librabbitmq --enable-librist --enable-libsrt --enable-libssh --enable-libsvtav1 --enable-libx264 --enable-libzmq --enable-libzvbi --enable-lv2 --enable-sdl2 --enable-libplacebo --enable-librav1e --enable-pocketsphinx --enable-librsvg --enable-libjxl --enable-shared
  libavutil      58. 29.100 / 58. 29.100
  libavcodec     60. 31.102 / 60. 31.102
  libavformat    60. 16.100 / 60. 16.100
  libavdevice    60.  3.100 / 60.  3.100
  libavfilter     9. 12.100 /  9. 12.100
  libswscale      7.  5.100 /  7.  5.100
  libswresample   4. 12.100 /  4. 12.100
  libpostproc    57.  3.100 / 57.  3.100
Input #0, mov,mp4,m4a,3gp,3g2,mj2, from '/data/vaishak/combined-kv-quant/results/runs/backfill_qaq_int2_dcc080e7d18f_10s/videos/QAQ_INT2/prompt_0007_seed_7.mp4':
  Metadata:
    major_brand     : isom
    minor_version   : 512
    compatible_brands: isomiso2avc1mp41
    encoder         : Lavf61.1.100
  Duration: 00:00:10.31, start: 0.000000, bitrate: 1202 kb/s
  Stream #0:0[0x1](und): Video: h264 (High) (avc1 / 0x31637661), yuv420p(progressive), 832x480, 1200 kb/s, 16 fps, 16 tbr, 16384 tbn (default)
    Metadata:
      handler_name    : VideoHandler
      vendor_id       : [0][0][0][0]
Stream mapping:
  Stream #0:0 -> #0:0 (h264 (native) -> h264 (libx264))
Press [q] to stop, [?] for help
[libx264 @ 0x64a4c093acc0] using cpu capabilities: MMX2 SSE2Fast SSSE3 SSE4.2 AVX FMA3 BMI2 AVX2
[libx264 @ 0x64a4c093acc0] profile High, level 3.0, 4:2:0, 8-bit
[libx264 @ 0x64a4c093acc0] 264 - core 164 r3108 31e19f9 - H.264/MPEG-4 AVC codec - Copyleft 2003-2023 - http://www.videolan.org/x264.html - options: cabac=1 ref=3 deblock=1:0:0 analyse=0x3:0x113 me=hex subme=7 psy=1 psy_rd=1.00:0.00 mixed_ref=1 me_range=16 chroma_me=1 trellis=1 8x8dct=1 cqm=0 deadzone=21,11 fast_pskip=1 chroma_qp_offset=-2 threads=15 lookahead_threads=2 sliced_threads=0 nr=0 decimate=1 interlaced=0 bluray_compat=0 constrained_intra=0 bframes=3 b_pyramid=2 b_adapt=1 b_bias=0 direct=1 weightb=1 open_gop=0 weightp=2 keyint=250 keyint_min=16 scenecut=40 intra_refresh=0 rc_lookahead=40 rc=crf mbtree=1 crf=23.0 qcomp=0.60 qpmin=0 qpmax=69 qpstep=4 ip_ratio=1.40 aq=1:1.00
Output #0, mp4, to '/data/vaishak/combined-kv-quant/results/combined/backfills/drift/moviegen/f9613337b9bbed86_QAQ_INT2/QAQ_INT2_frames_165/prompt_0007_seed_7.mp4':
  Metadata:
    major_brand     : isom
    minor_version   : 512
    compatible_brands: isomiso2avc1mp41
    encoder         : Lavf60.16.100
  Stream #0:0(und): Video: h264 (avc1 / 0x31637661), yuv420p(progressive), 832x480, q=2-31, 16 fps, 16384 tbn (default)
    Metadata:
      handler_name    : VideoHandler
      vendor_id       : [0][0][0][0]
      encoder         : Lavc60.31.102 libx264
    Side data:
      cpb: bitrate max/min/avg: 0/0/0 buffer size: 0 vbv_delay: N/A
frame=    0 fps=0.0 q=0.0 size=       0kB time=N/A bitrate=N/A speed=N/A    [out#0/mp4 @ 0x64a4c08b9e40] video:1893kB audio:0kB subtitle:0kB other streams:0kB global headers:0kB muxing overhead: 0.128897%
frame=  165 fps=0.0 q=-1.0 Lsize=    1896kB time=00:00:10.12 bitrate=1533.8kbits/s speed=16.2x    
[libx264 @ 0x64a4c093acc0] frame I:9     Avg QP:23.51  size: 55698
[libx264 @ 0x64a4c093acc0] frame P:97    Avg QP:25.96  size: 12759
[libx264 @ 0x64a4c093acc0] frame B:59    Avg QP:28.33  size:  3376
[libx264 @ 0x64a4c093acc0] consecutive B-frames: 41.2% 31.5%  5.5% 21.8%
[libx264 @ 0x64a4c093acc0] mb I  I16..4:  1.3% 67.3% 31.4%
[libx264 @ 0x64a4c093acc0] mb P  I16..4:  1.4%  5.0%  1.2%  P16..4: 42.9% 20.0%  8.7%  0.0%  0.0%    skip:20.9%
[libx264 @ 0x64a4c093acc0] mb B  I16..4:  0.9%  2.4%  0.0%  B16..8: 38.6%  7.3%  1.4%  direct: 3.4%  skip:46.1%  L0:45.7% L1:45.6% BI: 8.7%
[libx264 @ 0x64a4c093acc0] 8x8 transform intra:67.1% inter:72.1%
[libx264 @ 0x64a4c093acc0] coded y,uvDC,uvAC intra: 76.5% 92.9% 67.6% inter: 29.3% 40.8% 8.2%
[libx264 @ 0x64a4c093acc0] i16 v,h,dc,p:  5% 51%  2% 43%
[libx264 @ 0x64a4c093acc0] i8 v,h,dc,ddl,ddr,vr,hd,vl,hu: 13% 30% 10%  5%  7%  7% 10%  7% 11%
[libx264 @ 0x64a4c093acc0] i4 v,h,dc,ddl,ddr,vr,hd,vl,hu: 16% 28%  9%  5%  8%  8% 11%  7%  8%
[libx264 @ 0x64a4c093acc0] i8c dc,h,v,p: 38% 34% 13% 15%
[libx264 @ 0x64a4c093acc0] Weighted P-Frames: Y:34.0% UV:34.0%
[libx264 @ 0x64a4c093acc0] ref P L0: 58.5% 29.7%  9.3%  2.1%  0.4%
[libx264 @ 0x64a4c093acc0] ref B L0: 91.8%  7.1%  1.1%
[libx264 @ 0x64a4c093acc0] ref B L1: 99.1%  0.9%
[libx264 @ 0x64a4c093acc0] kb/s:1503.47
ffmpeg version 6.1.1-3ubuntu5 Copyright (c) 2000-2023 the FFmpeg developers
  built with gcc 13 (Ubuntu 13.2.0-23ubuntu3)
  configuration: --prefix=/usr --extra-version=3ubuntu5 --toolchain=hardened --libdir=/usr/lib/x86_64-linux-gnu --incdir=/usr/include/x86_64-linux-gnu --arch=amd64 --enable-gpl --disable-stripping --disable-omx --enable-gnutls --enable-libaom --enable-libass --enable-libbs2b --enable-libcaca --enable-libcdio --enable-libcodec2 --enable-libdav1d --enable-libflite --enable-libfontconfig --enable-libfreetype --enable-libfribidi --enable-libglslang --enable-libgme --enable-libgsm --enable-libharfbuzz --enable-libmp3lame --enable-libmysofa --enable-libopenjpeg --enable-libopenmpt --enable-libopus --enable-librubberband --enable-libshine --enable-libsnappy --enable-libsoxr --enable-libspeex --enable-libtheora --enable-libtwolame --enable-libvidstab --enable-libvorbis --enable-libvpx --enable-libwebp --enable-libx265 --enable-libxml2 --enable-libxvid --enable-libzimg --enable-openal --enable-opencl --enable-opengl --disable-sndio --enable-libvpl --disable-libmfx --enable-libdc1394 --enable-libdrm --enable-libiec61883 --enable-chromaprint --enable-frei0r --enable-ladspa --enable-libbluray --enable-libjack --enable-libpulse --enable-librabbitmq --enable-librist --enable-libsrt --enable-libssh --enable-libsvtav1 --enable-libx264 --enable-libzmq --enable-libzvbi --enable-lv2 --enable-sdl2 --enable-libplacebo --enable-librav1e --enable-pocketsphinx --enable-librsvg --enable-libjxl --enable-shared
  libavutil      58. 29.100 / 58. 29.100
  libavcodec     60. 31.102 / 60. 31.102
  libavformat    60. 16.100 / 60. 16.100
  libavdevice    60.  3.100 / 60.  3.100
  libavfilter     9. 12.100 /  9. 12.100
  libswscale      7.  5.100 /  7.  5.100
  libswresample   4. 12.100 /  4. 12.100
  libpostproc    57.  3.100 / 57.  3.100
Input #0, mov,mp4,m4a,3gp,3g2,mj2, from '/data/vaishak/combined-kv-quant/results/runs/backfill_qaq_int2_dcc080e7d18f_10s/videos/QAQ_INT2/prompt_0008_seed_8.mp4':
  Metadata:
    major_brand     : isom
    minor_version   : 512
    compatible_brands: isomiso2avc1mp41
    encoder         : Lavf61.1.100
  Duration: 00:00:10.31, start: 0.000000, bitrate: 1301 kb/s
  Stream #0:0[0x1](und): Video: h264 (High) (avc1 / 0x31637661), yuv420p(progressive), 832x480, 1300 kb/s, 16 fps, 16 tbr, 16384 tbn (default)
    Metadata:
      handler_name    : VideoHandler
      vendor_id       : [0][0][0][0]
Stream mapping:
  Stream #0:0 -> #0:0 (h264 (native) -> h264 (libx264))
Press [q] to stop, [?] for help
[libx264 @ 0x61dd674d7ac0] using cpu capabilities: MMX2 SSE2Fast SSSE3 SSE4.2 AVX FMA3 BMI2 AVX2
[libx264 @ 0x61dd674d7ac0] profile High, level 3.0, 4:2:0, 8-bit
[libx264 @ 0x61dd674d7ac0] 264 - core 164 r3108 31e19f9 - H.264/MPEG-4 AVC codec - Copyleft 2003-2023 - http://www.videolan.org/x264.html - options: cabac=1 ref=3 deblock=1:0:0 analyse=0x3:0x113 me=hex subme=7 psy=1 psy_rd=1.00:0.00 mixed_ref=1 me_range=16 chroma_me=1 trellis=1 8x8dct=1 cqm=0 deadzone=21,11 fast_pskip=1 chroma_qp_offset=-2 threads=15 lookahead_threads=2 sliced_threads=0 nr=0 decimate=1 interlaced=0 bluray_compat=0 constrained_intra=0 bframes=3 b_pyramid=2 b_adapt=1 b_bias=0 direct=1 weightb=1 open_gop=0 weightp=2 keyint=250 keyint_min=16 scenecut=40 intra_refresh=0 rc_lookahead=40 rc=crf mbtree=1 crf=23.0 qcomp=0.60 qpmin=0 qpmax=69 qpstep=4 ip_ratio=1.40 aq=1:1.00
Output #0, mp4, to '/data/vaishak/combined-kv-quant/results/combined/backfills/drift/moviegen/f9613337b9bbed86_QAQ_INT2/QAQ_INT2_frames_165/prompt_0008_seed_8.mp4':
  Metadata:
    major_brand     : isom
    minor_version   : 512
    compatible_brands: isomiso2avc1mp41
    encoder         : Lavf60.16.100
  Stream #0:0(und): Video: h264 (avc1 / 0x31637661), yuv420p(progressive), 832x480, q=2-31, 16 fps, 16384 tbn (default)
    Metadata:
      handler_name    : VideoHandler
      vendor_id       : [0][0][0][0]
      encoder         : Lavc60.31.102 libx264
    Side data:
      cpb: bitrate max/min/avg: 0/0/0 buffer size: 0 vbv_delay: N/A
frame=    0 fps=0.0 q=0.0 size=       0kB time=N/A bitrate=N/A speed=N/A    [out#0/mp4 @ 0x61dd67451e40] video:1667kB audio:0kB subtitle:0kB other streams:0kB global headers:0kB muxing overhead: 0.142856%
frame=  165 fps=0.0 q=-1.0 Lsize=    1670kB time=00:00:10.12 bitrate=1350.9kbits/s speed=16.9x    
[libx264 @ 0x61dd674d7ac0] frame I:8     Avg QP:22.62  size: 52452
[libx264 @ 0x61dd674d7ac0] frame P:99    Avg QP:24.60  size: 11776
[libx264 @ 0x61dd674d7ac0] frame B:58    Avg QP:26.73  size:  2089
[libx264 @ 0x61dd674d7ac0] consecutive B-frames: 38.2% 43.6%  3.6% 14.5%
[libx264 @ 0x61dd674d7ac0] mb I  I16..4:  2.6% 59.7% 37.7%
[libx264 @ 0x61dd674d7ac0] mb P  I16..4:  1.1%  4.1%  1.2%  P16..4: 43.6% 18.2%  7.7%  0.0%  0.0%    skip:24.1%
[libx264 @ 0x61dd674d7ac0] mb B  I16..4:  0.3%  0.5%  0.0%  B16..8: 30.5%  3.4%  0.7%  direct: 5.7%  skip:58.9%  L0:43.3% L1:48.1% BI: 8.6%
[libx264 @ 0x61dd674d7ac0] 8x8 transform intra:61.7% inter:65.9%
[libx264 @ 0x61dd674d7ac0] coded y,uvDC,uvAC intra: 76.8% 94.2% 71.9% inter: 27.5% 39.2% 5.7%
[libx264 @ 0x61dd674d7ac0] i16 v,h,dc,p:  8% 40%  8% 44%
[libx264 @ 0x61dd674d7ac0] i8 v,h,dc,ddl,ddr,vr,hd,vl,hu: 16% 24% 12%  5%  9%  8% 10%  7% 10%
[libx264 @ 0x61dd674d7ac0] i4 v,h,dc,ddl,ddr,vr,hd,vl,hu: 20% 25% 11%  6%  9%  8%  9%  6%  7%
[libx264 @ 0x61dd674d7ac0] i8c dc,h,v,p: 43% 25% 16% 16%
[libx264 @ 0x61dd674d7ac0] Weighted P-Frames: Y:26.3% UV:26.3%
[libx264 @ 0x61dd674d7ac0] ref P L0: 61.6% 28.8%  7.5%  1.6%  0.6%
[libx264 @ 0x61dd674d7ac0] ref B L0: 89.7%  7.3%  3.0%
[libx264 @ 0x61dd674d7ac0] ref B L1: 99.3%  0.7%
[libx264 @ 0x61dd674d7ac0] kb/s:1323.93
ffmpeg version 6.1.1-3ubuntu5 Copyright (c) 2000-2023 the FFmpeg developers
  built with gcc 13 (Ubuntu 13.2.0-23ubuntu3)
  configuration: --prefix=/usr --extra-version=3ubuntu5 --toolchain=hardened --libdir=/usr/lib/x86_64-linux-gnu --incdir=/usr/include/x86_64-linux-gnu --arch=amd64 --enable-gpl --disable-stripping --disable-omx --enable-gnutls --enable-libaom --enable-libass --enable-libbs2b --enable-libcaca --enable-libcdio --enable-libcodec2 --enable-libdav1d --enable-libflite --enable-libfontconfig --enable-libfreetype --enable-libfribidi --enable-libglslang --enable-libgme --enable-libgsm --enable-libharfbuzz --enable-libmp3lame --enable-libmysofa --enable-libopenjpeg --enable-libopenmpt --enable-libopus --enable-librubberband --enable-libshine --enable-libsnappy --enable-libsoxr --enable-libspeex --enable-libtheora --enable-libtwolame --enable-libvidstab --enable-libvorbis --enable-libvpx --enable-libwebp --enable-libx265 --enable-libxml2 --enable-libxvid --enable-libzimg --enable-openal --enable-opencl --enable-opengl --disable-sndio --enable-libvpl --disable-libmfx --enable-libdc1394 --enable-libdrm --enable-libiec61883 --enable-chromaprint --enable-frei0r --enable-ladspa --enable-libbluray --enable-libjack --enable-libpulse --enable-librabbitmq --enable-librist --enable-libsrt --enable-libssh --enable-libsvtav1 --enable-libx264 --enable-libzmq --enable-libzvbi --enable-lv2 --enable-sdl2 --enable-libplacebo --enable-librav1e --enable-pocketsphinx --enable-librsvg --enable-libjxl --enable-shared
  libavutil      58. 29.100 / 58. 29.100
  libavcodec     60. 31.102 / 60. 31.102
  libavformat    60. 16.100 / 60. 16.100
  libavdevice    60.  3.100 / 60.  3.100
  libavfilter     9. 12.100 /  9. 12.100
  libswscale      7.  5.100 /  7.  5.100
  libswresample   4. 12.100 /  4. 12.100
  libpostproc    57.  3.100 / 57.  3.100
Input #0, mov,mp4,m4a,3gp,3g2,mj2, from '/data/vaishak/combined-kv-quant/results/runs/backfill_qaq_int2_dcc080e7d18f_10s/videos/QAQ_INT2/prompt_0009_seed_9.mp4':
  Metadata:
    major_brand     : isom
    minor_version   : 512
    compatible_brands: isomiso2avc1mp41
    encoder         : Lavf61.1.100
  Duration: 00:00:10.31, start: 0.000000, bitrate: 1147 kb/s
  Stream #0:0[0x1](und): Video: h264 (High) (avc1 / 0x31637661), yuv420p(progressive), 832x480, 1145 kb/s, 16 fps, 16 tbr, 16384 tbn (default)
    Metadata:
      handler_name    : VideoHandler
      vendor_id       : [0][0][0][0]
Stream mapping:
  Stream #0:0 -> #0:0 (h264 (native) -> h264 (libx264))
Press [q] to stop, [?] for help
[libx264 @ 0x64e1bcd837c0] using cpu capabilities: MMX2 SSE2Fast SSSE3 SSE4.2 AVX FMA3 BMI2 AVX2
[libx264 @ 0x64e1bcd837c0] profile High, level 3.0, 4:2:0, 8-bit
[libx264 @ 0x64e1bcd837c0] 264 - core 164 r3108 31e19f9 - H.264/MPEG-4 AVC codec - Copyleft 2003-2023 - http://www.videolan.org/x264.html - options: cabac=1 ref=3 deblock=1:0:0 analyse=0x3:0x113 me=hex subme=7 psy=1 psy_rd=1.00:0.00 mixed_ref=1 me_range=16 chroma_me=1 trellis=1 8x8dct=1 cqm=0 deadzone=21,11 fast_pskip=1 chroma_qp_offset=-2 threads=15 lookahead_threads=2 sliced_threads=0 nr=0 decimate=1 interlaced=0 bluray_compat=0 constrained_intra=0 bframes=3 b_pyramid=2 b_adapt=1 b_bias=0 direct=1 weightb=1 open_gop=0 weightp=2 keyint=250 keyint_min=16 scenecut=40 intra_refresh=0 rc_lookahead=40 rc=crf mbtree=1 crf=23.0 qcomp=0.60 qpmin=0 qpmax=69 qpstep=4 ip_ratio=1.40 aq=1:1.00
Output #0, mp4, to '/data/vaishak/combined-kv-quant/results/combined/backfills/drift/moviegen/f9613337b9bbed86_QAQ_INT2/QAQ_INT2_frames_165/prompt_0009_seed_9.mp4':
  Metadata:
    major_brand     : isom
    minor_version   : 512
    compatible_brands: isomiso2avc1mp41
    encoder         : Lavf60.16.100
  Stream #0:0(und): Video: h264 (avc1 / 0x31637661), yuv420p(progressive), 832x480, q=2-31, 16 fps, 16384 tbn (default)
    Metadata:
      handler_name    : VideoHandler
      vendor_id       : [0][0][0][0]
      encoder         : Lavc60.31.102 libx264
    Side data:
      cpb: bitrate max/min/avg: 0/0/0 buffer size: 0 vbv_delay: N/A
frame=    0 fps=0.0 q=0.0 size=       0kB time=N/A bitrate=N/A speed=N/A    [out#0/mp4 @ 0x64e1bccf8e80] video:1947kB audio:0kB subtitle:0kB other streams:0kB global headers:0kB muxing overhead: 0.125141%
frame=  165 fps=0.0 q=-1.0 Lsize=    1949kB time=00:00:10.12 bitrate=1577.3kbits/s speed=14.9x    
[libx264 @ 0x64e1bcd837c0] frame I:8     Avg QP:23.65  size: 55076
[libx264 @ 0x64e1bcd837c0] frame P:96    Avg QP:25.75  size: 13737
[libx264 @ 0x64e1bcd837c0] frame B:61    Avg QP:27.91  size:  3831
[libx264 @ 0x64e1bcd837c0] consecutive B-frames: 37.6% 37.6%  5.5% 19.4%
[libx264 @ 0x64e1bcd837c0] mb I  I16..4:  1.4% 55.0% 43.6%
[libx264 @ 0x64e1bcd837c0] mb P  I16..4:  1.2%  6.2%  2.0%  P16..4: 39.3% 18.6%  8.9%  0.0%  0.0%    skip:23.8%
[libx264 @ 0x64e1bcd837c0] mb B  I16..4:  0.6%  1.3%  0.2%  B16..8: 38.0%  6.3%  2.3%  direct: 5.0%  skip:46.2%  L0:47.7% L1:42.1% BI:10.2%
[libx264 @ 0x64e1bcd837c0] 8x8 transform intra:60.8% inter:67.6%
[libx264 @ 0x64e1bcd837c0] coded y,uvDC,uvAC intra: 78.0% 82.7% 54.0% inter: 29.5% 30.9% 5.3%
[libx264 @ 0x64e1bcd837c0] i16 v,h,dc,p: 17% 45% 14% 23%
[libx264 @ 0x64e1bcd837c0] i8 v,h,dc,ddl,ddr,vr,hd,vl,hu: 19% 27% 15%  4%  6%  6%  8%  6%  9%
[libx264 @ 0x64e1bcd837c0] i4 v,h,dc,ddl,ddr,vr,hd,vl,hu: 22% 31% 11%  4%  6%  6%  8%  5%  7%
[libx264 @ 0x64e1bcd837c0] i8c dc,h,v,p: 47% 27% 17%  9%
[libx264 @ 0x64e1bcd837c0] Weighted P-Frames: Y:33.3% UV:25.0%
[libx264 @ 0x64e1bcd837c0] ref P L0: 56.4% 31.0% 10.0%  2.0%  0.7%
[libx264 @ 0x64e1bcd837c0] ref B L0: 88.4%  7.9%  3.7%
[libx264 @ 0x64e1bcd837c0] ref B L1: 99.2%  0.8%
[libx264 @ 0x64e1bcd837c0] kb/s:1546.13
[rank0]:[W310 23:03:30.311152576 ProcessGroupNCCL.cpp:4115] [PG ID 0 PG GUID 0 Rank 0]  using GPU 0 to perform barrier as devices used by this process are currently unknown. This can potentially cause a hang if this rank to GPU mapping is incorrect.Specify device_ids in barrier() to force use of a particular device,or call init_process_group() with a device_id.
/home/suraj/miniforge3/envs/qvg_sf_eval/lib/python3.10/site-packages/clip/clip.py:6: UserWarning: pkg_resources is deprecated as an API. See https://setuptools.pypa.io/en/latest/pkg_resources.html. The pkg_resources package is slated for removal as early as 2025-11-30. Refrain from using this package or pin to Setuptools<81.
  from pkg_resources import packaging
/home/suraj/miniforge3/envs/qvg_sf_eval/lib/python3.10/site-packages/timm/models/layers/__init__.py:48: FutureWarning: Importing from timm.models.layers is deprecated, please import via timm.layers
  warnings.warn(f"Importing from {__name__} is deprecated, please import via timm.layers", FutureWarning)
/home/suraj/miniforge3/envs/qvg_sf_eval/lib/python3.10/site-packages/pyiqa/archs/arch_util.py:118: FutureWarning: You are using `torch.load` with `weights_only=False` (the current default value), which uses the default pickle module implicitly. It is possible to construct malicious pickle data which will execute arbitrary code during unpickling (See https://github.com/pytorch/pytorch/blob/main/SECURITY.md#untrusted-models for more details). In a future release, the default value for `weights_only` will be flipped to `True`. This limits the functions that could be executed during unpickling. Arbitrary objects will no longer be allowed to be loaded via this mode unless they are explicitly allowlisted by the user via `torch.serialization.add_safe_globals`. We recommend you start setting `weights_only=True` for any use case where you don't have full control of the loaded file. Please open an issue on GitHub for any issues related to this experimental feature.
  state_dict = torch.load(model_path, map_location=torch.device("cpu"))
args: Namespace(output_path='/data/vaishak/combined-kv-quant/results/combined/backfills/drift/moviegen/f9613337b9bbed86_QAQ_INT2/vbench_QAQ_INT2_165', full_json_dir='/data/vaishak/combined-kv-quant/third_party/VBench/vbench/VBench_full_info.json', videos_path='/data/vaishak/combined-kv-quant/results/combined/backfills/drift/moviegen/f9613337b9bbed86_QAQ_INT2/QAQ_INT2_frames_165', dimension=['imaging_quality'], load_ckpt_from_local=None, read_frame=None, mode='custom_input', prompt='None', prompt_file='/data/vaishak/combined-kv-quant/results/combined/backfills/drift/moviegen/f9613337b9bbed86_QAQ_INT2/prompt_map_165.json', category=None, imaging_quality_preprocessing_mode='longer')
start evaluation
Evaluation meta data saved to /data/vaishak/combined-kv-quant/results/combined/backfills/drift/moviegen/f9613337b9bbed86_QAQ_INT2/vbench_QAQ_INT2_165/results_2026-03-10-23:03:29_full_info.json
cur_full_info_path: /data/vaishak/combined-kv-quant/results/combined/backfills/drift/moviegen/f9613337b9bbed86_QAQ_INT2/vbench_QAQ_INT2_165/results_2026-03-10-23:03:29_full_info.json
Loading pretrained model MUSIQ from /home/vaishak/.cache/vbench/pyiqa_model/musiq_spaq_ckpt-358bb6af.pth
  0%|          | 0/10 [00:00<?, ?it/s] 10%|█         | 1/10 [00:04<00:42,  4.70s/it] 20%|██        | 2/10 [00:09<00:37,  4.65s/it] 30%|███       | 3/10 [00:14<00:32,  4.69s/it] 40%|████      | 4/10 [00:19<00:28,  4.80s/it] 50%|█████     | 5/10 [00:23<00:23,  4.78s/it] 60%|██████    | 6/10 [00:27<00:17,  4.30s/it] 70%|███████   | 7/10 [00:30<00:11,  3.94s/it] 80%|████████  | 8/10 [00:33<00:07,  3.73s/it] 90%|█████████ | 9/10 [00:36<00:03,  3.59s/it]100%|██████████| 10/10 [00:40<00:00,  3.50s/it]100%|██████████| 10/10 [00:40<00:00,  4.02s/it]
Evaluation results saved to /data/vaishak/combined-kv-quant/results/combined/backfills/drift/moviegen/f9613337b9bbed86_QAQ_INT2/vbench_QAQ_INT2_165/results_2026-03-10-23:03:29_eval_results.json
done
[rank0]:[W310 23:04:13.359125421 ProcessGroupNCCL.cpp:1250] Warning: WARNING: process group has NOT been destroyed before we destruct ProcessGroupNCCL. On normal program exit, the application should call destroy_process_group to ensure that any pending NCCL operations have finished in this process. In rare cases this process can exit before this point and block the progress of another member of the process group. This constraint has always been present,  but this warning has only been added since PyTorch 2.4 (function operator())
{
  "method": "QAQ_INT2",
  "frame_step": 165,
  "max_frames": 165,
  "curve": [
    {
      "frame_cap": 165,
      "imaging_quality": [
        0.6181732294256037,
        [
          {
            "video_path": "/data/vaishak/combined-kv-quant/results/combined/backfills/drift/moviegen/f9613337b9bbed86_QAQ_INT2/QAQ_INT2_frames_165/prompt_0007_seed_7.mp4",
            "video_results": 60.75388682972301
          },
          {
            "video_path": "/data/vaishak/combined-kv-quant/results/combined/backfills/drift/moviegen/f9613337b9bbed86_QAQ_INT2/QAQ_INT2_frames_165/prompt_0006_seed_6.mp4",
            "video_results": 63.032576520515214
          },
          {
            "video_path": "/data/vaishak/combined-kv-quant/results/combined/backfills/drift/moviegen/f9613337b9bbed86_QAQ_INT2/QAQ_INT2_frames_165/prompt_0004_seed_4.mp4",
            "video_results": 63.41070352034135
          },
          {
            "video_path": "/data/vaishak/combined-kv-quant/results/combined/backfills/drift/moviegen/f9613337b9bbed86_QAQ_INT2/QAQ_INT2_frames_165/prompt_0003_seed_3.mp4",
            "video_results": 66.3681134079442
          },
          {
            "video_path": "/data/vaishak/combined-kv-quant/results/combined/backfills/drift/moviegen/f9613337b9bbed86_QAQ_INT2/QAQ_INT2_frames_165/prompt_0005_seed_5.mp4",
            "video_results": 70.02667289502693
          },
          {
            "video_path": "/data/vaishak/combined-kv-quant/results/combined/backfills/drift/moviegen/f9613337b9bbed86_QAQ_INT2/QAQ_INT2_frames_165/prompt_0002_seed_2.mp4",
            "video_results": 62.57479847994718
          },
          {
            "video_path": "/data/vaishak/combined-kv-quant/results/combined/backfills/drift/moviegen/f9613337b9bbed86_QAQ_INT2/QAQ_INT2_frames_165/prompt_0001_seed_1.mp4",
            "video_results": 59.67590248801491
          },
          {
            "video_path": "/data/vaishak/combined-kv-quant/results/combined/backfills/drift/moviegen/f9613337b9bbed86_QAQ_INT2/QAQ_INT2_frames_165/prompt_0009_seed_9.mp4",
            "video_results": 56.59871804208466
          },
          {
            "video_path": "/data/vaishak/combined-kv-quant/results/combined/backfills/drift/moviegen/f9613337b9bbed86_QAQ_INT2/QAQ_INT2_frames_165/prompt_0008_seed_8.mp4",
            "video_results": 65.40662418712269
          },
          {
            "video_path": "/data/vaishak/combined-kv-quant/results/combined/backfills/drift/moviegen/f9613337b9bbed86_QAQ_INT2/QAQ_INT2_frames_165/prompt_0000_seed_0.mp4",
            "video_results": 50.325233054883554
          }
        ]
      ]
    }
  ]
}
ffmpeg version 6.1.1-3ubuntu5 Copyright (c) 2000-2023 the FFmpeg developers
  built with gcc 13 (Ubuntu 13.2.0-23ubuntu3)
  configuration: --prefix=/usr --extra-version=3ubuntu5 --toolchain=hardened --libdir=/usr/lib/x86_64-linux-gnu --incdir=/usr/include/x86_64-linux-gnu --arch=amd64 --enable-gpl --disable-stripping --disable-omx --enable-gnutls --enable-libaom --enable-libass --enable-libbs2b --enable-libcaca --enable-libcdio --enable-libcodec2 --enable-libdav1d --enable-libflite --enable-libfontconfig --enable-libfreetype --enable-libfribidi --enable-libglslang --enable-libgme --enable-libgsm --enable-libharfbuzz --enable-libmp3lame --enable-libmysofa --enable-libopenjpeg --enable-libopenmpt --enable-libopus --enable-librubberband --enable-libshine --enable-libsnappy --enable-libsoxr --enable-libspeex --enable-libtheora --enable-libtwolame --enable-libvidstab --enable-libvorbis --enable-libvpx --enable-libwebp --enable-libx265 --enable-libxml2 --enable-libxvid --enable-libzimg --enable-openal --enable-opencl --enable-opengl --disable-sndio --enable-libvpl --disable-libmfx --enable-libdc1394 --enable-libdrm --enable-libiec61883 --enable-chromaprint --enable-frei0r --enable-ladspa --enable-libbluray --enable-libjack --enable-libpulse --enable-librabbitmq --enable-librist --enable-libsrt --enable-libssh --enable-libsvtav1 --enable-libx264 --enable-libzmq --enable-libzvbi --enable-lv2 --enable-sdl2 --enable-libplacebo --enable-librav1e --enable-pocketsphinx --enable-librsvg --enable-libjxl --enable-shared
  libavutil      58. 29.100 / 58. 29.100
  libavcodec     60. 31.102 / 60. 31.102
  libavformat    60. 16.100 / 60. 16.100
  libavdevice    60.  3.100 / 60.  3.100
  libavfilter     9. 12.100 /  9. 12.100
  libswscale      7.  5.100 /  7.  5.100
  libswresample   4. 12.100 /  4. 12.100
  libpostproc    57.  3.100 / 57.  3.100
Input #0, mov,mp4,m4a,3gp,3g2,mj2, from '/data/vaishak/combined-kv-quant/results/runs/backfill_qaq_int4_aa6e42af3d16_10s/videos/QAQ_INT4/prompt_0000_seed_0.mp4':
  Metadata:
    major_brand     : isom
    minor_version   : 512
    compatible_brands: isomiso2avc1mp41
    encoder         : Lavf61.1.100
  Duration: 00:00:10.31, start: 0.000000, bitrate: 1111 kb/s
  Stream #0:0[0x1](und): Video: h264 (High) (avc1 / 0x31637661), yuv420p(progressive), 832x480, 1110 kb/s, 16 fps, 16 tbr, 16384 tbn (default)
    Metadata:
      handler_name    : VideoHandler
      vendor_id       : [0][0][0][0]
Stream mapping:
  Stream #0:0 -> #0:0 (h264 (native) -> h264 (libx264))
Press [q] to stop, [?] for help
[libx264 @ 0x5753144dea80] using cpu capabilities: MMX2 SSE2Fast SSSE3 SSE4.2 AVX FMA3 BMI2 AVX2
[libx264 @ 0x5753144dea80] profile High, level 3.0, 4:2:0, 8-bit
[libx264 @ 0x5753144dea80] 264 - core 164 r3108 31e19f9 - H.264/MPEG-4 AVC codec - Copyleft 2003-2023 - http://www.videolan.org/x264.html - options: cabac=1 ref=3 deblock=1:0:0 analyse=0x3:0x113 me=hex subme=7 psy=1 psy_rd=1.00:0.00 mixed_ref=1 me_range=16 chroma_me=1 trellis=1 8x8dct=1 cqm=0 deadzone=21,11 fast_pskip=1 chroma_qp_offset=-2 threads=15 lookahead_threads=2 sliced_threads=0 nr=0 decimate=1 interlaced=0 bluray_compat=0 constrained_intra=0 bframes=3 b_pyramid=2 b_adapt=1 b_bias=0 direct=1 weightb=1 open_gop=0 weightp=2 keyint=250 keyint_min=16 scenecut=40 intra_refresh=0 rc_lookahead=40 rc=crf mbtree=1 crf=23.0 qcomp=0.60 qpmin=0 qpmax=69 qpstep=4 ip_ratio=1.40 aq=1:1.00
Output #0, mp4, to '/data/vaishak/combined-kv-quant/results/combined/backfills/drift/moviegen/4eb702b8d0309ef7_QAQ_INT4/QAQ_INT4_frames_165/prompt_0000_seed_0.mp4':
  Metadata:
    major_brand     : isom
    minor_version   : 512
    compatible_brands: isomiso2avc1mp41
    encoder         : Lavf60.16.100
  Stream #0:0(und): Video: h264 (avc1 / 0x31637661), yuv420p(progressive), 832x480, q=2-31, 16 fps, 16384 tbn (default)
    Metadata:
      handler_name    : VideoHandler
      vendor_id       : [0][0][0][0]
      encoder         : Lavc60.31.102 libx264
    Side data:
      cpb: bitrate max/min/avg: 0/0/0 buffer size: 0 vbv_delay: N/A
frame=    0 fps=0.0 q=0.0 size=       0kB time=N/A bitrate=N/A speed=N/A    [out#0/mp4 @ 0x575314453d80] video:1876kB audio:0kB subtitle:0kB other streams:0kB global headers:0kB muxing overhead: 0.131162%
frame=  165 fps=0.0 q=-1.0 Lsize=    1878kB time=00:00:10.12 bitrate=1519.4kbits/s speed=14.3x    
[libx264 @ 0x5753144dea80] frame I:10    Avg QP:23.55  size: 54986
[libx264 @ 0x5753144dea80] frame P:99    Avg QP:26.42  size: 12246
[libx264 @ 0x5753144dea80] frame B:56    Avg QP:29.89  size:  2815
[libx264 @ 0x5753144dea80] consecutive B-frames: 42.4% 35.2%  5.5% 17.0%
[libx264 @ 0x5753144dea80] mb I  I16..4:  0.5% 74.3% 25.2%
[libx264 @ 0x5753144dea80] mb P  I16..4:  0.3%  4.1%  0.9%  P16..4: 47.5% 20.5%  8.1%  0.0%  0.0%    skip:18.7%
[libx264 @ 0x5753144dea80] mb B  I16..4:  0.0%  0.3%  0.1%  B16..8: 45.4%  5.4%  1.2%  direct: 2.8%  skip:44.9%  L0:43.2% L1:49.1% BI: 7.7%
[libx264 @ 0x5753144dea80] 8x8 transform intra:75.2% inter:79.7%
[libx264 @ 0x5753144dea80] coded y,uvDC,uvAC intra: 90.4% 98.8% 92.9% inter: 29.5% 43.9% 9.8%
[libx264 @ 0x5753144dea80] i16 v,h,dc,p: 37% 23%  5% 35%
[libx264 @ 0x5753144dea80] i8 v,h,dc,ddl,ddr,vr,hd,vl,hu: 18% 21%  8%  6%  8%  9% 10%  9% 11%
[libx264 @ 0x5753144dea80] i4 v,h,dc,ddl,ddr,vr,hd,vl,hu: 22% 23%  8%  5%  8%  9% 10%  7%  7%
[libx264 @ 0x5753144dea80] i8c dc,h,v,p: 39% 23% 20% 18%
[libx264 @ 0x5753144dea80] Weighted P-Frames: Y:38.4% UV:38.4%
[libx264 @ 0x5753144dea80] ref P L0: 55.2% 32.5% 10.3%  1.7%  0.3%
[libx264 @ 0x5753144dea80] ref B L0: 96.1%  3.7%  0.2%
[libx264 @ 0x5753144dea80] ref B L1: 99.7%  0.3%
[libx264 @ 0x5753144dea80] kb/s:1489.32
ffmpeg version 6.1.1-3ubuntu5 Copyright (c) 2000-2023 the FFmpeg developers
  built with gcc 13 (Ubuntu 13.2.0-23ubuntu3)
  configuration: --prefix=/usr --extra-version=3ubuntu5 --toolchain=hardened --libdir=/usr/lib/x86_64-linux-gnu --incdir=/usr/include/x86_64-linux-gnu --arch=amd64 --enable-gpl --disable-stripping --disable-omx --enable-gnutls --enable-libaom --enable-libass --enable-libbs2b --enable-libcaca --enable-libcdio --enable-libcodec2 --enable-libdav1d --enable-libflite --enable-libfontconfig --enable-libfreetype --enable-libfribidi --enable-libglslang --enable-libgme --enable-libgsm --enable-libharfbuzz --enable-libmp3lame --enable-libmysofa --enable-libopenjpeg --enable-libopenmpt --enable-libopus --enable-librubberband --enable-libshine --enable-libsnappy --enable-libsoxr --enable-libspeex --enable-libtheora --enable-libtwolame --enable-libvidstab --enable-libvorbis --enable-libvpx --enable-libwebp --enable-libx265 --enable-libxml2 --enable-libxvid --enable-libzimg --enable-openal --enable-opencl --enable-opengl --disable-sndio --enable-libvpl --disable-libmfx --enable-libdc1394 --enable-libdrm --enable-libiec61883 --enable-chromaprint --enable-frei0r --enable-ladspa --enable-libbluray --enable-libjack --enable-libpulse --enable-librabbitmq --enable-librist --enable-libsrt --enable-libssh --enable-libsvtav1 --enable-libx264 --enable-libzmq --enable-libzvbi --enable-lv2 --enable-sdl2 --enable-libplacebo --enable-librav1e --enable-pocketsphinx --enable-librsvg --enable-libjxl --enable-shared
  libavutil      58. 29.100 / 58. 29.100
  libavcodec     60. 31.102 / 60. 31.102
  libavformat    60. 16.100 / 60. 16.100
  libavdevice    60.  3.100 / 60.  3.100
  libavfilter     9. 12.100 /  9. 12.100
  libswscale      7.  5.100 /  7.  5.100
  libswresample   4. 12.100 /  4. 12.100
  libpostproc    57.  3.100 / 57.  3.100
Input #0, mov,mp4,m4a,3gp,3g2,mj2, from '/data/vaishak/combined-kv-quant/results/runs/backfill_qaq_int4_aa6e42af3d16_10s/videos/QAQ_INT4/prompt_0001_seed_1.mp4':
  Metadata:
    major_brand     : isom
    minor_version   : 512
    compatible_brands: isomiso2avc1mp41
    encoder         : Lavf61.1.100
  Duration: 00:00:10.31, start: 0.000000, bitrate: 1142 kb/s
  Stream #0:0[0x1](und): Video: h264 (High) (avc1 / 0x31637661), yuv420p(progressive), 832x480, 1141 kb/s, 16 fps, 16 tbr, 16384 tbn (default)
    Metadata:
      handler_name    : VideoHandler
      vendor_id       : [0][0][0][0]
Stream mapping:
  Stream #0:0 -> #0:0 (h264 (native) -> h264 (libx264))
Press [q] to stop, [?] for help
[libx264 @ 0x5de75156e780] using cpu capabilities: MMX2 SSE2Fast SSSE3 SSE4.2 AVX FMA3 BMI2 AVX2
[libx264 @ 0x5de75156e780] profile High, level 3.0, 4:2:0, 8-bit
[libx264 @ 0x5de75156e780] 264 - core 164 r3108 31e19f9 - H.264/MPEG-4 AVC codec - Copyleft 2003-2023 - http://www.videolan.org/x264.html - options: cabac=1 ref=3 deblock=1:0:0 analyse=0x3:0x113 me=hex subme=7 psy=1 psy_rd=1.00:0.00 mixed_ref=1 me_range=16 chroma_me=1 trellis=1 8x8dct=1 cqm=0 deadzone=21,11 fast_pskip=1 chroma_qp_offset=-2 threads=15 lookahead_threads=2 sliced_threads=0 nr=0 decimate=1 interlaced=0 bluray_compat=0 constrained_intra=0 bframes=3 b_pyramid=2 b_adapt=1 b_bias=0 direct=1 weightb=1 open_gop=0 weightp=2 keyint=250 keyint_min=16 scenecut=40 intra_refresh=0 rc_lookahead=40 rc=crf mbtree=1 crf=23.0 qcomp=0.60 qpmin=0 qpmax=69 qpstep=4 ip_ratio=1.40 aq=1:1.00
Output #0, mp4, to '/data/vaishak/combined-kv-quant/results/combined/backfills/drift/moviegen/4eb702b8d0309ef7_QAQ_INT4/QAQ_INT4_frames_165/prompt_0001_seed_1.mp4':
  Metadata:
    major_brand     : isom
    minor_version   : 512
    compatible_brands: isomiso2avc1mp41
    encoder         : Lavf60.16.100
  Stream #0:0(und): Video: h264 (avc1 / 0x31637661), yuv420p(progressive), 832x480, q=2-31, 16 fps, 16384 tbn (default)
    Metadata:
      handler_name    : VideoHandler
      vendor_id       : [0][0][0][0]
      encoder         : Lavc60.31.102 libx264
    Side data:
      cpb: bitrate max/min/avg: 0/0/0 buffer size: 0 vbv_delay: N/A
frame=    0 fps=0.0 q=0.0 size=       0kB time=N/A bitrate=N/A speed=N/A    [out#0/mp4 @ 0x5de7514e3d40] video:1893kB audio:0kB subtitle:0kB other streams:0kB global headers:0kB muxing overhead: 0.116342%
frame=  165 fps=0.0 q=-1.0 Lsize=    1895kB time=00:00:10.12 bitrate=1533.2kbits/s speed=16.5x    
[libx264 @ 0x5de75156e780] frame I:12    Avg QP:23.31  size: 55785
[libx264 @ 0x5de75156e780] frame P:116   Avg QP:26.16  size: 10356
[libx264 @ 0x5de75156e780] frame B:37    Avg QP:28.63  size:  1805
[libx264 @ 0x5de75156e780] consecutive B-frames: 61.2% 25.5%  3.6%  9.7%
[libx264 @ 0x5de75156e780] mb I  I16..4:  0.4% 65.7% 34.0%
[libx264 @ 0x5de75156e780] mb P  I16..4:  0.2%  2.1%  0.5%  P16..4: 43.2% 17.9%  7.9%  0.0%  0.0%    skip:28.2%
[libx264 @ 0x5de75156e780] mb B  I16..4:  0.0%  0.0%  0.0%  B16..8: 44.4%  3.7%  0.9%  direct: 0.8%  skip:50.2%  L0:48.2% L1:46.9% BI: 4.9%
[libx264 @ 0x5de75156e780] 8x8 transform intra:67.3% inter:73.9%
[libx264 @ 0x5de75156e780] coded y,uvDC,uvAC intra: 91.5% 99.2% 91.9% inter: 29.4% 39.5% 7.5%
[libx264 @ 0x5de75156e780] i16 v,h,dc,p: 10% 38%  9% 43%
[libx264 @ 0x5de75156e780] i8 v,h,dc,ddl,ddr,vr,hd,vl,hu: 15% 23% 10%  5%  8%  8% 11%  8% 12%
[libx264 @ 0x5de75156e780] i4 v,h,dc,ddl,ddr,vr,hd,vl,hu: 19% 27%  9%  5%  8%  8% 10%  6%  8%
[libx264 @ 0x5de75156e780] i8c dc,h,v,p: 43% 26% 15% 16%
[libx264 @ 0x5de75156e780] Weighted P-Frames: Y:32.8% UV:31.9%
[libx264 @ 0x5de75156e780] ref P L0: 57.8% 32.1%  8.5%  1.2%  0.3%
[libx264 @ 0x5de75156e780] ref B L0: 97.2%  2.7%  0.1%
[libx264 @ 0x5de75156e780] ref B L1: 99.7%  0.3%
[libx264 @ 0x5de75156e780] kb/s:1503.08
ffmpeg version 6.1.1-3ubuntu5 Copyright (c) 2000-2023 the FFmpeg developers
  built with gcc 13 (Ubuntu 13.2.0-23ubuntu3)
  configuration: --prefix=/usr --extra-version=3ubuntu5 --toolchain=hardened --libdir=/usr/lib/x86_64-linux-gnu --incdir=/usr/include/x86_64-linux-gnu --arch=amd64 --enable-gpl --disable-stripping --disable-omx --enable-gnutls --enable-libaom --enable-libass --enable-libbs2b --enable-libcaca --enable-libcdio --enable-libcodec2 --enable-libdav1d --enable-libflite --enable-libfontconfig --enable-libfreetype --enable-libfribidi --enable-libglslang --enable-libgme --enable-libgsm --enable-libharfbuzz --enable-libmp3lame --enable-libmysofa --enable-libopenjpeg --enable-libopenmpt --enable-libopus --enable-librubberband --enable-libshine --enable-libsnappy --enable-libsoxr --enable-libspeex --enable-libtheora --enable-libtwolame --enable-libvidstab --enable-libvorbis --enable-libvpx --enable-libwebp --enable-libx265 --enable-libxml2 --enable-libxvid --enable-libzimg --enable-openal --enable-opencl --enable-opengl --disable-sndio --enable-libvpl --disable-libmfx --enable-libdc1394 --enable-libdrm --enable-libiec61883 --enable-chromaprint --enable-frei0r --enable-ladspa --enable-libbluray --enable-libjack --enable-libpulse --enable-librabbitmq --enable-librist --enable-libsrt --enable-libssh --enable-libsvtav1 --enable-libx264 --enable-libzmq --enable-libzvbi --enable-lv2 --enable-sdl2 --enable-libplacebo --enable-librav1e --enable-pocketsphinx --enable-librsvg --enable-libjxl --enable-shared
  libavutil      58. 29.100 / 58. 29.100
  libavcodec     60. 31.102 / 60. 31.102
  libavformat    60. 16.100 / 60. 16.100
  libavdevice    60.  3.100 / 60.  3.100
  libavfilter     9. 12.100 /  9. 12.100
  libswscale      7.  5.100 /  7.  5.100
  libswresample   4. 12.100 /  4. 12.100
  libpostproc    57.  3.100 / 57.  3.100
Input #0, mov,mp4,m4a,3gp,3g2,mj2, from '/data/vaishak/combined-kv-quant/results/runs/backfill_qaq_int4_aa6e42af3d16_10s/videos/QAQ_INT4/prompt_0002_seed_2.mp4':
  Metadata:
    major_brand     : isom
    minor_version   : 512
    compatible_brands: isomiso2avc1mp41
    encoder         : Lavf61.1.100
  Duration: 00:00:10.31, start: 0.000000, bitrate: 1204 kb/s
  Stream #0:0[0x1](und): Video: h264 (High) (avc1 / 0x31637661), yuv420p(progressive), 832x480, 1203 kb/s, 16 fps, 16 tbr, 16384 tbn (default)
    Metadata:
      handler_name    : VideoHandler
      vendor_id       : [0][0][0][0]
Stream mapping:
  Stream #0:0 -> #0:0 (h264 (native) -> h264 (libx264))
Press [q] to stop, [?] for help
[libx264 @ 0x58d606346bc0] using cpu capabilities: MMX2 SSE2Fast SSSE3 SSE4.2 AVX FMA3 BMI2 AVX2
[libx264 @ 0x58d606346bc0] profile High, level 3.0, 4:2:0, 8-bit
[libx264 @ 0x58d606346bc0] 264 - core 164 r3108 31e19f9 - H.264/MPEG-4 AVC codec - Copyleft 2003-2023 - http://www.videolan.org/x264.html - options: cabac=1 ref=3 deblock=1:0:0 analyse=0x3:0x113 me=hex subme=7 psy=1 psy_rd=1.00:0.00 mixed_ref=1 me_range=16 chroma_me=1 trellis=1 8x8dct=1 cqm=0 deadzone=21,11 fast_pskip=1 chroma_qp_offset=-2 threads=15 lookahead_threads=2 sliced_threads=0 nr=0 decimate=1 interlaced=0 bluray_compat=0 constrained_intra=0 bframes=3 b_pyramid=2 b_adapt=1 b_bias=0 direct=1 weightb=1 open_gop=0 weightp=2 keyint=250 keyint_min=16 scenecut=40 intra_refresh=0 rc_lookahead=40 rc=crf mbtree=1 crf=23.0 qcomp=0.60 qpmin=0 qpmax=69 qpstep=4 ip_ratio=1.40 aq=1:1.00
Output #0, mp4, to '/data/vaishak/combined-kv-quant/results/combined/backfills/drift/moviegen/4eb702b8d0309ef7_QAQ_INT4/QAQ_INT4_frames_165/prompt_0002_seed_2.mp4':
  Metadata:
    major_brand     : isom
    minor_version   : 512
    compatible_brands: isomiso2avc1mp41
    encoder         : Lavf60.16.100
  Stream #0:0(und): Video: h264 (avc1 / 0x31637661), yuv420p(progressive), 832x480, q=2-31, 16 fps, 16384 tbn (default)
    Metadata:
      handler_name    : VideoHandler
      vendor_id       : [0][0][0][0]
      encoder         : Lavc60.31.102 libx264
    Side data:
      cpb: bitrate max/min/avg: 0/0/0 buffer size: 0 vbv_delay: N/A
frame=    0 fps=0.0 q=0.0 size=       0kB time=N/A bitrate=N/A speed=N/A    frame=  165 fps=0.0 q=-1.0 size=    1792kB time=00:00:10.12 bitrate=1449.9kbits/s speed=19.7x    [out#0/mp4 @ 0x58d606263dc0] video:1867kB audio:0kB subtitle:0kB other streams:0kB global headers:0kB muxing overhead: 0.131376%
frame=  165 fps=0.0 q=-1.0 Lsize=    1869kB time=00:00:10.12 bitrate=1512.2kbits/s speed=13.6x    
[libx264 @ 0x58d606346bc0] frame I:11    Avg QP:23.01  size: 49221
[libx264 @ 0x58d606346bc0] frame P:99    Avg QP:25.87  size: 12062
[libx264 @ 0x58d606346bc0] frame B:55    Avg QP:28.51  size:  3183
[libx264 @ 0x58d606346bc0] consecutive B-frames: 43.0% 37.6%  0.0% 19.4%
[libx264 @ 0x58d606346bc0] mb I  I16..4:  4.3% 70.8% 24.9%
[libx264 @ 0x58d606346bc0] mb P  I16..4:  0.9%  4.2%  0.9%  P16..4: 47.4% 20.6%  7.9%  0.0%  0.0%    skip:18.1%
[libx264 @ 0x58d606346bc0] mb B  I16..4:  0.1%  0.3%  0.1%  B16..8: 44.1%  6.5%  1.4%  direct: 2.7%  skip:44.8%  L0:45.0% L1:47.5% BI: 7.5%
[libx264 @ 0x58d606346bc0] 8x8 transform intra:70.2% inter:76.5%
[libx264 @ 0x58d606346bc0] coded y,uvDC,uvAC intra: 82.1% 95.1% 82.5% inter: 29.3% 46.0% 9.1%
[libx264 @ 0x58d606346bc0] i16 v,h,dc,p:  3% 49%  3% 44%
[libx264 @ 0x58d606346bc0] i8 v,h,dc,ddl,ddr,vr,hd,vl,hu: 13% 27%  9%  6%  8%  8% 11%  7% 11%
[libx264 @ 0x58d606346bc0] i4 v,h,dc,ddl,ddr,vr,hd,vl,hu: 17% 25%  8%  6%  9%  9% 11%  6%  8%
[libx264 @ 0x58d606346bc0] i8c dc,h,v,p: 39% 30% 14% 17%
[libx264 @ 0x58d606346bc0] Weighted P-Frames: Y:38.4% UV:36.4%
[libx264 @ 0x58d606346bc0] ref P L0: 57.3% 30.2% 10.5%  1.7%  0.3%
[libx264 @ 0x58d606346bc0] ref B L0: 94.5%  4.8%  0.7%
[libx264 @ 0x58d606346bc0] ref B L1: 99.3%  0.7%
[libx264 @ 0x58d606346bc0] kb/s:1482.17
ffmpeg version 6.1.1-3ubuntu5 Copyright (c) 2000-2023 the FFmpeg developers
  built with gcc 13 (Ubuntu 13.2.0-23ubuntu3)
  configuration: --prefix=/usr --extra-version=3ubuntu5 --toolchain=hardened --libdir=/usr/lib/x86_64-linux-gnu --incdir=/usr/include/x86_64-linux-gnu --arch=amd64 --enable-gpl --disable-stripping --disable-omx --enable-gnutls --enable-libaom --enable-libass --enable-libbs2b --enable-libcaca --enable-libcdio --enable-libcodec2 --enable-libdav1d --enable-libflite --enable-libfontconfig --enable-libfreetype --enable-libfribidi --enable-libglslang --enable-libgme --enable-libgsm --enable-libharfbuzz --enable-libmp3lame --enable-libmysofa --enable-libopenjpeg --enable-libopenmpt --enable-libopus --enable-librubberband --enable-libshine --enable-libsnappy --enable-libsoxr --enable-libspeex --enable-libtheora --enable-libtwolame --enable-libvidstab --enable-libvorbis --enable-libvpx --enable-libwebp --enable-libx265 --enable-libxml2 --enable-libxvid --enable-libzimg --enable-openal --enable-opencl --enable-opengl --disable-sndio --enable-libvpl --disable-libmfx --enable-libdc1394 --enable-libdrm --enable-libiec61883 --enable-chromaprint --enable-frei0r --enable-ladspa --enable-libbluray --enable-libjack --enable-libpulse --enable-librabbitmq --enable-librist --enable-libsrt --enable-libssh --enable-libsvtav1 --enable-libx264 --enable-libzmq --enable-libzvbi --enable-lv2 --enable-sdl2 --enable-libplacebo --enable-librav1e --enable-pocketsphinx --enable-librsvg --enable-libjxl --enable-shared
  libavutil      58. 29.100 / 58. 29.100
  libavcodec     60. 31.102 / 60. 31.102
  libavformat    60. 16.100 / 60. 16.100
  libavdevice    60.  3.100 / 60.  3.100
  libavfilter     9. 12.100 /  9. 12.100
  libswscale      7.  5.100 /  7.  5.100
  libswresample   4. 12.100 /  4. 12.100
  libpostproc    57.  3.100 / 57.  3.100
Input #0, mov,mp4,m4a,3gp,3g2,mj2, from '/data/vaishak/combined-kv-quant/results/runs/backfill_qaq_int4_aa6e42af3d16_10s/videos/QAQ_INT4/prompt_0003_seed_3.mp4':
  Metadata:
    major_brand     : isom
    minor_version   : 512
    compatible_brands: isomiso2avc1mp41
    encoder         : Lavf61.1.100
  Duration: 00:00:10.31, start: 0.000000, bitrate: 1140 kb/s
  Stream #0:0[0x1](und): Video: h264 (High) (avc1 / 0x31637661), yuv420p(progressive), 832x480, 1138 kb/s, 16 fps, 16 tbr, 16384 tbn (default)
    Metadata:
      handler_name    : VideoHandler
      vendor_id       : [0][0][0][0]
Stream mapping:
  Stream #0:0 -> #0:0 (h264 (native) -> h264 (libx264))
Press [q] to stop, [?] for help
[libx264 @ 0x580ba1bcbc80] using cpu capabilities: MMX2 SSE2Fast SSSE3 SSE4.2 AVX FMA3 BMI2 AVX2
[libx264 @ 0x580ba1bcbc80] profile High, level 3.0, 4:2:0, 8-bit
[libx264 @ 0x580ba1bcbc80] 264 - core 164 r3108 31e19f9 - H.264/MPEG-4 AVC codec - Copyleft 2003-2023 - http://www.videolan.org/x264.html - options: cabac=1 ref=3 deblock=1:0:0 analyse=0x3:0x113 me=hex subme=7 psy=1 psy_rd=1.00:0.00 mixed_ref=1 me_range=16 chroma_me=1 trellis=1 8x8dct=1 cqm=0 deadzone=21,11 fast_pskip=1 chroma_qp_offset=-2 threads=15 lookahead_threads=2 sliced_threads=0 nr=0 decimate=1 interlaced=0 bluray_compat=0 constrained_intra=0 bframes=3 b_pyramid=2 b_adapt=1 b_bias=0 direct=1 weightb=1 open_gop=0 weightp=2 keyint=250 keyint_min=16 scenecut=40 intra_refresh=0 rc_lookahead=40 rc=crf mbtree=1 crf=23.0 qcomp=0.60 qpmin=0 qpmax=69 qpstep=4 ip_ratio=1.40 aq=1:1.00
Output #0, mp4, to '/data/vaishak/combined-kv-quant/results/combined/backfills/drift/moviegen/4eb702b8d0309ef7_QAQ_INT4/QAQ_INT4_frames_165/prompt_0003_seed_3.mp4':
  Metadata:
    major_brand     : isom
    minor_version   : 512
    compatible_brands: isomiso2avc1mp41
    encoder         : Lavf60.16.100
  Stream #0:0(und): Video: h264 (avc1 / 0x31637661), yuv420p(progressive), 832x480, q=2-31, 16 fps, 16384 tbn (default)
    Metadata:
      handler_name    : VideoHandler
      vendor_id       : [0][0][0][0]
      encoder         : Lavc60.31.102 libx264
    Side data:
      cpb: bitrate max/min/avg: 0/0/0 buffer size: 0 vbv_delay: N/A
frame=    0 fps=0.0 q=0.0 size=       0kB time=N/A bitrate=N/A speed=N/A    [out#0/mp4 @ 0x580ba1b31d80] video:1923kB audio:0kB subtitle:0kB other streams:0kB global headers:0kB muxing overhead: 0.123877%
frame=  165 fps=0.0 q=-1.0 Lsize=    1925kB time=00:00:10.12 bitrate=1557.6kbits/s speed=15.5x    
[libx264 @ 0x580ba1bcbc80] frame I:12    Avg QP:23.24  size: 53578
[libx264 @ 0x580ba1bcbc80] frame P:105   Avg QP:26.09  size: 11555
[libx264 @ 0x580ba1bcbc80] frame B:48    Avg QP:28.71  size:  2333
[libx264 @ 0x580ba1bcbc80] consecutive B-frames: 50.3% 31.5%  3.6% 14.5%
[libx264 @ 0x580ba1bcbc80] mb I  I16..4:  3.4% 63.2% 33.4%
[libx264 @ 0x580ba1bcbc80] mb P  I16..4:  0.6%  2.9%  0.7%  P16..4: 45.3% 19.3%  8.5%  0.0%  0.0%    skip:22.6%
[libx264 @ 0x580ba1bcbc80] mb B  I16..4:  0.0%  0.1%  0.0%  B16..8: 44.2%  4.6%  1.1%  direct: 1.5%  skip:48.5%  L0:45.0% L1:47.6% BI: 7.4%
[libx264 @ 0x580ba1bcbc80] 8x8 transform intra:64.6% inter:72.3%
[libx264 @ 0x580ba1bcbc80] coded y,uvDC,uvAC intra: 84.8% 98.3% 85.5% inter: 28.9% 40.1% 7.7%
[libx264 @ 0x580ba1bcbc80] i16 v,h,dc,p:  2% 46%  3% 49%
[libx264 @ 0x580ba1bcbc80] i8 v,h,dc,ddl,ddr,vr,hd,vl,hu: 11% 27%  9%  5%  9%  7% 14%  6% 11%
[libx264 @ 0x580ba1bcbc80] i4 v,h,dc,ddl,ddr,vr,hd,vl,hu: 14% 29%  9%  5%  9%  7% 13%  5%  8%
[libx264 @ 0x580ba1bcbc80] i8c dc,h,v,p: 40% 31% 13% 17%
[libx264 @ 0x580ba1bcbc80] Weighted P-Frames: Y:40.0% UV:28.6%
[libx264 @ 0x580ba1bcbc80] ref P L0: 54.3% 31.7% 12.1%  1.7%  0.3%
[libx264 @ 0x580ba1bcbc80] ref B L0: 97.1%  2.8%  0.1%
[libx264 @ 0x580ba1bcbc80] ref B L1: 99.1%  0.9%
[libx264 @ 0x580ba1bcbc80] kb/s:1526.84
ffmpeg version 6.1.1-3ubuntu5 Copyright (c) 2000-2023 the FFmpeg developers
  built with gcc 13 (Ubuntu 13.2.0-23ubuntu3)
  configuration: --prefix=/usr --extra-version=3ubuntu5 --toolchain=hardened --libdir=/usr/lib/x86_64-linux-gnu --incdir=/usr/include/x86_64-linux-gnu --arch=amd64 --enable-gpl --disable-stripping --disable-omx --enable-gnutls --enable-libaom --enable-libass --enable-libbs2b --enable-libcaca --enable-libcdio --enable-libcodec2 --enable-libdav1d --enable-libflite --enable-libfontconfig --enable-libfreetype --enable-libfribidi --enable-libglslang --enable-libgme --enable-libgsm --enable-libharfbuzz --enable-libmp3lame --enable-libmysofa --enable-libopenjpeg --enable-libopenmpt --enable-libopus --enable-librubberband --enable-libshine --enable-libsnappy --enable-libsoxr --enable-libspeex --enable-libtheora --enable-libtwolame --enable-libvidstab --enable-libvorbis --enable-libvpx --enable-libwebp --enable-libx265 --enable-libxml2 --enable-libxvid --enable-libzimg --enable-openal --enable-opencl --enable-opengl --disable-sndio --enable-libvpl --disable-libmfx --enable-libdc1394 --enable-libdrm --enable-libiec61883 --enable-chromaprint --enable-frei0r --enable-ladspa --enable-libbluray --enable-libjack --enable-libpulse --enable-librabbitmq --enable-librist --enable-libsrt --enable-libssh --enable-libsvtav1 --enable-libx264 --enable-libzmq --enable-libzvbi --enable-lv2 --enable-sdl2 --enable-libplacebo --enable-librav1e --enable-pocketsphinx --enable-librsvg --enable-libjxl --enable-shared
  libavutil      58. 29.100 / 58. 29.100
  libavcodec     60. 31.102 / 60. 31.102
  libavformat    60. 16.100 / 60. 16.100
  libavdevice    60.  3.100 / 60.  3.100
  libavfilter     9. 12.100 /  9. 12.100
  libswscale      7.  5.100 /  7.  5.100
  libswresample   4. 12.100 /  4. 12.100
  libpostproc    57.  3.100 / 57.  3.100
Input #0, mov,mp4,m4a,3gp,3g2,mj2, from '/data/vaishak/combined-kv-quant/results/runs/backfill_qaq_int4_aa6e42af3d16_10s/videos/QAQ_INT4/prompt_0004_seed_4.mp4':
  Metadata:
    major_brand     : isom
    minor_version   : 512
    compatible_brands: isomiso2avc1mp41
    encoder         : Lavf61.1.100
  Duration: 00:00:10.31, start: 0.000000, bitrate: 1231 kb/s
  Stream #0:0[0x1](und): Video: h264 (High) (avc1 / 0x31637661), yuv420p(progressive), 832x480, 1229 kb/s, 16 fps, 16 tbr, 16384 tbn (default)
    Metadata:
      handler_name    : VideoHandler
      vendor_id       : [0][0][0][0]
Stream mapping:
  Stream #0:0 -> #0:0 (h264 (native) -> h264 (libx264))
Press [q] to stop, [?] for help
[libx264 @ 0x5a737e5f6000] using cpu capabilities: MMX2 SSE2Fast SSSE3 SSE4.2 AVX FMA3 BMI2 AVX2
[libx264 @ 0x5a737e5f6000] profile High, level 3.0, 4:2:0, 8-bit
[libx264 @ 0x5a737e5f6000] 264 - core 164 r3108 31e19f9 - H.264/MPEG-4 AVC codec - Copyleft 2003-2023 - http://www.videolan.org/x264.html - options: cabac=1 ref=3 deblock=1:0:0 analyse=0x3:0x113 me=hex subme=7 psy=1 psy_rd=1.00:0.00 mixed_ref=1 me_range=16 chroma_me=1 trellis=1 8x8dct=1 cqm=0 deadzone=21,11 fast_pskip=1 chroma_qp_offset=-2 threads=15 lookahead_threads=2 sliced_threads=0 nr=0 decimate=1 interlaced=0 bluray_compat=0 constrained_intra=0 bframes=3 b_pyramid=2 b_adapt=1 b_bias=0 direct=1 weightb=1 open_gop=0 weightp=2 keyint=250 keyint_min=16 scenecut=40 intra_refresh=0 rc_lookahead=40 rc=crf mbtree=1 crf=23.0 qcomp=0.60 qpmin=0 qpmax=69 qpstep=4 ip_ratio=1.40 aq=1:1.00
Output #0, mp4, to '/data/vaishak/combined-kv-quant/results/combined/backfills/drift/moviegen/4eb702b8d0309ef7_QAQ_INT4/QAQ_INT4_frames_165/prompt_0004_seed_4.mp4':
  Metadata:
    major_brand     : isom
    minor_version   : 512
    compatible_brands: isomiso2avc1mp41
    encoder         : Lavf60.16.100
  Stream #0:0(und): Video: h264 (avc1 / 0x31637661), yuv420p(progressive), 832x480, q=2-31, 16 fps, 16384 tbn (default)
    Metadata:
      handler_name    : VideoHandler
      vendor_id       : [0][0][0][0]
      encoder         : Lavc60.31.102 libx264
    Side data:
      cpb: bitrate max/min/avg: 0/0/0 buffer size: 0 vbv_delay: N/A
frame=    0 fps=0.0 q=0.0 size=       0kB time=N/A bitrate=N/A speed=N/A    [out#0/mp4 @ 0x5a737e576d00] video:1687kB audio:0kB subtitle:0kB other streams:0kB global headers:0kB muxing overhead: 0.152111%
frame=  165 fps=0.0 q=-1.0 Lsize=    1689kB time=00:00:10.12 bitrate=1366.6kbits/s speed=15.5x    
[libx264 @ 0x5a737e5f6000] frame I:9     Avg QP:22.53  size: 49463
[libx264 @ 0x5a737e5f6000] frame P:84    Avg QP:25.43  size: 13273
[libx264 @ 0x5a737e5f6000] frame B:72    Avg QP:28.12  size:  2309
[libx264 @ 0x5a737e5f6000] consecutive B-frames: 30.9% 29.1% 10.9% 29.1%
[libx264 @ 0x5a737e5f6000] mb I  I16..4:  2.7% 76.0% 21.3%
[libx264 @ 0x5a737e5f6000] mb P  I16..4:  0.4%  4.8%  1.0%  P16..4: 49.8% 22.3%  8.0%  0.0%  0.0%    skip:13.5%
[libx264 @ 0x5a737e5f6000] mb B  I16..4:  0.1%  0.3%  0.1%  B16..8: 37.3%  4.7%  0.9%  direct: 2.7%  skip:54.0%  L0:40.1% L1:52.8% BI: 7.1%
[libx264 @ 0x5a737e5f6000] 8x8 transform intra:76.1% inter:78.0%
[libx264 @ 0x5a737e5f6000] coded y,uvDC,uvAC intra: 87.7% 98.2% 90.1% inter: 26.9% 42.4% 9.3%
[libx264 @ 0x5a737e5f6000] i16 v,h,dc,p: 15% 44%  4% 37%
[libx264 @ 0x5a737e5f6000] i8 v,h,dc,ddl,ddr,vr,hd,vl,hu: 18% 22%  7%  6%  8%  9% 10%  9% 11%
[libx264 @ 0x5a737e5f6000] i4 v,h,dc,ddl,ddr,vr,hd,vl,hu: 20% 23%  7%  6%  9%  9% 10%  8%  7%
[libx264 @ 0x5a737e5f6000] i8c dc,h,v,p: 36% 24% 20% 20%
[libx264 @ 0x5a737e5f6000] Weighted P-Frames: Y:53.6% UV:41.7%
[libx264 @ 0x5a737e5f6000] ref P L0: 51.0% 32.4% 13.8%  2.3%  0.6%
[libx264 @ 0x5a737e5f6000] ref B L0: 91.4%  7.5%  1.1%
[libx264 @ 0x5a737e5f6000] ref B L1: 97.3%  2.7%
[libx264 @ 0x5a737e5f6000] kb/s:1339.22
ffmpeg version 6.1.1-3ubuntu5 Copyright (c) 2000-2023 the FFmpeg developers
  built with gcc 13 (Ubuntu 13.2.0-23ubuntu3)
  configuration: --prefix=/usr --extra-version=3ubuntu5 --toolchain=hardened --libdir=/usr/lib/x86_64-linux-gnu --incdir=/usr/include/x86_64-linux-gnu --arch=amd64 --enable-gpl --disable-stripping --disable-omx --enable-gnutls --enable-libaom --enable-libass --enable-libbs2b --enable-libcaca --enable-libcdio --enable-libcodec2 --enable-libdav1d --enable-libflite --enable-libfontconfig --enable-libfreetype --enable-libfribidi --enable-libglslang --enable-libgme --enable-libgsm --enable-libharfbuzz --enable-libmp3lame --enable-libmysofa --enable-libopenjpeg --enable-libopenmpt --enable-libopus --enable-librubberband --enable-libshine --enable-libsnappy --enable-libsoxr --enable-libspeex --enable-libtheora --enable-libtwolame --enable-libvidstab --enable-libvorbis --enable-libvpx --enable-libwebp --enable-libx265 --enable-libxml2 --enable-libxvid --enable-libzimg --enable-openal --enable-opencl --enable-opengl --disable-sndio --enable-libvpl --disable-libmfx --enable-libdc1394 --enable-libdrm --enable-libiec61883 --enable-chromaprint --enable-frei0r --enable-ladspa --enable-libbluray --enable-libjack --enable-libpulse --enable-librabbitmq --enable-librist --enable-libsrt --enable-libssh --enable-libsvtav1 --enable-libx264 --enable-libzmq --enable-libzvbi --enable-lv2 --enable-sdl2 --enable-libplacebo --enable-librav1e --enable-pocketsphinx --enable-librsvg --enable-libjxl --enable-shared
  libavutil      58. 29.100 / 58. 29.100
  libavcodec     60. 31.102 / 60. 31.102
  libavformat    60. 16.100 / 60. 16.100
  libavdevice    60.  3.100 / 60.  3.100
  libavfilter     9. 12.100 /  9. 12.100
  libswscale      7.  5.100 /  7.  5.100
  libswresample   4. 12.100 /  4. 12.100
  libpostproc    57.  3.100 / 57.  3.100
Input #0, mov,mp4,m4a,3gp,3g2,mj2, from '/data/vaishak/combined-kv-quant/results/runs/backfill_qaq_int4_aa6e42af3d16_10s/videos/QAQ_INT4/prompt_0005_seed_5.mp4':
  Metadata:
    major_brand     : isom
    minor_version   : 512
    compatible_brands: isomiso2avc1mp41
    encoder         : Lavf61.1.100
  Duration: 00:00:10.31, start: 0.000000, bitrate: 1086 kb/s
  Stream #0:0[0x1](und): Video: h264 (High) (avc1 / 0x31637661), yuv420p(progressive), 832x480, 1084 kb/s, 16 fps, 16 tbr, 16384 tbn (default)
    Metadata:
      handler_name    : VideoHandler
      vendor_id       : [0][0][0][0]
Stream mapping:
  Stream #0:0 -> #0:0 (h264 (native) -> h264 (libx264))
Press [q] to stop, [?] for help
[libx264 @ 0x59bf77634bc0] using cpu capabilities: MMX2 SSE2Fast SSSE3 SSE4.2 AVX FMA3 BMI2 AVX2
[libx264 @ 0x59bf77634bc0] profile High, level 3.0, 4:2:0, 8-bit
[libx264 @ 0x59bf77634bc0] 264 - core 164 r3108 31e19f9 - H.264/MPEG-4 AVC codec - Copyleft 2003-2023 - http://www.videolan.org/x264.html - options: cabac=1 ref=3 deblock=1:0:0 analyse=0x3:0x113 me=hex subme=7 psy=1 psy_rd=1.00:0.00 mixed_ref=1 me_range=16 chroma_me=1 trellis=1 8x8dct=1 cqm=0 deadzone=21,11 fast_pskip=1 chroma_qp_offset=-2 threads=15 lookahead_threads=2 sliced_threads=0 nr=0 decimate=1 interlaced=0 bluray_compat=0 constrained_intra=0 bframes=3 b_pyramid=2 b_adapt=1 b_bias=0 direct=1 weightb=1 open_gop=0 weightp=2 keyint=250 keyint_min=16 scenecut=40 intra_refresh=0 rc_lookahead=40 rc=crf mbtree=1 crf=23.0 qcomp=0.60 qpmin=0 qpmax=69 qpstep=4 ip_ratio=1.40 aq=1:1.00
Output #0, mp4, to '/data/vaishak/combined-kv-quant/results/combined/backfills/drift/moviegen/4eb702b8d0309ef7_QAQ_INT4/QAQ_INT4_frames_165/prompt_0005_seed_5.mp4':
  Metadata:
    major_brand     : isom
    minor_version   : 512
    compatible_brands: isomiso2avc1mp41
    encoder         : Lavf60.16.100
  Stream #0:0(und): Video: h264 (avc1 / 0x31637661), yuv420p(progressive), 832x480, q=2-31, 16 fps, 16384 tbn (default)
    Metadata:
      handler_name    : VideoHandler
      vendor_id       : [0][0][0][0]
      encoder         : Lavc60.31.102 libx264
    Side data:
      cpb: bitrate max/min/avg: 0/0/0 buffer size: 0 vbv_delay: N/A
frame=    0 fps=0.0 q=0.0 size=       0kB time=N/A bitrate=N/A speed=N/A    [out#0/mp4 @ 0x59bf7759fe40] video:2039kB audio:0kB subtitle:0kB other streams:0kB global headers:0kB muxing overhead: 0.118915%
frame=  165 fps=0.0 q=-1.0 Lsize=    2042kB time=00:00:10.12 bitrate=1651.8kbits/s speed=15.5x    
[libx264 @ 0x59bf77634bc0] frame I:9     Avg QP:23.71  size: 68410
[libx264 @ 0x59bf77634bc0] frame P:103   Avg QP:26.50  size: 12891
[libx264 @ 0x59bf77634bc0] frame B:53    Avg QP:29.92  size:  2715
[libx264 @ 0x59bf77634bc0] consecutive B-frames: 46.1% 30.3%  9.1% 14.5%
[libx264 @ 0x59bf77634bc0] mb I  I16..4:  0.5% 59.7% 39.8%
[libx264 @ 0x59bf77634bc0] mb P  I16..4:  0.1%  3.0%  1.1%  P16..4: 43.3% 18.0%  9.4%  0.0%  0.0%    skip:25.1%
[libx264 @ 0x59bf77634bc0] mb B  I16..4:  0.0%  0.0%  0.0%  B16..8: 43.3%  5.1%  1.5%  direct: 2.6%  skip:47.4%  L0:43.9% L1:49.2% BI: 6.8%
[libx264 @ 0x59bf77634bc0] 8x8 transform intra:63.3% inter:74.2%
[libx264 @ 0x59bf77634bc0] coded y,uvDC,uvAC intra: 93.3% 99.7% 96.9% inter: 28.7% 42.1% 10.1%
[libx264 @ 0x59bf77634bc0] i16 v,h,dc,p:  6% 41%  7% 46%
[libx264 @ 0x59bf77634bc0] i8 v,h,dc,ddl,ddr,vr,hd,vl,hu: 14% 19% 10%  6%  9%  9% 11%  9% 13%
[libx264 @ 0x59bf77634bc0] i4 v,h,dc,ddl,ddr,vr,hd,vl,hu: 17% 19% 10%  7%  9% 10% 10%  8%  9%
[libx264 @ 0x59bf77634bc0] i8c dc,h,v,p: 46% 22% 15% 17%
[libx264 @ 0x59bf77634bc0] Weighted P-Frames: Y:38.8% UV:37.9%
[libx264 @ 0x59bf77634bc0] ref P L0: 57.4% 31.3%  9.3%  1.5%  0.6%
[libx264 @ 0x59bf77634bc0] ref B L0: 94.3%  5.4%  0.3%
[libx264 @ 0x59bf77634bc0] ref B L1: 99.6%  0.4%
[libx264 @ 0x59bf77634bc0] kb/s:1619.28
ffmpeg version 6.1.1-3ubuntu5 Copyright (c) 2000-2023 the FFmpeg developers
  built with gcc 13 (Ubuntu 13.2.0-23ubuntu3)
  configuration: --prefix=/usr --extra-version=3ubuntu5 --toolchain=hardened --libdir=/usr/lib/x86_64-linux-gnu --incdir=/usr/include/x86_64-linux-gnu --arch=amd64 --enable-gpl --disable-stripping --disable-omx --enable-gnutls --enable-libaom --enable-libass --enable-libbs2b --enable-libcaca --enable-libcdio --enable-libcodec2 --enable-libdav1d --enable-libflite --enable-libfontconfig --enable-libfreetype --enable-libfribidi --enable-libglslang --enable-libgme --enable-libgsm --enable-libharfbuzz --enable-libmp3lame --enable-libmysofa --enable-libopenjpeg --enable-libopenmpt --enable-libopus --enable-librubberband --enable-libshine --enable-libsnappy --enable-libsoxr --enable-libspeex --enable-libtheora --enable-libtwolame --enable-libvidstab --enable-libvorbis --enable-libvpx --enable-libwebp --enable-libx265 --enable-libxml2 --enable-libxvid --enable-libzimg --enable-openal --enable-opencl --enable-opengl --disable-sndio --enable-libvpl --disable-libmfx --enable-libdc1394 --enable-libdrm --enable-libiec61883 --enable-chromaprint --enable-frei0r --enable-ladspa --enable-libbluray --enable-libjack --enable-libpulse --enable-librabbitmq --enable-librist --enable-libsrt --enable-libssh --enable-libsvtav1 --enable-libx264 --enable-libzmq --enable-libzvbi --enable-lv2 --enable-sdl2 --enable-libplacebo --enable-librav1e --enable-pocketsphinx --enable-librsvg --enable-libjxl --enable-shared
  libavutil      58. 29.100 / 58. 29.100
  libavcodec     60. 31.102 / 60. 31.102
  libavformat    60. 16.100 / 60. 16.100
  libavdevice    60.  3.100 / 60.  3.100
  libavfilter     9. 12.100 /  9. 12.100
  libswscale      7.  5.100 /  7.  5.100
  libswresample   4. 12.100 /  4. 12.100
  libpostproc    57.  3.100 / 57.  3.100
Input #0, mov,mp4,m4a,3gp,3g2,mj2, from '/data/vaishak/combined-kv-quant/results/runs/backfill_qaq_int4_aa6e42af3d16_10s/videos/QAQ_INT4/prompt_0006_seed_6.mp4':
  Metadata:
    major_brand     : isom
    minor_version   : 512
    compatible_brands: isomiso2avc1mp41
    encoder         : Lavf61.1.100
  Duration: 00:00:10.31, start: 0.000000, bitrate: 1181 kb/s
  Stream #0:0[0x1](und): Video: h264 (High) (avc1 / 0x31637661), yuv420p(progressive), 832x480, 1179 kb/s, 16 fps, 16 tbr, 16384 tbn (default)
    Metadata:
      handler_name    : VideoHandler
      vendor_id       : [0][0][0][0]
Stream mapping:
  Stream #0:0 -> #0:0 (h264 (native) -> h264 (libx264))
Press [q] to stop, [?] for help
[libx264 @ 0x617084189700] using cpu capabilities: MMX2 SSE2Fast SSSE3 SSE4.2 AVX FMA3 BMI2 AVX2
[libx264 @ 0x617084189700] profile High, level 3.0, 4:2:0, 8-bit
[libx264 @ 0x617084189700] 264 - core 164 r3108 31e19f9 - H.264/MPEG-4 AVC codec - Copyleft 2003-2023 - http://www.videolan.org/x264.html - options: cabac=1 ref=3 deblock=1:0:0 analyse=0x3:0x113 me=hex subme=7 psy=1 psy_rd=1.00:0.00 mixed_ref=1 me_range=16 chroma_me=1 trellis=1 8x8dct=1 cqm=0 deadzone=21,11 fast_pskip=1 chroma_qp_offset=-2 threads=15 lookahead_threads=2 sliced_threads=0 nr=0 decimate=1 interlaced=0 bluray_compat=0 constrained_intra=0 bframes=3 b_pyramid=2 b_adapt=1 b_bias=0 direct=1 weightb=1 open_gop=0 weightp=2 keyint=250 keyint_min=16 scenecut=40 intra_refresh=0 rc_lookahead=40 rc=crf mbtree=1 crf=23.0 qcomp=0.60 qpmin=0 qpmax=69 qpstep=4 ip_ratio=1.40 aq=1:1.00
Output #0, mp4, to '/data/vaishak/combined-kv-quant/results/combined/backfills/drift/moviegen/4eb702b8d0309ef7_QAQ_INT4/QAQ_INT4_frames_165/prompt_0006_seed_6.mp4':
  Metadata:
    major_brand     : isom
    minor_version   : 512
    compatible_brands: isomiso2avc1mp41
    encoder         : Lavf60.16.100
  Stream #0:0(und): Video: h264 (avc1 / 0x31637661), yuv420p(progressive), 832x480, q=2-31, 16 fps, 16384 tbn (default)
    Metadata:
      handler_name    : VideoHandler
      vendor_id       : [0][0][0][0]
      encoder         : Lavc60.31.102 libx264
    Side data:
      cpb: bitrate max/min/avg: 0/0/0 buffer size: 0 vbv_delay: N/A
frame=    0 fps=0.0 q=0.0 size=       0kB time=N/A bitrate=N/A speed=N/A    [out#0/mp4 @ 0x617084109e00] video:1798kB audio:0kB subtitle:0kB other streams:0kB global headers:0kB muxing overhead: 0.137709%
frame=  165 fps=0.0 q=-1.0 Lsize=    1800kB time=00:00:10.12 bitrate=1456.5kbits/s speed=15.6x    
[libx264 @ 0x617084189700] frame I:10    Avg QP:22.17  size: 46452
[libx264 @ 0x617084189700] frame P:91    Avg QP:25.23  size: 12796
[libx264 @ 0x617084189700] frame B:64    Avg QP:27.40  size:  3300
[libx264 @ 0x617084189700] consecutive B-frames: 37.6% 29.1%  9.1% 24.2%
[libx264 @ 0x617084189700] mb I  I16..4:  7.9% 69.0% 23.1%
[libx264 @ 0x617084189700] mb P  I16..4:  2.0%  6.7%  1.4%  P16..4: 46.6% 18.4%  7.3%  0.0%  0.0%    skip:17.7%
[libx264 @ 0x617084189700] mb B  I16..4:  0.5%  0.8%  0.1%  B16..8: 39.1%  5.1%  1.3%  direct: 3.6%  skip:49.5%  L0:45.5% L1:46.6% BI: 7.9%
[libx264 @ 0x617084189700] 8x8 transform intra:67.2% inter:76.2%
[libx264 @ 0x617084189700] coded y,uvDC,uvAC intra: 72.0% 94.6% 69.8% inter: 27.1% 42.2% 7.9%
[libx264 @ 0x617084189700] i16 v,h,dc,p: 11% 19%  6% 64%
[libx264 @ 0x617084189700] i8 v,h,dc,ddl,ddr,vr,hd,vl,hu: 18% 21% 11%  6%  9%  8%  9%  8%  9%
[libx264 @ 0x617084189700] i4 v,h,dc,ddl,ddr,vr,hd,vl,hu: 17% 18%  9%  5% 15% 10% 14%  6%  6%
[libx264 @ 0x617084189700] i8c dc,h,v,p: 43% 22% 18% 17%
[libx264 @ 0x617084189700] Weighted P-Frames: Y:41.8% UV:36.3%
[libx264 @ 0x617084189700] ref P L0: 54.6% 29.6% 13.6%  2.0%  0.2%
[libx264 @ 0x617084189700] ref B L0: 94.0%  5.3%  0.7%
[libx264 @ 0x617084189700] ref B L1: 99.1%  0.9%
[libx264 @ 0x617084189700] kb/s:1427.51
ffmpeg version 6.1.1-3ubuntu5 Copyright (c) 2000-2023 the FFmpeg developers
  built with gcc 13 (Ubuntu 13.2.0-23ubuntu3)
  configuration: --prefix=/usr --extra-version=3ubuntu5 --toolchain=hardened --libdir=/usr/lib/x86_64-linux-gnu --incdir=/usr/include/x86_64-linux-gnu --arch=amd64 --enable-gpl --disable-stripping --disable-omx --enable-gnutls --enable-libaom --enable-libass --enable-libbs2b --enable-libcaca --enable-libcdio --enable-libcodec2 --enable-libdav1d --enable-libflite --enable-libfontconfig --enable-libfreetype --enable-libfribidi --enable-libglslang --enable-libgme --enable-libgsm --enable-libharfbuzz --enable-libmp3lame --enable-libmysofa --enable-libopenjpeg --enable-libopenmpt --enable-libopus --enable-librubberband --enable-libshine --enable-libsnappy --enable-libsoxr --enable-libspeex --enable-libtheora --enable-libtwolame --enable-libvidstab --enable-libvorbis --enable-libvpx --enable-libwebp --enable-libx265 --enable-libxml2 --enable-libxvid --enable-libzimg --enable-openal --enable-opencl --enable-opengl --disable-sndio --enable-libvpl --disable-libmfx --enable-libdc1394 --enable-libdrm --enable-libiec61883 --enable-chromaprint --enable-frei0r --enable-ladspa --enable-libbluray --enable-libjack --enable-libpulse --enable-librabbitmq --enable-librist --enable-libsrt --enable-libssh --enable-libsvtav1 --enable-libx264 --enable-libzmq --enable-libzvbi --enable-lv2 --enable-sdl2 --enable-libplacebo --enable-librav1e --enable-pocketsphinx --enable-librsvg --enable-libjxl --enable-shared
  libavutil      58. 29.100 / 58. 29.100
  libavcodec     60. 31.102 / 60. 31.102
  libavformat    60. 16.100 / 60. 16.100
  libavdevice    60.  3.100 / 60.  3.100
  libavfilter     9. 12.100 /  9. 12.100
  libswscale      7.  5.100 /  7.  5.100
  libswresample   4. 12.100 /  4. 12.100
  libpostproc    57.  3.100 / 57.  3.100
Input #0, mov,mp4,m4a,3gp,3g2,mj2, from '/data/vaishak/combined-kv-quant/results/runs/backfill_qaq_int4_aa6e42af3d16_10s/videos/QAQ_INT4/prompt_0007_seed_7.mp4':
  Metadata:
    major_brand     : isom
    minor_version   : 512
    compatible_brands: isomiso2avc1mp41
    encoder         : Lavf61.1.100
  Duration: 00:00:10.31, start: 0.000000, bitrate: 1147 kb/s
  Stream #0:0[0x1](und): Video: h264 (High) (avc1 / 0x31637661), yuv420p(progressive), 832x480, 1145 kb/s, 16 fps, 16 tbr, 16384 tbn (default)
    Metadata:
      handler_name    : VideoHandler
      vendor_id       : [0][0][0][0]
Stream mapping:
  Stream #0:0 -> #0:0 (h264 (native) -> h264 (libx264))
Press [q] to stop, [?] for help
[libx264 @ 0x5c596e38e080] using cpu capabilities: MMX2 SSE2Fast SSSE3 SSE4.2 AVX FMA3 BMI2 AVX2
[libx264 @ 0x5c596e38e080] profile High, level 3.0, 4:2:0, 8-bit
[libx264 @ 0x5c596e38e080] 264 - core 164 r3108 31e19f9 - H.264/MPEG-4 AVC codec - Copyleft 2003-2023 - http://www.videolan.org/x264.html - options: cabac=1 ref=3 deblock=1:0:0 analyse=0x3:0x113 me=hex subme=7 psy=1 psy_rd=1.00:0.00 mixed_ref=1 me_range=16 chroma_me=1 trellis=1 8x8dct=1 cqm=0 deadzone=21,11 fast_pskip=1 chroma_qp_offset=-2 threads=15 lookahead_threads=2 sliced_threads=0 nr=0 decimate=1 interlaced=0 bluray_compat=0 constrained_intra=0 bframes=3 b_pyramid=2 b_adapt=1 b_bias=0 direct=1 weightb=1 open_gop=0 weightp=2 keyint=250 keyint_min=16 scenecut=40 intra_refresh=0 rc_lookahead=40 rc=crf mbtree=1 crf=23.0 qcomp=0.60 qpmin=0 qpmax=69 qpstep=4 ip_ratio=1.40 aq=1:1.00
Output #0, mp4, to '/data/vaishak/combined-kv-quant/results/combined/backfills/drift/moviegen/4eb702b8d0309ef7_QAQ_INT4/QAQ_INT4_frames_165/prompt_0007_seed_7.mp4':
  Metadata:
    major_brand     : isom
    minor_version   : 512
    compatible_brands: isomiso2avc1mp41
    encoder         : Lavf60.16.100
  Stream #0:0(und): Video: h264 (avc1 / 0x31637661), yuv420p(progressive), 832x480, q=2-31, 16 fps, 16384 tbn (default)
    Metadata:
      handler_name    : VideoHandler
      vendor_id       : [0][0][0][0]
      encoder         : Lavc60.31.102 libx264
    Side data:
      cpb: bitrate max/min/avg: 0/0/0 buffer size: 0 vbv_delay: N/A
frame=    0 fps=0.0 q=0.0 size=       0kB time=N/A bitrate=N/A speed=N/A    [out#0/mp4 @ 0x5c596e30ce80] video:1899kB audio:0kB subtitle:0kB other streams:0kB global headers:0kB muxing overhead: 0.132248%
frame=  165 fps=0.0 q=-1.0 Lsize=    1901kB time=00:00:10.12 bitrate=1538.1kbits/s speed=15.4x    
[libx264 @ 0x5c596e38e080] frame I:8     Avg QP:23.58  size: 55707
[libx264 @ 0x5c596e38e080] frame P:91    Avg QP:26.31  size: 13986
[libx264 @ 0x5c596e38e080] frame B:66    Avg QP:29.20  size:  3410
[libx264 @ 0x5c596e38e080] consecutive B-frames: 36.4% 27.9%  9.1% 26.7%
[libx264 @ 0x5c596e38e080] mb I  I16..4:  1.3% 70.4% 28.3%
[libx264 @ 0x5c596e38e080] mb P  I16..4:  0.5%  6.1%  1.5%  P16..4: 45.0% 20.9%  8.7%  0.0%  0.0%    skip:17.3%
[libx264 @ 0x5c596e38e080] mb B  I16..4:  0.4%  1.8%  0.0%  B16..8: 42.9%  7.1%  1.4%  direct: 3.7%  skip:42.5%  L0:43.2% L1:48.7% BI: 8.0%
[libx264 @ 0x5c596e38e080] 8x8 transform intra:73.2% inter:78.2%
[libx264 @ 0x5c596e38e080] coded y,uvDC,uvAC intra: 86.1% 95.7% 80.3% inter: 30.1% 43.5% 9.5%
[libx264 @ 0x5c596e38e080] i16 v,h,dc,p:  5% 47%  2% 46%
[libx264 @ 0x5c596e38e080] i8 v,h,dc,ddl,ddr,vr,hd,vl,hu: 13% 25%  8%  5%  9%  8% 11%  8% 12%
[libx264 @ 0x5c596e38e080] i4 v,h,dc,ddl,ddr,vr,hd,vl,hu: 16% 25%  8%  6%  9%  9% 12%  7%  9%
[libx264 @ 0x5c596e38e080] i8c dc,h,v,p: 40% 30% 14% 16%
[libx264 @ 0x5c596e38e080] Weighted P-Frames: Y:41.8% UV:40.7%
[libx264 @ 0x5c596e38e080] ref P L0: 55.9% 31.5% 10.4%  1.9%  0.3%
[libx264 @ 0x5c596e38e080] ref B L0: 93.3%  5.9%  0.8%
[libx264 @ 0x5c596e38e080] ref B L1: 98.8%  1.2%
[libx264 @ 0x5c596e38e080] kb/s:1507.59
ffmpeg version 6.1.1-3ubuntu5 Copyright (c) 2000-2023 the FFmpeg developers
  built with gcc 13 (Ubuntu 13.2.0-23ubuntu3)
  configuration: --prefix=/usr --extra-version=3ubuntu5 --toolchain=hardened --libdir=/usr/lib/x86_64-linux-gnu --incdir=/usr/include/x86_64-linux-gnu --arch=amd64 --enable-gpl --disable-stripping --disable-omx --enable-gnutls --enable-libaom --enable-libass --enable-libbs2b --enable-libcaca --enable-libcdio --enable-libcodec2 --enable-libdav1d --enable-libflite --enable-libfontconfig --enable-libfreetype --enable-libfribidi --enable-libglslang --enable-libgme --enable-libgsm --enable-libharfbuzz --enable-libmp3lame --enable-libmysofa --enable-libopenjpeg --enable-libopenmpt --enable-libopus --enable-librubberband --enable-libshine --enable-libsnappy --enable-libsoxr --enable-libspeex --enable-libtheora --enable-libtwolame --enable-libvidstab --enable-libvorbis --enable-libvpx --enable-libwebp --enable-libx265 --enable-libxml2 --enable-libxvid --enable-libzimg --enable-openal --enable-opencl --enable-opengl --disable-sndio --enable-libvpl --disable-libmfx --enable-libdc1394 --enable-libdrm --enable-libiec61883 --enable-chromaprint --enable-frei0r --enable-ladspa --enable-libbluray --enable-libjack --enable-libpulse --enable-librabbitmq --enable-librist --enable-libsrt --enable-libssh --enable-libsvtav1 --enable-libx264 --enable-libzmq --enable-libzvbi --enable-lv2 --enable-sdl2 --enable-libplacebo --enable-librav1e --enable-pocketsphinx --enable-librsvg --enable-libjxl --enable-shared
  libavutil      58. 29.100 / 58. 29.100
  libavcodec     60. 31.102 / 60. 31.102
  libavformat    60. 16.100 / 60. 16.100
  libavdevice    60.  3.100 / 60.  3.100
  libavfilter     9. 12.100 /  9. 12.100
  libswscale      7.  5.100 /  7.  5.100
  libswresample   4. 12.100 /  4. 12.100
  libpostproc    57.  3.100 / 57.  3.100
Input #0, mov,mp4,m4a,3gp,3g2,mj2, from '/data/vaishak/combined-kv-quant/results/runs/backfill_qaq_int4_aa6e42af3d16_10s/videos/QAQ_INT4/prompt_0008_seed_8.mp4':
  Metadata:
    major_brand     : isom
    minor_version   : 512
    compatible_brands: isomiso2avc1mp41
    encoder         : Lavf61.1.100
  Duration: 00:00:10.31, start: 0.000000, bitrate: 1223 kb/s
  Stream #0:0[0x1](und): Video: h264 (High) (avc1 / 0x31637661), yuv420p(progressive), 832x480, 1221 kb/s, 16 fps, 16 tbr, 16384 tbn (default)
    Metadata:
      handler_name    : VideoHandler
      vendor_id       : [0][0][0][0]
Stream mapping:
  Stream #0:0 -> #0:0 (h264 (native) -> h264 (libx264))
Press [q] to stop, [?] for help
[libx264 @ 0x62ab2b8ddd80] using cpu capabilities: MMX2 SSE2Fast SSSE3 SSE4.2 AVX FMA3 BMI2 AVX2
[libx264 @ 0x62ab2b8ddd80] profile High, level 3.0, 4:2:0, 8-bit
[libx264 @ 0x62ab2b8ddd80] 264 - core 164 r3108 31e19f9 - H.264/MPEG-4 AVC codec - Copyleft 2003-2023 - http://www.videolan.org/x264.html - options: cabac=1 ref=3 deblock=1:0:0 analyse=0x3:0x113 me=hex subme=7 psy=1 psy_rd=1.00:0.00 mixed_ref=1 me_range=16 chroma_me=1 trellis=1 8x8dct=1 cqm=0 deadzone=21,11 fast_pskip=1 chroma_qp_offset=-2 threads=15 lookahead_threads=2 sliced_threads=0 nr=0 decimate=1 interlaced=0 bluray_compat=0 constrained_intra=0 bframes=3 b_pyramid=2 b_adapt=1 b_bias=0 direct=1 weightb=1 open_gop=0 weightp=2 keyint=250 keyint_min=16 scenecut=40 intra_refresh=0 rc_lookahead=40 rc=crf mbtree=1 crf=23.0 qcomp=0.60 qpmin=0 qpmax=69 qpstep=4 ip_ratio=1.40 aq=1:1.00
Output #0, mp4, to '/data/vaishak/combined-kv-quant/results/combined/backfills/drift/moviegen/4eb702b8d0309ef7_QAQ_INT4/QAQ_INT4_frames_165/prompt_0008_seed_8.mp4':
  Metadata:
    major_brand     : isom
    minor_version   : 512
    compatible_brands: isomiso2avc1mp41
    encoder         : Lavf60.16.100
  Stream #0:0(und): Video: h264 (avc1 / 0x31637661), yuv420p(progressive), 832x480, q=2-31, 16 fps, 16384 tbn (default)
    Metadata:
      handler_name    : VideoHandler
      vendor_id       : [0][0][0][0]
      encoder         : Lavc60.31.102 libx264
    Side data:
      cpb: bitrate max/min/avg: 0/0/0 buffer size: 0 vbv_delay: N/A
frame=    0 fps=0.0 q=0.0 size=       0kB time=N/A bitrate=N/A speed=N/A    [out#0/mp4 @ 0x62ab2b857dc0] video:1789kB audio:0kB subtitle:0kB other streams:0kB global headers:0kB muxing overhead: 0.129438%
frame=  165 fps=0.0 q=-1.0 Lsize=    1791kB time=00:00:10.12 bitrate=1449.2kbits/s speed=15.9x    
[libx264 @ 0x62ab2b8ddd80] frame I:10    Avg QP:22.86  size: 52948
[libx264 @ 0x62ab2b8ddd80] frame P:112   Avg QP:25.51  size: 11067
[libx264 @ 0x62ab2b8ddd80] frame B:43    Avg QP:28.46  size:  1443
[libx264 @ 0x62ab2b8ddd80] consecutive B-frames: 53.3% 35.2%  1.8%  9.7%
[libx264 @ 0x62ab2b8ddd80] mb I  I16..4:  1.3% 67.9% 30.8%
[libx264 @ 0x62ab2b8ddd80] mb P  I16..4:  0.4%  3.1%  0.9%  P16..4: 44.0% 19.1%  7.8%  0.0%  0.0%    skip:24.7%
[libx264 @ 0x62ab2b8ddd80] mb B  I16..4:  0.0%  0.0%  0.0%  B16..8: 35.4%  2.7%  0.4%  direct: 1.5%  skip:60.0%  L0:49.2% L1:46.2% BI: 4.7%
[libx264 @ 0x62ab2b8ddd80] 8x8 transform intra:68.7% inter:71.9%
[libx264 @ 0x62ab2b8ddd80] coded y,uvDC,uvAC intra: 87.5% 97.5% 87.2% inter: 29.2% 41.3% 6.5%
[libx264 @ 0x62ab2b8ddd80] i16 v,h,dc,p: 10% 34% 10% 46%
[libx264 @ 0x62ab2b8ddd80] i8 v,h,dc,ddl,ddr,vr,hd,vl,hu: 13% 21%  9%  6% 10%  9% 12%  8% 12%
[libx264 @ 0x62ab2b8ddd80] i4 v,h,dc,ddl,ddr,vr,hd,vl,hu: 16% 21%  9%  7% 11%  9% 11%  7%  8%
[libx264 @ 0x62ab2b8ddd80] i8c dc,h,v,p: 43% 23% 15% 19%
[libx264 @ 0x62ab2b8ddd80] Weighted P-Frames: Y:29.5% UV:21.4%
[libx264 @ 0x62ab2b8ddd80] ref P L0: 58.5% 31.6%  8.6%  1.1%  0.1%
[libx264 @ 0x62ab2b8ddd80] ref B L0: 94.5%  5.3%  0.2%
[libx264 @ 0x62ab2b8ddd80] ref B L1: 99.6%  0.4%
[libx264 @ 0x62ab2b8ddd80] kb/s:1420.47
ffmpeg version 6.1.1-3ubuntu5 Copyright (c) 2000-2023 the FFmpeg developers
  built with gcc 13 (Ubuntu 13.2.0-23ubuntu3)
  configuration: --prefix=/usr --extra-version=3ubuntu5 --toolchain=hardened --libdir=/usr/lib/x86_64-linux-gnu --incdir=/usr/include/x86_64-linux-gnu --arch=amd64 --enable-gpl --disable-stripping --disable-omx --enable-gnutls --enable-libaom --enable-libass --enable-libbs2b --enable-libcaca --enable-libcdio --enable-libcodec2 --enable-libdav1d --enable-libflite --enable-libfontconfig --enable-libfreetype --enable-libfribidi --enable-libglslang --enable-libgme --enable-libgsm --enable-libharfbuzz --enable-libmp3lame --enable-libmysofa --enable-libopenjpeg --enable-libopenmpt --enable-libopus --enable-librubberband --enable-libshine --enable-libsnappy --enable-libsoxr --enable-libspeex --enable-libtheora --enable-libtwolame --enable-libvidstab --enable-libvorbis --enable-libvpx --enable-libwebp --enable-libx265 --enable-libxml2 --enable-libxvid --enable-libzimg --enable-openal --enable-opencl --enable-opengl --disable-sndio --enable-libvpl --disable-libmfx --enable-libdc1394 --enable-libdrm --enable-libiec61883 --enable-chromaprint --enable-frei0r --enable-ladspa --enable-libbluray --enable-libjack --enable-libpulse --enable-librabbitmq --enable-librist --enable-libsrt --enable-libssh --enable-libsvtav1 --enable-libx264 --enable-libzmq --enable-libzvbi --enable-lv2 --enable-sdl2 --enable-libplacebo --enable-librav1e --enable-pocketsphinx --enable-librsvg --enable-libjxl --enable-shared
  libavutil      58. 29.100 / 58. 29.100
  libavcodec     60. 31.102 / 60. 31.102
  libavformat    60. 16.100 / 60. 16.100
  libavdevice    60.  3.100 / 60.  3.100
  libavfilter     9. 12.100 /  9. 12.100
  libswscale      7.  5.100 /  7.  5.100
  libswresample   4. 12.100 /  4. 12.100
  libpostproc    57.  3.100 / 57.  3.100
Input #0, mov,mp4,m4a,3gp,3g2,mj2, from '/data/vaishak/combined-kv-quant/results/runs/backfill_qaq_int4_aa6e42af3d16_10s/videos/QAQ_INT4/prompt_0009_seed_9.mp4':
  Metadata:
    major_brand     : isom
    minor_version   : 512
    compatible_brands: isomiso2avc1mp41
    encoder         : Lavf61.1.100
  Duration: 00:00:10.31, start: 0.000000, bitrate: 1121 kb/s
  Stream #0:0[0x1](und): Video: h264 (High) (avc1 / 0x31637661), yuv420p(progressive), 832x480, 1119 kb/s, 16 fps, 16 tbr, 16384 tbn (default)
    Metadata:
      handler_name    : VideoHandler
      vendor_id       : [0][0][0][0]
Stream mapping:
  Stream #0:0 -> #0:0 (h264 (native) -> h264 (libx264))
Press [q] to stop, [?] for help
[libx264 @ 0x58582aa5f740] using cpu capabilities: MMX2 SSE2Fast SSSE3 SSE4.2 AVX FMA3 BMI2 AVX2
[libx264 @ 0x58582aa5f740] profile High, level 3.0, 4:2:0, 8-bit
[libx264 @ 0x58582aa5f740] 264 - core 164 r3108 31e19f9 - H.264/MPEG-4 AVC codec - Copyleft 2003-2023 - http://www.videolan.org/x264.html - options: cabac=1 ref=3 deblock=1:0:0 analyse=0x3:0x113 me=hex subme=7 psy=1 psy_rd=1.00:0.00 mixed_ref=1 me_range=16 chroma_me=1 trellis=1 8x8dct=1 cqm=0 deadzone=21,11 fast_pskip=1 chroma_qp_offset=-2 threads=15 lookahead_threads=2 sliced_threads=0 nr=0 decimate=1 interlaced=0 bluray_compat=0 constrained_intra=0 bframes=3 b_pyramid=2 b_adapt=1 b_bias=0 direct=1 weightb=1 open_gop=0 weightp=2 keyint=250 keyint_min=16 scenecut=40 intra_refresh=0 rc_lookahead=40 rc=crf mbtree=1 crf=23.0 qcomp=0.60 qpmin=0 qpmax=69 qpstep=4 ip_ratio=1.40 aq=1:1.00
Output #0, mp4, to '/data/vaishak/combined-kv-quant/results/combined/backfills/drift/moviegen/4eb702b8d0309ef7_QAQ_INT4/QAQ_INT4_frames_165/prompt_0009_seed_9.mp4':
  Metadata:
    major_brand     : isom
    minor_version   : 512
    compatible_brands: isomiso2avc1mp41
    encoder         : Lavf60.16.100
  Stream #0:0(und): Video: h264 (avc1 / 0x31637661), yuv420p(progressive), 832x480, q=2-31, 16 fps, 16384 tbn (default)
    Metadata:
      handler_name    : VideoHandler
      vendor_id       : [0][0][0][0]
      encoder         : Lavc60.31.102 libx264
    Side data:
      cpb: bitrate max/min/avg: 0/0/0 buffer size: 0 vbv_delay: N/A
frame=    0 fps=0.0 q=0.0 size=       0kB time=N/A bitrate=N/A speed=N/A    [out#0/mp4 @ 0x58582a9d4dc0] video:1904kB audio:0kB subtitle:0kB other streams:0kB global headers:0kB muxing overhead: 0.126745%
frame=  165 fps=0.0 q=-1.0 Lsize=    1906kB time=00:00:10.12 bitrate=1542.4kbits/s speed=  16x    
[libx264 @ 0x58582aa5f740] frame I:11    Avg QP:23.38  size: 55962
[libx264 @ 0x58582aa5f740] frame P:106   Avg QP:26.15  size: 11666
[libx264 @ 0x58582aa5f740] frame B:48    Avg QP:29.40  size:  2015
[libx264 @ 0x58582aa5f740] consecutive B-frames: 48.5% 36.4%  5.5%  9.7%
[libx264 @ 0x58582aa5f740] mb I  I16..4:  0.7% 60.9% 38.4%
[libx264 @ 0x58582aa5f740] mb P  I16..4:  0.4%  3.0%  0.9%  P16..4: 44.0% 19.2%  8.5%  0.0%  0.0%    skip:24.0%
[libx264 @ 0x58582aa5f740] mb B  I16..4:  0.0%  0.1%  0.0%  B16..8: 40.8%  3.7%  0.9%  direct: 1.8%  skip:52.7%  L0:46.4% L1:48.6% BI: 5.0%
[libx264 @ 0x58582aa5f740] 8x8 transform intra:63.5% inter:73.7%
[libx264 @ 0x58582aa5f740] coded y,uvDC,uvAC intra: 87.9% 95.1% 83.5% inter: 28.5% 37.9% 8.0%
[libx264 @ 0x58582aa5f740] i16 v,h,dc,p: 12% 43% 15% 31%
[libx264 @ 0x58582aa5f740] i8 v,h,dc,ddl,ddr,vr,hd,vl,hu: 17% 23% 11%  5%  7%  8% 10%  7% 11%
[libx264 @ 0x58582aa5f740] i4 v,h,dc,ddl,ddr,vr,hd,vl,hu: 22% 28% 10%  5%  7%  7%  9%  6%  7%
[libx264 @ 0x58582aa5f740] i8c dc,h,v,p: 44% 25% 17% 13%
[libx264 @ 0x58582aa5f740] Weighted P-Frames: Y:41.5% UV:36.8%
[libx264 @ 0x58582aa5f740] ref P L0: 55.9% 31.2% 11.0%  1.5%  0.4%
[libx264 @ 0x58582aa5f740] ref B L0: 93.7%  5.5%  0.7%
[libx264 @ 0x58582aa5f740] ref B L1: 98.9%  1.1%
[libx264 @ 0x58582aa5f740] kb/s:1511.87
[rank0]:[W310 23:04:28.332402759 ProcessGroupNCCL.cpp:4115] [PG ID 0 PG GUID 0 Rank 0]  using GPU 0 to perform barrier as devices used by this process are currently unknown. This can potentially cause a hang if this rank to GPU mapping is incorrect.Specify device_ids in barrier() to force use of a particular device,or call init_process_group() with a device_id.
/home/suraj/miniforge3/envs/qvg_sf_eval/lib/python3.10/site-packages/clip/clip.py:6: UserWarning: pkg_resources is deprecated as an API. See https://setuptools.pypa.io/en/latest/pkg_resources.html. The pkg_resources package is slated for removal as early as 2025-11-30. Refrain from using this package or pin to Setuptools<81.
  from pkg_resources import packaging
/home/suraj/miniforge3/envs/qvg_sf_eval/lib/python3.10/site-packages/timm/models/layers/__init__.py:48: FutureWarning: Importing from timm.models.layers is deprecated, please import via timm.layers
  warnings.warn(f"Importing from {__name__} is deprecated, please import via timm.layers", FutureWarning)
/home/suraj/miniforge3/envs/qvg_sf_eval/lib/python3.10/site-packages/pyiqa/archs/arch_util.py:118: FutureWarning: You are using `torch.load` with `weights_only=False` (the current default value), which uses the default pickle module implicitly. It is possible to construct malicious pickle data which will execute arbitrary code during unpickling (See https://github.com/pytorch/pytorch/blob/main/SECURITY.md#untrusted-models for more details). In a future release, the default value for `weights_only` will be flipped to `True`. This limits the functions that could be executed during unpickling. Arbitrary objects will no longer be allowed to be loaded via this mode unless they are explicitly allowlisted by the user via `torch.serialization.add_safe_globals`. We recommend you start setting `weights_only=True` for any use case where you don't have full control of the loaded file. Please open an issue on GitHub for any issues related to this experimental feature.
  state_dict = torch.load(model_path, map_location=torch.device("cpu"))
args: Namespace(output_path='/data/vaishak/combined-kv-quant/results/combined/backfills/drift/moviegen/4eb702b8d0309ef7_QAQ_INT4/vbench_QAQ_INT4_165', full_json_dir='/data/vaishak/combined-kv-quant/third_party/VBench/vbench/VBench_full_info.json', videos_path='/data/vaishak/combined-kv-quant/results/combined/backfills/drift/moviegen/4eb702b8d0309ef7_QAQ_INT4/QAQ_INT4_frames_165', dimension=['imaging_quality'], load_ckpt_from_local=None, read_frame=None, mode='custom_input', prompt='None', prompt_file='/data/vaishak/combined-kv-quant/results/combined/backfills/drift/moviegen/4eb702b8d0309ef7_QAQ_INT4/prompt_map_165.json', category=None, imaging_quality_preprocessing_mode='longer')
start evaluation
Evaluation meta data saved to /data/vaishak/combined-kv-quant/results/combined/backfills/drift/moviegen/4eb702b8d0309ef7_QAQ_INT4/vbench_QAQ_INT4_165/results_2026-03-10-23:04:27_full_info.json
cur_full_info_path: /data/vaishak/combined-kv-quant/results/combined/backfills/drift/moviegen/4eb702b8d0309ef7_QAQ_INT4/vbench_QAQ_INT4_165/results_2026-03-10-23:04:27_full_info.json
Loading pretrained model MUSIQ from /home/vaishak/.cache/vbench/pyiqa_model/musiq_spaq_ckpt-358bb6af.pth
  0%|          | 0/10 [00:00<?, ?it/s] 10%|█         | 1/10 [00:04<00:42,  4.73s/it] 20%|██        | 2/10 [00:09<00:36,  4.58s/it] 30%|███       | 3/10 [00:13<00:32,  4.63s/it] 40%|████      | 4/10 [00:18<00:27,  4.56s/it] 50%|█████     | 5/10 [00:22<00:21,  4.24s/it] 60%|██████    | 6/10 [00:25<00:15,  3.96s/it] 70%|███████   | 7/10 [00:28<00:11,  3.74s/it] 80%|████████  | 8/10 [00:32<00:07,  3.62s/it] 90%|█████████ | 9/10 [00:35<00:03,  3.57s/it]100%|██████████| 10/10 [00:38<00:00,  3.51s/it]100%|██████████| 10/10 [00:38<00:00,  3.89s/it]
Evaluation results saved to /data/vaishak/combined-kv-quant/results/combined/backfills/drift/moviegen/4eb702b8d0309ef7_QAQ_INT4/vbench_QAQ_INT4_165/results_2026-03-10-23:04:27_eval_results.json
done
[rank0]:[W310 23:05:09.762091032 ProcessGroupNCCL.cpp:1250] Warning: WARNING: process group has NOT been destroyed before we destruct ProcessGroupNCCL. On normal program exit, the application should call destroy_process_group to ensure that any pending NCCL operations have finished in this process. In rare cases this process can exit before this point and block the progress of another member of the process group. This constraint has always been present,  but this warning has only been added since PyTorch 2.4 (function operator())
{
  "method": "QAQ_INT4",
  "frame_step": 165,
  "max_frames": 165,
  "curve": [
    {
      "frame_cap": 165,
      "imaging_quality": [
        0.5862628528016987,
        [
          {
            "video_path": "/data/vaishak/combined-kv-quant/results/combined/backfills/drift/moviegen/4eb702b8d0309ef7_QAQ_INT4/QAQ_INT4_frames_165/prompt_0007_seed_7.mp4",
            "video_results": 56.90132880933357
          },
          {
            "video_path": "/data/vaishak/combined-kv-quant/results/combined/backfills/drift/moviegen/4eb702b8d0309ef7_QAQ_INT4/QAQ_INT4_frames_165/prompt_0006_seed_6.mp4",
            "video_results": 61.49409891764323
          },
          {
            "video_path": "/data/vaishak/combined-kv-quant/results/combined/backfills/drift/moviegen/4eb702b8d0309ef7_QAQ_INT4/QAQ_INT4_frames_165/prompt_0004_seed_4.mp4",
            "video_results": 59.47294161247485
          },
          {
            "video_path": "/data/vaishak/combined-kv-quant/results/combined/backfills/drift/moviegen/4eb702b8d0309ef7_QAQ_INT4/QAQ_INT4_frames_165/prompt_0003_seed_3.mp4",
            "video_results": 60.50420550722065
          },
          {
            "video_path": "/data/vaishak/combined-kv-quant/results/combined/backfills/drift/moviegen/4eb702b8d0309ef7_QAQ_INT4/QAQ_INT4_frames_165/prompt_0005_seed_5.mp4",
            "video_results": 64.24664133245295
          },
          {
            "video_path": "/data/vaishak/combined-kv-quant/results/combined/backfills/drift/moviegen/4eb702b8d0309ef7_QAQ_INT4/QAQ_INT4_frames_165/prompt_0002_seed_2.mp4",
            "video_results": 60.13242173628374
          },
          {
            "video_path": "/data/vaishak/combined-kv-quant/results/combined/backfills/drift/moviegen/4eb702b8d0309ef7_QAQ_INT4/QAQ_INT4_frames_165/prompt_0001_seed_1.mp4",
            "video_results": 52.50562112981623
          },
          {
            "video_path": "/data/vaishak/combined-kv-quant/results/combined/backfills/drift/moviegen/4eb702b8d0309ef7_QAQ_INT4/QAQ_INT4_frames_165/prompt_0009_seed_9.mp4",
            "video_results": 52.82918160178445
          },
          {
            "video_path": "/data/vaishak/combined-kv-quant/results/combined/backfills/drift/moviegen/4eb702b8d0309ef7_QAQ_INT4/QAQ_INT4_frames_165/prompt_0008_seed_8.mp4",
            "video_results": 69.37049750125769
          },
          {
            "video_path": "/data/vaishak/combined-kv-quant/results/combined/backfills/drift/moviegen/4eb702b8d0309ef7_QAQ_INT4/QAQ_INT4_frames_165/prompt_0000_seed_0.mp4",
            "video_results": 48.80591465343129
          }
        ]
      ]
    }
  ]
}
$ /home/suraj/miniforge3/envs/qvg_sf_eval/bin/python /data/vaishak/combined-kv-quant/scripts/04_eval_drift_curve.py --method QUAROT_KV_INT2 --videos-dir /data/suraj/kv-quant-longhorizon/results/runs/1773110004_presentation_moviegen_fullmatrix/videos/QUAROT_KV_INT2 --prompt-file /data/vaishak/combined-kv-quant/prompts/MovieGenVideoBench_extended.txt --frame-step 165 --max-frames 165 --work-dir /data/vaishak/combined-kv-quant/results/combined/backfills/drift/moviegen/c69c6dd7711c8ceb_QUAROT_KV_INT2 --output /data/vaishak/combined-kv-quant/results/combined/backfills/drift/moviegen/c69c6dd7711c8ceb_QUAROT_KV_INT2.json
$ /home/suraj/miniforge3/envs/qvg_sf_eval/bin/python /data/vaishak/combined-kv-quant/scripts/04_eval_drift_curve.py --method QUAROT_KV_INT4 --videos-dir /data/suraj/kv-quant-longhorizon/results/runs/1773110004_presentation_moviegen_fullmatrix/videos/QUAROT_KV_INT4 --prompt-file /data/vaishak/combined-kv-quant/prompts/MovieGenVideoBench_extended.txt --frame-step 165 --max-frames 165 --work-dir /data/vaishak/combined-kv-quant/results/combined/backfills/drift/moviegen/cc9d575050e2ca05_QUAROT_KV_INT4 --output /data/vaishak/combined-kv-quant/results/combined/backfills/drift/moviegen/cc9d575050e2ca05_QUAROT_KV_INT4.json
$ /home/suraj/miniforge3/envs/qvg_sf_eval/bin/python /data/vaishak/combined-kv-quant/scripts/04_eval_drift_curve.py --method QUAROT_KV_INT4_REFRESH --videos-dir /data/suraj/kv-quant-longhorizon/results/runs/1773110004_presentation_moviegen_fullmatrix/videos/QUAROT_KV_INT4_REFRESH --prompt-file /data/vaishak/combined-kv-quant/prompts/MovieGenVideoBench_extended.txt --frame-step 165 --max-frames 165 --work-dir /data/vaishak/combined-kv-quant/results/combined/backfills/drift/moviegen/1004b806a2a39d46_QUAROT_KV_INT4_REFRESH --output /data/vaishak/combined-kv-quant/results/combined/backfills/drift/moviegen/1004b806a2a39d46_QUAROT_KV_INT4_REFRESH.json
$ /home/suraj/miniforge3/envs/qvg_sf_eval/bin/python /data/vaishak/combined-kv-quant/scripts/04_eval_drift_curve.py --method RTN_INT2 --videos-dir /data/suraj/kv-quant-longhorizon/results/runs/1773110004_presentation_moviegen_fullmatrix/videos/RTN_INT2 --prompt-file /data/vaishak/combined-kv-quant/prompts/MovieGenVideoBench_extended.txt --frame-step 165 --max-frames 165 --work-dir /data/vaishak/combined-kv-quant/results/combined/backfills/drift/moviegen/a5845b3e8ce92b43_RTN_INT2 --output /data/vaishak/combined-kv-quant/results/combined/backfills/drift/moviegen/a5845b3e8ce92b43_RTN_INT2.json
$ /home/suraj/miniforge3/envs/qvg_sf_eval/bin/python /data/vaishak/combined-kv-quant/scripts/04_eval_drift_curve.py --method PRQ_INT4 --videos-dir /data/vaishak/combined-kv-quant/results/runs/backfill_prq_int4_23a612bd2862_10s/videos/PRQ_INT4 --prompt-file /data/vaishak/combined-kv-quant/prompts/MovieGenVideoBench_extended.txt --frame-step 165 --max-frames 165 --work-dir /data/vaishak/combined-kv-quant/results/combined/backfills/drift/moviegen/50ee67a1d4abb902_PRQ_INT4 --output /data/vaishak/combined-kv-quant/results/combined/backfills/drift/moviegen/50ee67a1d4abb902_PRQ_INT4.json
$ /home/suraj/miniforge3/envs/qvg_sf_eval/bin/python /data/vaishak/combined-kv-quant/scripts/04_eval_drift_curve.py --method QAQ_INT2 --videos-dir /data/vaishak/combined-kv-quant/results/runs/backfill_qaq_int2_dcc080e7d18f_10s/videos/QAQ_INT2 --prompt-file /data/vaishak/combined-kv-quant/prompts/MovieGenVideoBench_extended.txt --frame-step 165 --max-frames 165 --work-dir /data/vaishak/combined-kv-quant/results/combined/backfills/drift/moviegen/f9613337b9bbed86_QAQ_INT2 --output /data/vaishak/combined-kv-quant/results/combined/backfills/drift/moviegen/f9613337b9bbed86_QAQ_INT2.json
$ /home/suraj/miniforge3/envs/qvg_sf_eval/bin/python /data/vaishak/combined-kv-quant/scripts/04_eval_drift_curve.py --method QAQ_INT4 --videos-dir /data/vaishak/combined-kv-quant/results/runs/backfill_qaq_int4_aa6e42af3d16_10s/videos/QAQ_INT4 --prompt-file /data/vaishak/combined-kv-quant/prompts/MovieGenVideoBench_extended.txt --frame-step 165 --max-frames 165 --work-dir /data/vaishak/combined-kv-quant/results/combined/backfills/drift/moviegen/4eb702b8d0309ef7_QAQ_INT4 --output /data/vaishak/combined-kv-quant/results/combined/backfills/drift/moviegen/4eb702b8d0309ef7_QAQ_INT4.json
[drift-backfill] summary results/combined/backfills/drift_gpu4_summary.json
