ffmpeg version 6.1.1-3ubuntu5 Copyright (c) 2000-2023 the FFmpeg developers
  built with gcc 13 (Ubuntu 13.2.0-23ubuntu3)
  configuration: --prefix=/usr --extra-version=3ubuntu5 --toolchain=hardened --libdir=/usr/lib/x86_64-linux-gnu --incdir=/usr/include/x86_64-linux-gnu --arch=amd64 --enable-gpl --disable-stripping --disable-omx --enable-gnutls --enable-libaom --enable-libass --enable-libbs2b --enable-libcaca --enable-libcdio --enable-libcodec2 --enable-libdav1d --enable-libflite --enable-libfontconfig --enable-libfreetype --enable-libfribidi --enable-libglslang --enable-libgme --enable-libgsm --enable-libharfbuzz --enable-libmp3lame --enable-libmysofa --enable-libopenjpeg --enable-libopenmpt --enable-libopus --enable-librubberband --enable-libshine --enable-libsnappy --enable-libsoxr --enable-libspeex --enable-libtheora --enable-libtwolame --enable-libvidstab --enable-libvorbis --enable-libvpx --enable-libwebp --enable-libx265 --enable-libxml2 --enable-libxvid --enable-libzimg --enable-openal --enable-opencl --enable-opengl --disable-sndio --enable-libvpl --disable-libmfx --enable-libdc1394 --enable-libdrm --enable-libiec61883 --enable-chromaprint --enable-frei0r --enable-ladspa --enable-libbluray --enable-libjack --enable-libpulse --enable-librabbitmq --enable-librist --enable-libsrt --enable-libssh --enable-libsvtav1 --enable-libx264 --enable-libzmq --enable-libzvbi --enable-lv2 --enable-sdl2 --enable-libplacebo --enable-librav1e --enable-pocketsphinx --enable-librsvg --enable-libjxl --enable-shared
  libavutil      58. 29.100 / 58. 29.100
  libavcodec     60. 31.102 / 60. 31.102
  libavformat    60. 16.100 / 60. 16.100
  libavdevice    60.  3.100 / 60.  3.100
  libavfilter     9. 12.100 /  9. 12.100
  libswscale      7.  5.100 /  7.  5.100
  libswresample   4. 12.100 /  4. 12.100
  libpostproc    57.  3.100 / 57.  3.100
Input #0, mov,mp4,m4a,3gp,3g2,mj2, from '/data/vaishak/combined-kv-quant/results/runs/backfill_age_tier_int2_9bbee19b8cfd_10s/videos/AGE_TIER_INT2/prompt_0000_seed_0.mp4':
  Metadata:
    major_brand     : isom
    minor_version   : 512
    compatible_brands: isomiso2avc1mp41
    encoder         : Lavf61.1.100
  Duration: 00:00:10.31, start: 0.000000, bitrate: 1144 kb/s
  Stream #0:0[0x1](und): Video: h264 (High) (avc1 / 0x31637661), yuv420p(progressive), 832x480, 1142 kb/s, 16 fps, 16 tbr, 16384 tbn (default)
    Metadata:
      handler_name    : VideoHandler
      vendor_id       : [0][0][0][0]
Stream mapping:
  Stream #0:0 -> #0:0 (h264 (native) -> h264 (libx264))
Press [q] to stop, [?] for help
[libx264 @ 0x612375b2e080] using cpu capabilities: MMX2 SSE2Fast SSSE3 SSE4.2 AVX FMA3 BMI2 AVX2
[libx264 @ 0x612375b2e080] profile High, level 3.0, 4:2:0, 8-bit
[libx264 @ 0x612375b2e080] 264 - core 164 r3108 31e19f9 - H.264/MPEG-4 AVC codec - Copyleft 2003-2023 - http://www.videolan.org/x264.html - options: cabac=1 ref=3 deblock=1:0:0 analyse=0x3:0x113 me=hex subme=7 psy=1 psy_rd=1.00:0.00 mixed_ref=1 me_range=16 chroma_me=1 trellis=1 8x8dct=1 cqm=0 deadzone=21,11 fast_pskip=1 chroma_qp_offset=-2 threads=15 lookahead_threads=2 sliced_threads=0 nr=0 decimate=1 interlaced=0 bluray_compat=0 constrained_intra=0 bframes=3 b_pyramid=2 b_adapt=1 b_bias=0 direct=1 weightb=1 open_gop=0 weightp=2 keyint=250 keyint_min=16 scenecut=40 intra_refresh=0 rc_lookahead=40 rc=crf mbtree=1 crf=23.0 qcomp=0.60 qpmin=0 qpmax=69 qpstep=4 ip_ratio=1.40 aq=1:1.00
Output #0, mp4, to '/data/vaishak/combined-kv-quant/results/combined/backfills/drift/moviegen/e2bffc685f645814_AGE_TIER_INT2/AGE_TIER_INT2_frames_165/prompt_0000_seed_0.mp4':
  Metadata:
    major_brand     : isom
    minor_version   : 512
    compatible_brands: isomiso2avc1mp41
    encoder         : Lavf60.16.100
  Stream #0:0(und): Video: h264 (avc1 / 0x31637661), yuv420p(progressive), 832x480, q=2-31, 16 fps, 16384 tbn (default)
    Metadata:
      handler_name    : VideoHandler
      vendor_id       : [0][0][0][0]
      encoder         : Lavc60.31.102 libx264
    Side data:
      cpb: bitrate max/min/avg: 0/0/0 buffer size: 0 vbv_delay: N/A
frame=    0 fps=0.0 q=0.0 size=       0kB time=N/A bitrate=N/A speed=N/A    frame=   75 fps=0.0 q=27.0 size=    1024kB time=00:00:04.56 bitrate=1838.7kbits/s speed=8.75x    [out#0/mp4 @ 0x612375aa2000] video:2653kB audio:0kB subtitle:0kB other streams:0kB global headers:0kB muxing overhead: 0.105245%
frame=  165 fps=0.0 q=-1.0 Lsize=    2656kB time=00:00:10.12 bitrate=2148.6kbits/s speed=11.4x    
[libx264 @ 0x612375b2e080] frame I:4     Avg QP:22.95  size: 47875
[libx264 @ 0x612375b2e080] frame P:43    Avg QP:25.70  size: 27550
[libx264 @ 0x612375b2e080] frame B:118   Avg QP:27.67  size: 11353
[libx264 @ 0x612375b2e080] consecutive B-frames:  3.0%  3.6%  3.6% 89.7%
[libx264 @ 0x612375b2e080] mb I  I16..4:  1.4% 75.1% 23.5%
[libx264 @ 0x612375b2e080] mb P  I16..4:  0.9% 26.0%  4.3%  P16..4: 34.1% 23.2%  9.6%  0.0%  0.0%    skip: 2.0%
[libx264 @ 0x612375b2e080] mb B  I16..4:  0.1%  3.4%  0.9%  B16..8: 47.3% 15.9%  5.0%  direct: 7.2%  skip:20.2%  L0:51.9% L1:35.3% BI:12.8%
[libx264 @ 0x612375b2e080] 8x8 transform intra:80.6% inter:75.7%
[libx264 @ 0x612375b2e080] coded y,uvDC,uvAC intra: 91.2% 92.7% 61.3% inter: 43.0% 40.7% 5.4%
[libx264 @ 0x612375b2e080] i16 v,h,dc,p: 21% 20%  7% 52%
[libx264 @ 0x612375b2e080] i8 v,h,dc,ddl,ddr,vr,hd,vl,hu: 16% 16% 13%  7%  9%  9% 10%  9% 12%
[libx264 @ 0x612375b2e080] i4 v,h,dc,ddl,ddr,vr,hd,vl,hu: 18% 17% 12%  7%  9%  9% 10%  8%  9%
[libx264 @ 0x612375b2e080] i8c dc,h,v,p: 37% 20% 23% 20%
[libx264 @ 0x612375b2e080] Weighted P-Frames: Y:48.8% UV:39.5%
[libx264 @ 0x612375b2e080] ref P L0: 46.4% 19.0% 17.4% 12.3%  4.9%
[libx264 @ 0x612375b2e080] ref B L0: 87.6%  9.5%  2.9%
[libx264 @ 0x612375b2e080] ref B L1: 98.1%  1.9%
[libx264 @ 0x612375b2e080] kb/s:2106.82
ffmpeg version 6.1.1-3ubuntu5 Copyright (c) 2000-2023 the FFmpeg developers
  built with gcc 13 (Ubuntu 13.2.0-23ubuntu3)
  configuration: --prefix=/usr --extra-version=3ubuntu5 --toolchain=hardened --libdir=/usr/lib/x86_64-linux-gnu --incdir=/usr/include/x86_64-linux-gnu --arch=amd64 --enable-gpl --disable-stripping --disable-omx --enable-gnutls --enable-libaom --enable-libass --enable-libbs2b --enable-libcaca --enable-libcdio --enable-libcodec2 --enable-libdav1d --enable-libflite --enable-libfontconfig --enable-libfreetype --enable-libfribidi --enable-libglslang --enable-libgme --enable-libgsm --enable-libharfbuzz --enable-libmp3lame --enable-libmysofa --enable-libopenjpeg --enable-libopenmpt --enable-libopus --enable-librubberband --enable-libshine --enable-libsnappy --enable-libsoxr --enable-libspeex --enable-libtheora --enable-libtwolame --enable-libvidstab --enable-libvorbis --enable-libvpx --enable-libwebp --enable-libx265 --enable-libxml2 --enable-libxvid --enable-libzimg --enable-openal --enable-opencl --enable-opengl --disable-sndio --enable-libvpl --disable-libmfx --enable-libdc1394 --enable-libdrm --enable-libiec61883 --enable-chromaprint --enable-frei0r --enable-ladspa --enable-libbluray --enable-libjack --enable-libpulse --enable-librabbitmq --enable-librist --enable-libsrt --enable-libssh --enable-libsvtav1 --enable-libx264 --enable-libzmq --enable-libzvbi --enable-lv2 --enable-sdl2 --enable-libplacebo --enable-librav1e --enable-pocketsphinx --enable-librsvg --enable-libjxl --enable-shared
  libavutil      58. 29.100 / 58. 29.100
  libavcodec     60. 31.102 / 60. 31.102
  libavformat    60. 16.100 / 60. 16.100
  libavdevice    60.  3.100 / 60.  3.100
  libavfilter     9. 12.100 /  9. 12.100
  libswscale      7.  5.100 /  7.  5.100
  libswresample   4. 12.100 /  4. 12.100
  libpostproc    57.  3.100 / 57.  3.100
Input #0, mov,mp4,m4a,3gp,3g2,mj2, from '/data/vaishak/combined-kv-quant/results/runs/backfill_age_tier_int2_9bbee19b8cfd_10s/videos/AGE_TIER_INT2/prompt_0001_seed_1.mp4':
  Metadata:
    major_brand     : isom
    minor_version   : 512
    compatible_brands: isomiso2avc1mp41
    encoder         : Lavf61.1.100
  Duration: 00:00:10.31, start: 0.000000, bitrate: 1096 kb/s
  Stream #0:0[0x1](und): Video: h264 (High) (avc1 / 0x31637661), yuv420p(progressive), 832x480, 1094 kb/s, 16 fps, 16 tbr, 16384 tbn (default)
    Metadata:
      handler_name    : VideoHandler
      vendor_id       : [0][0][0][0]
Stream mapping:
  Stream #0:0 -> #0:0 (h264 (native) -> h264 (libx264))
Press [q] to stop, [?] for help
[libx264 @ 0x5c9e70982e80] using cpu capabilities: MMX2 SSE2Fast SSSE3 SSE4.2 AVX FMA3 BMI2 AVX2
[libx264 @ 0x5c9e70982e80] profile High, level 3.0, 4:2:0, 8-bit
[libx264 @ 0x5c9e70982e80] 264 - core 164 r3108 31e19f9 - H.264/MPEG-4 AVC codec - Copyleft 2003-2023 - http://www.videolan.org/x264.html - options: cabac=1 ref=3 deblock=1:0:0 analyse=0x3:0x113 me=hex subme=7 psy=1 psy_rd=1.00:0.00 mixed_ref=1 me_range=16 chroma_me=1 trellis=1 8x8dct=1 cqm=0 deadzone=21,11 fast_pskip=1 chroma_qp_offset=-2 threads=15 lookahead_threads=2 sliced_threads=0 nr=0 decimate=1 interlaced=0 bluray_compat=0 constrained_intra=0 bframes=3 b_pyramid=2 b_adapt=1 b_bias=0 direct=1 weightb=1 open_gop=0 weightp=2 keyint=250 keyint_min=16 scenecut=40 intra_refresh=0 rc_lookahead=40 rc=crf mbtree=1 crf=23.0 qcomp=0.60 qpmin=0 qpmax=69 qpstep=4 ip_ratio=1.40 aq=1:1.00
Output #0, mp4, to '/data/vaishak/combined-kv-quant/results/combined/backfills/drift/moviegen/e2bffc685f645814_AGE_TIER_INT2/AGE_TIER_INT2_frames_165/prompt_0001_seed_1.mp4':
  Metadata:
    major_brand     : isom
    minor_version   : 512
    compatible_brands: isomiso2avc1mp41
    encoder         : Lavf60.16.100
  Stream #0:0(und): Video: h264 (avc1 / 0x31637661), yuv420p(progressive), 832x480, q=2-31, 16 fps, 16384 tbn (default)
    Metadata:
      handler_name    : VideoHandler
      vendor_id       : [0][0][0][0]
      encoder         : Lavc60.31.102 libx264
    Side data:
      cpb: bitrate max/min/avg: 0/0/0 buffer size: 0 vbv_delay: N/A
frame=    0 fps=0.0 q=0.0 size=       0kB time=N/A bitrate=N/A speed=N/A    frame=   86 fps=0.0 q=27.0 size=    1024kB time=00:00:05.25 bitrate=1597.9kbits/s speed=10.2x    [out#0/mp4 @ 0x5c9e708f7100] video:2281kB audio:0kB subtitle:0kB other streams:0kB global headers:0kB muxing overhead: 0.122380%
frame=  165 fps=0.0 q=-1.0 Lsize=    2284kB time=00:00:10.12 bitrate=1848.1kbits/s speed=12.8x    
[libx264 @ 0x5c9e70982e80] frame I:6     Avg QP:21.43  size: 45978
[libx264 @ 0x5c9e70982e80] frame P:48    Avg QP:24.45  size: 26193
[libx264 @ 0x5c9e70982e80] frame B:111   Avg QP:26.17  size:  7228
[libx264 @ 0x5c9e70982e80] consecutive B-frames:  7.3%  8.5%  1.8% 82.4%
[libx264 @ 0x5c9e70982e80] mb I  I16..4:  5.3% 81.7% 13.0%
[libx264 @ 0x5c9e70982e80] mb P  I16..4:  2.5% 24.2%  2.5%  P16..4: 37.8% 19.0%  8.4%  0.0%  0.0%    skip: 5.5%
[libx264 @ 0x5c9e70982e80] mb B  I16..4:  0.3%  1.1%  0.1%  B16..8: 50.2% 10.9%  3.8%  direct: 3.9%  skip:29.7%  L0:50.2% L1:41.3% BI: 8.5%
[libx264 @ 0x5c9e70982e80] 8x8 transform intra:81.5% inter:72.3%
[libx264 @ 0x5c9e70982e80] coded y,uvDC,uvAC intra: 83.9% 87.4% 32.2% inter: 29.8% 27.4% 0.5%
[libx264 @ 0x5c9e70982e80] i16 v,h,dc,p:  3% 46%  3% 48%
[libx264 @ 0x5c9e70982e80] i8 v,h,dc,ddl,ddr,vr,hd,vl,hu:  9% 28% 19%  5%  6%  5%  9%  6% 12%
[libx264 @ 0x5c9e70982e80] i4 v,h,dc,ddl,ddr,vr,hd,vl,hu: 11% 23% 14%  7%  9%  7% 11%  7% 11%
[libx264 @ 0x5c9e70982e80] i8c dc,h,v,p: 31% 45%  7% 17%
[libx264 @ 0x5c9e70982e80] Weighted P-Frames: Y:27.1% UV:8.3%
[libx264 @ 0x5c9e70982e80] ref P L0: 57.2% 17.6% 15.6%  8.0%  1.7%
[libx264 @ 0x5c9e70982e80] ref B L0: 86.6% 11.3%  2.1%
[libx264 @ 0x5c9e70982e80] ref B L1: 99.0%  1.0%
[libx264 @ 0x5c9e70982e80] kb/s:1811.76
ffmpeg version 6.1.1-3ubuntu5 Copyright (c) 2000-2023 the FFmpeg developers
  built with gcc 13 (Ubuntu 13.2.0-23ubuntu3)
  configuration: --prefix=/usr --extra-version=3ubuntu5 --toolchain=hardened --libdir=/usr/lib/x86_64-linux-gnu --incdir=/usr/include/x86_64-linux-gnu --arch=amd64 --enable-gpl --disable-stripping --disable-omx --enable-gnutls --enable-libaom --enable-libass --enable-libbs2b --enable-libcaca --enable-libcdio --enable-libcodec2 --enable-libdav1d --enable-libflite --enable-libfontconfig --enable-libfreetype --enable-libfribidi --enable-libglslang --enable-libgme --enable-libgsm --enable-libharfbuzz --enable-libmp3lame --enable-libmysofa --enable-libopenjpeg --enable-libopenmpt --enable-libopus --enable-librubberband --enable-libshine --enable-libsnappy --enable-libsoxr --enable-libspeex --enable-libtheora --enable-libtwolame --enable-libvidstab --enable-libvorbis --enable-libvpx --enable-libwebp --enable-libx265 --enable-libxml2 --enable-libxvid --enable-libzimg --enable-openal --enable-opencl --enable-opengl --disable-sndio --enable-libvpl --disable-libmfx --enable-libdc1394 --enable-libdrm --enable-libiec61883 --enable-chromaprint --enable-frei0r --enable-ladspa --enable-libbluray --enable-libjack --enable-libpulse --enable-librabbitmq --enable-librist --enable-libsrt --enable-libssh --enable-libsvtav1 --enable-libx264 --enable-libzmq --enable-libzvbi --enable-lv2 --enable-sdl2 --enable-libplacebo --enable-librav1e --enable-pocketsphinx --enable-librsvg --enable-libjxl --enable-shared
  libavutil      58. 29.100 / 58. 29.100
  libavcodec     60. 31.102 / 60. 31.102
  libavformat    60. 16.100 / 60. 16.100
  libavdevice    60.  3.100 / 60.  3.100
  libavfilter     9. 12.100 /  9. 12.100
  libswscale      7.  5.100 /  7.  5.100
  libswresample   4. 12.100 /  4. 12.100
  libpostproc    57.  3.100 / 57.  3.100
Input #0, mov,mp4,m4a,3gp,3g2,mj2, from '/data/vaishak/combined-kv-quant/results/runs/backfill_age_tier_int2_9bbee19b8cfd_10s/videos/AGE_TIER_INT2/prompt_0002_seed_2.mp4':
  Metadata:
    major_brand     : isom
    minor_version   : 512
    compatible_brands: isomiso2avc1mp41
    encoder         : Lavf61.1.100
  Duration: 00:00:10.31, start: 0.000000, bitrate: 1154 kb/s
  Stream #0:0[0x1](und): Video: h264 (High) (avc1 / 0x31637661), yuv420p(progressive), 832x480, 1152 kb/s, 16 fps, 16 tbr, 16384 tbn (default)
    Metadata:
      handler_name    : VideoHandler
      vendor_id       : [0][0][0][0]
Stream mapping:
  Stream #0:0 -> #0:0 (h264 (native) -> h264 (libx264))
Press [q] to stop, [?] for help
[libx264 @ 0x5b0d4498c980] using cpu capabilities: MMX2 SSE2Fast SSSE3 SSE4.2 AVX FMA3 BMI2 AVX2
[libx264 @ 0x5b0d4498c980] profile High, level 3.0, 4:2:0, 8-bit
[libx264 @ 0x5b0d4498c980] 264 - core 164 r3108 31e19f9 - H.264/MPEG-4 AVC codec - Copyleft 2003-2023 - http://www.videolan.org/x264.html - options: cabac=1 ref=3 deblock=1:0:0 analyse=0x3:0x113 me=hex subme=7 psy=1 psy_rd=1.00:0.00 mixed_ref=1 me_range=16 chroma_me=1 trellis=1 8x8dct=1 cqm=0 deadzone=21,11 fast_pskip=1 chroma_qp_offset=-2 threads=15 lookahead_threads=2 sliced_threads=0 nr=0 decimate=1 interlaced=0 bluray_compat=0 constrained_intra=0 bframes=3 b_pyramid=2 b_adapt=1 b_bias=0 direct=1 weightb=1 open_gop=0 weightp=2 keyint=250 keyint_min=16 scenecut=40 intra_refresh=0 rc_lookahead=40 rc=crf mbtree=1 crf=23.0 qcomp=0.60 qpmin=0 qpmax=69 qpstep=4 ip_ratio=1.40 aq=1:1.00
Output #0, mp4, to '/data/vaishak/combined-kv-quant/results/combined/backfills/drift/moviegen/e2bffc685f645814_AGE_TIER_INT2/AGE_TIER_INT2_frames_165/prompt_0002_seed_2.mp4':
  Metadata:
    major_brand     : isom
    minor_version   : 512
    compatible_brands: isomiso2avc1mp41
    encoder         : Lavf60.16.100
  Stream #0:0(und): Video: h264 (avc1 / 0x31637661), yuv420p(progressive), 832x480, q=2-31, 16 fps, 16384 tbn (default)
    Metadata:
      handler_name    : VideoHandler
      vendor_id       : [0][0][0][0]
      encoder         : Lavc60.31.102 libx264
    Side data:
      cpb: bitrate max/min/avg: 0/0/0 buffer size: 0 vbv_delay: N/A
frame=    0 fps=0.0 q=0.0 size=       0kB time=N/A bitrate=N/A speed=N/A    [out#0/mp4 @ 0x5b0d448a9d00] video:1983kB audio:0kB subtitle:0kB other streams:0kB global headers:0kB muxing overhead: 0.135302%
frame=  165 fps=0.0 q=-1.0 Lsize=    1985kB time=00:00:10.12 bitrate=1606.3kbits/s speed=13.1x    
[libx264 @ 0x5b0d4498c980] frame I:19    Avg QP:20.62  size: 24612
[libx264 @ 0x5b0d4498c980] frame P:43    Avg QP:24.25  size: 14628
[libx264 @ 0x5b0d4498c980] frame B:103   Avg QP:25.48  size:  9058
[libx264 @ 0x5b0d4498c980] consecutive B-frames: 12.1%  3.6% 30.9% 53.3%
[libx264 @ 0x5b0d4498c980] mb I  I16..4: 29.6% 60.1% 10.3%
[libx264 @ 0x5b0d4498c980] mb P  I16..4:  9.4% 21.0%  3.6%  P16..4: 42.3% 11.9%  4.2%  0.0%  0.0%    skip: 7.8%
[libx264 @ 0x5b0d4498c980] mb B  I16..4:  0.2%  3.3%  1.2%  B16..8: 38.3% 10.3%  3.7%  direct: 5.4%  skip:37.7%  L0:49.4% L1:41.1% BI: 9.5%
[libx264 @ 0x5b0d4498c980] 8x8 transform intra:61.9% inter:76.5%
[libx264 @ 0x5b0d4498c980] coded y,uvDC,uvAC intra: 64.8% 83.3% 38.3% inter: 24.5% 32.9% 3.2%
[libx264 @ 0x5b0d4498c980] i16 v,h,dc,p:  1% 47%  1% 51%
[libx264 @ 0x5b0d4498c980] i8 v,h,dc,ddl,ddr,vr,hd,vl,hu: 10% 28% 15%  6%  7%  6% 11%  6% 11%
[libx264 @ 0x5b0d4498c980] i4 v,h,dc,ddl,ddr,vr,hd,vl,hu: 13% 24% 13%  7% 10%  8% 11%  6%  9%
[libx264 @ 0x5b0d4498c980] i8c dc,h,v,p: 31% 38% 11% 19%
[libx264 @ 0x5b0d4498c980] Weighted P-Frames: Y:18.6% UV:11.6%
[libx264 @ 0x5b0d4498c980] ref P L0: 62.8%  9.5% 15.8% 10.7%  1.2%
[libx264 @ 0x5b0d4498c980] ref B L0: 85.9% 11.3%  2.8%
[libx264 @ 0x5b0d4498c980] ref B L1: 96.9%  3.1%
[libx264 @ 0x5b0d4498c980] kb/s:1574.47
ffmpeg version 6.1.1-3ubuntu5 Copyright (c) 2000-2023 the FFmpeg developers
  built with gcc 13 (Ubuntu 13.2.0-23ubuntu3)
  configuration: --prefix=/usr --extra-version=3ubuntu5 --toolchain=hardened --libdir=/usr/lib/x86_64-linux-gnu --incdir=/usr/include/x86_64-linux-gnu --arch=amd64 --enable-gpl --disable-stripping --disable-omx --enable-gnutls --enable-libaom --enable-libass --enable-libbs2b --enable-libcaca --enable-libcdio --enable-libcodec2 --enable-libdav1d --enable-libflite --enable-libfontconfig --enable-libfreetype --enable-libfribidi --enable-libglslang --enable-libgme --enable-libgsm --enable-libharfbuzz --enable-libmp3lame --enable-libmysofa --enable-libopenjpeg --enable-libopenmpt --enable-libopus --enable-librubberband --enable-libshine --enable-libsnappy --enable-libsoxr --enable-libspeex --enable-libtheora --enable-libtwolame --enable-libvidstab --enable-libvorbis --enable-libvpx --enable-libwebp --enable-libx265 --enable-libxml2 --enable-libxvid --enable-libzimg --enable-openal --enable-opencl --enable-opengl --disable-sndio --enable-libvpl --disable-libmfx --enable-libdc1394 --enable-libdrm --enable-libiec61883 --enable-chromaprint --enable-frei0r --enable-ladspa --enable-libbluray --enable-libjack --enable-libpulse --enable-librabbitmq --enable-librist --enable-libsrt --enable-libssh --enable-libsvtav1 --enable-libx264 --enable-libzmq --enable-libzvbi --enable-lv2 --enable-sdl2 --enable-libplacebo --enable-librav1e --enable-pocketsphinx --enable-librsvg --enable-libjxl --enable-shared
  libavutil      58. 29.100 / 58. 29.100
  libavcodec     60. 31.102 / 60. 31.102
  libavformat    60. 16.100 / 60. 16.100
  libavdevice    60.  3.100 / 60.  3.100
  libavfilter     9. 12.100 /  9. 12.100
  libswscale      7.  5.100 /  7.  5.100
  libswresample   4. 12.100 /  4. 12.100
  libpostproc    57.  3.100 / 57.  3.100
Input #0, mov,mp4,m4a,3gp,3g2,mj2, from '/data/vaishak/combined-kv-quant/results/runs/backfill_age_tier_int2_9bbee19b8cfd_10s/videos/AGE_TIER_INT2/prompt_0003_seed_3.mp4':
  Metadata:
    major_brand     : isom
    minor_version   : 512
    compatible_brands: isomiso2avc1mp41
    encoder         : Lavf61.1.100
  Duration: 00:00:10.31, start: 0.000000, bitrate: 1074 kb/s
  Stream #0:0[0x1](und): Video: h264 (High) (avc1 / 0x31637661), yuv420p(progressive), 832x480, 1072 kb/s, 16 fps, 16 tbr, 16384 tbn (default)
    Metadata:
      handler_name    : VideoHandler
      vendor_id       : [0][0][0][0]
Stream mapping:
  Stream #0:0 -> #0:0 (h264 (native) -> h264 (libx264))
Press [q] to stop, [?] for help
[libx264 @ 0x5a75bff2ba40] using cpu capabilities: MMX2 SSE2Fast SSSE3 SSE4.2 AVX FMA3 BMI2 AVX2
[libx264 @ 0x5a75bff2ba40] profile High, level 3.0, 4:2:0, 8-bit
[libx264 @ 0x5a75bff2ba40] 264 - core 164 r3108 31e19f9 - H.264/MPEG-4 AVC codec - Copyleft 2003-2023 - http://www.videolan.org/x264.html - options: cabac=1 ref=3 deblock=1:0:0 analyse=0x3:0x113 me=hex subme=7 psy=1 psy_rd=1.00:0.00 mixed_ref=1 me_range=16 chroma_me=1 trellis=1 8x8dct=1 cqm=0 deadzone=21,11 fast_pskip=1 chroma_qp_offset=-2 threads=15 lookahead_threads=2 sliced_threads=0 nr=0 decimate=1 interlaced=0 bluray_compat=0 constrained_intra=0 bframes=3 b_pyramid=2 b_adapt=1 b_bias=0 direct=1 weightb=1 open_gop=0 weightp=2 keyint=250 keyint_min=16 scenecut=40 intra_refresh=0 rc_lookahead=40 rc=crf mbtree=1 crf=23.0 qcomp=0.60 qpmin=0 qpmax=69 qpstep=4 ip_ratio=1.40 aq=1:1.00
Output #0, mp4, to '/data/vaishak/combined-kv-quant/results/combined/backfills/drift/moviegen/e2bffc685f645814_AGE_TIER_INT2/AGE_TIER_INT2_frames_165/prompt_0003_seed_3.mp4':
  Metadata:
    major_brand     : isom
    minor_version   : 512
    compatible_brands: isomiso2avc1mp41
    encoder         : Lavf60.16.100
  Stream #0:0(und): Video: h264 (avc1 / 0x31637661), yuv420p(progressive), 832x480, q=2-31, 16 fps, 16384 tbn (default)
    Metadata:
      handler_name    : VideoHandler
      vendor_id       : [0][0][0][0]
      encoder         : Lavc60.31.102 libx264
    Side data:
      cpb: bitrate max/min/avg: 0/0/0 buffer size: 0 vbv_delay: N/A
frame=    0 fps=0.0 q=0.0 size=       0kB time=N/A bitrate=N/A speed=N/A    frame=   72 fps=0.0 q=27.0 size=    1024kB time=00:00:04.37 bitrate=1917.5kbits/s speed=8.32x    [out#0/mp4 @ 0x5a75bfe91d40] video:2594kB audio:0kB subtitle:0kB other streams:0kB global headers:0kB muxing overhead: 0.106887%
frame=  165 fps=0.0 q=-1.0 Lsize=    2597kB time=00:00:10.12 bitrate=2100.9kbits/s speed=12.3x    
[libx264 @ 0x5a75bff2ba40] frame I:10    Avg QP:21.91  size: 41301
[libx264 @ 0x5a75bff2ba40] frame P:45    Avg QP:25.24  size: 25402
[libx264 @ 0x5a75bff2ba40] frame B:110   Avg QP:26.49  size:  9993
[libx264 @ 0x5a75bff2ba40] consecutive B-frames:  8.5%  4.8%  9.1% 77.6%
[libx264 @ 0x5a75bff2ba40] mb I  I16..4: 10.5% 74.3% 15.1%
[libx264 @ 0x5a75bff2ba40] mb P  I16..4:  3.5% 25.4%  4.0%  P16..4: 36.8% 17.4%  7.0%  0.0%  0.0%    skip: 5.8%
[libx264 @ 0x5a75bff2ba40] mb B  I16..4:  0.2%  2.4%  0.6%  B16..8: 45.5% 11.7%  4.4%  direct: 5.2%  skip:30.1%  L0:46.9% L1:42.1% BI:11.0%
[libx264 @ 0x5a75bff2ba40] 8x8 transform intra:75.9% inter:74.5%
[libx264 @ 0x5a75bff2ba40] coded y,uvDC,uvAC intra: 84.9% 94.9% 64.8% inter: 34.2% 38.0% 3.8%
[libx264 @ 0x5a75bff2ba40] i16 v,h,dc,p:  3% 45%  7% 44%
[libx264 @ 0x5a75bff2ba40] i8 v,h,dc,ddl,ddr,vr,hd,vl,hu: 11% 19% 16%  7%  8%  8% 10%  9% 12%
[libx264 @ 0x5a75bff2ba40] i4 v,h,dc,ddl,ddr,vr,hd,vl,hu: 11% 21% 13%  8% 10%  8% 12%  7% 11%
[libx264 @ 0x5a75bff2ba40] i8c dc,h,v,p: 34% 31% 14% 21%
[libx264 @ 0x5a75bff2ba40] Weighted P-Frames: Y:20.0% UV:17.8%
[libx264 @ 0x5a75bff2ba40] ref P L0: 59.0% 15.6% 16.2%  7.8%  1.3%
[libx264 @ 0x5a75bff2ba40] ref B L0: 87.1% 10.0%  3.0%
[libx264 @ 0x5a75bff2ba40] ref B L1: 98.3%  1.7%
[libx264 @ 0x5a75bff2ba40] kb/s:2059.93
ffmpeg version 6.1.1-3ubuntu5 Copyright (c) 2000-2023 the FFmpeg developers
  built with gcc 13 (Ubuntu 13.2.0-23ubuntu3)
  configuration: --prefix=/usr --extra-version=3ubuntu5 --toolchain=hardened --libdir=/usr/lib/x86_64-linux-gnu --incdir=/usr/include/x86_64-linux-gnu --arch=amd64 --enable-gpl --disable-stripping --disable-omx --enable-gnutls --enable-libaom --enable-libass --enable-libbs2b --enable-libcaca --enable-libcdio --enable-libcodec2 --enable-libdav1d --enable-libflite --enable-libfontconfig --enable-libfreetype --enable-libfribidi --enable-libglslang --enable-libgme --enable-libgsm --enable-libharfbuzz --enable-libmp3lame --enable-libmysofa --enable-libopenjpeg --enable-libopenmpt --enable-libopus --enable-librubberband --enable-libshine --enable-libsnappy --enable-libsoxr --enable-libspeex --enable-libtheora --enable-libtwolame --enable-libvidstab --enable-libvorbis --enable-libvpx --enable-libwebp --enable-libx265 --enable-libxml2 --enable-libxvid --enable-libzimg --enable-openal --enable-opencl --enable-opengl --disable-sndio --enable-libvpl --disable-libmfx --enable-libdc1394 --enable-libdrm --enable-libiec61883 --enable-chromaprint --enable-frei0r --enable-ladspa --enable-libbluray --enable-libjack --enable-libpulse --enable-librabbitmq --enable-librist --enable-libsrt --enable-libssh --enable-libsvtav1 --enable-libx264 --enable-libzmq --enable-libzvbi --enable-lv2 --enable-sdl2 --enable-libplacebo --enable-librav1e --enable-pocketsphinx --enable-librsvg --enable-libjxl --enable-shared
  libavutil      58. 29.100 / 58. 29.100
  libavcodec     60. 31.102 / 60. 31.102
  libavformat    60. 16.100 / 60. 16.100
  libavdevice    60.  3.100 / 60.  3.100
  libavfilter     9. 12.100 /  9. 12.100
  libswscale      7.  5.100 /  7.  5.100
  libswresample   4. 12.100 /  4. 12.100
  libpostproc    57.  3.100 / 57.  3.100
Input #0, mov,mp4,m4a,3gp,3g2,mj2, from '/data/vaishak/combined-kv-quant/results/runs/backfill_age_tier_int2_9bbee19b8cfd_10s/videos/AGE_TIER_INT2/prompt_0004_seed_4.mp4':
  Metadata:
    major_brand     : isom
    minor_version   : 512
    compatible_brands: isomiso2avc1mp41
    encoder         : Lavf61.1.100
  Duration: 00:00:10.31, start: 0.000000, bitrate: 1077 kb/s
  Stream #0:0[0x1](und): Video: h264 (High) (avc1 / 0x31637661), yuv420p(progressive), 832x480, 1075 kb/s, 16 fps, 16 tbr, 16384 tbn (default)
    Metadata:
      handler_name    : VideoHandler
      vendor_id       : [0][0][0][0]
Stream mapping:
  Stream #0:0 -> #0:0 (h264 (native) -> h264 (libx264))
Press [q] to stop, [?] for help
[libx264 @ 0x61ca40772680] using cpu capabilities: MMX2 SSE2Fast SSSE3 SSE4.2 AVX FMA3 BMI2 AVX2
[libx264 @ 0x61ca40772680] profile High, level 3.0, 4:2:0, 8-bit
[libx264 @ 0x61ca40772680] 264 - core 164 r3108 31e19f9 - H.264/MPEG-4 AVC codec - Copyleft 2003-2023 - http://www.videolan.org/x264.html - options: cabac=1 ref=3 deblock=1:0:0 analyse=0x3:0x113 me=hex subme=7 psy=1 psy_rd=1.00:0.00 mixed_ref=1 me_range=16 chroma_me=1 trellis=1 8x8dct=1 cqm=0 deadzone=21,11 fast_pskip=1 chroma_qp_offset=-2 threads=15 lookahead_threads=2 sliced_threads=0 nr=0 decimate=1 interlaced=0 bluray_compat=0 constrained_intra=0 bframes=3 b_pyramid=2 b_adapt=1 b_bias=0 direct=1 weightb=1 open_gop=0 weightp=2 keyint=250 keyint_min=16 scenecut=40 intra_refresh=0 rc_lookahead=40 rc=crf mbtree=1 crf=23.0 qcomp=0.60 qpmin=0 qpmax=69 qpstep=4 ip_ratio=1.40 aq=1:1.00
Output #0, mp4, to '/data/vaishak/combined-kv-quant/results/combined/backfills/drift/moviegen/e2bffc685f645814_AGE_TIER_INT2/AGE_TIER_INT2_frames_165/prompt_0004_seed_4.mp4':
  Metadata:
    major_brand     : isom
    minor_version   : 512
    compatible_brands: isomiso2avc1mp41
    encoder         : Lavf60.16.100
  Stream #0:0(und): Video: h264 (avc1 / 0x31637661), yuv420p(progressive), 832x480, q=2-31, 16 fps, 16384 tbn (default)
    Metadata:
      handler_name    : VideoHandler
      vendor_id       : [0][0][0][0]
      encoder         : Lavc60.31.102 libx264
    Side data:
      cpb: bitrate max/min/avg: 0/0/0 buffer size: 0 vbv_delay: N/A
frame=    0 fps=0.0 q=0.0 size=       0kB time=N/A bitrate=N/A speed=N/A    [out#0/mp4 @ 0x61ca406f2000] video:1252kB audio:0kB subtitle:0kB other streams:0kB global headers:0kB muxing overhead: 0.222394%
frame=  165 fps=0.0 q=-1.0 Lsize=    1255kB time=00:00:10.12 bitrate=1015.2kbits/s speed=14.2x    
[libx264 @ 0x61ca40772680] frame I:2     Avg QP:20.32  size: 33118
[libx264 @ 0x61ca40772680] frame P:42    Avg QP:22.53  size: 16361
[libx264 @ 0x61ca40772680] frame B:121   Avg QP:24.83  size:  4363
[libx264 @ 0x61ca40772680] consecutive B-frames:  1.2%  2.4%  1.8% 94.5%
[libx264 @ 0x61ca40772680] mb I  I16..4: 16.3% 69.3% 14.4%
[libx264 @ 0x61ca40772680] mb P  I16..4:  4.5%  9.2%  1.4%  P16..4: 51.8% 21.6%  7.9%  0.0%  0.0%    skip: 3.5%
[libx264 @ 0x61ca40772680] mb B  I16..4:  0.7%  1.1%  0.2%  B16..8: 40.0%  6.9%  1.5%  direct: 5.9%  skip:43.7%  L0:43.2% L1:47.6% BI: 9.2%
[libx264 @ 0x61ca40772680] 8x8 transform intra:61.4% inter:79.8%
[libx264 @ 0x61ca40772680] coded y,uvDC,uvAC intra: 55.4% 91.3% 51.7% inter: 22.4% 40.5% 3.4%
[libx264 @ 0x61ca40772680] i16 v,h,dc,p: 16% 38%  6% 41%
[libx264 @ 0x61ca40772680] i8 v,h,dc,ddl,ddr,vr,hd,vl,hu: 18% 29% 16%  4%  5%  7%  6%  7%  8%
[libx264 @ 0x61ca40772680] i4 v,h,dc,ddl,ddr,vr,hd,vl,hu: 13% 23% 11%  7% 10% 10% 10%  7%  9%
[libx264 @ 0x61ca40772680] i8c dc,h,v,p: 27% 33% 18% 21%
[libx264 @ 0x61ca40772680] Weighted P-Frames: Y:59.5% UV:59.5%
[libx264 @ 0x61ca40772680] ref P L0: 49.5% 16.5% 17.4% 11.3%  5.3%
[libx264 @ 0x61ca40772680] ref B L0: 81.8% 14.5%  3.7%
[libx264 @ 0x61ca40772680] ref B L1: 97.5%  2.5%
[libx264 @ 0x61ca40772680] kb/s:993.95
ffmpeg version 6.1.1-3ubuntu5 Copyright (c) 2000-2023 the FFmpeg developers
  built with gcc 13 (Ubuntu 13.2.0-23ubuntu3)
  configuration: --prefix=/usr --extra-version=3ubuntu5 --toolchain=hardened --libdir=/usr/lib/x86_64-linux-gnu --incdir=/usr/include/x86_64-linux-gnu --arch=amd64 --enable-gpl --disable-stripping --disable-omx --enable-gnutls --enable-libaom --enable-libass --enable-libbs2b --enable-libcaca --enable-libcdio --enable-libcodec2 --enable-libdav1d --enable-libflite --enable-libfontconfig --enable-libfreetype --enable-libfribidi --enable-libglslang --enable-libgme --enable-libgsm --enable-libharfbuzz --enable-libmp3lame --enable-libmysofa --enable-libopenjpeg --enable-libopenmpt --enable-libopus --enable-librubberband --enable-libshine --enable-libsnappy --enable-libsoxr --enable-libspeex --enable-libtheora --enable-libtwolame --enable-libvidstab --enable-libvorbis --enable-libvpx --enable-libwebp --enable-libx265 --enable-libxml2 --enable-libxvid --enable-libzimg --enable-openal --enable-opencl --enable-opengl --disable-sndio --enable-libvpl --disable-libmfx --enable-libdc1394 --enable-libdrm --enable-libiec61883 --enable-chromaprint --enable-frei0r --enable-ladspa --enable-libbluray --enable-libjack --enable-libpulse --enable-librabbitmq --enable-librist --enable-libsrt --enable-libssh --enable-libsvtav1 --enable-libx264 --enable-libzmq --enable-libzvbi --enable-lv2 --enable-sdl2 --enable-libplacebo --enable-librav1e --enable-pocketsphinx --enable-librsvg --enable-libjxl --enable-shared
  libavutil      58. 29.100 / 58. 29.100
  libavcodec     60. 31.102 / 60. 31.102
  libavformat    60. 16.100 / 60. 16.100
  libavdevice    60.  3.100 / 60.  3.100
  libavfilter     9. 12.100 /  9. 12.100
  libswscale      7.  5.100 /  7.  5.100
  libswresample   4. 12.100 /  4. 12.100
  libpostproc    57.  3.100 / 57.  3.100
Input #0, mov,mp4,m4a,3gp,3g2,mj2, from '/data/vaishak/combined-kv-quant/results/runs/backfill_age_tier_int2_9bbee19b8cfd_10s/videos/AGE_TIER_INT2/prompt_0005_seed_5.mp4':
  Metadata:
    major_brand     : isom
    minor_version   : 512
    compatible_brands: isomiso2avc1mp41
    encoder         : Lavf61.1.100
  Duration: 00:00:10.31, start: 0.000000, bitrate: 1101 kb/s
  Stream #0:0[0x1](und): Video: h264 (High) (avc1 / 0x31637661), yuv420p(progressive), 832x480, 1099 kb/s, 16 fps, 16 tbr, 16384 tbn (default)
    Metadata:
      handler_name    : VideoHandler
      vendor_id       : [0][0][0][0]
Stream mapping:
  Stream #0:0 -> #0:0 (h264 (native) -> h264 (libx264))
Press [q] to stop, [?] for help
[libx264 @ 0x5fe8d8e6c300] using cpu capabilities: MMX2 SSE2Fast SSSE3 SSE4.2 AVX FMA3 BMI2 AVX2
[libx264 @ 0x5fe8d8e6c300] profile High, level 3.0, 4:2:0, 8-bit
[libx264 @ 0x5fe8d8e6c300] 264 - core 164 r3108 31e19f9 - H.264/MPEG-4 AVC codec - Copyleft 2003-2023 - http://www.videolan.org/x264.html - options: cabac=1 ref=3 deblock=1:0:0 analyse=0x3:0x113 me=hex subme=7 psy=1 psy_rd=1.00:0.00 mixed_ref=1 me_range=16 chroma_me=1 trellis=1 8x8dct=1 cqm=0 deadzone=21,11 fast_pskip=1 chroma_qp_offset=-2 threads=15 lookahead_threads=2 sliced_threads=0 nr=0 decimate=1 interlaced=0 bluray_compat=0 constrained_intra=0 bframes=3 b_pyramid=2 b_adapt=1 b_bias=0 direct=1 weightb=1 open_gop=0 weightp=2 keyint=250 keyint_min=16 scenecut=40 intra_refresh=0 rc_lookahead=40 rc=crf mbtree=1 crf=23.0 qcomp=0.60 qpmin=0 qpmax=69 qpstep=4 ip_ratio=1.40 aq=1:1.00
Output #0, mp4, to '/data/vaishak/combined-kv-quant/results/combined/backfills/drift/moviegen/e2bffc685f645814_AGE_TIER_INT2/AGE_TIER_INT2_frames_165/prompt_0005_seed_5.mp4':
  Metadata:
    major_brand     : isom
    minor_version   : 512
    compatible_brands: isomiso2avc1mp41
    encoder         : Lavf60.16.100
  Stream #0:0(und): Video: h264 (avc1 / 0x31637661), yuv420p(progressive), 832x480, q=2-31, 16 fps, 16384 tbn (default)
    Metadata:
      handler_name    : VideoHandler
      vendor_id       : [0][0][0][0]
      encoder         : Lavc60.31.102 libx264
    Side data:
      cpb: bitrate max/min/avg: 0/0/0 buffer size: 0 vbv_delay: N/A
frame=    0 fps=0.0 q=0.0 size=       0kB time=N/A bitrate=N/A speed=N/A    [out#0/mp4 @ 0x5fe8d8dd7d40] video:2272kB audio:0kB subtitle:0kB other streams:0kB global headers:0kB muxing overhead: 0.121355%
frame=  165 fps=0.0 q=-1.0 Lsize=    2274kB time=00:00:10.12 bitrate=1840.2kbits/s speed=13.2x    
[libx264 @ 0x5fe8d8e6c300] frame I:3     Avg QP:22.37  size: 71103
[libx264 @ 0x5fe8d8e6c300] frame P:54    Avg QP:24.60  size: 25979
[libx264 @ 0x5fe8d8e6c300] frame B:108   Avg QP:27.35  size:  6568
[libx264 @ 0x5fe8d8e6c300] consecutive B-frames:  7.3% 12.1% 12.7% 67.9%
[libx264 @ 0x5fe8d8e6c300] mb I  I16..4:  5.5% 61.9% 32.6%
[libx264 @ 0x5fe8d8e6c300] mb P  I16..4:  1.5%  6.9%  0.7%  P16..4: 47.2% 24.5% 14.4%  0.0%  0.0%    skip: 4.7%
[libx264 @ 0x5fe8d8e6c300] mb B  I16..4:  0.2%  0.8%  0.1%  B16..8: 48.5%  8.5%  3.2%  direct: 4.9%  skip:33.7%  L0:49.9% L1:40.1% BI: 9.9%
[libx264 @ 0x5fe8d8e6c300] 8x8 transform intra:71.1% inter:68.5%
[libx264 @ 0x5fe8d8e6c300] coded y,uvDC,uvAC intra: 74.4% 96.6% 83.5% inter: 29.9% 46.6% 15.1%
[libx264 @ 0x5fe8d8e6c300] i16 v,h,dc,p: 14% 39% 12% 35%
[libx264 @ 0x5fe8d8e6c300] i8 v,h,dc,ddl,ddr,vr,hd,vl,hu: 12% 22% 24%  6%  6%  7%  7%  7% 10%
[libx264 @ 0x5fe8d8e6c300] i4 v,h,dc,ddl,ddr,vr,hd,vl,hu: 18% 16% 14%  8%  9% 10%  8%  9%  8%
[libx264 @ 0x5fe8d8e6c300] i8c dc,h,v,p: 36% 35% 10% 20%
[libx264 @ 0x5fe8d8e6c300] Weighted P-Frames: Y:35.2% UV:25.9%
[libx264 @ 0x5fe8d8e6c300] ref P L0: 51.6% 24.6% 15.1%  7.1%  1.6%
[libx264 @ 0x5fe8d8e6c300] ref B L0: 92.2%  6.6%  1.2%
[libx264 @ 0x5fe8d8e6c300] ref B L1: 98.8%  1.2%
[libx264 @ 0x5fe8d8e6c300] kb/s:1804.05
ffmpeg version 6.1.1-3ubuntu5 Copyright (c) 2000-2023 the FFmpeg developers
  built with gcc 13 (Ubuntu 13.2.0-23ubuntu3)
  configuration: --prefix=/usr --extra-version=3ubuntu5 --toolchain=hardened --libdir=/usr/lib/x86_64-linux-gnu --incdir=/usr/include/x86_64-linux-gnu --arch=amd64 --enable-gpl --disable-stripping --disable-omx --enable-gnutls --enable-libaom --enable-libass --enable-libbs2b --enable-libcaca --enable-libcdio --enable-libcodec2 --enable-libdav1d --enable-libflite --enable-libfontconfig --enable-libfreetype --enable-libfribidi --enable-libglslang --enable-libgme --enable-libgsm --enable-libharfbuzz --enable-libmp3lame --enable-libmysofa --enable-libopenjpeg --enable-libopenmpt --enable-libopus --enable-librubberband --enable-libshine --enable-libsnappy --enable-libsoxr --enable-libspeex --enable-libtheora --enable-libtwolame --enable-libvidstab --enable-libvorbis --enable-libvpx --enable-libwebp --enable-libx265 --enable-libxml2 --enable-libxvid --enable-libzimg --enable-openal --enable-opencl --enable-opengl --disable-sndio --enable-libvpl --disable-libmfx --enable-libdc1394 --enable-libdrm --enable-libiec61883 --enable-chromaprint --enable-frei0r --enable-ladspa --enable-libbluray --enable-libjack --enable-libpulse --enable-librabbitmq --enable-librist --enable-libsrt --enable-libssh --enable-libsvtav1 --enable-libx264 --enable-libzmq --enable-libzvbi --enable-lv2 --enable-sdl2 --enable-libplacebo --enable-librav1e --enable-pocketsphinx --enable-librsvg --enable-libjxl --enable-shared
  libavutil      58. 29.100 / 58. 29.100
  libavcodec     60. 31.102 / 60. 31.102
  libavformat    60. 16.100 / 60. 16.100
  libavdevice    60.  3.100 / 60.  3.100
  libavfilter     9. 12.100 /  9. 12.100
  libswscale      7.  5.100 /  7.  5.100
  libswresample   4. 12.100 /  4. 12.100
  libpostproc    57.  3.100 / 57.  3.100
Input #0, mov,mp4,m4a,3gp,3g2,mj2, from '/data/vaishak/combined-kv-quant/results/runs/backfill_age_tier_int2_9bbee19b8cfd_10s/videos/AGE_TIER_INT2/prompt_0006_seed_6.mp4':
  Metadata:
    major_brand     : isom
    minor_version   : 512
    compatible_brands: isomiso2avc1mp41
    encoder         : Lavf61.1.100
  Duration: 00:00:10.31, start: 0.000000, bitrate: 1022 kb/s
  Stream #0:0[0x1](und): Video: h264 (High) (avc1 / 0x31637661), yuv420p(progressive), 832x480, 1020 kb/s, 16 fps, 16 tbr, 16384 tbn (default)
    Metadata:
      handler_name    : VideoHandler
      vendor_id       : [0][0][0][0]
Stream mapping:
  Stream #0:0 -> #0:0 (h264 (native) -> h264 (libx264))
Press [q] to stop, [?] for help
[libx264 @ 0x617d2998a600] using cpu capabilities: MMX2 SSE2Fast SSSE3 SSE4.2 AVX FMA3 BMI2 AVX2
[libx264 @ 0x617d2998a600] profile High, level 3.0, 4:2:0, 8-bit
[libx264 @ 0x617d2998a600] 264 - core 164 r3108 31e19f9 - H.264/MPEG-4 AVC codec - Copyleft 2003-2023 - http://www.videolan.org/x264.html - options: cabac=1 ref=3 deblock=1:0:0 analyse=0x3:0x113 me=hex subme=7 psy=1 psy_rd=1.00:0.00 mixed_ref=1 me_range=16 chroma_me=1 trellis=1 8x8dct=1 cqm=0 deadzone=21,11 fast_pskip=1 chroma_qp_offset=-2 threads=15 lookahead_threads=2 sliced_threads=0 nr=0 decimate=1 interlaced=0 bluray_compat=0 constrained_intra=0 bframes=3 b_pyramid=2 b_adapt=1 b_bias=0 direct=1 weightb=1 open_gop=0 weightp=2 keyint=250 keyint_min=16 scenecut=40 intra_refresh=0 rc_lookahead=40 rc=crf mbtree=1 crf=23.0 qcomp=0.60 qpmin=0 qpmax=69 qpstep=4 ip_ratio=1.40 aq=1:1.00
Output #0, mp4, to '/data/vaishak/combined-kv-quant/results/combined/backfills/drift/moviegen/e2bffc685f645814_AGE_TIER_INT2/AGE_TIER_INT2_frames_165/prompt_0006_seed_6.mp4':
  Metadata:
    major_brand     : isom
    minor_version   : 512
    compatible_brands: isomiso2avc1mp41
    encoder         : Lavf60.16.100
  Stream #0:0(und): Video: h264 (avc1 / 0x31637661), yuv420p(progressive), 832x480, q=2-31, 16 fps, 16384 tbn (default)
    Metadata:
      handler_name    : VideoHandler
      vendor_id       : [0][0][0][0]
      encoder         : Lavc60.31.102 libx264
    Side data:
      cpb: bitrate max/min/avg: 0/0/0 buffer size: 0 vbv_delay: N/A
frame=    0 fps=0.0 q=0.0 size=       0kB time=N/A bitrate=N/A speed=N/A    [out#0/mp4 @ 0x617d29989100] video:1601kB audio:0kB subtitle:0kB other streams:0kB global headers:0kB muxing overhead: 0.173865%
frame=  165 fps=0.0 q=-1.0 Lsize=    1604kB time=00:00:10.12 bitrate=1297.9kbits/s speed=14.1x    
[libx264 @ 0x617d2998a600] frame I:4     Avg QP:19.77  size: 33498
[libx264 @ 0x617d2998a600] frame P:45    Avg QP:22.53  size: 18996
[libx264 @ 0x617d2998a600] frame B:116   Avg QP:24.64  size:  5606
[libx264 @ 0x617d2998a600] consecutive B-frames:  4.2%  6.1%  0.0% 89.7%
[libx264 @ 0x617d2998a600] mb I  I16..4: 22.3% 68.0%  9.7%
[libx264 @ 0x617d2998a600] mb P  I16..4:  6.5% 14.9%  2.2%  P16..4: 49.2% 15.4%  6.6%  0.0%  0.0%    skip: 5.2%
[libx264 @ 0x617d2998a600] mb B  I16..4:  0.6%  0.9%  0.2%  B16..8: 41.6%  6.6%  2.1%  direct: 5.8%  skip:42.2%  L0:50.1% L1:41.2% BI: 8.7%
[libx264 @ 0x617d2998a600] 8x8 transform intra:63.1% inter:79.0%
[libx264 @ 0x617d2998a600] coded y,uvDC,uvAC intra: 57.9% 93.1% 53.2% inter: 19.9% 40.0% 5.0%
[libx264 @ 0x617d2998a600] i16 v,h,dc,p:  8% 23%  5% 64%
[libx264 @ 0x617d2998a600] i8 v,h,dc,ddl,ddr,vr,hd,vl,hu: 16% 21% 18%  5%  9%  8%  8%  7%  7%
[libx264 @ 0x617d2998a600] i4 v,h,dc,ddl,ddr,vr,hd,vl,hu: 11%  8% 11%  5% 26% 15% 12%  6%  6%
[libx264 @ 0x617d2998a600] i8c dc,h,v,p: 32% 26% 14% 27%
[libx264 @ 0x617d2998a600] Weighted P-Frames: Y:28.9% UV:26.7%
[libx264 @ 0x617d2998a600] ref P L0: 55.0% 12.1% 18.6% 12.1%  2.2%
[libx264 @ 0x617d2998a600] ref B L0: 84.7% 12.3%  3.0%
[libx264 @ 0x617d2998a600] ref B L1: 97.5%  2.5%
[libx264 @ 0x617d2998a600] kb/s:1271.54
ffmpeg version 6.1.1-3ubuntu5 Copyright (c) 2000-2023 the FFmpeg developers
  built with gcc 13 (Ubuntu 13.2.0-23ubuntu3)
  configuration: --prefix=/usr --extra-version=3ubuntu5 --toolchain=hardened --libdir=/usr/lib/x86_64-linux-gnu --incdir=/usr/include/x86_64-linux-gnu --arch=amd64 --enable-gpl --disable-stripping --disable-omx --enable-gnutls --enable-libaom --enable-libass --enable-libbs2b --enable-libcaca --enable-libcdio --enable-libcodec2 --enable-libdav1d --enable-libflite --enable-libfontconfig --enable-libfreetype --enable-libfribidi --enable-libglslang --enable-libgme --enable-libgsm --enable-libharfbuzz --enable-libmp3lame --enable-libmysofa --enable-libopenjpeg --enable-libopenmpt --enable-libopus --enable-librubberband --enable-libshine --enable-libsnappy --enable-libsoxr --enable-libspeex --enable-libtheora --enable-libtwolame --enable-libvidstab --enable-libvorbis --enable-libvpx --enable-libwebp --enable-libx265 --enable-libxml2 --enable-libxvid --enable-libzimg --enable-openal --enable-opencl --enable-opengl --disable-sndio --enable-libvpl --disable-libmfx --enable-libdc1394 --enable-libdrm --enable-libiec61883 --enable-chromaprint --enable-frei0r --enable-ladspa --enable-libbluray --enable-libjack --enable-libpulse --enable-librabbitmq --enable-librist --enable-libsrt --enable-libssh --enable-libsvtav1 --enable-libx264 --enable-libzmq --enable-libzvbi --enable-lv2 --enable-sdl2 --enable-libplacebo --enable-librav1e --enable-pocketsphinx --enable-librsvg --enable-libjxl --enable-shared
  libavutil      58. 29.100 / 58. 29.100
  libavcodec     60. 31.102 / 60. 31.102
  libavformat    60. 16.100 / 60. 16.100
  libavdevice    60.  3.100 / 60.  3.100
  libavfilter     9. 12.100 /  9. 12.100
  libswscale      7.  5.100 /  7.  5.100
  libswresample   4. 12.100 /  4. 12.100
  libpostproc    57.  3.100 / 57.  3.100
Input #0, mov,mp4,m4a,3gp,3g2,mj2, from '/data/vaishak/combined-kv-quant/results/runs/backfill_age_tier_int2_9bbee19b8cfd_10s/videos/AGE_TIER_INT2/prompt_0007_seed_7.mp4':
  Metadata:
    major_brand     : isom
    minor_version   : 512
    compatible_brands: isomiso2avc1mp41
    encoder         : Lavf61.1.100
  Duration: 00:00:10.31, start: 0.000000, bitrate: 1031 kb/s
  Stream #0:0[0x1](und): Video: h264 (High) (avc1 / 0x31637661), yuv420p(progressive), 832x480, 1029 kb/s, 16 fps, 16 tbr, 16384 tbn (default)
    Metadata:
      handler_name    : VideoHandler
      vendor_id       : [0][0][0][0]
Stream mapping:
  Stream #0:0 -> #0:0 (h264 (native) -> h264 (libx264))
Press [q] to stop, [?] for help
[libx264 @ 0x601093955680] using cpu capabilities: MMX2 SSE2Fast SSSE3 SSE4.2 AVX FMA3 BMI2 AVX2
[libx264 @ 0x601093955680] profile High, level 3.0, 4:2:0, 8-bit
[libx264 @ 0x601093955680] 264 - core 164 r3108 31e19f9 - H.264/MPEG-4 AVC codec - Copyleft 2003-2023 - http://www.videolan.org/x264.html - options: cabac=1 ref=3 deblock=1:0:0 analyse=0x3:0x113 me=hex subme=7 psy=1 psy_rd=1.00:0.00 mixed_ref=1 me_range=16 chroma_me=1 trellis=1 8x8dct=1 cqm=0 deadzone=21,11 fast_pskip=1 chroma_qp_offset=-2 threads=15 lookahead_threads=2 sliced_threads=0 nr=0 decimate=1 interlaced=0 bluray_compat=0 constrained_intra=0 bframes=3 b_pyramid=2 b_adapt=1 b_bias=0 direct=1 weightb=1 open_gop=0 weightp=2 keyint=250 keyint_min=16 scenecut=40 intra_refresh=0 rc_lookahead=40 rc=crf mbtree=1 crf=23.0 qcomp=0.60 qpmin=0 qpmax=69 qpstep=4 ip_ratio=1.40 aq=1:1.00
Output #0, mp4, to '/data/vaishak/combined-kv-quant/results/combined/backfills/drift/moviegen/e2bffc685f645814_AGE_TIER_INT2/AGE_TIER_INT2_frames_165/prompt_0007_seed_7.mp4':
  Metadata:
    major_brand     : isom
    minor_version   : 512
    compatible_brands: isomiso2avc1mp41
    encoder         : Lavf60.16.100
  Stream #0:0(und): Video: h264 (avc1 / 0x31637661), yuv420p(progressive), 832x480, q=2-31, 16 fps, 16384 tbn (default)
    Metadata:
      handler_name    : VideoHandler
      vendor_id       : [0][0][0][0]
      encoder         : Lavc60.31.102 libx264
    Side data:
      cpb: bitrate max/min/avg: 0/0/0 buffer size: 0 vbv_delay: N/A
frame=    0 fps=0.0 q=0.0 size=       0kB time=N/A bitrate=N/A speed=N/A    frame=   83 fps=0.0 q=27.0 size=     768kB time=00:00:05.06 bitrate=1242.8kbits/s speed= 9.8x    [out#0/mp4 @ 0x6010938d3000] video:1879kB audio:0kB subtitle:0kB other streams:0kB global headers:0kB muxing overhead: 0.147990%
frame=  165 fps=0.0 q=-1.0 Lsize=    1881kB time=00:00:10.12 bitrate=1522.3kbits/s speed=12.8x    
[libx264 @ 0x601093955680] frame I:3     Avg QP:21.98  size: 32912
[libx264 @ 0x601093955680] frame P:43    Avg QP:24.30  size: 20661
[libx264 @ 0x601093955680] frame B:119   Avg QP:26.00  size:  7865
[libx264 @ 0x601093955680] consecutive B-frames:  2.4%  3.6%  1.8% 92.1%
[libx264 @ 0x601093955680] mb I  I16..4: 10.4% 71.7% 17.9%
[libx264 @ 0x601093955680] mb P  I16..4:  5.2% 23.8%  4.3%  P16..4: 40.2% 18.3%  5.8%  0.0%  0.0%    skip: 2.2%
[libx264 @ 0x601093955680] mb B  I16..4:  1.1%  3.6%  0.6%  B16..8: 43.7% 12.5%  3.2%  direct: 5.8%  skip:29.5%  L0:49.0% L1:40.6% BI:10.4%
[libx264 @ 0x601093955680] 8x8 transform intra:70.5% inter:77.3%
[libx264 @ 0x601093955680] coded y,uvDC,uvAC intra: 69.8% 91.7% 44.2% inter: 29.7% 41.9% 2.0%
[libx264 @ 0x601093955680] i16 v,h,dc,p:  3% 39%  3% 55%
[libx264 @ 0x601093955680] i8 v,h,dc,ddl,ddr,vr,hd,vl,hu: 10% 32% 13%  5%  7%  5% 11%  5% 12%
[libx264 @ 0x601093955680] i4 v,h,dc,ddl,ddr,vr,hd,vl,hu: 11% 27% 13%  6%  9%  6% 12%  6% 11%
[libx264 @ 0x601093955680] i8c dc,h,v,p: 32% 39% 11% 19%
[libx264 @ 0x601093955680] Weighted P-Frames: Y:37.2% UV:32.6%
[libx264 @ 0x601093955680] ref P L0: 45.9% 13.9% 22.3% 14.2%  3.7%
[libx264 @ 0x601093955680] ref B L0: 81.7% 13.7%  4.5%
[libx264 @ 0x601093955680] ref B L1: 97.5%  2.5%
[libx264 @ 0x601093955680] kb/s:1491.85
ffmpeg version 6.1.1-3ubuntu5 Copyright (c) 2000-2023 the FFmpeg developers
  built with gcc 13 (Ubuntu 13.2.0-23ubuntu3)
  configuration: --prefix=/usr --extra-version=3ubuntu5 --toolchain=hardened --libdir=/usr/lib/x86_64-linux-gnu --incdir=/usr/include/x86_64-linux-gnu --arch=amd64 --enable-gpl --disable-stripping --disable-omx --enable-gnutls --enable-libaom --enable-libass --enable-libbs2b --enable-libcaca --enable-libcdio --enable-libcodec2 --enable-libdav1d --enable-libflite --enable-libfontconfig --enable-libfreetype --enable-libfribidi --enable-libglslang --enable-libgme --enable-libgsm --enable-libharfbuzz --enable-libmp3lame --enable-libmysofa --enable-libopenjpeg --enable-libopenmpt --enable-libopus --enable-librubberband --enable-libshine --enable-libsnappy --enable-libsoxr --enable-libspeex --enable-libtheora --enable-libtwolame --enable-libvidstab --enable-libvorbis --enable-libvpx --enable-libwebp --enable-libx265 --enable-libxml2 --enable-libxvid --enable-libzimg --enable-openal --enable-opencl --enable-opengl --disable-sndio --enable-libvpl --disable-libmfx --enable-libdc1394 --enable-libdrm --enable-libiec61883 --enable-chromaprint --enable-frei0r --enable-ladspa --enable-libbluray --enable-libjack --enable-libpulse --enable-librabbitmq --enable-librist --enable-libsrt --enable-libssh --enable-libsvtav1 --enable-libx264 --enable-libzmq --enable-libzvbi --enable-lv2 --enable-sdl2 --enable-libplacebo --enable-librav1e --enable-pocketsphinx --enable-librsvg --enable-libjxl --enable-shared
  libavutil      58. 29.100 / 58. 29.100
  libavcodec     60. 31.102 / 60. 31.102
  libavformat    60. 16.100 / 60. 16.100
  libavdevice    60.  3.100 / 60.  3.100
  libavfilter     9. 12.100 /  9. 12.100
  libswscale      7.  5.100 /  7.  5.100
  libswresample   4. 12.100 /  4. 12.100
  libpostproc    57.  3.100 / 57.  3.100
Input #0, mov,mp4,m4a,3gp,3g2,mj2, from '/data/vaishak/combined-kv-quant/results/runs/backfill_age_tier_int2_9bbee19b8cfd_10s/videos/AGE_TIER_INT2/prompt_0008_seed_8.mp4':
  Metadata:
    major_brand     : isom
    minor_version   : 512
    compatible_brands: isomiso2avc1mp41
    encoder         : Lavf61.1.100
  Duration: 00:00:10.31, start: 0.000000, bitrate: 1058 kb/s
  Stream #0:0[0x1](und): Video: h264 (High) (avc1 / 0x31637661), yuv420p(progressive), 832x480, 1056 kb/s, 16 fps, 16 tbr, 16384 tbn (default)
    Metadata:
      handler_name    : VideoHandler
      vendor_id       : [0][0][0][0]
Stream mapping:
  Stream #0:0 -> #0:0 (h264 (native) -> h264 (libx264))
Press [q] to stop, [?] for help
[libx264 @ 0x619db16a7540] using cpu capabilities: MMX2 SSE2Fast SSSE3 SSE4.2 AVX FMA3 BMI2 AVX2
[libx264 @ 0x619db16a7540] profile High, level 3.0, 4:2:0, 8-bit
[libx264 @ 0x619db16a7540] 264 - core 164 r3108 31e19f9 - H.264/MPEG-4 AVC codec - Copyleft 2003-2023 - http://www.videolan.org/x264.html - options: cabac=1 ref=3 deblock=1:0:0 analyse=0x3:0x113 me=hex subme=7 psy=1 psy_rd=1.00:0.00 mixed_ref=1 me_range=16 chroma_me=1 trellis=1 8x8dct=1 cqm=0 deadzone=21,11 fast_pskip=1 chroma_qp_offset=-2 threads=15 lookahead_threads=2 sliced_threads=0 nr=0 decimate=1 interlaced=0 bluray_compat=0 constrained_intra=0 bframes=3 b_pyramid=2 b_adapt=1 b_bias=0 direct=1 weightb=1 open_gop=0 weightp=2 keyint=250 keyint_min=16 scenecut=40 intra_refresh=0 rc_lookahead=40 rc=crf mbtree=1 crf=23.0 qcomp=0.60 qpmin=0 qpmax=69 qpstep=4 ip_ratio=1.40 aq=1:1.00
Output #0, mp4, to '/data/vaishak/combined-kv-quant/results/combined/backfills/drift/moviegen/e2bffc685f645814_AGE_TIER_INT2/AGE_TIER_INT2_frames_165/prompt_0008_seed_8.mp4':
  Metadata:
    major_brand     : isom
    minor_version   : 512
    compatible_brands: isomiso2avc1mp41
    encoder         : Lavf60.16.100
  Stream #0:0(und): Video: h264 (avc1 / 0x31637661), yuv420p(progressive), 832x480, q=2-31, 16 fps, 16384 tbn (default)
    Metadata:
      handler_name    : VideoHandler
      vendor_id       : [0][0][0][0]
      encoder         : Lavc60.31.102 libx264
    Side data:
      cpb: bitrate max/min/avg: 0/0/0 buffer size: 0 vbv_delay: N/A
frame=    0 fps=0.0 q=0.0 size=       0kB time=N/A bitrate=N/A speed=N/A    [out#0/mp4 @ 0x619db1621d80] video:1180kB audio:0kB subtitle:0kB other streams:0kB global headers:0kB muxing overhead: 0.225595%
frame=  165 fps=0.0 q=-1.0 Lsize=    1183kB time=00:00:10.12 bitrate= 957.3kbits/s speed=14.9x    
[libx264 @ 0x619db16a7540] frame I:1     Avg QP:20.41  size: 45868
[libx264 @ 0x619db16a7540] frame P:72    Avg QP:22.54  size: 12477
[libx264 @ 0x619db16a7540] frame B:92    Avg QP:25.86  size:  2869
[libx264 @ 0x619db16a7540] consecutive B-frames: 16.4% 24.2% 10.9% 48.5%
[libx264 @ 0x619db16a7540] mb I  I16..4:  7.6% 56.2% 36.2%
[libx264 @ 0x619db16a7540] mb P  I16..4:  1.5%  3.5%  0.3%  P16..4: 56.2% 22.5%  8.3%  0.0%  0.0%    skip: 7.7%
[libx264 @ 0x619db16a7540] mb B  I16..4:  0.1%  0.2%  0.0%  B16..8: 37.7%  5.1%  0.7%  direct: 5.5%  skip:50.6%  L0:58.4% L1:31.9% BI: 9.8%
[libx264 @ 0x619db16a7540] 8x8 transform intra:63.5% inter:71.1%
[libx264 @ 0x619db16a7540] coded y,uvDC,uvAC intra: 57.7% 93.5% 54.8% inter: 26.4% 42.4% 3.4%
[libx264 @ 0x619db16a7540] i16 v,h,dc,p:  6% 38%  5% 51%
[libx264 @ 0x619db16a7540] i8 v,h,dc,ddl,ddr,vr,hd,vl,hu: 12% 29% 15%  4%  8%  7% 11%  6%  8%
[libx264 @ 0x619db16a7540] i4 v,h,dc,ddl,ddr,vr,hd,vl,hu: 15% 24% 13%  7% 11%  7% 10%  7%  7%
[libx264 @ 0x619db16a7540] i8c dc,h,v,p: 31% 35% 11% 22%
[libx264 @ 0x619db16a7540] Weighted P-Frames: Y:50.0% UV:38.9%
[libx264 @ 0x619db16a7540] ref P L0: 56.0% 20.6% 15.6%  5.5%  2.2%
[libx264 @ 0x619db16a7540] ref B L0: 88.6%  9.5%  2.0%
[libx264 @ 0x619db16a7540] ref B L1: 97.3%  2.7%
[libx264 @ 0x619db16a7540] kb/s:937.20
ffmpeg version 6.1.1-3ubuntu5 Copyright (c) 2000-2023 the FFmpeg developers
  built with gcc 13 (Ubuntu 13.2.0-23ubuntu3)
  configuration: --prefix=/usr --extra-version=3ubuntu5 --toolchain=hardened --libdir=/usr/lib/x86_64-linux-gnu --incdir=/usr/include/x86_64-linux-gnu --arch=amd64 --enable-gpl --disable-stripping --disable-omx --enable-gnutls --enable-libaom --enable-libass --enable-libbs2b --enable-libcaca --enable-libcdio --enable-libcodec2 --enable-libdav1d --enable-libflite --enable-libfontconfig --enable-libfreetype --enable-libfribidi --enable-libglslang --enable-libgme --enable-libgsm --enable-libharfbuzz --enable-libmp3lame --enable-libmysofa --enable-libopenjpeg --enable-libopenmpt --enable-libopus --enable-librubberband --enable-libshine --enable-libsnappy --enable-libsoxr --enable-libspeex --enable-libtheora --enable-libtwolame --enable-libvidstab --enable-libvorbis --enable-libvpx --enable-libwebp --enable-libx265 --enable-libxml2 --enable-libxvid --enable-libzimg --enable-openal --enable-opencl --enable-opengl --disable-sndio --enable-libvpl --disable-libmfx --enable-libdc1394 --enable-libdrm --enable-libiec61883 --enable-chromaprint --enable-frei0r --enable-ladspa --enable-libbluray --enable-libjack --enable-libpulse --enable-librabbitmq --enable-librist --enable-libsrt --enable-libssh --enable-libsvtav1 --enable-libx264 --enable-libzmq --enable-libzvbi --enable-lv2 --enable-sdl2 --enable-libplacebo --enable-librav1e --enable-pocketsphinx --enable-librsvg --enable-libjxl --enable-shared
  libavutil      58. 29.100 / 58. 29.100
  libavcodec     60. 31.102 / 60. 31.102
  libavformat    60. 16.100 / 60. 16.100
  libavdevice    60.  3.100 / 60.  3.100
  libavfilter     9. 12.100 /  9. 12.100
  libswscale      7.  5.100 /  7.  5.100
  libswresample   4. 12.100 /  4. 12.100
  libpostproc    57.  3.100 / 57.  3.100
Input #0, mov,mp4,m4a,3gp,3g2,mj2, from '/data/vaishak/combined-kv-quant/results/runs/backfill_age_tier_int2_9bbee19b8cfd_10s/videos/AGE_TIER_INT2/prompt_0009_seed_9.mp4':
  Metadata:
    major_brand     : isom
    minor_version   : 512
    compatible_brands: isomiso2avc1mp41
    encoder         : Lavf61.1.100
  Duration: 00:00:10.31, start: 0.000000, bitrate: 1118 kb/s
  Stream #0:0[0x1](und): Video: h264 (High) (avc1 / 0x31637661), yuv420p(progressive), 832x480, 1116 kb/s, 16 fps, 16 tbr, 16384 tbn (default)
    Metadata:
      handler_name    : VideoHandler
      vendor_id       : [0][0][0][0]
Stream mapping:
  Stream #0:0 -> #0:0 (h264 (native) -> h264 (libx264))
Press [q] to stop, [?] for help
[libx264 @ 0x5b8952b6a700] using cpu capabilities: MMX2 SSE2Fast SSSE3 SSE4.2 AVX FMA3 BMI2 AVX2
[libx264 @ 0x5b8952b6a700] profile High, level 3.0, 4:2:0, 8-bit
[libx264 @ 0x5b8952b6a700] 264 - core 164 r3108 31e19f9 - H.264/MPEG-4 AVC codec - Copyleft 2003-2023 - http://www.videolan.org/x264.html - options: cabac=1 ref=3 deblock=1:0:0 analyse=0x3:0x113 me=hex subme=7 psy=1 psy_rd=1.00:0.00 mixed_ref=1 me_range=16 chroma_me=1 trellis=1 8x8dct=1 cqm=0 deadzone=21,11 fast_pskip=1 chroma_qp_offset=-2 threads=15 lookahead_threads=2 sliced_threads=0 nr=0 decimate=1 interlaced=0 bluray_compat=0 constrained_intra=0 bframes=3 b_pyramid=2 b_adapt=1 b_bias=0 direct=1 weightb=1 open_gop=0 weightp=2 keyint=250 keyint_min=16 scenecut=40 intra_refresh=0 rc_lookahead=40 rc=crf mbtree=1 crf=23.0 qcomp=0.60 qpmin=0 qpmax=69 qpstep=4 ip_ratio=1.40 aq=1:1.00
Output #0, mp4, to '/data/vaishak/combined-kv-quant/results/combined/backfills/drift/moviegen/e2bffc685f645814_AGE_TIER_INT2/AGE_TIER_INT2_frames_165/prompt_0009_seed_9.mp4':
  Metadata:
    major_brand     : isom
    minor_version   : 512
    compatible_brands: isomiso2avc1mp41
    encoder         : Lavf60.16.100
  Stream #0:0(und): Video: h264 (avc1 / 0x31637661), yuv420p(progressive), 832x480, q=2-31, 16 fps, 16384 tbn (default)
    Metadata:
      handler_name    : VideoHandler
      vendor_id       : [0][0][0][0]
      encoder         : Lavc60.31.102 libx264
    Side data:
      cpb: bitrate max/min/avg: 0/0/0 buffer size: 0 vbv_delay: N/A
frame=    0 fps=0.0 q=0.0 size=       0kB time=N/A bitrate=N/A speed=N/A    frame=   83 fps=0.0 q=27.0 size=    1024kB time=00:00:05.06 bitrate=1657.1kbits/s speed= 9.8x    [out#0/mp4 @ 0x5b8952b69100] video:2466kB audio:0kB subtitle:0kB other streams:0kB global headers:0kB muxing overhead: 0.112883%
frame=  165 fps=0.0 q=-1.0 Lsize=    2469kB time=00:00:10.12 bitrate=1997.8kbits/s speed=12.5x    
[libx264 @ 0x5b8952b6a700] frame I:2     Avg QP:22.10  size: 58738
[libx264 @ 0x5b8952b6a700] frame P:42    Avg QP:24.43  size: 33493
[libx264 @ 0x5b8952b6a700] frame B:121   Avg QP:27.28  size:  8271
[libx264 @ 0x5b8952b6a700] consecutive B-frames:  1.8%  0.0%  3.6% 94.5%
[libx264 @ 0x5b8952b6a700] mb I  I16..4:  2.6% 68.2% 29.2%
[libx264 @ 0x5b8952b6a700] mb P  I16..4:  1.3% 20.0%  4.6%  P16..4: 34.5% 24.0% 12.6%  0.0%  0.0%    skip: 3.0%
[libx264 @ 0x5b8952b6a700] mb B  I16..4:  0.1%  1.4%  0.6%  B16..8: 44.0% 11.1%  5.0%  direct: 5.0%  skip:33.0%  L0:55.9% L1:32.8% BI:11.3%
[libx264 @ 0x5b8952b6a700] 8x8 transform intra:74.2% inter:65.4%
[libx264 @ 0x5b8952b6a700] coded y,uvDC,uvAC intra: 89.1% 79.8% 21.4% inter: 33.6% 22.1% 0.5%
[libx264 @ 0x5b8952b6a700] i16 v,h,dc,p:  8% 36% 18% 38%
[libx264 @ 0x5b8952b6a700] i8 v,h,dc,ddl,ddr,vr,hd,vl,hu: 12% 24% 17%  5%  7%  7% 11%  6% 11%
[libx264 @ 0x5b8952b6a700] i4 v,h,dc,ddl,ddr,vr,hd,vl,hu: 13% 23% 14%  6%  9%  7% 12%  6% 10%
[libx264 @ 0x5b8952b6a700] i8c dc,h,v,p: 44% 29% 15% 11%
[libx264 @ 0x5b8952b6a700] Weighted P-Frames: Y:47.6% UV:21.4%
[libx264 @ 0x5b8952b6a700] ref P L0: 42.0% 22.7% 19.3% 12.0%  4.0%
[libx264 @ 0x5b8952b6a700] ref B L0: 84.6% 11.7%  3.7%
[libx264 @ 0x5b8952b6a700] ref B L1: 98.8%  1.2%
[libx264 @ 0x5b8952b6a700] kb/s:1958.73
[rank0]:[W310 22:58:27.440957354 ProcessGroupNCCL.cpp:4115] [PG ID 0 PG GUID 0 Rank 0]  using GPU 0 to perform barrier as devices used by this process are currently unknown. This can potentially cause a hang if this rank to GPU mapping is incorrect.Specify device_ids in barrier() to force use of a particular device,or call init_process_group() with a device_id.
/home/suraj/miniforge3/envs/qvg_sf_eval/lib/python3.10/site-packages/clip/clip.py:6: UserWarning: pkg_resources is deprecated as an API. See https://setuptools.pypa.io/en/latest/pkg_resources.html. The pkg_resources package is slated for removal as early as 2025-11-30. Refrain from using this package or pin to Setuptools<81.
  from pkg_resources import packaging
/home/suraj/miniforge3/envs/qvg_sf_eval/lib/python3.10/site-packages/timm/models/layers/__init__.py:48: FutureWarning: Importing from timm.models.layers is deprecated, please import via timm.layers
  warnings.warn(f"Importing from {__name__} is deprecated, please import via timm.layers", FutureWarning)
/home/suraj/miniforge3/envs/qvg_sf_eval/lib/python3.10/site-packages/pyiqa/archs/arch_util.py:118: FutureWarning: You are using `torch.load` with `weights_only=False` (the current default value), which uses the default pickle module implicitly. It is possible to construct malicious pickle data which will execute arbitrary code during unpickling (See https://github.com/pytorch/pytorch/blob/main/SECURITY.md#untrusted-models for more details). In a future release, the default value for `weights_only` will be flipped to `True`. This limits the functions that could be executed during unpickling. Arbitrary objects will no longer be allowed to be loaded via this mode unless they are explicitly allowlisted by the user via `torch.serialization.add_safe_globals`. We recommend you start setting `weights_only=True` for any use case where you don't have full control of the loaded file. Please open an issue on GitHub for any issues related to this experimental feature.
  state_dict = torch.load(model_path, map_location=torch.device("cpu"))
args: Namespace(output_path='/data/vaishak/combined-kv-quant/results/combined/backfills/drift/moviegen/e2bffc685f645814_AGE_TIER_INT2/vbench_AGE_TIER_INT2_165', full_json_dir='/data/vaishak/combined-kv-quant/third_party/VBench/vbench/VBench_full_info.json', videos_path='/data/vaishak/combined-kv-quant/results/combined/backfills/drift/moviegen/e2bffc685f645814_AGE_TIER_INT2/AGE_TIER_INT2_frames_165', dimension=['imaging_quality'], load_ckpt_from_local=None, read_frame=None, mode='custom_input', prompt='None', prompt_file='/data/vaishak/combined-kv-quant/results/combined/backfills/drift/moviegen/e2bffc685f645814_AGE_TIER_INT2/prompt_map_165.json', category=None, imaging_quality_preprocessing_mode='longer')
start evaluation
Evaluation meta data saved to /data/vaishak/combined-kv-quant/results/combined/backfills/drift/moviegen/e2bffc685f645814_AGE_TIER_INT2/vbench_AGE_TIER_INT2_165/results_2026-03-10-22:58:26_full_info.json
cur_full_info_path: /data/vaishak/combined-kv-quant/results/combined/backfills/drift/moviegen/e2bffc685f645814_AGE_TIER_INT2/vbench_AGE_TIER_INT2_165/results_2026-03-10-22:58:26_full_info.json
Loading pretrained model MUSIQ from /home/vaishak/.cache/vbench/pyiqa_model/musiq_spaq_ckpt-358bb6af.pth
  0%|          | 0/10 [00:00<?, ?it/s] 10%|█         | 1/10 [00:05<00:53,  5.92s/it] 20%|██        | 2/10 [00:10<00:40,  5.09s/it] 30%|███       | 3/10 [00:15<00:34,  4.96s/it] 40%|████      | 4/10 [00:20<00:29,  4.89s/it] 50%|█████     | 5/10 [00:24<00:24,  4.85s/it] 60%|██████    | 6/10 [00:31<00:21,  5.39s/it] 70%|███████   | 7/10 [00:37<00:17,  5.84s/it] 80%|████████  | 8/10 [00:44<00:12,  6.12s/it] 90%|█████████ | 9/10 [00:51<00:06,  6.21s/it]100%|██████████| 10/10 [00:55<00:00,  5.72s/it]100%|██████████| 10/10 [00:55<00:00,  5.57s/it]
Evaluation results saved to /data/vaishak/combined-kv-quant/results/combined/backfills/drift/moviegen/e2bffc685f645814_AGE_TIER_INT2/vbench_AGE_TIER_INT2_165/results_2026-03-10-22:58:26_eval_results.json
done
[rank0]:[W310 22:59:25.642947566 ProcessGroupNCCL.cpp:1250] Warning: WARNING: process group has NOT been destroyed before we destruct ProcessGroupNCCL. On normal program exit, the application should call destroy_process_group to ensure that any pending NCCL operations have finished in this process. In rare cases this process can exit before this point and block the progress of another member of the process group. This constraint has always been present,  but this warning has only been added since PyTorch 2.4 (function operator())
{
  "method": "AGE_TIER_INT2",
  "frame_step": 165,
  "max_frames": 165,
  "curve": [
    {
      "frame_cap": 165,
      "imaging_quality": [
        0.573083570873376,
        [
          {
            "video_path": "/data/vaishak/combined-kv-quant/results/combined/backfills/drift/moviegen/e2bffc685f645814_AGE_TIER_INT2/AGE_TIER_INT2_frames_165/prompt_0007_seed_7.mp4",
            "video_results": 64.13379613702948
          },
          {
            "video_path": "/data/vaishak/combined-kv-quant/results/combined/backfills/drift/moviegen/e2bffc685f645814_AGE_TIER_INT2/AGE_TIER_INT2_frames_165/prompt_0006_seed_6.mp4",
            "video_results": 45.504309405702536
          },
          {
            "video_path": "/data/vaishak/combined-kv-quant/results/combined/backfills/drift/moviegen/e2bffc685f645814_AGE_TIER_INT2/AGE_TIER_INT2_frames_165/prompt_0004_seed_4.mp4",
            "video_results": 50.34179397351814
          },
          {
            "video_path": "/data/vaishak/combined-kv-quant/results/combined/backfills/drift/moviegen/e2bffc685f645814_AGE_TIER_INT2/AGE_TIER_INT2_frames_165/prompt_0003_seed_3.mp4",
            "video_results": 57.75161747787938
          },
          {
            "video_path": "/data/vaishak/combined-kv-quant/results/combined/backfills/drift/moviegen/e2bffc685f645814_AGE_TIER_INT2/AGE_TIER_INT2_frames_165/prompt_0005_seed_5.mp4",
            "video_results": 64.85554589936227
          },
          {
            "video_path": "/data/vaishak/combined-kv-quant/results/combined/backfills/drift/moviegen/e2bffc685f645814_AGE_TIER_INT2/AGE_TIER_INT2_frames_165/prompt_0002_seed_2.mp4",
            "video_results": 60.81066559300278
          },
          {
            "video_path": "/data/vaishak/combined-kv-quant/results/combined/backfills/drift/moviegen/e2bffc685f645814_AGE_TIER_INT2/AGE_TIER_INT2_frames_165/prompt_0001_seed_1.mp4",
            "video_results": 63.2100341796875
          },
          {
            "video_path": "/data/vaishak/combined-kv-quant/results/combined/backfills/drift/moviegen/e2bffc685f645814_AGE_TIER_INT2/AGE_TIER_INT2_frames_165/prompt_0009_seed_9.mp4",
            "video_results": 63.876917613636365
          },
          {
            "video_path": "/data/vaishak/combined-kv-quant/results/combined/backfills/drift/moviegen/e2bffc685f645814_AGE_TIER_INT2/AGE_TIER_INT2_frames_165/prompt_0008_seed_8.mp4",
            "video_results": 59.05211639404297
          },
          {
            "video_path": "/data/vaishak/combined-kv-quant/results/combined/backfills/drift/moviegen/e2bffc685f645814_AGE_TIER_INT2/AGE_TIER_INT2_frames_165/prompt_0000_seed_0.mp4",
            "video_results": 43.54677419951468
          }
        ]
      ]
    }
  ]
}
ffmpeg version 6.1.1-3ubuntu5 Copyright (c) 2000-2023 the FFmpeg developers
  built with gcc 13 (Ubuntu 13.2.0-23ubuntu3)
  configuration: --prefix=/usr --extra-version=3ubuntu5 --toolchain=hardened --libdir=/usr/lib/x86_64-linux-gnu --incdir=/usr/include/x86_64-linux-gnu --arch=amd64 --enable-gpl --disable-stripping --disable-omx --enable-gnutls --enable-libaom --enable-libass --enable-libbs2b --enable-libcaca --enable-libcdio --enable-libcodec2 --enable-libdav1d --enable-libflite --enable-libfontconfig --enable-libfreetype --enable-libfribidi --enable-libglslang --enable-libgme --enable-libgsm --enable-libharfbuzz --enable-libmp3lame --enable-libmysofa --enable-libopenjpeg --enable-libopenmpt --enable-libopus --enable-librubberband --enable-libshine --enable-libsnappy --enable-libsoxr --enable-libspeex --enable-libtheora --enable-libtwolame --enable-libvidstab --enable-libvorbis --enable-libvpx --enable-libwebp --enable-libx265 --enable-libxml2 --enable-libxvid --enable-libzimg --enable-openal --enable-opencl --enable-opengl --disable-sndio --enable-libvpl --disable-libmfx --enable-libdc1394 --enable-libdrm --enable-libiec61883 --enable-chromaprint --enable-frei0r --enable-ladspa --enable-libbluray --enable-libjack --enable-libpulse --enable-librabbitmq --enable-librist --enable-libsrt --enable-libssh --enable-libsvtav1 --enable-libx264 --enable-libzmq --enable-libzvbi --enable-lv2 --enable-sdl2 --enable-libplacebo --enable-librav1e --enable-pocketsphinx --enable-librsvg --enable-libjxl --enable-shared
  libavutil      58. 29.100 / 58. 29.100
  libavcodec     60. 31.102 / 60. 31.102
  libavformat    60. 16.100 / 60. 16.100
  libavdevice    60.  3.100 / 60.  3.100
  libavfilter     9. 12.100 /  9. 12.100
  libswscale      7.  5.100 /  7.  5.100
  libswresample   4. 12.100 /  4. 12.100
  libpostproc    57.  3.100 / 57.  3.100
Input #0, mov,mp4,m4a,3gp,3g2,mj2, from '/data/vaishak/combined-kv-quant/results/runs/backfill_age_tier_int4_74dcf380574b_10s/videos/AGE_TIER_INT4/prompt_0000_seed_0.mp4':
  Metadata:
    major_brand     : isom
    minor_version   : 512
    compatible_brands: isomiso2avc1mp41
    encoder         : Lavf61.1.100
  Duration: 00:00:10.31, start: 0.000000, bitrate: 1047 kb/s
  Stream #0:0[0x1](und): Video: h264 (High) (avc1 / 0x31637661), yuv420p(progressive), 832x480, 1045 kb/s, 16 fps, 16 tbr, 16384 tbn (default)
    Metadata:
      handler_name    : VideoHandler
      vendor_id       : [0][0][0][0]
Stream mapping:
  Stream #0:0 -> #0:0 (h264 (native) -> h264 (libx264))
Press [q] to stop, [?] for help
[libx264 @ 0x6213c9099500] using cpu capabilities: MMX2 SSE2Fast SSSE3 SSE4.2 AVX FMA3 BMI2 AVX2
[libx264 @ 0x6213c9099500] profile High, level 3.0, 4:2:0, 8-bit
[libx264 @ 0x6213c9099500] 264 - core 164 r3108 31e19f9 - H.264/MPEG-4 AVC codec - Copyleft 2003-2023 - http://www.videolan.org/x264.html - options: cabac=1 ref=3 deblock=1:0:0 analyse=0x3:0x113 me=hex subme=7 psy=1 psy_rd=1.00:0.00 mixed_ref=1 me_range=16 chroma_me=1 trellis=1 8x8dct=1 cqm=0 deadzone=21,11 fast_pskip=1 chroma_qp_offset=-2 threads=15 lookahead_threads=2 sliced_threads=0 nr=0 decimate=1 interlaced=0 bluray_compat=0 constrained_intra=0 bframes=3 b_pyramid=2 b_adapt=1 b_bias=0 direct=1 weightb=1 open_gop=0 weightp=2 keyint=250 keyint_min=16 scenecut=40 intra_refresh=0 rc_lookahead=40 rc=crf mbtree=1 crf=23.0 qcomp=0.60 qpmin=0 qpmax=69 qpstep=4 ip_ratio=1.40 aq=1:1.00
Output #0, mp4, to '/data/vaishak/combined-kv-quant/results/combined/backfills/drift/moviegen/1f42a23e6189f60d_AGE_TIER_INT4/AGE_TIER_INT4_frames_165/prompt_0000_seed_0.mp4':
  Metadata:
    major_brand     : isom
    minor_version   : 512
    compatible_brands: isomiso2avc1mp41
    encoder         : Lavf60.16.100
  Stream #0:0(und): Video: h264 (avc1 / 0x31637661), yuv420p(progressive), 832x480, q=2-31, 16 fps, 16384 tbn (default)
    Metadata:
      handler_name    : VideoHandler
      vendor_id       : [0][0][0][0]
      encoder         : Lavc60.31.102 libx264
    Side data:
      cpb: bitrate max/min/avg: 0/0/0 buffer size: 0 vbv_delay: N/A
frame=    0 fps=0.0 q=0.0 size=       0kB time=N/A bitrate=N/A speed=N/A    [out#0/mp4 @ 0x6213c900c000] video:1706kB audio:0kB subtitle:0kB other streams:0kB global headers:0kB muxing overhead: 0.162964%
frame=  165 fps=0.0 q=-1.0 Lsize=    1709kB time=00:00:10.12 bitrate=1382.6kbits/s speed=13.8x    
[libx264 @ 0x6213c9099500] frame I:1     Avg QP:23.64  size: 66190
[libx264 @ 0x6213c9099500] frame P:45    Avg QP:23.88  size: 21558
[libx264 @ 0x6213c9099500] frame B:119   Avg QP:27.56  size:  5967
[libx264 @ 0x6213c9099500] consecutive B-frames:  2.4%  3.6%  1.8% 92.1%
[libx264 @ 0x6213c9099500] mb I  I16..4:  2.1% 57.2% 40.8%
[libx264 @ 0x6213c9099500] mb P  I16..4:  1.8% 14.1%  3.8%  P16..4: 38.1% 28.1% 11.2%  0.0%  0.0%    skip: 2.9%
[libx264 @ 0x6213c9099500] mb B  I16..4:  0.3%  1.2%  0.4%  B16..8: 46.8% 12.3%  2.9%  direct: 4.0%  skip:32.1%  L0:49.6% L1:35.1% BI:15.3%
[libx264 @ 0x6213c9099500] 8x8 transform intra:69.2% inter:70.3%
[libx264 @ 0x6213c9099500] coded y,uvDC,uvAC intra: 77.0% 91.2% 55.1% inter: 28.6% 31.4% 3.8%
[libx264 @ 0x6213c9099500] i16 v,h,dc,p: 40% 15% 10% 34%
[libx264 @ 0x6213c9099500] i8 v,h,dc,ddl,ddr,vr,hd,vl,hu: 28% 14% 13%  5%  6% 10%  7%  9%  8%
[libx264 @ 0x6213c9099500] i4 v,h,dc,ddl,ddr,vr,hd,vl,hu: 29% 13% 13%  6%  7% 10%  7%  8%  6%
[libx264 @ 0x6213c9099500] i8c dc,h,v,p: 36% 15% 35% 15%
[libx264 @ 0x6213c9099500] Weighted P-Frames: Y:13.3% UV:11.1%
[libx264 @ 0x6213c9099500] ref P L0: 53.1% 28.4% 12.6%  5.0%  1.0%
[libx264 @ 0x6213c9099500] ref B L0: 93.2%  5.5%  1.3%
[libx264 @ 0x6213c9099500] ref B L1: 99.2%  0.8%
[libx264 @ 0x6213c9099500] kb/s:1354.72
ffmpeg version 6.1.1-3ubuntu5 Copyright (c) 2000-2023 the FFmpeg developers
  built with gcc 13 (Ubuntu 13.2.0-23ubuntu3)
  configuration: --prefix=/usr --extra-version=3ubuntu5 --toolchain=hardened --libdir=/usr/lib/x86_64-linux-gnu --incdir=/usr/include/x86_64-linux-gnu --arch=amd64 --enable-gpl --disable-stripping --disable-omx --enable-gnutls --enable-libaom --enable-libass --enable-libbs2b --enable-libcaca --enable-libcdio --enable-libcodec2 --enable-libdav1d --enable-libflite --enable-libfontconfig --enable-libfreetype --enable-libfribidi --enable-libglslang --enable-libgme --enable-libgsm --enable-libharfbuzz --enable-libmp3lame --enable-libmysofa --enable-libopenjpeg --enable-libopenmpt --enable-libopus --enable-librubberband --enable-libshine --enable-libsnappy --enable-libsoxr --enable-libspeex --enable-libtheora --enable-libtwolame --enable-libvidstab --enable-libvorbis --enable-libvpx --enable-libwebp --enable-libx265 --enable-libxml2 --enable-libxvid --enable-libzimg --enable-openal --enable-opencl --enable-opengl --disable-sndio --enable-libvpl --disable-libmfx --enable-libdc1394 --enable-libdrm --enable-libiec61883 --enable-chromaprint --enable-frei0r --enable-ladspa --enable-libbluray --enable-libjack --enable-libpulse --enable-librabbitmq --enable-librist --enable-libsrt --enable-libssh --enable-libsvtav1 --enable-libx264 --enable-libzmq --enable-libzvbi --enable-lv2 --enable-sdl2 --enable-libplacebo --enable-librav1e --enable-pocketsphinx --enable-librsvg --enable-libjxl --enable-shared
  libavutil      58. 29.100 / 58. 29.100
  libavcodec     60. 31.102 / 60. 31.102
  libavformat    60. 16.100 / 60. 16.100
  libavdevice    60.  3.100 / 60.  3.100
  libavfilter     9. 12.100 /  9. 12.100
  libswscale      7.  5.100 /  7.  5.100
  libswresample   4. 12.100 /  4. 12.100
  libpostproc    57.  3.100 / 57.  3.100
Input #0, mov,mp4,m4a,3gp,3g2,mj2, from '/data/vaishak/combined-kv-quant/results/runs/backfill_age_tier_int4_74dcf380574b_10s/videos/AGE_TIER_INT4/prompt_0001_seed_1.mp4':
  Metadata:
    major_brand     : isom
    minor_version   : 512
    compatible_brands: isomiso2avc1mp41
    encoder         : Lavf61.1.100
  Duration: 00:00:10.31, start: 0.000000, bitrate: 1018 kb/s
  Stream #0:0[0x1](und): Video: h264 (High) (avc1 / 0x31637661), yuv420p(progressive), 832x480, 1016 kb/s, 16 fps, 16 tbr, 16384 tbn (default)
    Metadata:
      handler_name    : VideoHandler
      vendor_id       : [0][0][0][0]
Stream mapping:
  Stream #0:0 -> #0:0 (h264 (native) -> h264 (libx264))
Press [q] to stop, [?] for help
[libx264 @ 0x558e3ec63240] using cpu capabilities: MMX2 SSE2Fast SSSE3 SSE4.2 AVX FMA3 BMI2 AVX2
[libx264 @ 0x558e3ec63240] profile High, level 3.0, 4:2:0, 8-bit
[libx264 @ 0x558e3ec63240] 264 - core 164 r3108 31e19f9 - H.264/MPEG-4 AVC codec - Copyleft 2003-2023 - http://www.videolan.org/x264.html - options: cabac=1 ref=3 deblock=1:0:0 analyse=0x3:0x113 me=hex subme=7 psy=1 psy_rd=1.00:0.00 mixed_ref=1 me_range=16 chroma_me=1 trellis=1 8x8dct=1 cqm=0 deadzone=21,11 fast_pskip=1 chroma_qp_offset=-2 threads=15 lookahead_threads=2 sliced_threads=0 nr=0 decimate=1 interlaced=0 bluray_compat=0 constrained_intra=0 bframes=3 b_pyramid=2 b_adapt=1 b_bias=0 direct=1 weightb=1 open_gop=0 weightp=2 keyint=250 keyint_min=16 scenecut=40 intra_refresh=0 rc_lookahead=40 rc=crf mbtree=1 crf=23.0 qcomp=0.60 qpmin=0 qpmax=69 qpstep=4 ip_ratio=1.40 aq=1:1.00
Output #0, mp4, to '/data/vaishak/combined-kv-quant/results/combined/backfills/drift/moviegen/1f42a23e6189f60d_AGE_TIER_INT4/AGE_TIER_INT4_frames_165/prompt_0001_seed_1.mp4':
  Metadata:
    major_brand     : isom
    minor_version   : 512
    compatible_brands: isomiso2avc1mp41
    encoder         : Lavf60.16.100
  Stream #0:0(und): Video: h264 (avc1 / 0x31637661), yuv420p(progressive), 832x480, q=2-31, 16 fps, 16384 tbn (default)
    Metadata:
      handler_name    : VideoHandler
      vendor_id       : [0][0][0][0]
      encoder         : Lavc60.31.102 libx264
    Side data:
      cpb: bitrate max/min/avg: 0/0/0 buffer size: 0 vbv_delay: N/A
frame=    0 fps=0.0 q=0.0 size=       0kB time=N/A bitrate=N/A speed=N/A    [out#0/mp4 @ 0x558e3ebd6000] video:1723kB audio:0kB subtitle:0kB other streams:0kB global headers:0kB muxing overhead: 0.160469%
frame=  165 fps=0.0 q=-1.0 Lsize=    1726kB time=00:00:10.12 bitrate=1396.2kbits/s speed=14.4x    
[libx264 @ 0x558e3ec63240] frame I:1     Avg QP:22.38  size: 66239
[libx264 @ 0x558e3ec63240] frame P:46    Avg QP:22.60  size: 24933
[libx264 @ 0x558e3ec63240] frame B:118   Avg QP:26.26  size:  4664
[libx264 @ 0x558e3ec63240] consecutive B-frames:  1.2%  8.5%  5.5% 84.8%
[libx264 @ 0x558e3ec63240] mb I  I16..4:  0.6% 64.8% 34.6%
[libx264 @ 0x558e3ec63240] mb P  I16..4:  0.6%  3.4%  0.8%  P16..4: 43.4% 29.5% 16.0%  0.0%  0.0%    skip: 6.2%
[libx264 @ 0x558e3ec63240] mb B  I16..4:  0.0%  0.0%  0.0%  B16..8: 50.8%  7.6%  2.8%  direct: 2.3%  skip:36.4%  L0:39.7% L1:49.4% BI:10.8%
[libx264 @ 0x558e3ec63240] 8x8 transform intra:68.8% inter:63.4%
[libx264 @ 0x558e3ec63240] coded y,uvDC,uvAC intra: 82.0% 85.1% 45.2% inter: 25.6% 18.0% 0.2%
[libx264 @ 0x558e3ec63240] i16 v,h,dc,p: 12% 41% 17% 30%
[libx264 @ 0x558e3ec63240] i8 v,h,dc,ddl,ddr,vr,hd,vl,hu: 10% 26% 18%  5%  7%  6% 12%  6% 10%
[libx264 @ 0x558e3ec63240] i4 v,h,dc,ddl,ddr,vr,hd,vl,hu: 10% 24% 13%  7%  9%  7% 13%  7% 11%
[libx264 @ 0x558e3ec63240] i8c dc,h,v,p: 42% 34% 13% 11%
[libx264 @ 0x558e3ec63240] Weighted P-Frames: Y:26.1% UV:0.0%
[libx264 @ 0x558e3ec63240] ref P L0: 52.3% 28.6% 14.6%  3.9%  0.6%
[libx264 @ 0x558e3ec63240] ref B L0: 95.2%  4.4%  0.5%
[libx264 @ 0x558e3ec63240] ref B L1: 98.6%  1.4%
[libx264 @ 0x558e3ec63240] kb/s:1368.06
ffmpeg version 6.1.1-3ubuntu5 Copyright (c) 2000-2023 the FFmpeg developers
  built with gcc 13 (Ubuntu 13.2.0-23ubuntu3)
  configuration: --prefix=/usr --extra-version=3ubuntu5 --toolchain=hardened --libdir=/usr/lib/x86_64-linux-gnu --incdir=/usr/include/x86_64-linux-gnu --arch=amd64 --enable-gpl --disable-stripping --disable-omx --enable-gnutls --enable-libaom --enable-libass --enable-libbs2b --enable-libcaca --enable-libcdio --enable-libcodec2 --enable-libdav1d --enable-libflite --enable-libfontconfig --enable-libfreetype --enable-libfribidi --enable-libglslang --enable-libgme --enable-libgsm --enable-libharfbuzz --enable-libmp3lame --enable-libmysofa --enable-libopenjpeg --enable-libopenmpt --enable-libopus --enable-librubberband --enable-libshine --enable-libsnappy --enable-libsoxr --enable-libspeex --enable-libtheora --enable-libtwolame --enable-libvidstab --enable-libvorbis --enable-libvpx --enable-libwebp --enable-libx265 --enable-libxml2 --enable-libxvid --enable-libzimg --enable-openal --enable-opencl --enable-opengl --disable-sndio --enable-libvpl --disable-libmfx --enable-libdc1394 --enable-libdrm --enable-libiec61883 --enable-chromaprint --enable-frei0r --enable-ladspa --enable-libbluray --enable-libjack --enable-libpulse --enable-librabbitmq --enable-librist --enable-libsrt --enable-libssh --enable-libsvtav1 --enable-libx264 --enable-libzmq --enable-libzvbi --enable-lv2 --enable-sdl2 --enable-libplacebo --enable-librav1e --enable-pocketsphinx --enable-librsvg --enable-libjxl --enable-shared
  libavutil      58. 29.100 / 58. 29.100
  libavcodec     60. 31.102 / 60. 31.102
  libavformat    60. 16.100 / 60. 16.100
  libavdevice    60.  3.100 / 60.  3.100
  libavfilter     9. 12.100 /  9. 12.100
  libswscale      7.  5.100 /  7.  5.100
  libswresample   4. 12.100 /  4. 12.100
  libpostproc    57.  3.100 / 57.  3.100
Input #0, mov,mp4,m4a,3gp,3g2,mj2, from '/data/vaishak/combined-kv-quant/results/runs/backfill_age_tier_int4_74dcf380574b_10s/videos/AGE_TIER_INT4/prompt_0002_seed_2.mp4':
  Metadata:
    major_brand     : isom
    minor_version   : 512
    compatible_brands: isomiso2avc1mp41
    encoder         : Lavf61.1.100
  Duration: 00:00:10.31, start: 0.000000, bitrate: 1035 kb/s
  Stream #0:0[0x1](und): Video: h264 (High) (avc1 / 0x31637661), yuv420p(progressive), 832x480, 1033 kb/s, 16 fps, 16 tbr, 16384 tbn (default)
    Metadata:
      handler_name    : VideoHandler
      vendor_id       : [0][0][0][0]
Stream mapping:
  Stream #0:0 -> #0:0 (h264 (native) -> h264 (libx264))
Press [q] to stop, [?] for help
[libx264 @ 0x5fdd31440400] using cpu capabilities: MMX2 SSE2Fast SSSE3 SSE4.2 AVX FMA3 BMI2 AVX2
[libx264 @ 0x5fdd31440400] profile High, level 3.0, 4:2:0, 8-bit
[libx264 @ 0x5fdd31440400] 264 - core 164 r3108 31e19f9 - H.264/MPEG-4 AVC codec - Copyleft 2003-2023 - http://www.videolan.org/x264.html - options: cabac=1 ref=3 deblock=1:0:0 analyse=0x3:0x113 me=hex subme=7 psy=1 psy_rd=1.00:0.00 mixed_ref=1 me_range=16 chroma_me=1 trellis=1 8x8dct=1 cqm=0 deadzone=21,11 fast_pskip=1 chroma_qp_offset=-2 threads=15 lookahead_threads=2 sliced_threads=0 nr=0 decimate=1 interlaced=0 bluray_compat=0 constrained_intra=0 bframes=3 b_pyramid=2 b_adapt=1 b_bias=0 direct=1 weightb=1 open_gop=0 weightp=2 keyint=250 keyint_min=16 scenecut=40 intra_refresh=0 rc_lookahead=40 rc=crf mbtree=1 crf=23.0 qcomp=0.60 qpmin=0 qpmax=69 qpstep=4 ip_ratio=1.40 aq=1:1.00
Output #0, mp4, to '/data/vaishak/combined-kv-quant/results/combined/backfills/drift/moviegen/1f42a23e6189f60d_AGE_TIER_INT4/AGE_TIER_INT4_frames_165/prompt_0002_seed_2.mp4':
  Metadata:
    major_brand     : isom
    minor_version   : 512
    compatible_brands: isomiso2avc1mp41
    encoder         : Lavf60.16.100
  Stream #0:0(und): Video: h264 (avc1 / 0x31637661), yuv420p(progressive), 832x480, q=2-31, 16 fps, 16384 tbn (default)
    Metadata:
      handler_name    : VideoHandler
      vendor_id       : [0][0][0][0]
      encoder         : Lavc60.31.102 libx264
    Side data:
      cpb: bitrate max/min/avg: 0/0/0 buffer size: 0 vbv_delay: N/A
frame=    0 fps=0.0 q=0.0 size=       0kB time=N/A bitrate=N/A speed=N/A    [out#0/mp4 @ 0x5fdd3143f000] video:1421kB audio:0kB subtitle:0kB other streams:0kB global headers:0kB muxing overhead: 0.195966%
frame=  165 fps=0.0 q=-1.0 Lsize=    1424kB time=00:00:10.12 bitrate=1151.8kbits/s speed=15.5x    
[libx264 @ 0x5fdd31440400] frame I:2     Avg QP:20.43  size: 29147
[libx264 @ 0x5fdd31440400] frame P:42    Avg QP:22.29  size: 17131
[libx264 @ 0x5fdd31440400] frame B:121   Avg QP:25.16  size:  5590
[libx264 @ 0x5fdd31440400] consecutive B-frames:  1.2%  2.4%  1.8% 94.5%
[libx264 @ 0x5fdd31440400] mb I  I16..4: 32.4% 52.8% 14.8%
[libx264 @ 0x5fdd31440400] mb P  I16..4:  5.1% 11.6%  2.7%  P16..4: 44.4% 18.1%  7.7%  0.0%  0.0%    skip:10.3%
[libx264 @ 0x5fdd31440400] mb B  I16..4:  0.2%  0.8%  0.3%  B16..8: 42.5% 10.1%  2.5%  direct: 2.9%  skip:40.6%  L0:41.9% L1:48.6% BI: 9.5%
[libx264 @ 0x5fdd31440400] 8x8 transform intra:58.5% inter:68.4%
[libx264 @ 0x5fdd31440400] coded y,uvDC,uvAC intra: 65.5% 72.7% 32.4% inter: 20.8% 25.3% 3.5%
[libx264 @ 0x5fdd31440400] i16 v,h,dc,p:  2% 46%  2% 49%
[libx264 @ 0x5fdd31440400] i8 v,h,dc,ddl,ddr,vr,hd,vl,hu: 12% 24% 16%  6%  8%  7% 10%  6% 11%
[libx264 @ 0x5fdd31440400] i4 v,h,dc,ddl,ddr,vr,hd,vl,hu: 16% 22% 13%  6% 10%  9% 11%  6%  8%
[libx264 @ 0x5fdd31440400] i8c dc,h,v,p: 42% 33% 16%  8%
[libx264 @ 0x5fdd31440400] Weighted P-Frames: Y:21.4% UV:11.9%
[libx264 @ 0x5fdd31440400] ref P L0: 56.8% 15.0% 17.5%  9.1%  1.6%
[libx264 @ 0x5fdd31440400] ref B L0: 90.6%  7.4%  2.0%
[libx264 @ 0x5fdd31440400] ref B L1: 98.3%  1.7%
[libx264 @ 0x5fdd31440400] kb/s:1128.07
ffmpeg version 6.1.1-3ubuntu5 Copyright (c) 2000-2023 the FFmpeg developers
  built with gcc 13 (Ubuntu 13.2.0-23ubuntu3)
  configuration: --prefix=/usr --extra-version=3ubuntu5 --toolchain=hardened --libdir=/usr/lib/x86_64-linux-gnu --incdir=/usr/include/x86_64-linux-gnu --arch=amd64 --enable-gpl --disable-stripping --disable-omx --enable-gnutls --enable-libaom --enable-libass --enable-libbs2b --enable-libcaca --enable-libcdio --enable-libcodec2 --enable-libdav1d --enable-libflite --enable-libfontconfig --enable-libfreetype --enable-libfribidi --enable-libglslang --enable-libgme --enable-libgsm --enable-libharfbuzz --enable-libmp3lame --enable-libmysofa --enable-libopenjpeg --enable-libopenmpt --enable-libopus --enable-librubberband --enable-libshine --enable-libsnappy --enable-libsoxr --enable-libspeex --enable-libtheora --enable-libtwolame --enable-libvidstab --enable-libvorbis --enable-libvpx --enable-libwebp --enable-libx265 --enable-libxml2 --enable-libxvid --enable-libzimg --enable-openal --enable-opencl --enable-opengl --disable-sndio --enable-libvpl --disable-libmfx --enable-libdc1394 --enable-libdrm --enable-libiec61883 --enable-chromaprint --enable-frei0r --enable-ladspa --enable-libbluray --enable-libjack --enable-libpulse --enable-librabbitmq --enable-librist --enable-libsrt --enable-libssh --enable-libsvtav1 --enable-libx264 --enable-libzmq --enable-libzvbi --enable-lv2 --enable-sdl2 --enable-libplacebo --enable-librav1e --enable-pocketsphinx --enable-librsvg --enable-libjxl --enable-shared
  libavutil      58. 29.100 / 58. 29.100
  libavcodec     60. 31.102 / 60. 31.102
  libavformat    60. 16.100 / 60. 16.100
  libavdevice    60.  3.100 / 60.  3.100
  libavfilter     9. 12.100 /  9. 12.100
  libswscale      7.  5.100 /  7.  5.100
  libswresample   4. 12.100 /  4. 12.100
  libpostproc    57.  3.100 / 57.  3.100
Input #0, mov,mp4,m4a,3gp,3g2,mj2, from '/data/vaishak/combined-kv-quant/results/runs/backfill_age_tier_int4_74dcf380574b_10s/videos/AGE_TIER_INT4/prompt_0003_seed_3.mp4':
  Metadata:
    major_brand     : isom
    minor_version   : 512
    compatible_brands: isomiso2avc1mp41
    encoder         : Lavf61.1.100
  Duration: 00:00:10.31, start: 0.000000, bitrate: 1017 kb/s
  Stream #0:0[0x1](und): Video: h264 (High) (avc1 / 0x31637661), yuv420p(progressive), 832x480, 1014 kb/s, 16 fps, 16 tbr, 16384 tbn (default)
    Metadata:
      handler_name    : VideoHandler
      vendor_id       : [0][0][0][0]
Stream mapping:
  Stream #0:0 -> #0:0 (h264 (native) -> h264 (libx264))
Press [q] to stop, [?] for help
[libx264 @ 0x5e7152866400] using cpu capabilities: MMX2 SSE2Fast SSSE3 SSE4.2 AVX FMA3 BMI2 AVX2
[libx264 @ 0x5e7152866400] profile High, level 3.0, 4:2:0, 8-bit
[libx264 @ 0x5e7152866400] 264 - core 164 r3108 31e19f9 - H.264/MPEG-4 AVC codec - Copyleft 2003-2023 - http://www.videolan.org/x264.html - options: cabac=1 ref=3 deblock=1:0:0 analyse=0x3:0x113 me=hex subme=7 psy=1 psy_rd=1.00:0.00 mixed_ref=1 me_range=16 chroma_me=1 trellis=1 8x8dct=1 cqm=0 deadzone=21,11 fast_pskip=1 chroma_qp_offset=-2 threads=15 lookahead_threads=2 sliced_threads=0 nr=0 decimate=1 interlaced=0 bluray_compat=0 constrained_intra=0 bframes=3 b_pyramid=2 b_adapt=1 b_bias=0 direct=1 weightb=1 open_gop=0 weightp=2 keyint=250 keyint_min=16 scenecut=40 intra_refresh=0 rc_lookahead=40 rc=crf mbtree=1 crf=23.0 qcomp=0.60 qpmin=0 qpmax=69 qpstep=4 ip_ratio=1.40 aq=1:1.00
Output #0, mp4, to '/data/vaishak/combined-kv-quant/results/combined/backfills/drift/moviegen/1f42a23e6189f60d_AGE_TIER_INT4/AGE_TIER_INT4_frames_165/prompt_0003_seed_3.mp4':
  Metadata:
    major_brand     : isom
    minor_version   : 512
    compatible_brands: isomiso2avc1mp41
    encoder         : Lavf60.16.100
  Stream #0:0(und): Video: h264 (avc1 / 0x31637661), yuv420p(progressive), 832x480, q=2-31, 16 fps, 16384 tbn (default)
    Metadata:
      handler_name    : VideoHandler
      vendor_id       : [0][0][0][0]
      encoder         : Lavc60.31.102 libx264
    Side data:
      cpb: bitrate max/min/avg: 0/0/0 buffer size: 0 vbv_delay: N/A
frame=    0 fps=0.0 q=0.0 size=       0kB time=N/A bitrate=N/A speed=N/A    [out#0/mp4 @ 0x5e7152865000] video:2024kB audio:0kB subtitle:0kB other streams:0kB global headers:0kB muxing overhead: 0.138297%
frame=  165 fps=0.0 q=-1.0 Lsize=    2027kB time=00:00:10.12 bitrate=1640.3kbits/s speed=13.8x    
[libx264 @ 0x5e7152866400] frame I:2     Avg QP:21.85  size: 55690
[libx264 @ 0x5e7152866400] frame P:42    Avg QP:24.14  size: 27739
[libx264 @ 0x5e7152866400] frame B:121   Avg QP:26.45  size:  6578
[libx264 @ 0x5e7152866400] consecutive B-frames:  1.8%  1.2%  0.0% 97.0%
[libx264 @ 0x5e7152866400] mb I  I16..4: 14.2% 61.1% 24.7%
[libx264 @ 0x5e7152866400] mb P  I16..4:  1.9% 16.5%  3.3%  P16..4: 37.2% 24.1% 11.6%  0.0%  0.0%    skip: 5.4%
[libx264 @ 0x5e7152866400] mb B  I16..4:  0.1%  0.3%  0.1%  B16..8: 49.9% 11.3%  3.7%  direct: 3.6%  skip:31.0%  L0:35.6% L1:54.2% BI:10.2%
[libx264 @ 0x5e7152866400] 8x8 transform intra:72.8% inter:64.7%
[libx264 @ 0x5e7152866400] coded y,uvDC,uvAC intra: 85.9% 86.9% 43.0% inter: 29.1% 25.6% 0.9%
[libx264 @ 0x5e7152866400] i16 v,h,dc,p:  1% 49%  3% 47%
[libx264 @ 0x5e7152866400] i8 v,h,dc,ddl,ddr,vr,hd,vl,hu:  9% 19% 15%  7%  9%  7% 13%  9% 11%
[libx264 @ 0x5e7152866400] i4 v,h,dc,ddl,ddr,vr,hd,vl,hu: 10% 18% 13%  8% 11%  8% 14%  7% 10%
[libx264 @ 0x5e7152866400] i8c dc,h,v,p: 40% 27% 15% 17%
[libx264 @ 0x5e7152866400] Weighted P-Frames: Y:33.3% UV:21.4%
[libx264 @ 0x5e7152866400] ref P L0: 50.4% 23.9% 17.3%  6.5%  1.9%
[libx264 @ 0x5e7152866400] ref B L0: 95.8%  3.6%  0.6%
[libx264 @ 0x5e7152866400] ref B L1: 98.5%  1.5%
[libx264 @ 0x5e7152866400] kb/s:1607.67
ffmpeg version 6.1.1-3ubuntu5 Copyright (c) 2000-2023 the FFmpeg developers
  built with gcc 13 (Ubuntu 13.2.0-23ubuntu3)
  configuration: --prefix=/usr --extra-version=3ubuntu5 --toolchain=hardened --libdir=/usr/lib/x86_64-linux-gnu --incdir=/usr/include/x86_64-linux-gnu --arch=amd64 --enable-gpl --disable-stripping --disable-omx --enable-gnutls --enable-libaom --enable-libass --enable-libbs2b --enable-libcaca --enable-libcdio --enable-libcodec2 --enable-libdav1d --enable-libflite --enable-libfontconfig --enable-libfreetype --enable-libfribidi --enable-libglslang --enable-libgme --enable-libgsm --enable-libharfbuzz --enable-libmp3lame --enable-libmysofa --enable-libopenjpeg --enable-libopenmpt --enable-libopus --enable-librubberband --enable-libshine --enable-libsnappy --enable-libsoxr --enable-libspeex --enable-libtheora --enable-libtwolame --enable-libvidstab --enable-libvorbis --enable-libvpx --enable-libwebp --enable-libx265 --enable-libxml2 --enable-libxvid --enable-libzimg --enable-openal --enable-opencl --enable-opengl --disable-sndio --enable-libvpl --disable-libmfx --enable-libdc1394 --enable-libdrm --enable-libiec61883 --enable-chromaprint --enable-frei0r --enable-ladspa --enable-libbluray --enable-libjack --enable-libpulse --enable-librabbitmq --enable-librist --enable-libsrt --enable-libssh --enable-libsvtav1 --enable-libx264 --enable-libzmq --enable-libzvbi --enable-lv2 --enable-sdl2 --enable-libplacebo --enable-librav1e --enable-pocketsphinx --enable-librsvg --enable-libjxl --enable-shared
  libavutil      58. 29.100 / 58. 29.100
  libavcodec     60. 31.102 / 60. 31.102
  libavformat    60. 16.100 / 60. 16.100
  libavdevice    60.  3.100 / 60.  3.100
  libavfilter     9. 12.100 /  9. 12.100
  libswscale      7.  5.100 /  7.  5.100
  libswresample   4. 12.100 /  4. 12.100
  libpostproc    57.  3.100 / 57.  3.100
Input #0, mov,mp4,m4a,3gp,3g2,mj2, from '/data/vaishak/combined-kv-quant/results/runs/backfill_age_tier_int4_74dcf380574b_10s/videos/AGE_TIER_INT4/prompt_0004_seed_4.mp4':
  Metadata:
    major_brand     : isom
    minor_version   : 512
    compatible_brands: isomiso2avc1mp41
    encoder         : Lavf61.1.100
  Duration: 00:00:10.31, start: 0.000000, bitrate: 1100 kb/s
  Stream #0:0[0x1](und): Video: h264 (High) (avc1 / 0x31637661), yuv420p(progressive), 832x480, 1097 kb/s, 16 fps, 16 tbr, 16384 tbn (default)
    Metadata:
      handler_name    : VideoHandler
      vendor_id       : [0][0][0][0]
Stream mapping:
  Stream #0:0 -> #0:0 (h264 (native) -> h264 (libx264))
Press [q] to stop, [?] for help
[libx264 @ 0x5c4ff9598e40] using cpu capabilities: MMX2 SSE2Fast SSSE3 SSE4.2 AVX FMA3 BMI2 AVX2
[libx264 @ 0x5c4ff9598e40] profile High, level 3.0, 4:2:0, 8-bit
[libx264 @ 0x5c4ff9598e40] 264 - core 164 r3108 31e19f9 - H.264/MPEG-4 AVC codec - Copyleft 2003-2023 - http://www.videolan.org/x264.html - options: cabac=1 ref=3 deblock=1:0:0 analyse=0x3:0x113 me=hex subme=7 psy=1 psy_rd=1.00:0.00 mixed_ref=1 me_range=16 chroma_me=1 trellis=1 8x8dct=1 cqm=0 deadzone=21,11 fast_pskip=1 chroma_qp_offset=-2 threads=15 lookahead_threads=2 sliced_threads=0 nr=0 decimate=1 interlaced=0 bluray_compat=0 constrained_intra=0 bframes=3 b_pyramid=2 b_adapt=1 b_bias=0 direct=1 weightb=1 open_gop=0 weightp=2 keyint=250 keyint_min=16 scenecut=40 intra_refresh=0 rc_lookahead=40 rc=crf mbtree=1 crf=23.0 qcomp=0.60 qpmin=0 qpmax=69 qpstep=4 ip_ratio=1.40 aq=1:1.00
Output #0, mp4, to '/data/vaishak/combined-kv-quant/results/combined/backfills/drift/moviegen/1f42a23e6189f60d_AGE_TIER_INT4/AGE_TIER_INT4_frames_165/prompt_0004_seed_4.mp4':
  Metadata:
    major_brand     : isom
    minor_version   : 512
    compatible_brands: isomiso2avc1mp41
    encoder         : Lavf60.16.100
  Stream #0:0(und): Video: h264 (avc1 / 0x31637661), yuv420p(progressive), 832x480, q=2-31, 16 fps, 16384 tbn (default)
    Metadata:
      handler_name    : VideoHandler
      vendor_id       : [0][0][0][0]
      encoder         : Lavc60.31.102 libx264
    Side data:
      cpb: bitrate max/min/avg: 0/0/0 buffer size: 0 vbv_delay: N/A
frame=    0 fps=0.0 q=0.0 size=       0kB time=N/A bitrate=N/A speed=N/A    [out#0/mp4 @ 0x5c4ff9518000] video:1012kB audio:0kB subtitle:0kB other streams:0kB global headers:0kB muxing overhead: 0.272754%
frame=  165 fps=0.0 q=-1.0 Lsize=    1015kB time=00:00:10.12 bitrate= 821.2kbits/s speed=17.2x    
[libx264 @ 0x5c4ff9598e40] frame I:2     Avg QP:20.27  size: 35826
[libx264 @ 0x5c4ff9598e40] frame P:44    Avg QP:21.56  size: 14199
[libx264 @ 0x5c4ff9598e40] frame B:119   Avg QP:25.71  size:  2852
[libx264 @ 0x5c4ff9598e40] consecutive B-frames:  1.8%  4.8%  3.6% 89.7%
[libx264 @ 0x5c4ff9598e40] mb I  I16..4: 16.1% 68.3% 15.6%
[libx264 @ 0x5c4ff9598e40] mb P  I16..4:  1.6%  3.4%  0.7%  P16..4: 49.2% 23.1% 10.9%  0.0%  0.0%    skip:11.1%
[libx264 @ 0x5c4ff9598e40] mb B  I16..4:  0.2%  0.5%  0.1%  B16..8: 35.3%  5.8%  1.3%  direct: 2.1%  skip:54.7%  L0:47.5% L1:43.6% BI: 9.0%
[libx264 @ 0x5c4ff9598e40] 8x8 transform intra:62.2% inter:73.2%
[libx264 @ 0x5c4ff9598e40] coded y,uvDC,uvAC intra: 63.0% 89.1% 49.6% inter: 16.4% 25.9% 1.4%
[libx264 @ 0x5c4ff9598e40] i16 v,h,dc,p: 21% 40%  3% 36%
[libx264 @ 0x5c4ff9598e40] i8 v,h,dc,ddl,ddr,vr,hd,vl,hu: 20% 27% 13%  5%  6%  7%  7%  8%  7%
[libx264 @ 0x5c4ff9598e40] i4 v,h,dc,ddl,ddr,vr,hd,vl,hu: 14% 22% 11%  6% 12%  9% 12%  7%  7%
[libx264 @ 0x5c4ff9598e40] i8c dc,h,v,p: 28% 32% 22% 18%
[libx264 @ 0x5c4ff9598e40] Weighted P-Frames: Y:29.5% UV:18.2%
[libx264 @ 0x5c4ff9598e40] ref P L0: 55.7% 17.9% 16.7%  7.9%  1.7%
[libx264 @ 0x5c4ff9598e40] ref B L0: 90.3%  7.7%  2.0%
[libx264 @ 0x5c4ff9598e40] ref B L1: 96.7%  3.3%
[libx264 @ 0x5c4ff9598e40] kb/s:803.51
ffmpeg version 6.1.1-3ubuntu5 Copyright (c) 2000-2023 the FFmpeg developers
  built with gcc 13 (Ubuntu 13.2.0-23ubuntu3)
  configuration: --prefix=/usr --extra-version=3ubuntu5 --toolchain=hardened --libdir=/usr/lib/x86_64-linux-gnu --incdir=/usr/include/x86_64-linux-gnu --arch=amd64 --enable-gpl --disable-stripping --disable-omx --enable-gnutls --enable-libaom --enable-libass --enable-libbs2b --enable-libcaca --enable-libcdio --enable-libcodec2 --enable-libdav1d --enable-libflite --enable-libfontconfig --enable-libfreetype --enable-libfribidi --enable-libglslang --enable-libgme --enable-libgsm --enable-libharfbuzz --enable-libmp3lame --enable-libmysofa --enable-libopenjpeg --enable-libopenmpt --enable-libopus --enable-librubberband --enable-libshine --enable-libsnappy --enable-libsoxr --enable-libspeex --enable-libtheora --enable-libtwolame --enable-libvidstab --enable-libvorbis --enable-libvpx --enable-libwebp --enable-libx265 --enable-libxml2 --enable-libxvid --enable-libzimg --enable-openal --enable-opencl --enable-opengl --disable-sndio --enable-libvpl --disable-libmfx --enable-libdc1394 --enable-libdrm --enable-libiec61883 --enable-chromaprint --enable-frei0r --enable-ladspa --enable-libbluray --enable-libjack --enable-libpulse --enable-librabbitmq --enable-librist --enable-libsrt --enable-libssh --enable-libsvtav1 --enable-libx264 --enable-libzmq --enable-libzvbi --enable-lv2 --enable-sdl2 --enable-libplacebo --enable-librav1e --enable-pocketsphinx --enable-librsvg --enable-libjxl --enable-shared
  libavutil      58. 29.100 / 58. 29.100
  libavcodec     60. 31.102 / 60. 31.102
  libavformat    60. 16.100 / 60. 16.100
  libavdevice    60.  3.100 / 60.  3.100
  libavfilter     9. 12.100 /  9. 12.100
  libswscale      7.  5.100 /  7.  5.100
  libswresample   4. 12.100 /  4. 12.100
  libpostproc    57.  3.100 / 57.  3.100
Input #0, mov,mp4,m4a,3gp,3g2,mj2, from '/data/vaishak/combined-kv-quant/results/runs/backfill_age_tier_int4_74dcf380574b_10s/videos/AGE_TIER_INT4/prompt_0005_seed_5.mp4':
  Metadata:
    major_brand     : isom
    minor_version   : 512
    compatible_brands: isomiso2avc1mp41
    encoder         : Lavf61.1.100
  Duration: 00:00:10.31, start: 0.000000, bitrate: 1023 kb/s
  Stream #0:0[0x1](und): Video: h264 (High) (avc1 / 0x31637661), yuv420p(progressive), 832x480, 1021 kb/s, 16 fps, 16 tbr, 16384 tbn (default)
    Metadata:
      handler_name    : VideoHandler
      vendor_id       : [0][0][0][0]
Stream mapping:
  Stream #0:0 -> #0:0 (h264 (native) -> h264 (libx264))
Press [q] to stop, [?] for help
[libx264 @ 0x64ad47f5d7c0] using cpu capabilities: MMX2 SSE2Fast SSSE3 SSE4.2 AVX FMA3 BMI2 AVX2
[libx264 @ 0x64ad47f5d7c0] profile High, level 3.0, 4:2:0, 8-bit
[libx264 @ 0x64ad47f5d7c0] 264 - core 164 r3108 31e19f9 - H.264/MPEG-4 AVC codec - Copyleft 2003-2023 - http://www.videolan.org/x264.html - options: cabac=1 ref=3 deblock=1:0:0 analyse=0x3:0x113 me=hex subme=7 psy=1 psy_rd=1.00:0.00 mixed_ref=1 me_range=16 chroma_me=1 trellis=1 8x8dct=1 cqm=0 deadzone=21,11 fast_pskip=1 chroma_qp_offset=-2 threads=15 lookahead_threads=2 sliced_threads=0 nr=0 decimate=1 interlaced=0 bluray_compat=0 constrained_intra=0 bframes=3 b_pyramid=2 b_adapt=1 b_bias=0 direct=1 weightb=1 open_gop=0 weightp=2 keyint=250 keyint_min=16 scenecut=40 intra_refresh=0 rc_lookahead=40 rc=crf mbtree=1 crf=23.0 qcomp=0.60 qpmin=0 qpmax=69 qpstep=4 ip_ratio=1.40 aq=1:1.00
Output #0, mp4, to '/data/vaishak/combined-kv-quant/results/combined/backfills/drift/moviegen/1f42a23e6189f60d_AGE_TIER_INT4/AGE_TIER_INT4_frames_165/prompt_0005_seed_5.mp4':
  Metadata:
    major_brand     : isom
    minor_version   : 512
    compatible_brands: isomiso2avc1mp41
    encoder         : Lavf60.16.100
  Stream #0:0(und): Video: h264 (avc1 / 0x31637661), yuv420p(progressive), 832x480, q=2-31, 16 fps, 16384 tbn (default)
    Metadata:
      handler_name    : VideoHandler
      vendor_id       : [0][0][0][0]
      encoder         : Lavc60.31.102 libx264
    Side data:
      cpb: bitrate max/min/avg: 0/0/0 buffer size: 0 vbv_delay: N/A
frame=    0 fps=0.0 q=0.0 size=       0kB time=N/A bitrate=N/A speed=N/A    [out#0/mp4 @ 0x64ad47ec6000] video:1958kB audio:0kB subtitle:0kB other streams:0kB global headers:0kB muxing overhead: 0.142383%
frame=  165 fps=0.0 q=-1.0 Lsize=    1961kB time=00:00:10.12 bitrate=1586.6kbits/s speed=13.3x    
[libx264 @ 0x64ad47f5d7c0] frame I:1     Avg QP:23.39  size:106261
[libx264 @ 0x64ad47f5d7c0] frame P:41    Avg QP:24.07  size: 31951
[libx264 @ 0x64ad47f5d7c0] frame B:123   Avg QP:27.54  size:  4782
[libx264 @ 0x64ad47f5d7c0] consecutive B-frames:  0.6%  0.0%  0.0% 99.4%
[libx264 @ 0x64ad47f5d7c0] mb I  I16..4:  2.8% 33.7% 63.5%
[libx264 @ 0x64ad47f5d7c0] mb P  I16..4:  1.4%  6.9%  1.2%  P16..4: 35.9% 32.4% 20.7%  0.0%  0.0%    skip: 1.5%
[libx264 @ 0x64ad47f5d7c0] mb B  I16..4:  0.1%  0.2%  0.0%  B16..8: 52.3%  9.4%  2.9%  direct: 3.0%  skip:32.2%  L0:29.9% L1:57.5% BI:12.6%
[libx264 @ 0x64ad47f5d7c0] 8x8 transform intra:65.0% inter:60.6%
[libx264 @ 0x64ad47f5d7c0] coded y,uvDC,uvAC intra: 76.9% 96.2% 70.2% inter: 25.3% 32.4% 9.1%
[libx264 @ 0x64ad47f5d7c0] i16 v,h,dc,p:  4% 39% 10% 47%
[libx264 @ 0x64ad47f5d7c0] i8 v,h,dc,ddl,ddr,vr,hd,vl,hu:  6% 32% 22%  4%  4%  3%  8%  3% 19%
[libx264 @ 0x64ad47f5d7c0] i4 v,h,dc,ddl,ddr,vr,hd,vl,hu: 15% 19% 15%  7%  8%  9%  9%  8% 11%
[libx264 @ 0x64ad47f5d7c0] i8c dc,h,v,p: 43% 33%  8% 17%
[libx264 @ 0x64ad47f5d7c0] Weighted P-Frames: Y:53.7% UV:24.4%
[libx264 @ 0x64ad47f5d7c0] ref P L0: 45.3% 24.8% 16.8%  9.9%  3.1%
[libx264 @ 0x64ad47f5d7c0] ref B L0: 93.1%  5.9%  1.1%
[libx264 @ 0x64ad47f5d7c0] ref B L1: 97.0%  3.0%
[libx264 @ 0x64ad47f5d7c0] kb/s:1554.98
ffmpeg version 6.1.1-3ubuntu5 Copyright (c) 2000-2023 the FFmpeg developers
  built with gcc 13 (Ubuntu 13.2.0-23ubuntu3)
  configuration: --prefix=/usr --extra-version=3ubuntu5 --toolchain=hardened --libdir=/usr/lib/x86_64-linux-gnu --incdir=/usr/include/x86_64-linux-gnu --arch=amd64 --enable-gpl --disable-stripping --disable-omx --enable-gnutls --enable-libaom --enable-libass --enable-libbs2b --enable-libcaca --enable-libcdio --enable-libcodec2 --enable-libdav1d --enable-libflite --enable-libfontconfig --enable-libfreetype --enable-libfribidi --enable-libglslang --enable-libgme --enable-libgsm --enable-libharfbuzz --enable-libmp3lame --enable-libmysofa --enable-libopenjpeg --enable-libopenmpt --enable-libopus --enable-librubberband --enable-libshine --enable-libsnappy --enable-libsoxr --enable-libspeex --enable-libtheora --enable-libtwolame --enable-libvidstab --enable-libvorbis --enable-libvpx --enable-libwebp --enable-libx265 --enable-libxml2 --enable-libxvid --enable-libzimg --enable-openal --enable-opencl --enable-opengl --disable-sndio --enable-libvpl --disable-libmfx --enable-libdc1394 --enable-libdrm --enable-libiec61883 --enable-chromaprint --enable-frei0r --enable-ladspa --enable-libbluray --enable-libjack --enable-libpulse --enable-librabbitmq --enable-librist --enable-libsrt --enable-libssh --enable-libsvtav1 --enable-libx264 --enable-libzmq --enable-libzvbi --enable-lv2 --enable-sdl2 --enable-libplacebo --enable-librav1e --enable-pocketsphinx --enable-librsvg --enable-libjxl --enable-shared
  libavutil      58. 29.100 / 58. 29.100
  libavcodec     60. 31.102 / 60. 31.102
  libavformat    60. 16.100 / 60. 16.100
  libavdevice    60.  3.100 / 60.  3.100
  libavfilter     9. 12.100 /  9. 12.100
  libswscale      7.  5.100 /  7.  5.100
  libswresample   4. 12.100 /  4. 12.100
  libpostproc    57.  3.100 / 57.  3.100
Input #0, mov,mp4,m4a,3gp,3g2,mj2, from '/data/vaishak/combined-kv-quant/results/runs/backfill_age_tier_int4_74dcf380574b_10s/videos/AGE_TIER_INT4/prompt_0006_seed_6.mp4':
  Metadata:
    major_brand     : isom
    minor_version   : 512
    compatible_brands: isomiso2avc1mp41
    encoder         : Lavf61.1.100
  Duration: 00:00:10.31, start: 0.000000, bitrate: 1063 kb/s
  Stream #0:0[0x1](und): Video: h264 (High) (avc1 / 0x31637661), yuv420p(progressive), 832x480, 1061 kb/s, 16 fps, 16 tbr, 16384 tbn (default)
    Metadata:
      handler_name    : VideoHandler
      vendor_id       : [0][0][0][0]
Stream mapping:
  Stream #0:0 -> #0:0 (h264 (native) -> h264 (libx264))
Press [q] to stop, [?] for help
[libx264 @ 0x57d31c889680] using cpu capabilities: MMX2 SSE2Fast SSSE3 SSE4.2 AVX FMA3 BMI2 AVX2
[libx264 @ 0x57d31c889680] profile High, level 3.0, 4:2:0, 8-bit
[libx264 @ 0x57d31c889680] 264 - core 164 r3108 31e19f9 - H.264/MPEG-4 AVC codec - Copyleft 2003-2023 - http://www.videolan.org/x264.html - options: cabac=1 ref=3 deblock=1:0:0 analyse=0x3:0x113 me=hex subme=7 psy=1 psy_rd=1.00:0.00 mixed_ref=1 me_range=16 chroma_me=1 trellis=1 8x8dct=1 cqm=0 deadzone=21,11 fast_pskip=1 chroma_qp_offset=-2 threads=15 lookahead_threads=2 sliced_threads=0 nr=0 decimate=1 interlaced=0 bluray_compat=0 constrained_intra=0 bframes=3 b_pyramid=2 b_adapt=1 b_bias=0 direct=1 weightb=1 open_gop=0 weightp=2 keyint=250 keyint_min=16 scenecut=40 intra_refresh=0 rc_lookahead=40 rc=crf mbtree=1 crf=23.0 qcomp=0.60 qpmin=0 qpmax=69 qpstep=4 ip_ratio=1.40 aq=1:1.00
Output #0, mp4, to '/data/vaishak/combined-kv-quant/results/combined/backfills/drift/moviegen/1f42a23e6189f60d_AGE_TIER_INT4/AGE_TIER_INT4_frames_165/prompt_0006_seed_6.mp4':
  Metadata:
    major_brand     : isom
    minor_version   : 512
    compatible_brands: isomiso2avc1mp41
    encoder         : Lavf60.16.100
  Stream #0:0(und): Video: h264 (avc1 / 0x31637661), yuv420p(progressive), 832x480, q=2-31, 16 fps, 16384 tbn (default)
    Metadata:
      handler_name    : VideoHandler
      vendor_id       : [0][0][0][0]
      encoder         : Lavc60.31.102 libx264
    Side data:
      cpb: bitrate max/min/avg: 0/0/0 buffer size: 0 vbv_delay: N/A
frame=    0 fps=0.0 q=0.0 size=       0kB time=N/A bitrate=N/A speed=N/A    [out#0/mp4 @ 0x57d31c808100] video:1385kB audio:0kB subtitle:0kB other streams:0kB global headers:0kB muxing overhead: 0.199960%
frame=  165 fps=0.0 q=-1.0 Lsize=    1387kB time=00:00:10.12 bitrate=1122.5kbits/s speed=16.3x    
[libx264 @ 0x57d31c889680] frame I:2     Avg QP:19.63  size: 39240
[libx264 @ 0x57d31c889680] frame P:43    Avg QP:21.25  size: 18609
[libx264 @ 0x57d31c889680] frame B:120   Avg QP:24.27  size:  4487
[libx264 @ 0x57d31c889680] consecutive B-frames:  1.8%  2.4%  3.6% 92.1%
[libx264 @ 0x57d31c889680] mb I  I16..4: 29.5% 54.5% 16.0%
[libx264 @ 0x57d31c889680] mb P  I16..4:  6.0%  9.3%  1.3%  P16..4: 49.1% 15.2%  8.9%  0.0%  0.0%    skip:10.1%
[libx264 @ 0x57d31c889680] mb B  I16..4:  0.8%  0.8%  0.0%  B16..8: 38.2%  5.5%  1.9%  direct: 4.3%  skip:48.4%  L0:33.7% L1:56.1% BI:10.2%
[libx264 @ 0x57d31c889680] 8x8 transform intra:54.2% inter:70.5%
[libx264 @ 0x57d31c889680] coded y,uvDC,uvAC intra: 42.0% 87.6% 24.1% inter: 16.1% 26.7% 2.3%
[libx264 @ 0x57d31c889680] i16 v,h,dc,p: 13% 19%  8% 60%
[libx264 @ 0x57d31c889680] i8 v,h,dc,ddl,ddr,vr,hd,vl,hu: 18% 20% 26%  5%  7%  6%  7%  5%  6%
[libx264 @ 0x57d31c889680] i4 v,h,dc,ddl,ddr,vr,hd,vl,hu: 11%  9% 12%  5% 23% 14% 14%  6%  6%
[libx264 @ 0x57d31c889680] i8c dc,h,v,p: 43% 25% 16% 17%
[libx264 @ 0x57d31c889680] Weighted P-Frames: Y:16.3% UV:14.0%
[libx264 @ 0x57d31c889680] ref P L0: 52.4% 11.3% 23.0% 11.3%  1.9%
[libx264 @ 0x57d31c889680] ref B L0: 88.6%  9.1%  2.3%
[libx264 @ 0x57d31c889680] ref B L1: 97.1%  2.9%
[libx264 @ 0x57d31c889680] kb/s:1099.32
ffmpeg version 6.1.1-3ubuntu5 Copyright (c) 2000-2023 the FFmpeg developers
  built with gcc 13 (Ubuntu 13.2.0-23ubuntu3)
  configuration: --prefix=/usr --extra-version=3ubuntu5 --toolchain=hardened --libdir=/usr/lib/x86_64-linux-gnu --incdir=/usr/include/x86_64-linux-gnu --arch=amd64 --enable-gpl --disable-stripping --disable-omx --enable-gnutls --enable-libaom --enable-libass --enable-libbs2b --enable-libcaca --enable-libcdio --enable-libcodec2 --enable-libdav1d --enable-libflite --enable-libfontconfig --enable-libfreetype --enable-libfribidi --enable-libglslang --enable-libgme --enable-libgsm --enable-libharfbuzz --enable-libmp3lame --enable-libmysofa --enable-libopenjpeg --enable-libopenmpt --enable-libopus --enable-librubberband --enable-libshine --enable-libsnappy --enable-libsoxr --enable-libspeex --enable-libtheora --enable-libtwolame --enable-libvidstab --enable-libvorbis --enable-libvpx --enable-libwebp --enable-libx265 --enable-libxml2 --enable-libxvid --enable-libzimg --enable-openal --enable-opencl --enable-opengl --disable-sndio --enable-libvpl --disable-libmfx --enable-libdc1394 --enable-libdrm --enable-libiec61883 --enable-chromaprint --enable-frei0r --enable-ladspa --enable-libbluray --enable-libjack --enable-libpulse --enable-librabbitmq --enable-librist --enable-libsrt --enable-libssh --enable-libsvtav1 --enable-libx264 --enable-libzmq --enable-libzvbi --enable-lv2 --enable-sdl2 --enable-libplacebo --enable-librav1e --enable-pocketsphinx --enable-librsvg --enable-libjxl --enable-shared
  libavutil      58. 29.100 / 58. 29.100
  libavcodec     60. 31.102 / 60. 31.102
  libavformat    60. 16.100 / 60. 16.100
  libavdevice    60.  3.100 / 60.  3.100
  libavfilter     9. 12.100 /  9. 12.100
  libswscale      7.  5.100 /  7.  5.100
  libswresample   4. 12.100 /  4. 12.100
  libpostproc    57.  3.100 / 57.  3.100
Input #0, mov,mp4,m4a,3gp,3g2,mj2, from '/data/vaishak/combined-kv-quant/results/runs/backfill_age_tier_int4_74dcf380574b_10s/videos/AGE_TIER_INT4/prompt_0007_seed_7.mp4':
  Metadata:
    major_brand     : isom
    minor_version   : 512
    compatible_brands: isomiso2avc1mp41
    encoder         : Lavf61.1.100
  Duration: 00:00:10.31, start: 0.000000, bitrate: 1011 kb/s
  Stream #0:0[0x1](und): Video: h264 (High) (avc1 / 0x31637661), yuv420p(progressive), 832x480, 1008 kb/s, 16 fps, 16 tbr, 16384 tbn (default)
    Metadata:
      handler_name    : VideoHandler
      vendor_id       : [0][0][0][0]
Stream mapping:
  Stream #0:0 -> #0:0 (h264 (native) -> h264 (libx264))
Press [q] to stop, [?] for help
[libx264 @ 0x61f53fcdf600] using cpu capabilities: MMX2 SSE2Fast SSSE3 SSE4.2 AVX FMA3 BMI2 AVX2
[libx264 @ 0x61f53fcdf600] profile High, level 3.0, 4:2:0, 8-bit
[libx264 @ 0x61f53fcdf600] 264 - core 164 r3108 31e19f9 - H.264/MPEG-4 AVC codec - Copyleft 2003-2023 - http://www.videolan.org/x264.html - options: cabac=1 ref=3 deblock=1:0:0 analyse=0x3:0x113 me=hex subme=7 psy=1 psy_rd=1.00:0.00 mixed_ref=1 me_range=16 chroma_me=1 trellis=1 8x8dct=1 cqm=0 deadzone=21,11 fast_pskip=1 chroma_qp_offset=-2 threads=15 lookahead_threads=2 sliced_threads=0 nr=0 decimate=1 interlaced=0 bluray_compat=0 constrained_intra=0 bframes=3 b_pyramid=2 b_adapt=1 b_bias=0 direct=1 weightb=1 open_gop=0 weightp=2 keyint=250 keyint_min=16 scenecut=40 intra_refresh=0 rc_lookahead=40 rc=crf mbtree=1 crf=23.0 qcomp=0.60 qpmin=0 qpmax=69 qpstep=4 ip_ratio=1.40 aq=1:1.00
Output #0, mp4, to '/data/vaishak/combined-kv-quant/results/combined/backfills/drift/moviegen/1f42a23e6189f60d_AGE_TIER_INT4/AGE_TIER_INT4_frames_165/prompt_0007_seed_7.mp4':
  Metadata:
    major_brand     : isom
    minor_version   : 512
    compatible_brands: isomiso2avc1mp41
    encoder         : Lavf60.16.100
  Stream #0:0(und): Video: h264 (avc1 / 0x31637661), yuv420p(progressive), 832x480, q=2-31, 16 fps, 16384 tbn (default)
    Metadata:
      handler_name    : VideoHandler
      vendor_id       : [0][0][0][0]
      encoder         : Lavc60.31.102 libx264
    Side data:
      cpb: bitrate max/min/avg: 0/0/0 buffer size: 0 vbv_delay: N/A
frame=    0 fps=0.0 q=0.0 size=       0kB time=N/A bitrate=N/A speed=N/A    [out#0/mp4 @ 0x61f53fcde100] video:1391kB audio:0kB subtitle:0kB other streams:0kB global headers:0kB muxing overhead: 0.198692%
frame=  165 fps=0.0 q=-1.0 Lsize=    1394kB time=00:00:10.12 bitrate=1128.0kbits/s speed=16.5x    
[libx264 @ 0x61f53fcdf600] frame I:1     Avg QP:23.12  size: 41006
[libx264 @ 0x61f53fcdf600] frame P:43    Avg QP:23.25  size: 19534
[libx264 @ 0x61f53fcdf600] frame B:121   Avg QP:26.93  size:  4489
[libx264 @ 0x61f53fcdf600] consecutive B-frames:  1.2%  1.2%  5.5% 92.1%
[libx264 @ 0x61f53fcdf600] mb I  I16..4:  9.2% 60.9% 29.9%
[libx264 @ 0x61f53fcdf600] mb P  I16..4:  2.6% 11.8%  1.3%  P16..4: 40.8% 25.7% 11.5%  0.0%  0.0%    skip: 6.3%
[libx264 @ 0x61f53fcdf600] mb B  I16..4:  0.8%  4.3%  0.1%  B16..8: 40.1% 10.5%  2.1%  direct: 2.9%  skip:39.2%  L0:41.3% L1:45.2% BI:13.5%
[libx264 @ 0x61f53fcdf600] 8x8 transform intra:77.5% inter:69.8%
[libx264 @ 0x61f53fcdf600] coded y,uvDC,uvAC intra: 62.2% 83.9% 19.8% inter: 23.5% 25.5% 1.1%
[libx264 @ 0x61f53fcdf600] i16 v,h,dc,p:  3% 40%  1% 56%
[libx264 @ 0x61f53fcdf600] i8 v,h,dc,ddl,ddr,vr,hd,vl,hu: 13% 29% 12%  5%  8%  8% 11%  6%  9%
[libx264 @ 0x61f53fcdf600] i4 v,h,dc,ddl,ddr,vr,hd,vl,hu: 15% 29% 13%  5%  8%  7% 12%  5%  7%
[libx264 @ 0x61f53fcdf600] i8c dc,h,v,p: 36% 40% 11% 12%
[libx264 @ 0x61f53fcdf600] Weighted P-Frames: Y:16.3% UV:7.0%
[libx264 @ 0x61f53fcdf600] ref P L0: 49.7% 23.3% 16.8%  8.9%  1.3%
[libx264 @ 0x61f53fcdf600] ref B L0: 89.7%  7.8%  2.4%
[libx264 @ 0x61f53fcdf600] ref B L1: 97.2%  2.8%
[libx264 @ 0x61f53fcdf600] kb/s:1104.78
ffmpeg version 6.1.1-3ubuntu5 Copyright (c) 2000-2023 the FFmpeg developers
  built with gcc 13 (Ubuntu 13.2.0-23ubuntu3)
  configuration: --prefix=/usr --extra-version=3ubuntu5 --toolchain=hardened --libdir=/usr/lib/x86_64-linux-gnu --incdir=/usr/include/x86_64-linux-gnu --arch=amd64 --enable-gpl --disable-stripping --disable-omx --enable-gnutls --enable-libaom --enable-libass --enable-libbs2b --enable-libcaca --enable-libcdio --enable-libcodec2 --enable-libdav1d --enable-libflite --enable-libfontconfig --enable-libfreetype --enable-libfribidi --enable-libglslang --enable-libgme --enable-libgsm --enable-libharfbuzz --enable-libmp3lame --enable-libmysofa --enable-libopenjpeg --enable-libopenmpt --enable-libopus --enable-librubberband --enable-libshine --enable-libsnappy --enable-libsoxr --enable-libspeex --enable-libtheora --enable-libtwolame --enable-libvidstab --enable-libvorbis --enable-libvpx --enable-libwebp --enable-libx265 --enable-libxml2 --enable-libxvid --enable-libzimg --enable-openal --enable-opencl --enable-opengl --disable-sndio --enable-libvpl --disable-libmfx --enable-libdc1394 --enable-libdrm --enable-libiec61883 --enable-chromaprint --enable-frei0r --enable-ladspa --enable-libbluray --enable-libjack --enable-libpulse --enable-librabbitmq --enable-librist --enable-libsrt --enable-libssh --enable-libsvtav1 --enable-libx264 --enable-libzmq --enable-libzvbi --enable-lv2 --enable-sdl2 --enable-libplacebo --enable-librav1e --enable-pocketsphinx --enable-librsvg --enable-libjxl --enable-shared
  libavutil      58. 29.100 / 58. 29.100
  libavcodec     60. 31.102 / 60. 31.102
  libavformat    60. 16.100 / 60. 16.100
  libavdevice    60.  3.100 / 60.  3.100
  libavfilter     9. 12.100 /  9. 12.100
  libswscale      7.  5.100 /  7.  5.100
  libswresample   4. 12.100 /  4. 12.100
  libpostproc    57.  3.100 / 57.  3.100
Input #0, mov,mp4,m4a,3gp,3g2,mj2, from '/data/vaishak/combined-kv-quant/results/runs/backfill_age_tier_int4_74dcf380574b_10s/videos/AGE_TIER_INT4/prompt_0008_seed_8.mp4':
  Metadata:
    major_brand     : isom
    minor_version   : 512
    compatible_brands: isomiso2avc1mp41
    encoder         : Lavf61.1.100
  Duration: 00:00:10.31, start: 0.000000, bitrate: 1029 kb/s
  Stream #0:0[0x1](und): Video: h264 (High) (avc1 / 0x31637661), yuv420p(progressive), 832x480, 1027 kb/s, 16 fps, 16 tbr, 16384 tbn (default)
    Metadata:
      handler_name    : VideoHandler
      vendor_id       : [0][0][0][0]
Stream mapping:
  Stream #0:0 -> #0:0 (h264 (native) -> h264 (libx264))
Press [q] to stop, [?] for help
[libx264 @ 0x5729dc5b1a40] using cpu capabilities: MMX2 SSE2Fast SSSE3 SSE4.2 AVX FMA3 BMI2 AVX2
[libx264 @ 0x5729dc5b1a40] profile High, level 3.0, 4:2:0, 8-bit
[libx264 @ 0x5729dc5b1a40] 264 - core 164 r3108 31e19f9 - H.264/MPEG-4 AVC codec - Copyleft 2003-2023 - http://www.videolan.org/x264.html - options: cabac=1 ref=3 deblock=1:0:0 analyse=0x3:0x113 me=hex subme=7 psy=1 psy_rd=1.00:0.00 mixed_ref=1 me_range=16 chroma_me=1 trellis=1 8x8dct=1 cqm=0 deadzone=21,11 fast_pskip=1 chroma_qp_offset=-2 threads=15 lookahead_threads=2 sliced_threads=0 nr=0 decimate=1 interlaced=0 bluray_compat=0 constrained_intra=0 bframes=3 b_pyramid=2 b_adapt=1 b_bias=0 direct=1 weightb=1 open_gop=0 weightp=2 keyint=250 keyint_min=16 scenecut=40 intra_refresh=0 rc_lookahead=40 rc=crf mbtree=1 crf=23.0 qcomp=0.60 qpmin=0 qpmax=69 qpstep=4 ip_ratio=1.40 aq=1:1.00
Output #0, mp4, to '/data/vaishak/combined-kv-quant/results/combined/backfills/drift/moviegen/1f42a23e6189f60d_AGE_TIER_INT4/AGE_TIER_INT4_frames_165/prompt_0008_seed_8.mp4':
  Metadata:
    major_brand     : isom
    minor_version   : 512
    compatible_brands: isomiso2avc1mp41
    encoder         : Lavf60.16.100
  Stream #0:0(und): Video: h264 (avc1 / 0x31637661), yuv420p(progressive), 832x480, q=2-31, 16 fps, 16384 tbn (default)
    Metadata:
      handler_name    : VideoHandler
      vendor_id       : [0][0][0][0]
      encoder         : Lavc60.31.102 libx264
    Side data:
      cpb: bitrate max/min/avg: 0/0/0 buffer size: 0 vbv_delay: N/A
frame=    0 fps=0.0 q=0.0 size=       0kB time=N/A bitrate=N/A speed=N/A    [out#0/mp4 @ 0x5729dc529000] video:792kB audio:0kB subtitle:0kB other streams:0kB global headers:0kB muxing overhead: 0.346322%
frame=  165 fps=0.0 q=-1.0 Lsize=     794kB time=00:00:10.12 bitrate= 642.6kbits/s speed=16.7x    
[libx264 @ 0x5729dc5b1a40] frame I:1     Avg QP:19.41  size: 50494
[libx264 @ 0x5729dc5b1a40] frame P:51    Avg QP:21.01  size: 11737
[libx264 @ 0x5729dc5b1a40] frame B:113   Avg QP:25.35  size:  1423
[libx264 @ 0x5729dc5b1a40] consecutive B-frames:  3.0% 14.5%  7.3% 75.2%
[libx264 @ 0x5729dc5b1a40] mb I  I16..4:  8.3% 53.5% 38.3%
[libx264 @ 0x5729dc5b1a40] mb P  I16..4:  0.5%  1.3%  0.3%  P16..4: 49.0% 23.3% 12.7%  0.0%  0.0%    skip:12.9%
[libx264 @ 0x5729dc5b1a40] mb B  I16..4:  0.0%  0.0%  0.0%  B16..8: 36.3%  2.3%  0.5%  direct: 1.8%  skip:59.1%  L0:46.5% L1:45.9% BI: 7.5%
[libx264 @ 0x5729dc5b1a40] 8x8 transform intra:57.1% inter:64.4%
[libx264 @ 0x5729dc5b1a40] coded y,uvDC,uvAC intra: 65.5% 87.1% 52.3% inter: 15.1% 22.7% 0.7%
[libx264 @ 0x5729dc5b1a40] i16 v,h,dc,p: 10% 42% 10% 38%
[libx264 @ 0x5729dc5b1a40] i8 v,h,dc,ddl,ddr,vr,hd,vl,hu: 12% 24% 18%  4%  9%  7% 11%  6%  8%
[libx264 @ 0x5729dc5b1a40] i4 v,h,dc,ddl,ddr,vr,hd,vl,hu: 15% 21% 14%  6% 12%  7% 10%  7%  7%
[libx264 @ 0x5729dc5b1a40] i8c dc,h,v,p: 44% 28% 14% 14%
[libx264 @ 0x5729dc5b1a40] Weighted P-Frames: Y:27.5% UV:13.7%
[libx264 @ 0x5729dc5b1a40] ref P L0: 58.1% 22.4% 13.4%  4.9%  1.2%
[libx264 @ 0x5729dc5b1a40] ref B L0: 92.0%  6.4%  1.5%
[libx264 @ 0x5729dc5b1a40] ref B L1: 98.3%  1.7%
[libx264 @ 0x5729dc5b1a40] kb/s:628.23
ffmpeg version 6.1.1-3ubuntu5 Copyright (c) 2000-2023 the FFmpeg developers
  built with gcc 13 (Ubuntu 13.2.0-23ubuntu3)
  configuration: --prefix=/usr --extra-version=3ubuntu5 --toolchain=hardened --libdir=/usr/lib/x86_64-linux-gnu --incdir=/usr/include/x86_64-linux-gnu --arch=amd64 --enable-gpl --disable-stripping --disable-omx --enable-gnutls --enable-libaom --enable-libass --enable-libbs2b --enable-libcaca --enable-libcdio --enable-libcodec2 --enable-libdav1d --enable-libflite --enable-libfontconfig --enable-libfreetype --enable-libfribidi --enable-libglslang --enable-libgme --enable-libgsm --enable-libharfbuzz --enable-libmp3lame --enable-libmysofa --enable-libopenjpeg --enable-libopenmpt --enable-libopus --enable-librubberband --enable-libshine --enable-libsnappy --enable-libsoxr --enable-libspeex --enable-libtheora --enable-libtwolame --enable-libvidstab --enable-libvorbis --enable-libvpx --enable-libwebp --enable-libx265 --enable-libxml2 --enable-libxvid --enable-libzimg --enable-openal --enable-opencl --enable-opengl --disable-sndio --enable-libvpl --disable-libmfx --enable-libdc1394 --enable-libdrm --enable-libiec61883 --enable-chromaprint --enable-frei0r --enable-ladspa --enable-libbluray --enable-libjack --enable-libpulse --enable-librabbitmq --enable-librist --enable-libsrt --enable-libssh --enable-libsvtav1 --enable-libx264 --enable-libzmq --enable-libzvbi --enable-lv2 --enable-sdl2 --enable-libplacebo --enable-librav1e --enable-pocketsphinx --enable-librsvg --enable-libjxl --enable-shared
  libavutil      58. 29.100 / 58. 29.100
  libavcodec     60. 31.102 / 60. 31.102
  libavformat    60. 16.100 / 60. 16.100
  libavdevice    60.  3.100 / 60.  3.100
  libavfilter     9. 12.100 /  9. 12.100
  libswscale      7.  5.100 /  7.  5.100
  libswresample   4. 12.100 /  4. 12.100
  libpostproc    57.  3.100 / 57.  3.100
Input #0, mov,mp4,m4a,3gp,3g2,mj2, from '/data/vaishak/combined-kv-quant/results/runs/backfill_age_tier_int4_74dcf380574b_10s/videos/AGE_TIER_INT4/prompt_0009_seed_9.mp4':
  Metadata:
    major_brand     : isom
    minor_version   : 512
    compatible_brands: isomiso2avc1mp41
    encoder         : Lavf61.1.100
  Duration: 00:00:10.31, start: 0.000000, bitrate: 1023 kb/s
  Stream #0:0[0x1](und): Video: h264 (High) (avc1 / 0x31637661), yuv420p(progressive), 832x480, 1021 kb/s, 16 fps, 16 tbr, 16384 tbn (default)
    Metadata:
      handler_name    : VideoHandler
      vendor_id       : [0][0][0][0]
Stream mapping:
  Stream #0:0 -> #0:0 (h264 (native) -> h264 (libx264))
Press [q] to stop, [?] for help
[libx264 @ 0x5ea66a4cc240] using cpu capabilities: MMX2 SSE2Fast SSSE3 SSE4.2 AVX FMA3 BMI2 AVX2
[libx264 @ 0x5ea66a4cc240] profile High, level 3.0, 4:2:0, 8-bit
[libx264 @ 0x5ea66a4cc240] 264 - core 164 r3108 31e19f9 - H.264/MPEG-4 AVC codec - Copyleft 2003-2023 - http://www.videolan.org/x264.html - options: cabac=1 ref=3 deblock=1:0:0 analyse=0x3:0x113 me=hex subme=7 psy=1 psy_rd=1.00:0.00 mixed_ref=1 me_range=16 chroma_me=1 trellis=1 8x8dct=1 cqm=0 deadzone=21,11 fast_pskip=1 chroma_qp_offset=-2 threads=15 lookahead_threads=2 sliced_threads=0 nr=0 decimate=1 interlaced=0 bluray_compat=0 constrained_intra=0 bframes=3 b_pyramid=2 b_adapt=1 b_bias=0 direct=1 weightb=1 open_gop=0 weightp=2 keyint=250 keyint_min=16 scenecut=40 intra_refresh=0 rc_lookahead=40 rc=crf mbtree=1 crf=23.0 qcomp=0.60 qpmin=0 qpmax=69 qpstep=4 ip_ratio=1.40 aq=1:1.00
Output #0, mp4, to '/data/vaishak/combined-kv-quant/results/combined/backfills/drift/moviegen/1f42a23e6189f60d_AGE_TIER_INT4/AGE_TIER_INT4_frames_165/prompt_0009_seed_9.mp4':
  Metadata:
    major_brand     : isom
    minor_version   : 512
    compatible_brands: isomiso2avc1mp41
    encoder         : Lavf60.16.100
  Stream #0:0(und): Video: h264 (avc1 / 0x31637661), yuv420p(progressive), 832x480, q=2-31, 16 fps, 16384 tbn (default)
    Metadata:
      handler_name    : VideoHandler
      vendor_id       : [0][0][0][0]
      encoder         : Lavc60.31.102 libx264
    Side data:
      cpb: bitrate max/min/avg: 0/0/0 buffer size: 0 vbv_delay: N/A
frame=    0 fps=0.0 q=0.0 size=       0kB time=N/A bitrate=N/A speed=N/A    [out#0/mp4 @ 0x5ea66a43f000] video:1793kB audio:0kB subtitle:0kB other streams:0kB global headers:0kB muxing overhead: 0.154618%
frame=  165 fps=0.0 q=-1.0 Lsize=    1796kB time=00:00:10.12 bitrate=1453.0kbits/s speed=15.9x    
[libx264 @ 0x5ea66a4cc240] frame I:1     Avg QP:22.21  size: 67423
[libx264 @ 0x5ea66a4cc240] frame P:44    Avg QP:22.66  size: 27373
[libx264 @ 0x5ea66a4cc240] frame B:120   Avg QP:27.11  size:  4697
[libx264 @ 0x5ea66a4cc240] consecutive B-frames:  1.8%  2.4%  3.6% 92.1%
[libx264 @ 0x5ea66a4cc240] mb I  I16..4:  2.6% 57.6% 39.8%
[libx264 @ 0x5ea66a4cc240] mb P  I16..4:  0.7%  4.6%  2.0%  P16..4: 40.3% 29.5% 17.2%  0.0%  0.0%    skip: 5.8%
[libx264 @ 0x5ea66a4cc240] mb B  I16..4:  0.0%  0.2%  0.1%  B16..8: 49.5%  8.4%  3.0%  direct: 2.6%  skip:36.1%  L0:48.1% L1:40.0% BI:11.9%
[libx264 @ 0x5ea66a4cc240] 8x8 transform intra:60.9% inter:59.2%
[libx264 @ 0x5ea66a4cc240] coded y,uvDC,uvAC intra: 83.5% 61.3% 14.3% inter: 25.3% 11.0% 0.0%
[libx264 @ 0x5ea66a4cc240] i16 v,h,dc,p: 11% 32% 21% 35%
[libx264 @ 0x5ea66a4cc240] i8 v,h,dc,ddl,ddr,vr,hd,vl,hu: 12% 27% 17%  4%  6%  5% 11%  6% 12%
[libx264 @ 0x5ea66a4cc240] i4 v,h,dc,ddl,ddr,vr,hd,vl,hu: 14% 26% 14%  6%  7%  6% 12%  5% 10%
[libx264 @ 0x5ea66a4cc240] i8c dc,h,v,p: 58% 23% 14%  4%
[libx264 @ 0x5ea66a4cc240] Weighted P-Frames: Y:38.6% UV:0.0%
[libx264 @ 0x5ea66a4cc240] ref P L0: 50.0% 27.6% 15.7%  5.3%  1.4%
[libx264 @ 0x5ea66a4cc240] ref B L0: 92.1%  6.4%  1.5%
[libx264 @ 0x5ea66a4cc240] ref B L1: 98.9%  1.1%
[libx264 @ 0x5ea66a4cc240] kb/s:1423.86
[rank0]:[W310 22:59:40.307860882 ProcessGroupNCCL.cpp:4115] [PG ID 0 PG GUID 0 Rank 0]  using GPU 0 to perform barrier as devices used by this process are currently unknown. This can potentially cause a hang if this rank to GPU mapping is incorrect.Specify device_ids in barrier() to force use of a particular device,or call init_process_group() with a device_id.
/home/suraj/miniforge3/envs/qvg_sf_eval/lib/python3.10/site-packages/clip/clip.py:6: UserWarning: pkg_resources is deprecated as an API. See https://setuptools.pypa.io/en/latest/pkg_resources.html. The pkg_resources package is slated for removal as early as 2025-11-30. Refrain from using this package or pin to Setuptools<81.
  from pkg_resources import packaging
/home/suraj/miniforge3/envs/qvg_sf_eval/lib/python3.10/site-packages/timm/models/layers/__init__.py:48: FutureWarning: Importing from timm.models.layers is deprecated, please import via timm.layers
  warnings.warn(f"Importing from {__name__} is deprecated, please import via timm.layers", FutureWarning)
/home/suraj/miniforge3/envs/qvg_sf_eval/lib/python3.10/site-packages/pyiqa/archs/arch_util.py:118: FutureWarning: You are using `torch.load` with `weights_only=False` (the current default value), which uses the default pickle module implicitly. It is possible to construct malicious pickle data which will execute arbitrary code during unpickling (See https://github.com/pytorch/pytorch/blob/main/SECURITY.md#untrusted-models for more details). In a future release, the default value for `weights_only` will be flipped to `True`. This limits the functions that could be executed during unpickling. Arbitrary objects will no longer be allowed to be loaded via this mode unless they are explicitly allowlisted by the user via `torch.serialization.add_safe_globals`. We recommend you start setting `weights_only=True` for any use case where you don't have full control of the loaded file. Please open an issue on GitHub for any issues related to this experimental feature.
  state_dict = torch.load(model_path, map_location=torch.device("cpu"))
args: Namespace(output_path='/data/vaishak/combined-kv-quant/results/combined/backfills/drift/moviegen/1f42a23e6189f60d_AGE_TIER_INT4/vbench_AGE_TIER_INT4_165', full_json_dir='/data/vaishak/combined-kv-quant/third_party/VBench/vbench/VBench_full_info.json', videos_path='/data/vaishak/combined-kv-quant/results/combined/backfills/drift/moviegen/1f42a23e6189f60d_AGE_TIER_INT4/AGE_TIER_INT4_frames_165', dimension=['imaging_quality'], load_ckpt_from_local=None, read_frame=None, mode='custom_input', prompt='None', prompt_file='/data/vaishak/combined-kv-quant/results/combined/backfills/drift/moviegen/1f42a23e6189f60d_AGE_TIER_INT4/prompt_map_165.json', category=None, imaging_quality_preprocessing_mode='longer')
start evaluation
Evaluation meta data saved to /data/vaishak/combined-kv-quant/results/combined/backfills/drift/moviegen/1f42a23e6189f60d_AGE_TIER_INT4/vbench_AGE_TIER_INT4_165/results_2026-03-10-22:59:39_full_info.json
cur_full_info_path: /data/vaishak/combined-kv-quant/results/combined/backfills/drift/moviegen/1f42a23e6189f60d_AGE_TIER_INT4/vbench_AGE_TIER_INT4_165/results_2026-03-10-22:59:39_full_info.json
Loading pretrained model MUSIQ from /home/vaishak/.cache/vbench/pyiqa_model/musiq_spaq_ckpt-358bb6af.pth
  0%|          | 0/10 [00:00<?, ?it/s] 10%|█         | 1/10 [00:04<00:41,  4.61s/it] 20%|██        | 2/10 [00:09<00:36,  4.53s/it] 30%|███       | 3/10 [00:13<00:32,  4.63s/it] 40%|████      | 4/10 [00:18<00:27,  4.66s/it] 50%|█████     | 5/10 [00:23<00:23,  4.76s/it] 60%|██████    | 6/10 [00:29<00:21,  5.32s/it] 70%|███████   | 7/10 [00:36<00:17,  5.75s/it] 80%|████████  | 8/10 [00:42<00:11,  5.97s/it] 90%|█████████ | 9/10 [00:49<00:06,  6.07s/it]100%|██████████| 10/10 [00:54<00:00,  5.97s/it]100%|██████████| 10/10 [00:54<00:00,  5.50s/it]
Evaluation results saved to /data/vaishak/combined-kv-quant/results/combined/backfills/drift/moviegen/1f42a23e6189f60d_AGE_TIER_INT4/vbench_AGE_TIER_INT4_165/results_2026-03-10-22:59:39_eval_results.json
done
[rank0]:[W310 23:00:37.570436222 ProcessGroupNCCL.cpp:1250] Warning: WARNING: process group has NOT been destroyed before we destruct ProcessGroupNCCL. On normal program exit, the application should call destroy_process_group to ensure that any pending NCCL operations have finished in this process. In rare cases this process can exit before this point and block the progress of another member of the process group. This constraint has always been present,  but this warning has only been added since PyTorch 2.4 (function operator())
{
  "method": "AGE_TIER_INT4",
  "frame_step": 165,
  "max_frames": 165,
  "curve": [
    {
      "frame_cap": 165,
      "imaging_quality": [
        0.733892467545018,
        [
          {
            "video_path": "/data/vaishak/combined-kv-quant/results/combined/backfills/drift/moviegen/1f42a23e6189f60d_AGE_TIER_INT4/AGE_TIER_INT4_frames_165/prompt_0007_seed_7.mp4",
            "video_results": 77.21605192242247
          },
          {
            "video_path": "/data/vaishak/combined-kv-quant/results/combined/backfills/drift/moviegen/1f42a23e6189f60d_AGE_TIER_INT4/AGE_TIER_INT4_frames_165/prompt_0006_seed_6.mp4",
            "video_results": 67.57836692116477
          },
          {
            "video_path": "/data/vaishak/combined-kv-quant/results/combined/backfills/drift/moviegen/1f42a23e6189f60d_AGE_TIER_INT4/AGE_TIER_INT4_frames_165/prompt_0004_seed_4.mp4",
            "video_results": 69.8809951319839
          },
          {
            "video_path": "/data/vaishak/combined-kv-quant/results/combined/backfills/drift/moviegen/1f42a23e6189f60d_AGE_TIER_INT4/AGE_TIER_INT4_frames_165/prompt_0003_seed_3.mp4",
            "video_results": 73.76824105002663
          },
          {
            "video_path": "/data/vaishak/combined-kv-quant/results/combined/backfills/drift/moviegen/1f42a23e6189f60d_AGE_TIER_INT4/AGE_TIER_INT4_frames_165/prompt_0005_seed_5.mp4",
            "video_results": 77.41546908291903
          },
          {
            "video_path": "/data/vaishak/combined-kv-quant/results/combined/backfills/drift/moviegen/1f42a23e6189f60d_AGE_TIER_INT4/AGE_TIER_INT4_frames_165/prompt_0002_seed_2.mp4",
            "video_results": 72.79448894153941
          },
          {
            "video_path": "/data/vaishak/combined-kv-quant/results/combined/backfills/drift/moviegen/1f42a23e6189f60d_AGE_TIER_INT4/AGE_TIER_INT4_frames_165/prompt_0001_seed_1.mp4",
            "video_results": 75.16282089695785
          },
          {
            "video_path": "/data/vaishak/combined-kv-quant/results/combined/backfills/drift/moviegen/1f42a23e6189f60d_AGE_TIER_INT4/AGE_TIER_INT4_frames_165/prompt_0009_seed_9.mp4",
            "video_results": 75.82052492083925
          },
          {
            "video_path": "/data/vaishak/combined-kv-quant/results/combined/backfills/drift/moviegen/1f42a23e6189f60d_AGE_TIER_INT4/AGE_TIER_INT4_frames_165/prompt_0008_seed_8.mp4",
            "video_results": 78.08966554583925
          },
          {
            "video_path": "/data/vaishak/combined-kv-quant/results/combined/backfills/drift/moviegen/1f42a23e6189f60d_AGE_TIER_INT4/AGE_TIER_INT4_frames_165/prompt_0000_seed_0.mp4",
            "video_results": 66.16584313132546
          }
        ]
      ]
    }
  ]
}
ffmpeg version 6.1.1-3ubuntu5 Copyright (c) 2000-2023 the FFmpeg developers
  built with gcc 13 (Ubuntu 13.2.0-23ubuntu3)
  configuration: --prefix=/usr --extra-version=3ubuntu5 --toolchain=hardened --libdir=/usr/lib/x86_64-linux-gnu --incdir=/usr/include/x86_64-linux-gnu --arch=amd64 --enable-gpl --disable-stripping --disable-omx --enable-gnutls --enable-libaom --enable-libass --enable-libbs2b --enable-libcaca --enable-libcdio --enable-libcodec2 --enable-libdav1d --enable-libflite --enable-libfontconfig --enable-libfreetype --enable-libfribidi --enable-libglslang --enable-libgme --enable-libgsm --enable-libharfbuzz --enable-libmp3lame --enable-libmysofa --enable-libopenjpeg --enable-libopenmpt --enable-libopus --enable-librubberband --enable-libshine --enable-libsnappy --enable-libsoxr --enable-libspeex --enable-libtheora --enable-libtwolame --enable-libvidstab --enable-libvorbis --enable-libvpx --enable-libwebp --enable-libx265 --enable-libxml2 --enable-libxvid --enable-libzimg --enable-openal --enable-opencl --enable-opengl --disable-sndio --enable-libvpl --disable-libmfx --enable-libdc1394 --enable-libdrm --enable-libiec61883 --enable-chromaprint --enable-frei0r --enable-ladspa --enable-libbluray --enable-libjack --enable-libpulse --enable-librabbitmq --enable-librist --enable-libsrt --enable-libssh --enable-libsvtav1 --enable-libx264 --enable-libzmq --enable-libzvbi --enable-lv2 --enable-sdl2 --enable-libplacebo --enable-librav1e --enable-pocketsphinx --enable-librsvg --enable-libjxl --enable-shared
  libavutil      58. 29.100 / 58. 29.100
  libavcodec     60. 31.102 / 60. 31.102
  libavformat    60. 16.100 / 60. 16.100
  libavdevice    60.  3.100 / 60.  3.100
  libavfilter     9. 12.100 /  9. 12.100
  libswscale      7.  5.100 /  7.  5.100
  libswresample   4. 12.100 /  4. 12.100
  libpostproc    57.  3.100 / 57.  3.100
Input #0, mov,mp4,m4a,3gp,3g2,mj2, from '/data/vaishak/combined-kv-quant/results/runs/backfill_flowcache_adaptive_int2_1a41612d204d_10s/videos/FLOWCACHE_ADAPTIVE_INT2/prompt_0000_seed_0.mp4':
  Metadata:
    major_brand     : isom
    minor_version   : 512
    compatible_brands: isomiso2avc1mp41
    encoder         : Lavf61.1.100
  Duration: 00:00:10.31, start: 0.000000, bitrate: 1196 kb/s
  Stream #0:0[0x1](und): Video: h264 (High) (avc1 / 0x31637661), yuv420p(progressive), 832x480, 1193 kb/s, 16 fps, 16 tbr, 16384 tbn (default)
    Metadata:
      handler_name    : VideoHandler
      vendor_id       : [0][0][0][0]
Stream mapping:
  Stream #0:0 -> #0:0 (h264 (native) -> h264 (libx264))
Press [q] to stop, [?] for help
[libx264 @ 0x5ad21dfeb000] using cpu capabilities: MMX2 SSE2Fast SSSE3 SSE4.2 AVX FMA3 BMI2 AVX2
[libx264 @ 0x5ad21dfeb000] profile High, level 3.0, 4:2:0, 8-bit
[libx264 @ 0x5ad21dfeb000] 264 - core 164 r3108 31e19f9 - H.264/MPEG-4 AVC codec - Copyleft 2003-2023 - http://www.videolan.org/x264.html - options: cabac=1 ref=3 deblock=1:0:0 analyse=0x3:0x113 me=hex subme=7 psy=1 psy_rd=1.00:0.00 mixed_ref=1 me_range=16 chroma_me=1 trellis=1 8x8dct=1 cqm=0 deadzone=21,11 fast_pskip=1 chroma_qp_offset=-2 threads=15 lookahead_threads=2 sliced_threads=0 nr=0 decimate=1 interlaced=0 bluray_compat=0 constrained_intra=0 bframes=3 b_pyramid=2 b_adapt=1 b_bias=0 direct=1 weightb=1 open_gop=0 weightp=2 keyint=250 keyint_min=16 scenecut=40 intra_refresh=0 rc_lookahead=40 rc=crf mbtree=1 crf=23.0 qcomp=0.60 qpmin=0 qpmax=69 qpstep=4 ip_ratio=1.40 aq=1:1.00
Output #0, mp4, to '/data/vaishak/combined-kv-quant/results/combined/backfills/drift/moviegen/4497296828e2a153_FLOWCACHE_ADAPTIVE_INT2/FLOWCACHE_ADAPTIVE_INT2_frames_165/prompt_0000_seed_0.mp4':
  Metadata:
    major_brand     : isom
    minor_version   : 512
    compatible_brands: isomiso2avc1mp41
    encoder         : Lavf60.16.100
  Stream #0:0(und): Video: h264 (avc1 / 0x31637661), yuv420p(progressive), 832x480, q=2-31, 16 fps, 16384 tbn (default)
    Metadata:
      handler_name    : VideoHandler
      vendor_id       : [0][0][0][0]
      encoder         : Lavc60.31.102 libx264
    Side data:
      cpb: bitrate max/min/avg: 0/0/0 buffer size: 0 vbv_delay: N/A
frame=    0 fps=0.0 q=0.0 size=       0kB time=N/A bitrate=N/A speed=N/A    frame=   79 fps=0.0 q=24.0 size=     768kB time=00:00:04.81 bitrate=1307.4kbits/s speed= 9.2x    [out#0/mp4 @ 0x5ad21df5efc0] video:2814kB audio:0kB subtitle:0kB other streams:0kB global headers:0kB muxing overhead: 0.099216%
frame=  165 fps=0.0 q=-1.0 Lsize=    2817kB time=00:00:10.12 bitrate=2279.1kbits/s speed=11.6x    
[libx264 @ 0x5ad21dfeb000] frame I:6     Avg QP:23.60  size: 47806
[libx264 @ 0x5ad21dfeb000] frame P:47    Avg QP:26.32  size: 29406
[libx264 @ 0x5ad21dfeb000] frame B:112   Avg QP:28.11  size: 10821
[libx264 @ 0x5ad21dfeb000] consecutive B-frames:  6.7%  8.5%  0.0% 84.8%
[libx264 @ 0x5ad21dfeb000] mb I  I16..4:  1.3% 74.5% 24.2%
[libx264 @ 0x5ad21dfeb000] mb P  I16..4:  0.9% 30.1%  5.8%  P16..4: 32.5% 20.4%  8.2%  0.0%  0.0%    skip: 2.1%
[libx264 @ 0x5ad21dfeb000] mb B  I16..4:  0.1%  3.5%  1.0%  B16..8: 45.0% 13.7%  4.8%  direct: 7.4%  skip:24.5%  L0:50.0% L1:37.0% BI:13.0%
[libx264 @ 0x5ad21dfeb000] 8x8 transform intra:79.3% inter:77.1%
[libx264 @ 0x5ad21dfeb000] coded y,uvDC,uvAC intra: 91.7% 95.7% 74.7% inter: 40.3% 41.3% 8.3%
[libx264 @ 0x5ad21dfeb000] i16 v,h,dc,p: 20% 22%  7% 51%
[libx264 @ 0x5ad21dfeb000] i8 v,h,dc,ddl,ddr,vr,hd,vl,hu: 16% 16% 13%  6%  9%  9% 10%  9% 12%
[libx264 @ 0x5ad21dfeb000] i4 v,h,dc,ddl,ddr,vr,hd,vl,hu: 18% 17% 13%  7%  9%  9%  9%  8%  9%
[libx264 @ 0x5ad21dfeb000] i8c dc,h,v,p: 39% 21% 22% 19%
[libx264 @ 0x5ad21dfeb000] Weighted P-Frames: Y:25.5% UV:14.9%
[libx264 @ 0x5ad21dfeb000] ref P L0: 51.0% 20.0% 17.1%  9.4%  2.5%
[libx264 @ 0x5ad21dfeb000] ref B L0: 86.3% 10.8%  2.9%
[libx264 @ 0x5ad21dfeb000] ref B L1: 98.7%  1.3%
[libx264 @ 0x5ad21dfeb000] kb/s:2234.88
ffmpeg version 6.1.1-3ubuntu5 Copyright (c) 2000-2023 the FFmpeg developers
  built with gcc 13 (Ubuntu 13.2.0-23ubuntu3)
  configuration: --prefix=/usr --extra-version=3ubuntu5 --toolchain=hardened --libdir=/usr/lib/x86_64-linux-gnu --incdir=/usr/include/x86_64-linux-gnu --arch=amd64 --enable-gpl --disable-stripping --disable-omx --enable-gnutls --enable-libaom --enable-libass --enable-libbs2b --enable-libcaca --enable-libcdio --enable-libcodec2 --enable-libdav1d --enable-libflite --enable-libfontconfig --enable-libfreetype --enable-libfribidi --enable-libglslang --enable-libgme --enable-libgsm --enable-libharfbuzz --enable-libmp3lame --enable-libmysofa --enable-libopenjpeg --enable-libopenmpt --enable-libopus --enable-librubberband --enable-libshine --enable-libsnappy --enable-libsoxr --enable-libspeex --enable-libtheora --enable-libtwolame --enable-libvidstab --enable-libvorbis --enable-libvpx --enable-libwebp --enable-libx265 --enable-libxml2 --enable-libxvid --enable-libzimg --enable-openal --enable-opencl --enable-opengl --disable-sndio --enable-libvpl --disable-libmfx --enable-libdc1394 --enable-libdrm --enable-libiec61883 --enable-chromaprint --enable-frei0r --enable-ladspa --enable-libbluray --enable-libjack --enable-libpulse --enable-librabbitmq --enable-librist --enable-libsrt --enable-libssh --enable-libsvtav1 --enable-libx264 --enable-libzmq --enable-libzvbi --enable-lv2 --enable-sdl2 --enable-libplacebo --enable-librav1e --enable-pocketsphinx --enable-librsvg --enable-libjxl --enable-shared
  libavutil      58. 29.100 / 58. 29.100
  libavcodec     60. 31.102 / 60. 31.102
  libavformat    60. 16.100 / 60. 16.100
  libavdevice    60.  3.100 / 60.  3.100
  libavfilter     9. 12.100 /  9. 12.100
  libswscale      7.  5.100 /  7.  5.100
  libswresample   4. 12.100 /  4. 12.100
  libpostproc    57.  3.100 / 57.  3.100
Input #0, mov,mp4,m4a,3gp,3g2,mj2, from '/data/vaishak/combined-kv-quant/results/runs/backfill_flowcache_adaptive_int2_1a41612d204d_10s/videos/FLOWCACHE_ADAPTIVE_INT2/prompt_0001_seed_1.mp4':
  Metadata:
    major_brand     : isom
    minor_version   : 512
    compatible_brands: isomiso2avc1mp41
    encoder         : Lavf61.1.100
  Duration: 00:00:10.31, start: 0.000000, bitrate: 1120 kb/s
  Stream #0:0[0x1](und): Video: h264 (High) (avc1 / 0x31637661), yuv420p(progressive), 832x480, 1118 kb/s, 16 fps, 16 tbr, 16384 tbn (default)
    Metadata:
      handler_name    : VideoHandler
      vendor_id       : [0][0][0][0]
Stream mapping:
  Stream #0:0 -> #0:0 (h264 (native) -> h264 (libx264))
Press [q] to stop, [?] for help
[libx264 @ 0x55e8c99aee40] using cpu capabilities: MMX2 SSE2Fast SSSE3 SSE4.2 AVX FMA3 BMI2 AVX2
[libx264 @ 0x55e8c99aee40] profile High, level 3.0, 4:2:0, 8-bit
[libx264 @ 0x55e8c99aee40] 264 - core 164 r3108 31e19f9 - H.264/MPEG-4 AVC codec - Copyleft 2003-2023 - http://www.videolan.org/x264.html - options: cabac=1 ref=3 deblock=1:0:0 analyse=0x3:0x113 me=hex subme=7 psy=1 psy_rd=1.00:0.00 mixed_ref=1 me_range=16 chroma_me=1 trellis=1 8x8dct=1 cqm=0 deadzone=21,11 fast_pskip=1 chroma_qp_offset=-2 threads=15 lookahead_threads=2 sliced_threads=0 nr=0 decimate=1 interlaced=0 bluray_compat=0 constrained_intra=0 bframes=3 b_pyramid=2 b_adapt=1 b_bias=0 direct=1 weightb=1 open_gop=0 weightp=2 keyint=250 keyint_min=16 scenecut=40 intra_refresh=0 rc_lookahead=40 rc=crf mbtree=1 crf=23.0 qcomp=0.60 qpmin=0 qpmax=69 qpstep=4 ip_ratio=1.40 aq=1:1.00
Output #0, mp4, to '/data/vaishak/combined-kv-quant/results/combined/backfills/drift/moviegen/4497296828e2a153_FLOWCACHE_ADAPTIVE_INT2/FLOWCACHE_ADAPTIVE_INT2_frames_165/prompt_0001_seed_1.mp4':
  Metadata:
    major_brand     : isom
    minor_version   : 512
    compatible_brands: isomiso2avc1mp41
    encoder         : Lavf60.16.100
  Stream #0:0(und): Video: h264 (avc1 / 0x31637661), yuv420p(progressive), 832x480, q=2-31, 16 fps, 16384 tbn (default)
    Metadata:
      handler_name    : VideoHandler
      vendor_id       : [0][0][0][0]
      encoder         : Lavc60.31.102 libx264
    Side data:
      cpb: bitrate max/min/avg: 0/0/0 buffer size: 0 vbv_delay: N/A
frame=    0 fps=0.0 q=0.0 size=       0kB time=N/A bitrate=N/A speed=N/A    frame=   84 fps=0.0 q=27.0 size=    1024kB time=00:00:05.12 bitrate=1636.9kbits/s speed= 9.9x    [out#0/mp4 @ 0x55e8c9922fc0] video:2356kB audio:0kB subtitle:0kB other streams:0kB global headers:0kB muxing overhead: 0.117828%
frame=  165 fps=0.0 q=-1.0 Lsize=    2359kB time=00:00:10.12 bitrate=1908.7kbits/s speed=11.8x    
[libx264 @ 0x55e8c99aee40] frame I:6     Avg QP:21.62  size: 49828
[libx264 @ 0x55e8c99aee40] frame P:47    Avg QP:24.87  size: 26490
[libx264 @ 0x55e8c99aee40] frame B:112   Avg QP:26.49  size:  7751
[libx264 @ 0x55e8c99aee40] consecutive B-frames:  6.7%  6.1%  7.3% 80.0%
[libx264 @ 0x55e8c99aee40] mb I  I16..4:  2.1% 80.2% 17.6%
[libx264 @ 0x55e8c99aee40] mb P  I16..4:  1.5% 24.3%  3.2%  P16..4: 37.3% 20.7%  8.3%  0.0%  0.0%    skip: 4.7%
[libx264 @ 0x55e8c99aee40] mb B  I16..4:  0.1%  1.1%  0.2%  B16..8: 49.9% 11.4%  3.7%  direct: 5.0%  skip:28.5%  L0:50.5% L1:40.6% BI: 8.9%
[libx264 @ 0x55e8c99aee40] 8x8 transform intra:82.1% inter:72.9%
[libx264 @ 0x55e8c99aee40] coded y,uvDC,uvAC intra: 89.5% 92.2% 47.0% inter: 33.3% 29.9% 0.9%
[libx264 @ 0x55e8c99aee40] i16 v,h,dc,p:  3% 39%  2% 56%
[libx264 @ 0x55e8c99aee40] i8 v,h,dc,ddl,ddr,vr,hd,vl,hu:  8% 26% 16%  6%  7%  6% 11%  6% 13%
[libx264 @ 0x55e8c99aee40] i4 v,h,dc,ddl,ddr,vr,hd,vl,hu: 10% 23% 13%  7%  9%  7% 12%  7% 12%
[libx264 @ 0x55e8c99aee40] i8c dc,h,v,p: 35% 38% 10% 17%
[libx264 @ 0x55e8c99aee40] Weighted P-Frames: Y:27.7% UV:8.5%
[libx264 @ 0x55e8c99aee40] ref P L0: 57.7% 19.3% 14.1%  7.5%  1.3%
[libx264 @ 0x55e8c99aee40] ref B L0: 92.6%  5.9%  1.5%
[libx264 @ 0x55e8c99aee40] ref B L1: 98.8%  1.2%
[libx264 @ 0x55e8c99aee40] kb/s:1871.24
ffmpeg version 6.1.1-3ubuntu5 Copyright (c) 2000-2023 the FFmpeg developers
  built with gcc 13 (Ubuntu 13.2.0-23ubuntu3)
  configuration: --prefix=/usr --extra-version=3ubuntu5 --toolchain=hardened --libdir=/usr/lib/x86_64-linux-gnu --incdir=/usr/include/x86_64-linux-gnu --arch=amd64 --enable-gpl --disable-stripping --disable-omx --enable-gnutls --enable-libaom --enable-libass --enable-libbs2b --enable-libcaca --enable-libcdio --enable-libcodec2 --enable-libdav1d --enable-libflite --enable-libfontconfig --enable-libfreetype --enable-libfribidi --enable-libglslang --enable-libgme --enable-libgsm --enable-libharfbuzz --enable-libmp3lame --enable-libmysofa --enable-libopenjpeg --enable-libopenmpt --enable-libopus --enable-librubberband --enable-libshine --enable-libsnappy --enable-libsoxr --enable-libspeex --enable-libtheora --enable-libtwolame --enable-libvidstab --enable-libvorbis --enable-libvpx --enable-libwebp --enable-libx265 --enable-libxml2 --enable-libxvid --enable-libzimg --enable-openal --enable-opencl --enable-opengl --disable-sndio --enable-libvpl --disable-libmfx --enable-libdc1394 --enable-libdrm --enable-libiec61883 --enable-chromaprint --enable-frei0r --enable-ladspa --enable-libbluray --enable-libjack --enable-libpulse --enable-librabbitmq --enable-librist --enable-libsrt --enable-libssh --enable-libsvtav1 --enable-libx264 --enable-libzmq --enable-libzvbi --enable-lv2 --enable-sdl2 --enable-libplacebo --enable-librav1e --enable-pocketsphinx --enable-librsvg --enable-libjxl --enable-shared
  libavutil      58. 29.100 / 58. 29.100
  libavcodec     60. 31.102 / 60. 31.102
  libavformat    60. 16.100 / 60. 16.100
  libavdevice    60.  3.100 / 60.  3.100
  libavfilter     9. 12.100 /  9. 12.100
  libswscale      7.  5.100 /  7.  5.100
  libswresample   4. 12.100 /  4. 12.100
  libpostproc    57.  3.100 / 57.  3.100
Input #0, mov,mp4,m4a,3gp,3g2,mj2, from '/data/vaishak/combined-kv-quant/results/runs/backfill_flowcache_adaptive_int2_1a41612d204d_10s/videos/FLOWCACHE_ADAPTIVE_INT2/prompt_0002_seed_2.mp4':
  Metadata:
    major_brand     : isom
    minor_version   : 512
    compatible_brands: isomiso2avc1mp41
    encoder         : Lavf61.1.100
  Duration: 00:00:10.31, start: 0.000000, bitrate: 1188 kb/s
  Stream #0:0[0x1](und): Video: h264 (High) (avc1 / 0x31637661), yuv420p(progressive), 832x480, 1186 kb/s, 16 fps, 16 tbr, 16384 tbn (default)
    Metadata:
      handler_name    : VideoHandler
      vendor_id       : [0][0][0][0]
Stream mapping:
  Stream #0:0 -> #0:0 (h264 (native) -> h264 (libx264))
Press [q] to stop, [?] for help
[libx264 @ 0x59caf3997940] using cpu capabilities: MMX2 SSE2Fast SSSE3 SSE4.2 AVX FMA3 BMI2 AVX2
[libx264 @ 0x59caf3997940] profile High, level 3.0, 4:2:0, 8-bit
[libx264 @ 0x59caf3997940] 264 - core 164 r3108 31e19f9 - H.264/MPEG-4 AVC codec - Copyleft 2003-2023 - http://www.videolan.org/x264.html - options: cabac=1 ref=3 deblock=1:0:0 analyse=0x3:0x113 me=hex subme=7 psy=1 psy_rd=1.00:0.00 mixed_ref=1 me_range=16 chroma_me=1 trellis=1 8x8dct=1 cqm=0 deadzone=21,11 fast_pskip=1 chroma_qp_offset=-2 threads=15 lookahead_threads=2 sliced_threads=0 nr=0 decimate=1 interlaced=0 bluray_compat=0 constrained_intra=0 bframes=3 b_pyramid=2 b_adapt=1 b_bias=0 direct=1 weightb=1 open_gop=0 weightp=2 keyint=250 keyint_min=16 scenecut=40 intra_refresh=0 rc_lookahead=40 rc=crf mbtree=1 crf=23.0 qcomp=0.60 qpmin=0 qpmax=69 qpstep=4 ip_ratio=1.40 aq=1:1.00
Output #0, mp4, to '/data/vaishak/combined-kv-quant/results/combined/backfills/drift/moviegen/4497296828e2a153_FLOWCACHE_ADAPTIVE_INT2/FLOWCACHE_ADAPTIVE_INT2_frames_165/prompt_0002_seed_2.mp4':
  Metadata:
    major_brand     : isom
    minor_version   : 512
    compatible_brands: isomiso2avc1mp41
    encoder         : Lavf60.16.100
  Stream #0:0(und): Video: h264 (avc1 / 0x31637661), yuv420p(progressive), 832x480, q=2-31, 16 fps, 16384 tbn (default)
    Metadata:
      handler_name    : VideoHandler
      vendor_id       : [0][0][0][0]
      encoder         : Lavc60.31.102 libx264
    Side data:
      cpb: bitrate max/min/avg: 0/0/0 buffer size: 0 vbv_delay: N/A
frame=    0 fps=0.0 q=0.0 size=       0kB time=N/A bitrate=N/A speed=N/A    [out#0/mp4 @ 0x59caf38b4cc0] video:2031kB audio:0kB subtitle:0kB other streams:0kB global headers:0kB muxing overhead: 0.130946%
frame=  165 fps=0.0 q=-1.0 Lsize=    2033kB time=00:00:10.12 bitrate=1645.2kbits/s speed=14.9x    
[libx264 @ 0x59caf3997940] frame I:22    Avg QP:20.60  size: 24836
[libx264 @ 0x59caf3997940] frame P:42    Avg QP:24.30  size: 14892
[libx264 @ 0x59caf3997940] frame B:101   Avg QP:25.34  size:  8980
[libx264 @ 0x59caf3997940] consecutive B-frames: 13.3%  2.4% 38.2% 46.1%
[libx264 @ 0x59caf3997940] mb I  I16..4: 28.2% 59.9% 11.9%
[libx264 @ 0x59caf3997940] mb P  I16..4:  9.4% 22.3%  4.8%  P16..4: 41.1% 10.8%  3.9%  0.0%  0.0%    skip: 7.8%
[libx264 @ 0x59caf3997940] mb B  I16..4:  0.3%  2.9%  1.4%  B16..8: 38.4%  9.9%  3.7%  direct: 6.1%  skip:37.3%  L0:49.4% L1:40.6% BI:10.0%
[libx264 @ 0x59caf3997940] 8x8 transform intra:60.8% inter:75.5%
[libx264 @ 0x59caf3997940] coded y,uvDC,uvAC intra: 64.4% 84.3% 41.1% inter: 23.8% 33.2% 4.1%
[libx264 @ 0x59caf3997940] i16 v,h,dc,p:  1% 47%  1% 50%
[libx264 @ 0x59caf3997940] i8 v,h,dc,ddl,ddr,vr,hd,vl,hu: 11% 29% 15%  6%  7%  6% 10%  6% 11%
[libx264 @ 0x59caf3997940] i4 v,h,dc,ddl,ddr,vr,hd,vl,hu: 14% 24% 13%  7%  9%  7% 10%  6% 10%
[libx264 @ 0x59caf3997940] i8c dc,h,v,p: 34% 38% 12% 17%
[libx264 @ 0x59caf3997940] Weighted P-Frames: Y:19.0% UV:16.7%
[libx264 @ 0x59caf3997940] ref P L0: 64.1%  9.2% 15.9%  9.7%  1.1%
[libx264 @ 0x59caf3997940] ref B L0: 87.9%  9.4%  2.7%
[libx264 @ 0x59caf3997940] ref B L1: 97.6%  2.4%
[libx264 @ 0x59caf3997940] kb/s:1612.64
ffmpeg version 6.1.1-3ubuntu5 Copyright (c) 2000-2023 the FFmpeg developers
  built with gcc 13 (Ubuntu 13.2.0-23ubuntu3)
  configuration: --prefix=/usr --extra-version=3ubuntu5 --toolchain=hardened --libdir=/usr/lib/x86_64-linux-gnu --incdir=/usr/include/x86_64-linux-gnu --arch=amd64 --enable-gpl --disable-stripping --disable-omx --enable-gnutls --enable-libaom --enable-libass --enable-libbs2b --enable-libcaca --enable-libcdio --enable-libcodec2 --enable-libdav1d --enable-libflite --enable-libfontconfig --enable-libfreetype --enable-libfribidi --enable-libglslang --enable-libgme --enable-libgsm --enable-libharfbuzz --enable-libmp3lame --enable-libmysofa --enable-libopenjpeg --enable-libopenmpt --enable-libopus --enable-librubberband --enable-libshine --enable-libsnappy --enable-libsoxr --enable-libspeex --enable-libtheora --enable-libtwolame --enable-libvidstab --enable-libvorbis --enable-libvpx --enable-libwebp --enable-libx265 --enable-libxml2 --enable-libxvid --enable-libzimg --enable-openal --enable-opencl --enable-opengl --disable-sndio --enable-libvpl --disable-libmfx --enable-libdc1394 --enable-libdrm --enable-libiec61883 --enable-chromaprint --enable-frei0r --enable-ladspa --enable-libbluray --enable-libjack --enable-libpulse --enable-librabbitmq --enable-librist --enable-libsrt --enable-libssh --enable-libsvtav1 --enable-libx264 --enable-libzmq --enable-libzvbi --enable-lv2 --enable-sdl2 --enable-libplacebo --enable-librav1e --enable-pocketsphinx --enable-librsvg --enable-libjxl --enable-shared
  libavutil      58. 29.100 / 58. 29.100
  libavcodec     60. 31.102 / 60. 31.102
  libavformat    60. 16.100 / 60. 16.100
  libavdevice    60.  3.100 / 60.  3.100
  libavfilter     9. 12.100 /  9. 12.100
  libswscale      7.  5.100 /  7.  5.100
  libswresample   4. 12.100 /  4. 12.100
  libpostproc    57.  3.100 / 57.  3.100
Input #0, mov,mp4,m4a,3gp,3g2,mj2, from '/data/vaishak/combined-kv-quant/results/runs/backfill_flowcache_adaptive_int2_1a41612d204d_10s/videos/FLOWCACHE_ADAPTIVE_INT2/prompt_0003_seed_3.mp4':
  Metadata:
    major_brand     : isom
    minor_version   : 512
    compatible_brands: isomiso2avc1mp41
    encoder         : Lavf61.1.100
  Duration: 00:00:10.31, start: 0.000000, bitrate: 1157 kb/s
  Stream #0:0[0x1](und): Video: h264 (High) (avc1 / 0x31637661), yuv420p(progressive), 832x480, 1155 kb/s, 16 fps, 16 tbr, 16384 tbn (default)
    Metadata:
      handler_name    : VideoHandler
      vendor_id       : [0][0][0][0]
Stream mapping:
  Stream #0:0 -> #0:0 (h264 (native) -> h264 (libx264))
Press [q] to stop, [?] for help
[libx264 @ 0x57d434e64bc0] using cpu capabilities: MMX2 SSE2Fast SSSE3 SSE4.2 AVX FMA3 BMI2 AVX2
[libx264 @ 0x57d434e64bc0] profile High, level 3.0, 4:2:0, 8-bit
[libx264 @ 0x57d434e64bc0] 264 - core 164 r3108 31e19f9 - H.264/MPEG-4 AVC codec - Copyleft 2003-2023 - http://www.videolan.org/x264.html - options: cabac=1 ref=3 deblock=1:0:0 analyse=0x3:0x113 me=hex subme=7 psy=1 psy_rd=1.00:0.00 mixed_ref=1 me_range=16 chroma_me=1 trellis=1 8x8dct=1 cqm=0 deadzone=21,11 fast_pskip=1 chroma_qp_offset=-2 threads=15 lookahead_threads=2 sliced_threads=0 nr=0 decimate=1 interlaced=0 bluray_compat=0 constrained_intra=0 bframes=3 b_pyramid=2 b_adapt=1 b_bias=0 direct=1 weightb=1 open_gop=0 weightp=2 keyint=250 keyint_min=16 scenecut=40 intra_refresh=0 rc_lookahead=40 rc=crf mbtree=1 crf=23.0 qcomp=0.60 qpmin=0 qpmax=69 qpstep=4 ip_ratio=1.40 aq=1:1.00
Output #0, mp4, to '/data/vaishak/combined-kv-quant/results/combined/backfills/drift/moviegen/4497296828e2a153_FLOWCACHE_ADAPTIVE_INT2/FLOWCACHE_ADAPTIVE_INT2_frames_165/prompt_0003_seed_3.mp4':
  Metadata:
    major_brand     : isom
    minor_version   : 512
    compatible_brands: isomiso2avc1mp41
    encoder         : Lavf60.16.100
  Stream #0:0(und): Video: h264 (avc1 / 0x31637661), yuv420p(progressive), 832x480, q=2-31, 16 fps, 16384 tbn (default)
    Metadata:
      handler_name    : VideoHandler
      vendor_id       : [0][0][0][0]
      encoder         : Lavc60.31.102 libx264
    Side data:
      cpb: bitrate max/min/avg: 0/0/0 buffer size: 0 vbv_delay: N/A
frame=    0 fps=0.0 q=0.0 size=       0kB time=N/A bitrate=N/A speed=N/A    frame=   84 fps=0.0 q=27.0 size=    1024kB time=00:00:05.12 bitrate=1636.9kbits/s speed=9.94x    [out#0/mp4 @ 0x57d434dd9000] video:2564kB audio:0kB subtitle:0kB other streams:0kB global headers:0kB muxing overhead: 0.108747%
frame=  165 fps=0.0 q=-1.0 Lsize=    2567kB time=00:00:10.12 bitrate=2076.6kbits/s speed=12.8x    
[libx264 @ 0x57d434e64bc0] frame I:9     Avg QP:22.44  size: 46362
[libx264 @ 0x57d434e64bc0] frame P:46    Avg QP:25.40  size: 25839
[libx264 @ 0x57d434e64bc0] frame B:110   Avg QP:26.84  size:  9262
[libx264 @ 0x57d434e64bc0] consecutive B-frames:  7.9%  7.3%  7.3% 77.6%
[libx264 @ 0x57d434e64bc0] mb I  I16..4: 10.4% 70.2% 19.4%
[libx264 @ 0x57d434e64bc0] mb P  I16..4:  3.5% 22.0%  3.9%  P16..4: 38.2% 18.7%  8.0%  0.0%  0.0%    skip: 5.7%
[libx264 @ 0x57d434e64bc0] mb B  I16..4:  0.2%  1.4%  0.5%  B16..8: 46.0% 10.5%  4.0%  direct: 5.3%  skip:32.0%  L0:46.3% L1:42.8% BI:10.9%
[libx264 @ 0x57d434e64bc0] 8x8 transform intra:72.5% inter:72.0%
[libx264 @ 0x57d434e64bc0] coded y,uvDC,uvAC intra: 83.0% 94.2% 67.2% inter: 33.3% 36.5% 4.9%
[libx264 @ 0x57d434e64bc0] i16 v,h,dc,p:  2% 48%  4% 46%
[libx264 @ 0x57d434e64bc0] i8 v,h,dc,ddl,ddr,vr,hd,vl,hu: 10% 21% 16%  7%  9%  7% 11%  8% 12%
[libx264 @ 0x57d434e64bc0] i4 v,h,dc,ddl,ddr,vr,hd,vl,hu: 11% 22% 13%  8% 10%  7% 12%  6% 11%
[libx264 @ 0x57d434e64bc0] i8c dc,h,v,p: 37% 31% 12% 20%
[libx264 @ 0x57d434e64bc0] Weighted P-Frames: Y:17.4% UV:8.7%
[libx264 @ 0x57d434e64bc0] ref P L0: 60.6% 16.8% 13.6%  8.4%  0.7%
[libx264 @ 0x57d434e64bc0] ref B L0: 92.7%  5.9%  1.4%
[libx264 @ 0x57d434e64bc0] ref B L1: 98.9%  1.1%
[libx264 @ 0x57d434e64bc0] kb/s:2036.10
ffmpeg version 6.1.1-3ubuntu5 Copyright (c) 2000-2023 the FFmpeg developers
  built with gcc 13 (Ubuntu 13.2.0-23ubuntu3)
  configuration: --prefix=/usr --extra-version=3ubuntu5 --toolchain=hardened --libdir=/usr/lib/x86_64-linux-gnu --incdir=/usr/include/x86_64-linux-gnu --arch=amd64 --enable-gpl --disable-stripping --disable-omx --enable-gnutls --enable-libaom --enable-libass --enable-libbs2b --enable-libcaca --enable-libcdio --enable-libcodec2 --enable-libdav1d --enable-libflite --enable-libfontconfig --enable-libfreetype --enable-libfribidi --enable-libglslang --enable-libgme --enable-libgsm --enable-libharfbuzz --enable-libmp3lame --enable-libmysofa --enable-libopenjpeg --enable-libopenmpt --enable-libopus --enable-librubberband --enable-libshine --enable-libsnappy --enable-libsoxr --enable-libspeex --enable-libtheora --enable-libtwolame --enable-libvidstab --enable-libvorbis --enable-libvpx --enable-libwebp --enable-libx265 --enable-libxml2 --enable-libxvid --enable-libzimg --enable-openal --enable-opencl --enable-opengl --disable-sndio --enable-libvpl --disable-libmfx --enable-libdc1394 --enable-libdrm --enable-libiec61883 --enable-chromaprint --enable-frei0r --enable-ladspa --enable-libbluray --enable-libjack --enable-libpulse --enable-librabbitmq --enable-librist --enable-libsrt --enable-libssh --enable-libsvtav1 --enable-libx264 --enable-libzmq --enable-libzvbi --enable-lv2 --enable-sdl2 --enable-libplacebo --enable-librav1e --enable-pocketsphinx --enable-librsvg --enable-libjxl --enable-shared
  libavutil      58. 29.100 / 58. 29.100
  libavcodec     60. 31.102 / 60. 31.102
  libavformat    60. 16.100 / 60. 16.100
  libavdevice    60.  3.100 / 60.  3.100
  libavfilter     9. 12.100 /  9. 12.100
  libswscale      7.  5.100 /  7.  5.100
  libswresample   4. 12.100 /  4. 12.100
  libpostproc    57.  3.100 / 57.  3.100
Input #0, mov,mp4,m4a,3gp,3g2,mj2, from '/data/vaishak/combined-kv-quant/results/runs/backfill_flowcache_adaptive_int2_1a41612d204d_10s/videos/FLOWCACHE_ADAPTIVE_INT2/prompt_0004_seed_4.mp4':
  Metadata:
    major_brand     : isom
    minor_version   : 512
    compatible_brands: isomiso2avc1mp41
    encoder         : Lavf61.1.100
  Duration: 00:00:10.31, start: 0.000000, bitrate: 1126 kb/s
  Stream #0:0[0x1](und): Video: h264 (High) (avc1 / 0x31637661), yuv420p(progressive), 832x480, 1124 kb/s, 16 fps, 16 tbr, 16384 tbn (default)
    Metadata:
      handler_name    : VideoHandler
      vendor_id       : [0][0][0][0]
Stream mapping:
  Stream #0:0 -> #0:0 (h264 (native) -> h264 (libx264))
Press [q] to stop, [?] for help
[libx264 @ 0x5e58725f35c0] using cpu capabilities: MMX2 SSE2Fast SSSE3 SSE4.2 AVX FMA3 BMI2 AVX2
[libx264 @ 0x5e58725f35c0] profile High, level 3.0, 4:2:0, 8-bit
[libx264 @ 0x5e58725f35c0] 264 - core 164 r3108 31e19f9 - H.264/MPEG-4 AVC codec - Copyleft 2003-2023 - http://www.videolan.org/x264.html - options: cabac=1 ref=3 deblock=1:0:0 analyse=0x3:0x113 me=hex subme=7 psy=1 psy_rd=1.00:0.00 mixed_ref=1 me_range=16 chroma_me=1 trellis=1 8x8dct=1 cqm=0 deadzone=21,11 fast_pskip=1 chroma_qp_offset=-2 threads=15 lookahead_threads=2 sliced_threads=0 nr=0 decimate=1 interlaced=0 bluray_compat=0 constrained_intra=0 bframes=3 b_pyramid=2 b_adapt=1 b_bias=0 direct=1 weightb=1 open_gop=0 weightp=2 keyint=250 keyint_min=16 scenecut=40 intra_refresh=0 rc_lookahead=40 rc=crf mbtree=1 crf=23.0 qcomp=0.60 qpmin=0 qpmax=69 qpstep=4 ip_ratio=1.40 aq=1:1.00
Output #0, mp4, to '/data/vaishak/combined-kv-quant/results/combined/backfills/drift/moviegen/4497296828e2a153_FLOWCACHE_ADAPTIVE_INT2/FLOWCACHE_ADAPTIVE_INT2_frames_165/prompt_0004_seed_4.mp4':
  Metadata:
    major_brand     : isom
    minor_version   : 512
    compatible_brands: isomiso2avc1mp41
    encoder         : Lavf60.16.100
  Stream #0:0(und): Video: h264 (avc1 / 0x31637661), yuv420p(progressive), 832x480, q=2-31, 16 fps, 16384 tbn (default)
    Metadata:
      handler_name    : VideoHandler
      vendor_id       : [0][0][0][0]
      encoder         : Lavc60.31.102 libx264
    Side data:
      cpb: bitrate max/min/avg: 0/0/0 buffer size: 0 vbv_delay: N/A
frame=    0 fps=0.0 q=0.0 size=       0kB time=N/A bitrate=N/A speed=N/A    [out#0/mp4 @ 0x5e58725f20c0] video:1357kB audio:0kB subtitle:0kB other streams:0kB global headers:0kB muxing overhead: 0.204554%
frame=  165 fps=0.0 q=-1.0 Lsize=    1360kB time=00:00:10.12 bitrate=1100.4kbits/s speed=13.7x    
[libx264 @ 0x5e58725f35c0] frame I:4     Avg QP:19.85  size: 30272
[libx264 @ 0x5e58725f35c0] frame P:42    Avg QP:22.75  size: 15851
[libx264 @ 0x5e58725f35c0] frame B:119   Avg QP:24.39  size:  5062
[libx264 @ 0x5e58725f35c0] consecutive B-frames:  2.4%  2.4%  5.5% 89.7%
[libx264 @ 0x5e58725f35c0] mb I  I16..4: 15.6% 73.4% 10.9%
[libx264 @ 0x5e58725f35c0] mb P  I16..4:  6.3% 15.0%  1.6%  P16..4: 48.0% 19.3%  6.7%  0.0%  0.0%    skip: 3.1%
[libx264 @ 0x5e58725f35c0] mb B  I16..4:  0.8%  1.3%  0.2%  B16..8: 42.7%  7.7%  1.5%  direct: 7.9%  skip:38.1%  L0:48.0% L1:43.9% BI: 8.0%
[libx264 @ 0x5e58725f35c0] 8x8 transform intra:66.3% inter:81.7%
[libx264 @ 0x5e58725f35c0] coded y,uvDC,uvAC intra: 57.4% 93.4% 57.1% inter: 24.6% 46.4% 4.1%
[libx264 @ 0x5e58725f35c0] i16 v,h,dc,p: 14% 31%  6% 50%
[libx264 @ 0x5e58725f35c0] i8 v,h,dc,ddl,ddr,vr,hd,vl,hu: 18% 26% 16%  5%  6%  7%  7%  7%  8%
[libx264 @ 0x5e58725f35c0] i4 v,h,dc,ddl,ddr,vr,hd,vl,hu: 14% 23% 11%  7% 10%  9% 11%  7%  9%
[libx264 @ 0x5e58725f35c0] i8c dc,h,v,p: 28% 30% 19% 24%
[libx264 @ 0x5e58725f35c0] Weighted P-Frames: Y:47.6% UV:45.2%
[libx264 @ 0x5e58725f35c0] ref P L0: 55.6% 13.3% 16.8% 10.2%  4.1%
[libx264 @ 0x5e58725f35c0] ref B L0: 87.8%  9.1%  3.1%
[libx264 @ 0x5e58725f35c0] ref B L1: 95.5%  4.5%
[libx264 @ 0x5e58725f35c0] kb/s:1077.66
ffmpeg version 6.1.1-3ubuntu5 Copyright (c) 2000-2023 the FFmpeg developers
  built with gcc 13 (Ubuntu 13.2.0-23ubuntu3)
  configuration: --prefix=/usr --extra-version=3ubuntu5 --toolchain=hardened --libdir=/usr/lib/x86_64-linux-gnu --incdir=/usr/include/x86_64-linux-gnu --arch=amd64 --enable-gpl --disable-stripping --disable-omx --enable-gnutls --enable-libaom --enable-libass --enable-libbs2b --enable-libcaca --enable-libcdio --enable-libcodec2 --enable-libdav1d --enable-libflite --enable-libfontconfig --enable-libfreetype --enable-libfribidi --enable-libglslang --enable-libgme --enable-libgsm --enable-libharfbuzz --enable-libmp3lame --enable-libmysofa --enable-libopenjpeg --enable-libopenmpt --enable-libopus --enable-librubberband --enable-libshine --enable-libsnappy --enable-libsoxr --enable-libspeex --enable-libtheora --enable-libtwolame --enable-libvidstab --enable-libvorbis --enable-libvpx --enable-libwebp --enable-libx265 --enable-libxml2 --enable-libxvid --enable-libzimg --enable-openal --enable-opencl --enable-opengl --disable-sndio --enable-libvpl --disable-libmfx --enable-libdc1394 --enable-libdrm --enable-libiec61883 --enable-chromaprint --enable-frei0r --enable-ladspa --enable-libbluray --enable-libjack --enable-libpulse --enable-librabbitmq --enable-librist --enable-libsrt --enable-libssh --enable-libsvtav1 --enable-libx264 --enable-libzmq --enable-libzvbi --enable-lv2 --enable-sdl2 --enable-libplacebo --enable-librav1e --enable-pocketsphinx --enable-librsvg --enable-libjxl --enable-shared
  libavutil      58. 29.100 / 58. 29.100
  libavcodec     60. 31.102 / 60. 31.102
  libavformat    60. 16.100 / 60. 16.100
  libavdevice    60.  3.100 / 60.  3.100
  libavfilter     9. 12.100 /  9. 12.100
  libswscale      7.  5.100 /  7.  5.100
  libswresample   4. 12.100 /  4. 12.100
  libpostproc    57.  3.100 / 57.  3.100
Input #0, mov,mp4,m4a,3gp,3g2,mj2, from '/data/vaishak/combined-kv-quant/results/runs/backfill_flowcache_adaptive_int2_1a41612d204d_10s/videos/FLOWCACHE_ADAPTIVE_INT2/prompt_0005_seed_5.mp4':
  Metadata:
    major_brand     : isom
    minor_version   : 512
    compatible_brands: isomiso2avc1mp41
    encoder         : Lavf61.1.100
  Duration: 00:00:10.31, start: 0.000000, bitrate: 1176 kb/s
  Stream #0:0[0x1](und): Video: h264 (High) (avc1 / 0x31637661), yuv420p(progressive), 832x480, 1174 kb/s, 16 fps, 16 tbr, 16384 tbn (default)
    Metadata:
      handler_name    : VideoHandler
      vendor_id       : [0][0][0][0]
Stream mapping:
  Stream #0:0 -> #0:0 (h264 (native) -> h264 (libx264))
Press [q] to stop, [?] for help
[libx264 @ 0x56e4fe2fe340] using cpu capabilities: MMX2 SSE2Fast SSSE3 SSE4.2 AVX FMA3 BMI2 AVX2
[libx264 @ 0x56e4fe2fe340] profile High, level 3.0, 4:2:0, 8-bit
[libx264 @ 0x56e4fe2fe340] 264 - core 164 r3108 31e19f9 - H.264/MPEG-4 AVC codec - Copyleft 2003-2023 - http://www.videolan.org/x264.html - options: cabac=1 ref=3 deblock=1:0:0 analyse=0x3:0x113 me=hex subme=7 psy=1 psy_rd=1.00:0.00 mixed_ref=1 me_range=16 chroma_me=1 trellis=1 8x8dct=1 cqm=0 deadzone=21,11 fast_pskip=1 chroma_qp_offset=-2 threads=15 lookahead_threads=2 sliced_threads=0 nr=0 decimate=1 interlaced=0 bluray_compat=0 constrained_intra=0 bframes=3 b_pyramid=2 b_adapt=1 b_bias=0 direct=1 weightb=1 open_gop=0 weightp=2 keyint=250 keyint_min=16 scenecut=40 intra_refresh=0 rc_lookahead=40 rc=crf mbtree=1 crf=23.0 qcomp=0.60 qpmin=0 qpmax=69 qpstep=4 ip_ratio=1.40 aq=1:1.00
Output #0, mp4, to '/data/vaishak/combined-kv-quant/results/combined/backfills/drift/moviegen/4497296828e2a153_FLOWCACHE_ADAPTIVE_INT2/FLOWCACHE_ADAPTIVE_INT2_frames_165/prompt_0005_seed_5.mp4':
  Metadata:
    major_brand     : isom
    minor_version   : 512
    compatible_brands: isomiso2avc1mp41
    encoder         : Lavf60.16.100
  Stream #0:0(und): Video: h264 (avc1 / 0x31637661), yuv420p(progressive), 832x480, q=2-31, 16 fps, 16384 tbn (default)
    Metadata:
      handler_name    : VideoHandler
      vendor_id       : [0][0][0][0]
      encoder         : Lavc60.31.102 libx264
    Side data:
      cpb: bitrate max/min/avg: 0/0/0 buffer size: 0 vbv_delay: N/A
frame=    0 fps=0.0 q=0.0 size=       0kB time=N/A bitrate=N/A speed=N/A    [out#0/mp4 @ 0x56e4fe269d00] video:2541kB audio:0kB subtitle:0kB other streams:0kB global headers:0kB muxing overhead: 0.107563%
frame=  165 fps=0.0 q=-1.0 Lsize=    2544kB time=00:00:10.12 bitrate=2058.3kbits/s speed=13.3x    
[libx264 @ 0x56e4fe2fe340] frame I:5     Avg QP:22.81  size: 68646
[libx264 @ 0x56e4fe2fe340] frame P:57    Avg QP:25.10  size: 27312
[libx264 @ 0x56e4fe2fe340] frame B:103   Avg QP:27.59  size:  6811
[libx264 @ 0x56e4fe2fe340] consecutive B-frames: 12.1%  7.3% 20.0% 60.6%
[libx264 @ 0x56e4fe2fe340] mb I  I16..4:  3.7% 71.2% 25.0%
[libx264 @ 0x56e4fe2fe340] mb P  I16..4:  1.2% 10.2%  1.3%  P16..4: 49.6% 21.2% 11.8%  0.0%  0.0%    skip: 4.7%
[libx264 @ 0x56e4fe2fe340] mb B  I16..4:  0.1%  0.7%  0.1%  B16..8: 50.0%  7.1%  2.3%  direct: 5.9%  skip:33.9%  L0:52.9% L1:37.4% BI: 9.7%
[libx264 @ 0x56e4fe2fe340] 8x8 transform intra:76.8% inter:72.3%
[libx264 @ 0x56e4fe2fe340] coded y,uvDC,uvAC intra: 83.8% 98.1% 91.9% inter: 30.7% 49.5% 20.8%
[libx264 @ 0x56e4fe2fe340] i16 v,h,dc,p: 17% 38% 14% 31%
[libx264 @ 0x56e4fe2fe340] i8 v,h,dc,ddl,ddr,vr,hd,vl,hu: 11% 19% 21%  7%  7%  7%  8%  7% 12%
[libx264 @ 0x56e4fe2fe340] i4 v,h,dc,ddl,ddr,vr,hd,vl,hu: 17% 16% 14%  8%  9% 10%  8%  9%  9%
[libx264 @ 0x56e4fe2fe340] i8c dc,h,v,p: 45% 27% 10% 17%
[libx264 @ 0x56e4fe2fe340] Weighted P-Frames: Y:31.6% UV:22.8%
[libx264 @ 0x56e4fe2fe340] ref P L0: 57.3% 23.6% 11.5%  5.8%  1.7%
[libx264 @ 0x56e4fe2fe340] ref B L0: 92.8%  6.6%  0.7%
[libx264 @ 0x56e4fe2fe340] ref B L1: 99.3%  0.7%
[libx264 @ 0x56e4fe2fe340] kb/s:2018.14
ffmpeg version 6.1.1-3ubuntu5 Copyright (c) 2000-2023 the FFmpeg developers
  built with gcc 13 (Ubuntu 13.2.0-23ubuntu3)
  configuration: --prefix=/usr --extra-version=3ubuntu5 --toolchain=hardened --libdir=/usr/lib/x86_64-linux-gnu --incdir=/usr/include/x86_64-linux-gnu --arch=amd64 --enable-gpl --disable-stripping --disable-omx --enable-gnutls --enable-libaom --enable-libass --enable-libbs2b --enable-libcaca --enable-libcdio --enable-libcodec2 --enable-libdav1d --enable-libflite --enable-libfontconfig --enable-libfreetype --enable-libfribidi --enable-libglslang --enable-libgme --enable-libgsm --enable-libharfbuzz --enable-libmp3lame --enable-libmysofa --enable-libopenjpeg --enable-libopenmpt --enable-libopus --enable-librubberband --enable-libshine --enable-libsnappy --enable-libsoxr --enable-libspeex --enable-libtheora --enable-libtwolame --enable-libvidstab --enable-libvorbis --enable-libvpx --enable-libwebp --enable-libx265 --enable-libxml2 --enable-libxvid --enable-libzimg --enable-openal --enable-opencl --enable-opengl --disable-sndio --enable-libvpl --disable-libmfx --enable-libdc1394 --enable-libdrm --enable-libiec61883 --enable-chromaprint --enable-frei0r --enable-ladspa --enable-libbluray --enable-libjack --enable-libpulse --enable-librabbitmq --enable-librist --enable-libsrt --enable-libssh --enable-libsvtav1 --enable-libx264 --enable-libzmq --enable-libzvbi --enable-lv2 --enable-sdl2 --enable-libplacebo --enable-librav1e --enable-pocketsphinx --enable-librsvg --enable-libjxl --enable-shared
  libavutil      58. 29.100 / 58. 29.100
  libavcodec     60. 31.102 / 60. 31.102
  libavformat    60. 16.100 / 60. 16.100
  libavdevice    60.  3.100 / 60.  3.100
  libavfilter     9. 12.100 /  9. 12.100
  libswscale      7.  5.100 /  7.  5.100
  libswresample   4. 12.100 /  4. 12.100
  libpostproc    57.  3.100 / 57.  3.100
Input #0, mov,mp4,m4a,3gp,3g2,mj2, from '/data/vaishak/combined-kv-quant/results/runs/backfill_flowcache_adaptive_int2_1a41612d204d_10s/videos/FLOWCACHE_ADAPTIVE_INT2/prompt_0006_seed_6.mp4':
  Metadata:
    major_brand     : isom
    minor_version   : 512
    compatible_brands: isomiso2avc1mp41
    encoder         : Lavf61.1.100
  Duration: 00:00:10.31, start: 0.000000, bitrate: 1084 kb/s
  Stream #0:0[0x1](und): Video: h264 (High) (avc1 / 0x31637661), yuv420p(progressive), 832x480, 1082 kb/s, 16 fps, 16 tbr, 16384 tbn (default)
    Metadata:
      handler_name    : VideoHandler
      vendor_id       : [0][0][0][0]
Stream mapping:
  Stream #0:0 -> #0:0 (h264 (native) -> h264 (libx264))
Press [q] to stop, [?] for help
[libx264 @ 0x5a677385c5c0] using cpu capabilities: MMX2 SSE2Fast SSSE3 SSE4.2 AVX FMA3 BMI2 AVX2
[libx264 @ 0x5a677385c5c0] profile High, level 3.0, 4:2:0, 8-bit
[libx264 @ 0x5a677385c5c0] 264 - core 164 r3108 31e19f9 - H.264/MPEG-4 AVC codec - Copyleft 2003-2023 - http://www.videolan.org/x264.html - options: cabac=1 ref=3 deblock=1:0:0 analyse=0x3:0x113 me=hex subme=7 psy=1 psy_rd=1.00:0.00 mixed_ref=1 me_range=16 chroma_me=1 trellis=1 8x8dct=1 cqm=0 deadzone=21,11 fast_pskip=1 chroma_qp_offset=-2 threads=15 lookahead_threads=2 sliced_threads=0 nr=0 decimate=1 interlaced=0 bluray_compat=0 constrained_intra=0 bframes=3 b_pyramid=2 b_adapt=1 b_bias=0 direct=1 weightb=1 open_gop=0 weightp=2 keyint=250 keyint_min=16 scenecut=40 intra_refresh=0 rc_lookahead=40 rc=crf mbtree=1 crf=23.0 qcomp=0.60 qpmin=0 qpmax=69 qpstep=4 ip_ratio=1.40 aq=1:1.00
Output #0, mp4, to '/data/vaishak/combined-kv-quant/results/combined/backfills/drift/moviegen/4497296828e2a153_FLOWCACHE_ADAPTIVE_INT2/FLOWCACHE_ADAPTIVE_INT2_frames_165/prompt_0006_seed_6.mp4':
  Metadata:
    major_brand     : isom
    minor_version   : 512
    compatible_brands: isomiso2avc1mp41
    encoder         : Lavf60.16.100
  Stream #0:0(und): Video: h264 (avc1 / 0x31637661), yuv420p(progressive), 832x480, q=2-31, 16 fps, 16384 tbn (default)
    Metadata:
      handler_name    : VideoHandler
      vendor_id       : [0][0][0][0]
      encoder         : Lavc60.31.102 libx264
    Side data:
      cpb: bitrate max/min/avg: 0/0/0 buffer size: 0 vbv_delay: N/A
frame=    0 fps=0.0 q=0.0 size=       0kB time=N/A bitrate=N/A speed=N/A    frame=   89 fps=0.0 q=27.0 size=     768kB time=00:00:05.37 bitrate=1170.6kbits/s speed=10.4x    [out#0/mp4 @ 0x5a677385b0c0] video:1724kB audio:0kB subtitle:0kB other streams:0kB global headers:0kB muxing overhead: 0.161480%
frame=  165 fps=0.0 q=-1.0 Lsize=    1727kB time=00:00:10.12 bitrate=1397.3kbits/s speed=13.1x    
[libx264 @ 0x5a677385c5c0] frame I:4     Avg QP:19.95  size: 33822
[libx264 @ 0x5a677385c5c0] frame P:44    Avg QP:22.63  size: 20399
[libx264 @ 0x5a677385c5c0] frame B:117   Avg QP:24.40  size:  6256
[libx264 @ 0x5a677385c5c0] consecutive B-frames:  3.6%  4.8%  1.8% 89.7%
[libx264 @ 0x5a677385c5c0] mb I  I16..4: 23.3% 64.7% 12.0%
[libx264 @ 0x5a677385c5c0] mb P  I16..4:  6.8% 16.0%  2.8%  P16..4: 48.1% 14.3%  6.8%  0.0%  0.0%    skip: 5.1%
[libx264 @ 0x5a677385c5c0] mb B  I16..4:  0.6%  1.0%  0.3%  B16..8: 42.8%  6.9%  2.4%  direct: 5.0%  skip:41.0%  L0:48.3% L1:43.1% BI: 8.6%
[libx264 @ 0x5a677385c5c0] 8x8 transform intra:61.8% inter:78.3%
[libx264 @ 0x5a677385c5c0] coded y,uvDC,uvAC intra: 59.3% 92.0% 50.6% inter: 20.2% 40.1% 6.0%
[libx264 @ 0x5a677385c5c0] i16 v,h,dc,p:  9% 19%  5% 68%
[libx264 @ 0x5a677385c5c0] i8 v,h,dc,ddl,ddr,vr,hd,vl,hu: 15% 18% 18%  5% 10%  9%  9%  7%  8%
[libx264 @ 0x5a677385c5c0] i4 v,h,dc,ddl,ddr,vr,hd,vl,hu: 11%  9% 11%  6% 24% 15% 13%  6%  6%
[libx264 @ 0x5a677385c5c0] i8c dc,h,v,p: 39% 22% 15% 24%
[libx264 @ 0x5a677385c5c0] Weighted P-Frames: Y:22.7% UV:22.7%
[libx264 @ 0x5a677385c5c0] ref P L0: 58.5% 10.3% 18.8% 10.9%  1.5%
[libx264 @ 0x5a677385c5c0] ref B L0: 86.6% 10.5%  3.0%
[libx264 @ 0x5a677385c5c0] ref B L1: 97.2%  2.8%
[libx264 @ 0x5a677385c5c0] kb/s:1369.10
ffmpeg version 6.1.1-3ubuntu5 Copyright (c) 2000-2023 the FFmpeg developers
  built with gcc 13 (Ubuntu 13.2.0-23ubuntu3)
  configuration: --prefix=/usr --extra-version=3ubuntu5 --toolchain=hardened --libdir=/usr/lib/x86_64-linux-gnu --incdir=/usr/include/x86_64-linux-gnu --arch=amd64 --enable-gpl --disable-stripping --disable-omx --enable-gnutls --enable-libaom --enable-libass --enable-libbs2b --enable-libcaca --enable-libcdio --enable-libcodec2 --enable-libdav1d --enable-libflite --enable-libfontconfig --enable-libfreetype --enable-libfribidi --enable-libglslang --enable-libgme --enable-libgsm --enable-libharfbuzz --enable-libmp3lame --enable-libmysofa --enable-libopenjpeg --enable-libopenmpt --enable-libopus --enable-librubberband --enable-libshine --enable-libsnappy --enable-libsoxr --enable-libspeex --enable-libtheora --enable-libtwolame --enable-libvidstab --enable-libvorbis --enable-libvpx --enable-libwebp --enable-libx265 --enable-libxml2 --enable-libxvid --enable-libzimg --enable-openal --enable-opencl --enable-opengl --disable-sndio --enable-libvpl --disable-libmfx --enable-libdc1394 --enable-libdrm --enable-libiec61883 --enable-chromaprint --enable-frei0r --enable-ladspa --enable-libbluray --enable-libjack --enable-libpulse --enable-librabbitmq --enable-librist --enable-libsrt --enable-libssh --enable-libsvtav1 --enable-libx264 --enable-libzmq --enable-libzvbi --enable-lv2 --enable-sdl2 --enable-libplacebo --enable-librav1e --enable-pocketsphinx --enable-librsvg --enable-libjxl --enable-shared
  libavutil      58. 29.100 / 58. 29.100
  libavcodec     60. 31.102 / 60. 31.102
  libavformat    60. 16.100 / 60. 16.100
  libavdevice    60.  3.100 / 60.  3.100
  libavfilter     9. 12.100 /  9. 12.100
  libswscale      7.  5.100 /  7.  5.100
  libswresample   4. 12.100 /  4. 12.100
  libpostproc    57.  3.100 / 57.  3.100
Input #0, mov,mp4,m4a,3gp,3g2,mj2, from '/data/vaishak/combined-kv-quant/results/runs/backfill_flowcache_adaptive_int2_1a41612d204d_10s/videos/FLOWCACHE_ADAPTIVE_INT2/prompt_0007_seed_7.mp4':
  Metadata:
    major_brand     : isom
    minor_version   : 512
    compatible_brands: isomiso2avc1mp41
    encoder         : Lavf61.1.100
  Duration: 00:00:10.31, start: 0.000000, bitrate: 1128 kb/s
  Stream #0:0[0x1](und): Video: h264 (High) (avc1 / 0x31637661), yuv420p(progressive), 832x480, 1126 kb/s, 16 fps, 16 tbr, 16384 tbn (default)
    Metadata:
      handler_name    : VideoHandler
      vendor_id       : [0][0][0][0]
Stream mapping:
  Stream #0:0 -> #0:0 (h264 (native) -> h264 (libx264))
Press [q] to stop, [?] for help
[libx264 @ 0x631adbd678c0] using cpu capabilities: MMX2 SSE2Fast SSSE3 SSE4.2 AVX FMA3 BMI2 AVX2
[libx264 @ 0x631adbd678c0] profile High, level 3.0, 4:2:0, 8-bit
[libx264 @ 0x631adbd678c0] 264 - core 164 r3108 31e19f9 - H.264/MPEG-4 AVC codec - Copyleft 2003-2023 - http://www.videolan.org/x264.html - options: cabac=1 ref=3 deblock=1:0:0 analyse=0x3:0x113 me=hex subme=7 psy=1 psy_rd=1.00:0.00 mixed_ref=1 me_range=16 chroma_me=1 trellis=1 8x8dct=1 cqm=0 deadzone=21,11 fast_pskip=1 chroma_qp_offset=-2 threads=15 lookahead_threads=2 sliced_threads=0 nr=0 decimate=1 interlaced=0 bluray_compat=0 constrained_intra=0 bframes=3 b_pyramid=2 b_adapt=1 b_bias=0 direct=1 weightb=1 open_gop=0 weightp=2 keyint=250 keyint_min=16 scenecut=40 intra_refresh=0 rc_lookahead=40 rc=crf mbtree=1 crf=23.0 qcomp=0.60 qpmin=0 qpmax=69 qpstep=4 ip_ratio=1.40 aq=1:1.00
Output #0, mp4, to '/data/vaishak/combined-kv-quant/results/combined/backfills/drift/moviegen/4497296828e2a153_FLOWCACHE_ADAPTIVE_INT2/FLOWCACHE_ADAPTIVE_INT2_frames_165/prompt_0007_seed_7.mp4':
  Metadata:
    major_brand     : isom
    minor_version   : 512
    compatible_brands: isomiso2avc1mp41
    encoder         : Lavf60.16.100
  Stream #0:0(und): Video: h264 (avc1 / 0x31637661), yuv420p(progressive), 832x480, q=2-31, 16 fps, 16384 tbn (default)
    Metadata:
      handler_name    : VideoHandler
      vendor_id       : [0][0][0][0]
      encoder         : Lavc60.31.102 libx264
    Side data:
      cpb: bitrate max/min/avg: 0/0/0 buffer size: 0 vbv_delay: N/A
frame=    0 fps=0.0 q=0.0 size=       0kB time=N/A bitrate=N/A speed=N/A    frame=   79 fps=0.0 q=24.0 size=     768kB time=00:00:04.81 bitrate=1307.4kbits/s speed=9.21x    [out#0/mp4 @ 0x631adbce6d00] video:2181kB audio:0kB subtitle:0kB other streams:0kB global headers:0kB muxing overhead: 0.127668%
frame=  165 fps=0.0 q=-1.0 Lsize=    2184kB time=00:00:10.12 bitrate=1766.7kbits/s speed=11.1x    
[libx264 @ 0x631adbd678c0] frame I:6     Avg QP:21.96  size: 35000
[libx264 @ 0x631adbd678c0] frame P:45    Avg QP:24.88  size: 22930
[libx264 @ 0x631adbd678c0] frame B:114   Avg QP:26.22  size:  8689
[libx264 @ 0x631adbd678c0] consecutive B-frames:  6.1%  4.8%  1.8% 87.3%
[libx264 @ 0x631adbd678c0] mb I  I16..4: 10.2% 71.5% 18.3%
[libx264 @ 0x631adbd678c0] mb P  I16..4:  6.7% 30.2%  6.1%  P16..4: 33.2% 16.0%  5.3%  0.0%  0.0%    skip: 2.4%
[libx264 @ 0x631adbd678c0] mb B  I16..4:  1.3%  4.3%  0.7%  B16..8: 42.6% 12.9%  3.7%  direct: 6.5%  skip:28.0%  L0:50.8% L1:36.8% BI:12.4%
[libx264 @ 0x631adbd678c0] 8x8 transform intra:70.0% inter:77.5%
[libx264 @ 0x631adbd678c0] coded y,uvDC,uvAC intra: 70.2% 93.0% 53.7% inter: 30.5% 44.4% 4.6%
[libx264 @ 0x631adbd678c0] i16 v,h,dc,p:  3% 36%  3% 58%
[libx264 @ 0x631adbd678c0] i8 v,h,dc,ddl,ddr,vr,hd,vl,hu: 11% 31% 13%  5%  6%  5% 11%  5% 11%
[libx264 @ 0x631adbd678c0] i4 v,h,dc,ddl,ddr,vr,hd,vl,hu: 12% 25% 13%  6%  9%  7% 12%  6% 11%
[libx264 @ 0x631adbd678c0] i8c dc,h,v,p: 33% 36% 12% 18%
[libx264 @ 0x631adbd678c0] Weighted P-Frames: Y:26.7% UV:22.2%
[libx264 @ 0x631adbd678c0] ref P L0: 52.1% 13.0% 21.3% 10.6%  3.1%
[libx264 @ 0x631adbd678c0] ref B L0: 82.5% 13.4%  4.1%
[libx264 @ 0x631adbd678c0] ref B L1: 97.4%  2.6%
[libx264 @ 0x631adbd678c0] kb/s:1731.83
ffmpeg version 6.1.1-3ubuntu5 Copyright (c) 2000-2023 the FFmpeg developers
  built with gcc 13 (Ubuntu 13.2.0-23ubuntu3)
  configuration: --prefix=/usr --extra-version=3ubuntu5 --toolchain=hardened --libdir=/usr/lib/x86_64-linux-gnu --incdir=/usr/include/x86_64-linux-gnu --arch=amd64 --enable-gpl --disable-stripping --disable-omx --enable-gnutls --enable-libaom --enable-libass --enable-libbs2b --enable-libcaca --enable-libcdio --enable-libcodec2 --enable-libdav1d --enable-libflite --enable-libfontconfig --enable-libfreetype --enable-libfribidi --enable-libglslang --enable-libgme --enable-libgsm --enable-libharfbuzz --enable-libmp3lame --enable-libmysofa --enable-libopenjpeg --enable-libopenmpt --enable-libopus --enable-librubberband --enable-libshine --enable-libsnappy --enable-libsoxr --enable-libspeex --enable-libtheora --enable-libtwolame --enable-libvidstab --enable-libvorbis --enable-libvpx --enable-libwebp --enable-libx265 --enable-libxml2 --enable-libxvid --enable-libzimg --enable-openal --enable-opencl --enable-opengl --disable-sndio --enable-libvpl --disable-libmfx --enable-libdc1394 --enable-libdrm --enable-libiec61883 --enable-chromaprint --enable-frei0r --enable-ladspa --enable-libbluray --enable-libjack --enable-libpulse --enable-librabbitmq --enable-librist --enable-libsrt --enable-libssh --enable-libsvtav1 --enable-libx264 --enable-libzmq --enable-libzvbi --enable-lv2 --enable-sdl2 --enable-libplacebo --enable-librav1e --enable-pocketsphinx --enable-librsvg --enable-libjxl --enable-shared
  libavutil      58. 29.100 / 58. 29.100
  libavcodec     60. 31.102 / 60. 31.102
  libavformat    60. 16.100 / 60. 16.100
  libavdevice    60.  3.100 / 60.  3.100
  libavfilter     9. 12.100 /  9. 12.100
  libswscale      7.  5.100 /  7.  5.100
  libswresample   4. 12.100 /  4. 12.100
  libpostproc    57.  3.100 / 57.  3.100
Input #0, mov,mp4,m4a,3gp,3g2,mj2, from '/data/vaishak/combined-kv-quant/results/runs/backfill_flowcache_adaptive_int2_1a41612d204d_10s/videos/FLOWCACHE_ADAPTIVE_INT2/prompt_0008_seed_8.mp4':
  Metadata:
    major_brand     : isom
    minor_version   : 512
    compatible_brands: isomiso2avc1mp41
    encoder         : Lavf61.1.100
  Duration: 00:00:10.31, start: 0.000000, bitrate: 1115 kb/s
  Stream #0:0[0x1](und): Video: h264 (High) (avc1 / 0x31637661), yuv420p(progressive), 832x480, 1113 kb/s, 16 fps, 16 tbr, 16384 tbn (default)
    Metadata:
      handler_name    : VideoHandler
      vendor_id       : [0][0][0][0]
Stream mapping:
  Stream #0:0 -> #0:0 (h264 (native) -> h264 (libx264))
Press [q] to stop, [?] for help
[libx264 @ 0x6439b84883c0] using cpu capabilities: MMX2 SSE2Fast SSSE3 SSE4.2 AVX FMA3 BMI2 AVX2
[libx264 @ 0x6439b84883c0] profile High, level 3.0, 4:2:0, 8-bit
[libx264 @ 0x6439b84883c0] 264 - core 164 r3108 31e19f9 - H.264/MPEG-4 AVC codec - Copyleft 2003-2023 - http://www.videolan.org/x264.html - options: cabac=1 ref=3 deblock=1:0:0 analyse=0x3:0x113 me=hex subme=7 psy=1 psy_rd=1.00:0.00 mixed_ref=1 me_range=16 chroma_me=1 trellis=1 8x8dct=1 cqm=0 deadzone=21,11 fast_pskip=1 chroma_qp_offset=-2 threads=15 lookahead_threads=2 sliced_threads=0 nr=0 decimate=1 interlaced=0 bluray_compat=0 constrained_intra=0 bframes=3 b_pyramid=2 b_adapt=1 b_bias=0 direct=1 weightb=1 open_gop=0 weightp=2 keyint=250 keyint_min=16 scenecut=40 intra_refresh=0 rc_lookahead=40 rc=crf mbtree=1 crf=23.0 qcomp=0.60 qpmin=0 qpmax=69 qpstep=4 ip_ratio=1.40 aq=1:1.00
Output #0, mp4, to '/data/vaishak/combined-kv-quant/results/combined/backfills/drift/moviegen/4497296828e2a153_FLOWCACHE_ADAPTIVE_INT2/FLOWCACHE_ADAPTIVE_INT2_frames_165/prompt_0008_seed_8.mp4':
  Metadata:
    major_brand     : isom
    minor_version   : 512
    compatible_brands: isomiso2avc1mp41
    encoder         : Lavf60.16.100
  Stream #0:0(und): Video: h264 (avc1 / 0x31637661), yuv420p(progressive), 832x480, q=2-31, 16 fps, 16384 tbn (default)
    Metadata:
      handler_name    : VideoHandler
      vendor_id       : [0][0][0][0]
      encoder         : Lavc60.31.102 libx264
    Side data:
      cpb: bitrate max/min/avg: 0/0/0 buffer size: 0 vbv_delay: N/A
frame=    0 fps=0.0 q=0.0 size=       0kB time=N/A bitrate=N/A speed=N/A    frame=   73 fps=0.0 q=27.0 size=     512kB time=00:00:04.43 bitrate= 945.3kbits/s speed=8.17x    [out#0/mp4 @ 0x6439b8402d00] video:1327kB audio:0kB subtitle:0kB other streams:0kB global headers:0kB muxing overhead: 0.202756%
frame=  165 fps=0.0 q=-1.0 Lsize=    1330kB time=00:00:10.12 bitrate=1075.8kbits/s speed=11.8x    
[libx264 @ 0x6439b84883c0] frame I:2     Avg QP:20.85  size: 41693
[libx264 @ 0x6439b84883c0] frame P:69    Avg QP:22.98  size: 13865
[libx264 @ 0x6439b84883c0] frame B:94    Avg QP:25.91  size:  3383
[libx264 @ 0x6439b84883c0] consecutive B-frames: 17.0% 20.6%  1.8% 60.6%
[libx264 @ 0x6439b84883c0] mb I  I16..4:  9.2% 63.9% 26.8%
[libx264 @ 0x6439b84883c0] mb P  I16..4:  1.7%  7.0%  1.0%  P16..4: 53.0% 22.2%  7.9%  0.0%  0.0%    skip: 7.1%
[libx264 @ 0x6439b84883c0] mb B  I16..4:  0.1%  0.3%  0.0%  B16..8: 40.0%  5.9%  1.0%  direct: 6.3%  skip:46.4%  L0:53.3% L1:36.1% BI:10.6%
[libx264 @ 0x6439b84883c0] 8x8 transform intra:70.1% inter:73.1%
[libx264 @ 0x6439b84883c0] coded y,uvDC,uvAC intra: 69.4% 96.0% 68.1% inter: 27.6% 42.2% 3.6%
[libx264 @ 0x6439b84883c0] i16 v,h,dc,p:  5% 33%  4% 58%
[libx264 @ 0x6439b84883c0] i8 v,h,dc,ddl,ddr,vr,hd,vl,hu: 13% 24% 12%  5%  9%  7% 12%  7% 10%
[libx264 @ 0x6439b84883c0] i4 v,h,dc,ddl,ddr,vr,hd,vl,hu: 14% 22% 14%  7% 11%  8% 10%  7%  8%
[libx264 @ 0x6439b84883c0] i8c dc,h,v,p: 32% 31% 12% 25%
[libx264 @ 0x6439b84883c0] Weighted P-Frames: Y:52.2% UV:29.0%
[libx264 @ 0x6439b84883c0] ref P L0: 53.0% 19.8% 16.7%  7.5%  3.1%
[libx264 @ 0x6439b84883c0] ref B L0: 89.3%  9.3%  1.4%
[libx264 @ 0x6439b84883c0] ref B L1: 98.7%  1.3%
[libx264 @ 0x6439b84883c0] kb/s:1053.55
ffmpeg version 6.1.1-3ubuntu5 Copyright (c) 2000-2023 the FFmpeg developers
  built with gcc 13 (Ubuntu 13.2.0-23ubuntu3)
  configuration: --prefix=/usr --extra-version=3ubuntu5 --toolchain=hardened --libdir=/usr/lib/x86_64-linux-gnu --incdir=/usr/include/x86_64-linux-gnu --arch=amd64 --enable-gpl --disable-stripping --disable-omx --enable-gnutls --enable-libaom --enable-libass --enable-libbs2b --enable-libcaca --enable-libcdio --enable-libcodec2 --enable-libdav1d --enable-libflite --enable-libfontconfig --enable-libfreetype --enable-libfribidi --enable-libglslang --enable-libgme --enable-libgsm --enable-libharfbuzz --enable-libmp3lame --enable-libmysofa --enable-libopenjpeg --enable-libopenmpt --enable-libopus --enable-librubberband --enable-libshine --enable-libsnappy --enable-libsoxr --enable-libspeex --enable-libtheora --enable-libtwolame --enable-libvidstab --enable-libvorbis --enable-libvpx --enable-libwebp --enable-libx265 --enable-libxml2 --enable-libxvid --enable-libzimg --enable-openal --enable-opencl --enable-opengl --disable-sndio --enable-libvpl --disable-libmfx --enable-libdc1394 --enable-libdrm --enable-libiec61883 --enable-chromaprint --enable-frei0r --enable-ladspa --enable-libbluray --enable-libjack --enable-libpulse --enable-librabbitmq --enable-librist --enable-libsrt --enable-libssh --enable-libsvtav1 --enable-libx264 --enable-libzmq --enable-libzvbi --enable-lv2 --enable-sdl2 --enable-libplacebo --enable-librav1e --enable-pocketsphinx --enable-librsvg --enable-libjxl --enable-shared
  libavutil      58. 29.100 / 58. 29.100
  libavcodec     60. 31.102 / 60. 31.102
  libavformat    60. 16.100 / 60. 16.100
  libavdevice    60.  3.100 / 60.  3.100
  libavfilter     9. 12.100 /  9. 12.100
  libswscale      7.  5.100 /  7.  5.100
  libswresample   4. 12.100 /  4. 12.100
  libpostproc    57.  3.100 / 57.  3.100
Input #0, mov,mp4,m4a,3gp,3g2,mj2, from '/data/vaishak/combined-kv-quant/results/runs/backfill_flowcache_adaptive_int2_1a41612d204d_10s/videos/FLOWCACHE_ADAPTIVE_INT2/prompt_0009_seed_9.mp4':
  Metadata:
    major_brand     : isom
    minor_version   : 512
    compatible_brands: isomiso2avc1mp41
    encoder         : Lavf61.1.100
  Duration: 00:00:10.31, start: 0.000000, bitrate: 1166 kb/s
  Stream #0:0[0x1](und): Video: h264 (High) (avc1 / 0x31637661), yuv420p(progressive), 832x480, 1164 kb/s, 16 fps, 16 tbr, 16384 tbn (default)
    Metadata:
      handler_name    : VideoHandler
      vendor_id       : [0][0][0][0]
Stream mapping:
  Stream #0:0 -> #0:0 (h264 (native) -> h264 (libx264))
Press [q] to stop, [?] for help
[libx264 @ 0x61926d6ee6c0] using cpu capabilities: MMX2 SSE2Fast SSSE3 SSE4.2 AVX FMA3 BMI2 AVX2
[libx264 @ 0x61926d6ee6c0] profile High, level 3.0, 4:2:0, 8-bit
[libx264 @ 0x61926d6ee6c0] 264 - core 164 r3108 31e19f9 - H.264/MPEG-4 AVC codec - Copyleft 2003-2023 - http://www.videolan.org/x264.html - options: cabac=1 ref=3 deblock=1:0:0 analyse=0x3:0x113 me=hex subme=7 psy=1 psy_rd=1.00:0.00 mixed_ref=1 me_range=16 chroma_me=1 trellis=1 8x8dct=1 cqm=0 deadzone=21,11 fast_pskip=1 chroma_qp_offset=-2 threads=15 lookahead_threads=2 sliced_threads=0 nr=0 decimate=1 interlaced=0 bluray_compat=0 constrained_intra=0 bframes=3 b_pyramid=2 b_adapt=1 b_bias=0 direct=1 weightb=1 open_gop=0 weightp=2 keyint=250 keyint_min=16 scenecut=40 intra_refresh=0 rc_lookahead=40 rc=crf mbtree=1 crf=23.0 qcomp=0.60 qpmin=0 qpmax=69 qpstep=4 ip_ratio=1.40 aq=1:1.00
Output #0, mp4, to '/data/vaishak/combined-kv-quant/results/combined/backfills/drift/moviegen/4497296828e2a153_FLOWCACHE_ADAPTIVE_INT2/FLOWCACHE_ADAPTIVE_INT2_frames_165/prompt_0009_seed_9.mp4':
  Metadata:
    major_brand     : isom
    minor_version   : 512
    compatible_brands: isomiso2avc1mp41
    encoder         : Lavf60.16.100
  Stream #0:0(und): Video: h264 (avc1 / 0x31637661), yuv420p(progressive), 832x480, q=2-31, 16 fps, 16384 tbn (default)
    Metadata:
      handler_name    : VideoHandler
      vendor_id       : [0][0][0][0]
      encoder         : Lavc60.31.102 libx264
    Side data:
      cpb: bitrate max/min/avg: 0/0/0 buffer size: 0 vbv_delay: N/A
frame=    0 fps=0.0 q=0.0 size=       0kB time=N/A bitrate=N/A speed=N/A    frame=   57 fps=0.0 q=27.0 size=     768kB time=00:00:03.43 bitrate=1830.4kbits/s speed=6.49x    [out#0/mp4 @ 0x61926d6ed0c0] video:3039kB audio:0kB subtitle:0kB other streams:0kB global headers:0kB muxing overhead: 0.090981%
frame=  165 fps=141 q=-1.0 Lsize=    3041kB time=00:00:10.12 bitrate=2460.8kbits/s speed=8.67x    
[libx264 @ 0x61926d6ee6c0] frame I:3     Avg QP:22.41  size: 59549
[libx264 @ 0x61926d6ee6c0] frame P:43    Avg QP:25.09  size: 36279
[libx264 @ 0x61926d6ee6c0] frame B:119   Avg QP:27.25  size: 11532
[libx264 @ 0x61926d6ee6c0] consecutive B-frames:  2.4%  1.2%  9.1% 87.3%
[libx264 @ 0x61926d6ee6c0] mb I  I16..4:  2.3% 67.5% 30.3%
[libx264 @ 0x61926d6ee6c0] mb P  I16..4:  1.3% 29.1%  6.9%  P16..4: 29.2% 20.9% 10.0%  0.0%  0.0%    skip: 2.7%
[libx264 @ 0x61926d6ee6c0] mb B  I16..4:  0.2%  1.8%  1.0%  B16..8: 45.1% 13.7%  6.5%  direct: 6.3%  skip:25.3%  L0:54.5% L1:34.2% BI:11.2%
[libx264 @ 0x61926d6ee6c0] 8x8 transform intra:73.5% inter:67.5%
[libx264 @ 0x61926d6ee6c0] coded y,uvDC,uvAC intra: 90.7% 80.4% 21.6% inter: 39.8% 21.9% 0.3%
[libx264 @ 0x61926d6ee6c0] i16 v,h,dc,p: 12% 32% 18% 38%
[libx264 @ 0x61926d6ee6c0] i8 v,h,dc,ddl,ddr,vr,hd,vl,hu: 12% 25% 15%  5%  7%  6% 11%  7% 12%
[libx264 @ 0x61926d6ee6c0] i4 v,h,dc,ddl,ddr,vr,hd,vl,hu: 12% 23% 13%  6%  9%  7% 12%  6% 12%
[libx264 @ 0x61926d6ee6c0] i8c dc,h,v,p: 47% 26% 17% 10%
[libx264 @ 0x61926d6ee6c0] Weighted P-Frames: Y:32.6% UV:7.0%
[libx264 @ 0x61926d6ee6c0] ref P L0: 46.6% 22.9% 16.3% 10.4%  3.8%
[libx264 @ 0x61926d6ee6c0] ref B L0: 91.5%  6.5%  2.0%
[libx264 @ 0x61926d6ee6c0] ref B L1: 98.4%  1.6%
[libx264 @ 0x61926d6ee6c0] kb/s:2413.35
[rank0]:[W310 23:00:53.222500230 ProcessGroupNCCL.cpp:4115] [PG ID 0 PG GUID 0 Rank 0]  using GPU 0 to perform barrier as devices used by this process are currently unknown. This can potentially cause a hang if this rank to GPU mapping is incorrect.Specify device_ids in barrier() to force use of a particular device,or call init_process_group() with a device_id.
/home/suraj/miniforge3/envs/qvg_sf_eval/lib/python3.10/site-packages/clip/clip.py:6: UserWarning: pkg_resources is deprecated as an API. See https://setuptools.pypa.io/en/latest/pkg_resources.html. The pkg_resources package is slated for removal as early as 2025-11-30. Refrain from using this package or pin to Setuptools<81.
  from pkg_resources import packaging
/home/suraj/miniforge3/envs/qvg_sf_eval/lib/python3.10/site-packages/timm/models/layers/__init__.py:48: FutureWarning: Importing from timm.models.layers is deprecated, please import via timm.layers
  warnings.warn(f"Importing from {__name__} is deprecated, please import via timm.layers", FutureWarning)
/home/suraj/miniforge3/envs/qvg_sf_eval/lib/python3.10/site-packages/pyiqa/archs/arch_util.py:118: FutureWarning: You are using `torch.load` with `weights_only=False` (the current default value), which uses the default pickle module implicitly. It is possible to construct malicious pickle data which will execute arbitrary code during unpickling (See https://github.com/pytorch/pytorch/blob/main/SECURITY.md#untrusted-models for more details). In a future release, the default value for `weights_only` will be flipped to `True`. This limits the functions that could be executed during unpickling. Arbitrary objects will no longer be allowed to be loaded via this mode unless they are explicitly allowlisted by the user via `torch.serialization.add_safe_globals`. We recommend you start setting `weights_only=True` for any use case where you don't have full control of the loaded file. Please open an issue on GitHub for any issues related to this experimental feature.
  state_dict = torch.load(model_path, map_location=torch.device("cpu"))
args: Namespace(output_path='/data/vaishak/combined-kv-quant/results/combined/backfills/drift/moviegen/4497296828e2a153_FLOWCACHE_ADAPTIVE_INT2/vbench_FLOWCACHE_ADAPTIVE_INT2_165', full_json_dir='/data/vaishak/combined-kv-quant/third_party/VBench/vbench/VBench_full_info.json', videos_path='/data/vaishak/combined-kv-quant/results/combined/backfills/drift/moviegen/4497296828e2a153_FLOWCACHE_ADAPTIVE_INT2/FLOWCACHE_ADAPTIVE_INT2_frames_165', dimension=['imaging_quality'], load_ckpt_from_local=None, read_frame=None, mode='custom_input', prompt='None', prompt_file='/data/vaishak/combined-kv-quant/results/combined/backfills/drift/moviegen/4497296828e2a153_FLOWCACHE_ADAPTIVE_INT2/prompt_map_165.json', category=None, imaging_quality_preprocessing_mode='longer')
start evaluation
Evaluation meta data saved to /data/vaishak/combined-kv-quant/results/combined/backfills/drift/moviegen/4497296828e2a153_FLOWCACHE_ADAPTIVE_INT2/vbench_FLOWCACHE_ADAPTIVE_INT2_165/results_2026-03-10-23:00:53_full_info.json
cur_full_info_path: /data/vaishak/combined-kv-quant/results/combined/backfills/drift/moviegen/4497296828e2a153_FLOWCACHE_ADAPTIVE_INT2/vbench_FLOWCACHE_ADAPTIVE_INT2_165/results_2026-03-10-23:00:53_full_info.json
Loading pretrained model MUSIQ from /home/vaishak/.cache/vbench/pyiqa_model/musiq_spaq_ckpt-358bb6af.pth
  0%|          | 0/10 [00:00<?, ?it/s] 10%|█         | 1/10 [00:03<00:30,  3.36s/it] 20%|██        | 2/10 [00:06<00:24,  3.02s/it] 30%|███       | 3/10 [00:08<00:20,  2.91s/it] 40%|████      | 4/10 [00:12<00:17,  3.00s/it] 50%|█████     | 5/10 [00:15<00:15,  3.15s/it] 60%|██████    | 6/10 [00:20<00:14,  3.63s/it] 70%|███████   | 7/10 [00:26<00:13,  4.62s/it] 80%|████████  | 8/10 [00:33<00:10,  5.28s/it] 90%|█████████ | 9/10 [00:40<00:05,  5.73s/it]100%|██████████| 10/10 [00:46<00:00,  6.01s/it]100%|██████████| 10/10 [00:46<00:00,  4.68s/it]
Evaluation results saved to /data/vaishak/combined-kv-quant/results/combined/backfills/drift/moviegen/4497296828e2a153_FLOWCACHE_ADAPTIVE_INT2/vbench_FLOWCACHE_ADAPTIVE_INT2_165/results_2026-03-10-23:00:53_eval_results.json
done
[rank0]:[W310 23:01:42.053533369 ProcessGroupNCCL.cpp:1250] Warning: WARNING: process group has NOT been destroyed before we destruct ProcessGroupNCCL. On normal program exit, the application should call destroy_process_group to ensure that any pending NCCL operations have finished in this process. In rare cases this process can exit before this point and block the progress of another member of the process group. This constraint has always been present,  but this warning has only been added since PyTorch 2.4 (function operator())
{
  "method": "FLOWCACHE_ADAPTIVE_INT2",
  "frame_step": 165,
  "max_frames": 165,
  "curve": [
    {
      "frame_cap": 165,
      "imaging_quality": [
        0.6105112299601237,
        [
          {
            "video_path": "/data/vaishak/combined-kv-quant/results/combined/backfills/drift/moviegen/4497296828e2a153_FLOWCACHE_ADAPTIVE_INT2/FLOWCACHE_ADAPTIVE_INT2_frames_165/prompt_0007_seed_7.mp4",
            "video_results": 69.65288028139057
          },
          {
            "video_path": "/data/vaishak/combined-kv-quant/results/combined/backfills/drift/moviegen/4497296828e2a153_FLOWCACHE_ADAPTIVE_INT2/FLOWCACHE_ADAPTIVE_INT2_frames_165/prompt_0006_seed_6.mp4",
            "video_results": 57.27722073179303
          },
          {
            "video_path": "/data/vaishak/combined-kv-quant/results/combined/backfills/drift/moviegen/4497296828e2a153_FLOWCACHE_ADAPTIVE_INT2/FLOWCACHE_ADAPTIVE_INT2_frames_165/prompt_0004_seed_4.mp4",
            "video_results": 47.75425435846502
          },
          {
            "video_path": "/data/vaishak/combined-kv-quant/results/combined/backfills/drift/moviegen/4497296828e2a153_FLOWCACHE_ADAPTIVE_INT2/FLOWCACHE_ADAPTIVE_INT2_frames_165/prompt_0003_seed_3.mp4",
            "video_results": 62.11314399025657
          },
          {
            "video_path": "/data/vaishak/combined-kv-quant/results/combined/backfills/drift/moviegen/4497296828e2a153_FLOWCACHE_ADAPTIVE_INT2/FLOWCACHE_ADAPTIVE_INT2_frames_165/prompt_0005_seed_5.mp4",
            "video_results": 64.62083596894236
          },
          {
            "video_path": "/data/vaishak/combined-kv-quant/results/combined/backfills/drift/moviegen/4497296828e2a153_FLOWCACHE_ADAPTIVE_INT2/FLOWCACHE_ADAPTIVE_INT2_frames_165/prompt_0002_seed_2.mp4",
            "video_results": 64.52814326430811
          },
          {
            "video_path": "/data/vaishak/combined-kv-quant/results/combined/backfills/drift/moviegen/4497296828e2a153_FLOWCACHE_ADAPTIVE_INT2/FLOWCACHE_ADAPTIVE_INT2_frames_165/prompt_0001_seed_1.mp4",
            "video_results": 70.44954921838008
          },
          {
            "video_path": "/data/vaishak/combined-kv-quant/results/combined/backfills/drift/moviegen/4497296828e2a153_FLOWCACHE_ADAPTIVE_INT2/FLOWCACHE_ADAPTIVE_INT2_frames_165/prompt_0009_seed_9.mp4",
            "video_results": 64.57961115981593
          },
          {
            "video_path": "/data/vaishak/combined-kv-quant/results/combined/backfills/drift/moviegen/4497296828e2a153_FLOWCACHE_ADAPTIVE_INT2/FLOWCACHE_ADAPTIVE_INT2_frames_165/prompt_0008_seed_8.mp4",
            "video_results": 65.06398188273111
          },
          {
            "video_path": "/data/vaishak/combined-kv-quant/results/combined/backfills/drift/moviegen/4497296828e2a153_FLOWCACHE_ADAPTIVE_INT2/FLOWCACHE_ADAPTIVE_INT2_frames_165/prompt_0000_seed_0.mp4",
            "video_results": 44.471609104040894
          }
        ]
      ]
    }
  ]
}
ffmpeg version 6.1.1-3ubuntu5 Copyright (c) 2000-2023 the FFmpeg developers
  built with gcc 13 (Ubuntu 13.2.0-23ubuntu3)
  configuration: --prefix=/usr --extra-version=3ubuntu5 --toolchain=hardened --libdir=/usr/lib/x86_64-linux-gnu --incdir=/usr/include/x86_64-linux-gnu --arch=amd64 --enable-gpl --disable-stripping --disable-omx --enable-gnutls --enable-libaom --enable-libass --enable-libbs2b --enable-libcaca --enable-libcdio --enable-libcodec2 --enable-libdav1d --enable-libflite --enable-libfontconfig --enable-libfreetype --enable-libfribidi --enable-libglslang --enable-libgme --enable-libgsm --enable-libharfbuzz --enable-libmp3lame --enable-libmysofa --enable-libopenjpeg --enable-libopenmpt --enable-libopus --enable-librubberband --enable-libshine --enable-libsnappy --enable-libsoxr --enable-libspeex --enable-libtheora --enable-libtwolame --enable-libvidstab --enable-libvorbis --enable-libvpx --enable-libwebp --enable-libx265 --enable-libxml2 --enable-libxvid --enable-libzimg --enable-openal --enable-opencl --enable-opengl --disable-sndio --enable-libvpl --disable-libmfx --enable-libdc1394 --enable-libdrm --enable-libiec61883 --enable-chromaprint --enable-frei0r --enable-ladspa --enable-libbluray --enable-libjack --enable-libpulse --enable-librabbitmq --enable-librist --enable-libsrt --enable-libssh --enable-libsvtav1 --enable-libx264 --enable-libzmq --enable-libzvbi --enable-lv2 --enable-sdl2 --enable-libplacebo --enable-librav1e --enable-pocketsphinx --enable-librsvg --enable-libjxl --enable-shared
  libavutil      58. 29.100 / 58. 29.100
  libavcodec     60. 31.102 / 60. 31.102
  libavformat    60. 16.100 / 60. 16.100
  libavdevice    60.  3.100 / 60.  3.100
  libavfilter     9. 12.100 /  9. 12.100
  libswscale      7.  5.100 /  7.  5.100
  libswresample   4. 12.100 /  4. 12.100
  libpostproc    57.  3.100 / 57.  3.100
Input #0, mov,mp4,m4a,3gp,3g2,mj2, from '/data/vaishak/combined-kv-quant/results/runs/backfill_flowcache_hybrid_int2_973ebc836fd7_10s/videos/FLOWCACHE_HYBRID_INT2/prompt_0000_seed_0.mp4':
  Metadata:
    major_brand     : isom
    minor_version   : 512
    compatible_brands: isomiso2avc1mp41
    encoder         : Lavf61.1.100
  Duration: 00:00:10.31, start: 0.000000, bitrate: 1113 kb/s
  Stream #0:0[0x1](und): Video: h264 (High) (avc1 / 0x31637661), yuv420p(progressive), 832x480, 1111 kb/s, 16 fps, 16 tbr, 16384 tbn (default)
    Metadata:
      handler_name    : VideoHandler
      vendor_id       : [0][0][0][0]
Stream mapping:
  Stream #0:0 -> #0:0 (h264 (native) -> h264 (libx264))
Press [q] to stop, [?] for help
[libx264 @ 0x5f9aaa2395c0] using cpu capabilities: MMX2 SSE2Fast SSSE3 SSE4.2 AVX FMA3 BMI2 AVX2
[libx264 @ 0x5f9aaa2395c0] profile High, level 3.0, 4:2:0, 8-bit
[libx264 @ 0x5f9aaa2395c0] 264 - core 164 r3108 31e19f9 - H.264/MPEG-4 AVC codec - Copyleft 2003-2023 - http://www.videolan.org/x264.html - options: cabac=1 ref=3 deblock=1:0:0 analyse=0x3:0x113 me=hex subme=7 psy=1 psy_rd=1.00:0.00 mixed_ref=1 me_range=16 chroma_me=1 trellis=1 8x8dct=1 cqm=0 deadzone=21,11 fast_pskip=1 chroma_qp_offset=-2 threads=15 lookahead_threads=2 sliced_threads=0 nr=0 decimate=1 interlaced=0 bluray_compat=0 constrained_intra=0 bframes=3 b_pyramid=2 b_adapt=1 b_bias=0 direct=1 weightb=1 open_gop=0 weightp=2 keyint=250 keyint_min=16 scenecut=40 intra_refresh=0 rc_lookahead=40 rc=crf mbtree=1 crf=23.0 qcomp=0.60 qpmin=0 qpmax=69 qpstep=4 ip_ratio=1.40 aq=1:1.00
Output #0, mp4, to '/data/vaishak/combined-kv-quant/results/combined/backfills/drift/moviegen/63486d5408b1877c_FLOWCACHE_HYBRID_INT2/FLOWCACHE_HYBRID_INT2_frames_165/prompt_0000_seed_0.mp4':
  Metadata:
    major_brand     : isom
    minor_version   : 512
    compatible_brands: isomiso2avc1mp41
    encoder         : Lavf60.16.100
  Stream #0:0(und): Video: h264 (avc1 / 0x31637661), yuv420p(progressive), 832x480, q=2-31, 16 fps, 16384 tbn (default)
    Metadata:
      handler_name    : VideoHandler
      vendor_id       : [0][0][0][0]
      encoder         : Lavc60.31.102 libx264
    Side data:
      cpb: bitrate max/min/avg: 0/0/0 buffer size: 0 vbv_delay: N/A
frame=    0 fps=0.0 q=0.0 size=       0kB time=N/A bitrate=N/A speed=N/A    frame=   36 fps=0.0 q=27.0 size=     256kB time=00:00:02.12 bitrate= 987.1kbits/s speed=3.88x    [out#0/mp4 @ 0x5f9aaa2380c0] video:2492kB audio:0kB subtitle:0kB other streams:0kB global headers:0kB muxing overhead: 0.112201%
frame=  165 fps=121 q=-1.0 Lsize=    2495kB time=00:00:10.12 bitrate=2018.4kbits/s speed=7.43x    
[libx264 @ 0x5f9aaa2395c0] frame I:3     Avg QP:22.96  size: 48848
[libx264 @ 0x5f9aaa2395c0] frame P:42    Avg QP:25.41  size: 26477
[libx264 @ 0x5f9aaa2395c0] frame B:120   Avg QP:27.51  size: 10770
[libx264 @ 0x5f9aaa2395c0] consecutive B-frames:  1.8%  2.4%  3.6% 92.1%
[libx264 @ 0x5f9aaa2395c0] mb I  I16..4:  1.4% 74.0% 24.5%
[libx264 @ 0x5f9aaa2395c0] mb P  I16..4:  0.8% 23.5%  3.9%  P16..4: 35.1% 24.7% 10.1%  0.0%  0.0%    skip: 1.8%
[libx264 @ 0x5f9aaa2395c0] mb B  I16..4:  0.1%  2.7%  0.7%  B16..8: 48.3% 15.9%  4.9%  direct: 7.1%  skip:20.2%  L0:48.5% L1:39.1% BI:12.4%
[libx264 @ 0x5f9aaa2395c0] 8x8 transform intra:80.6% inter:74.8%
[libx264 @ 0x5f9aaa2395c0] coded y,uvDC,uvAC intra: 91.0% 91.1% 57.2% inter: 43.1% 37.4% 4.1%
[libx264 @ 0x5f9aaa2395c0] i16 v,h,dc,p: 19% 19%  6% 55%
[libx264 @ 0x5f9aaa2395c0] i8 v,h,dc,ddl,ddr,vr,hd,vl,hu: 17% 15% 12%  7%  9% 10% 10% 10% 12%
[libx264 @ 0x5f9aaa2395c0] i4 v,h,dc,ddl,ddr,vr,hd,vl,hu: 19% 16% 12%  7%  9%  9% 10%  9%  9%
[libx264 @ 0x5f9aaa2395c0] i8c dc,h,v,p: 36% 19% 24% 21%
[libx264 @ 0x5f9aaa2395c0] Weighted P-Frames: Y:59.5% UV:26.2%
[libx264 @ 0x5f9aaa2395c0] ref P L0: 45.9% 19.9% 16.9% 11.8%  5.5%
[libx264 @ 0x5f9aaa2395c0] ref B L0: 89.9%  8.1%  2.0%
[libx264 @ 0x5f9aaa2395c0] ref B L1: 98.3%  1.7%
[libx264 @ 0x5f9aaa2395c0] kb/s:1978.94
ffmpeg version 6.1.1-3ubuntu5 Copyright (c) 2000-2023 the FFmpeg developers
  built with gcc 13 (Ubuntu 13.2.0-23ubuntu3)
  configuration: --prefix=/usr --extra-version=3ubuntu5 --toolchain=hardened --libdir=/usr/lib/x86_64-linux-gnu --incdir=/usr/include/x86_64-linux-gnu --arch=amd64 --enable-gpl --disable-stripping --disable-omx --enable-gnutls --enable-libaom --enable-libass --enable-libbs2b --enable-libcaca --enable-libcdio --enable-libcodec2 --enable-libdav1d --enable-libflite --enable-libfontconfig --enable-libfreetype --enable-libfribidi --enable-libglslang --enable-libgme --enable-libgsm --enable-libharfbuzz --enable-libmp3lame --enable-libmysofa --enable-libopenjpeg --enable-libopenmpt --enable-libopus --enable-librubberband --enable-libshine --enable-libsnappy --enable-libsoxr --enable-libspeex --enable-libtheora --enable-libtwolame --enable-libvidstab --enable-libvorbis --enable-libvpx --enable-libwebp --enable-libx265 --enable-libxml2 --enable-libxvid --enable-libzimg --enable-openal --enable-opencl --enable-opengl --disable-sndio --enable-libvpl --disable-libmfx --enable-libdc1394 --enable-libdrm --enable-libiec61883 --enable-chromaprint --enable-frei0r --enable-ladspa --enable-libbluray --enable-libjack --enable-libpulse --enable-librabbitmq --enable-librist --enable-libsrt --enable-libssh --enable-libsvtav1 --enable-libx264 --enable-libzmq --enable-libzvbi --enable-lv2 --enable-sdl2 --enable-libplacebo --enable-librav1e --enable-pocketsphinx --enable-librsvg --enable-libjxl --enable-shared
  libavutil      58. 29.100 / 58. 29.100
  libavcodec     60. 31.102 / 60. 31.102
  libavformat    60. 16.100 / 60. 16.100
  libavdevice    60.  3.100 / 60.  3.100
  libavfilter     9. 12.100 /  9. 12.100
  libswscale      7.  5.100 /  7.  5.100
  libswresample   4. 12.100 /  4. 12.100
  libpostproc    57.  3.100 / 57.  3.100
Input #0, mov,mp4,m4a,3gp,3g2,mj2, from '/data/vaishak/combined-kv-quant/results/runs/backfill_flowcache_hybrid_int2_973ebc836fd7_10s/videos/FLOWCACHE_HYBRID_INT2/prompt_0001_seed_1.mp4':
  Metadata:
    major_brand     : isom
    minor_version   : 512
    compatible_brands: isomiso2avc1mp41
    encoder         : Lavf61.1.100
  Duration: 00:00:10.31, start: 0.000000, bitrate: 1063 kb/s
  Stream #0:0[0x1](und): Video: h264 (High) (avc1 / 0x31637661), yuv420p(progressive), 832x480, 1061 kb/s, 16 fps, 16 tbr, 16384 tbn (default)
    Metadata:
      handler_name    : VideoHandler
      vendor_id       : [0][0][0][0]
Stream mapping:
  Stream #0:0 -> #0:0 (h264 (native) -> h264 (libx264))
Press [q] to stop, [?] for help
[libx264 @ 0x5df86b816dc0] using cpu capabilities: MMX2 SSE2Fast SSSE3 SSE4.2 AVX FMA3 BMI2 AVX2
[libx264 @ 0x5df86b816dc0] profile High, level 3.0, 4:2:0, 8-bit
[libx264 @ 0x5df86b816dc0] 264 - core 164 r3108 31e19f9 - H.264/MPEG-4 AVC codec - Copyleft 2003-2023 - http://www.videolan.org/x264.html - options: cabac=1 ref=3 deblock=1:0:0 analyse=0x3:0x113 me=hex subme=7 psy=1 psy_rd=1.00:0.00 mixed_ref=1 me_range=16 chroma_me=1 trellis=1 8x8dct=1 cqm=0 deadzone=21,11 fast_pskip=1 chroma_qp_offset=-2 threads=15 lookahead_threads=2 sliced_threads=0 nr=0 decimate=1 interlaced=0 bluray_compat=0 constrained_intra=0 bframes=3 b_pyramid=2 b_adapt=1 b_bias=0 direct=1 weightb=1 open_gop=0 weightp=2 keyint=250 keyint_min=16 scenecut=40 intra_refresh=0 rc_lookahead=40 rc=crf mbtree=1 crf=23.0 qcomp=0.60 qpmin=0 qpmax=69 qpstep=4 ip_ratio=1.40 aq=1:1.00
Output #0, mp4, to '/data/vaishak/combined-kv-quant/results/combined/backfills/drift/moviegen/63486d5408b1877c_FLOWCACHE_HYBRID_INT2/FLOWCACHE_HYBRID_INT2_frames_165/prompt_0001_seed_1.mp4':
  Metadata:
    major_brand     : isom
    minor_version   : 512
    compatible_brands: isomiso2avc1mp41
    encoder         : Lavf60.16.100
  Stream #0:0(und): Video: h264 (avc1 / 0x31637661), yuv420p(progressive), 832x480, q=2-31, 16 fps, 16384 tbn (default)
    Metadata:
      handler_name    : VideoHandler
      vendor_id       : [0][0][0][0]
      encoder         : Lavc60.31.102 libx264
    Side data:
      cpb: bitrate max/min/avg: 0/0/0 buffer size: 0 vbv_delay: N/A
frame=    0 fps=0.0 q=0.0 size=       0kB time=N/A bitrate=N/A speed=N/A    frame=   30 fps=0.0 q=27.0 size=     256kB time=00:00:01.75 bitrate=1198.6kbits/s speed=3.16x    [out#0/mp4 @ 0x5df86b78afc0] video:2289kB audio:0kB subtitle:0kB other streams:0kB global headers:0kB muxing overhead: 0.121982%
frame=  165 fps=149 q=-1.0 Lsize=    2292kB time=00:00:10.12 bitrate=1854.1kbits/s speed=9.12x    
[libx264 @ 0x5df86b816dc0] frame I:6     Avg QP:21.34  size: 46427
[libx264 @ 0x5df86b816dc0] frame P:47    Avg QP:24.26  size: 27023
[libx264 @ 0x5df86b816dc0] frame B:112   Avg QP:26.03  size:  7093
[libx264 @ 0x5df86b816dc0] consecutive B-frames:  5.5% 10.9%  3.6% 80.0%
[libx264 @ 0x5df86b816dc0] mb I  I16..4:  3.8% 83.2% 13.0%
[libx264 @ 0x5df86b816dc0] mb P  I16..4:  1.7% 24.7%  2.2%  P16..4: 38.3% 19.8%  8.6%  0.0%  0.0%    skip: 4.8%
[libx264 @ 0x5df86b816dc0] mb B  I16..4:  0.2%  0.9%  0.1%  B16..8: 51.3% 10.8%  3.9%  direct: 3.8%  skip:28.9%  L0:50.1% L1:42.1% BI: 7.7%
[libx264 @ 0x5df86b816dc0] 8x8 transform intra:84.5% inter:73.2%
[libx264 @ 0x5df86b816dc0] coded y,uvDC,uvAC intra: 87.5% 86.1% 25.6% inter: 30.3% 24.6% 0.2%
[libx264 @ 0x5df86b816dc0] i16 v,h,dc,p:  2% 46%  2% 49%
[libx264 @ 0x5df86b816dc0] i8 v,h,dc,ddl,ddr,vr,hd,vl,hu:  8% 29% 19%  5%  6%  5% 10%  6% 12%
[libx264 @ 0x5df86b816dc0] i4 v,h,dc,ddl,ddr,vr,hd,vl,hu: 10% 25% 14%  7%  8%  7% 11%  7% 11%
[libx264 @ 0x5df86b816dc0] i8c dc,h,v,p: 32% 44%  8% 15%
[libx264 @ 0x5df86b816dc0] Weighted P-Frames: Y:29.8% UV:8.5%
[libx264 @ 0x5df86b816dc0] ref P L0: 56.8% 16.5% 15.8%  9.5%  1.5%
[libx264 @ 0x5df86b816dc0] ref B L0: 87.7% 10.5%  1.8%
[libx264 @ 0x5df86b816dc0] ref B L1: 98.6%  1.4%
[libx264 @ 0x5df86b816dc0] kb/s:1817.68
ffmpeg version 6.1.1-3ubuntu5 Copyright (c) 2000-2023 the FFmpeg developers
  built with gcc 13 (Ubuntu 13.2.0-23ubuntu3)
  configuration: --prefix=/usr --extra-version=3ubuntu5 --toolchain=hardened --libdir=/usr/lib/x86_64-linux-gnu --incdir=/usr/include/x86_64-linux-gnu --arch=amd64 --enable-gpl --disable-stripping --disable-omx --enable-gnutls --enable-libaom --enable-libass --enable-libbs2b --enable-libcaca --enable-libcdio --enable-libcodec2 --enable-libdav1d --enable-libflite --enable-libfontconfig --enable-libfreetype --enable-libfribidi --enable-libglslang --enable-libgme --enable-libgsm --enable-libharfbuzz --enable-libmp3lame --enable-libmysofa --enable-libopenjpeg --enable-libopenmpt --enable-libopus --enable-librubberband --enable-libshine --enable-libsnappy --enable-libsoxr --enable-libspeex --enable-libtheora --enable-libtwolame --enable-libvidstab --enable-libvorbis --enable-libvpx --enable-libwebp --enable-libx265 --enable-libxml2 --enable-libxvid --enable-libzimg --enable-openal --enable-opencl --enable-opengl --disable-sndio --enable-libvpl --disable-libmfx --enable-libdc1394 --enable-libdrm --enable-libiec61883 --enable-chromaprint --enable-frei0r --enable-ladspa --enable-libbluray --enable-libjack --enable-libpulse --enable-librabbitmq --enable-librist --enable-libsrt --enable-libssh --enable-libsvtav1 --enable-libx264 --enable-libzmq --enable-libzvbi --enable-lv2 --enable-sdl2 --enable-libplacebo --enable-librav1e --enable-pocketsphinx --enable-librsvg --enable-libjxl --enable-shared
  libavutil      58. 29.100 / 58. 29.100
  libavcodec     60. 31.102 / 60. 31.102
  libavformat    60. 16.100 / 60. 16.100
  libavdevice    60.  3.100 / 60.  3.100
  libavfilter     9. 12.100 /  9. 12.100
  libswscale      7.  5.100 /  7.  5.100
  libswresample   4. 12.100 /  4. 12.100
  libpostproc    57.  3.100 / 57.  3.100
Input #0, mov,mp4,m4a,3gp,3g2,mj2, from '/data/vaishak/combined-kv-quant/results/runs/backfill_flowcache_hybrid_int2_973ebc836fd7_10s/videos/FLOWCACHE_HYBRID_INT2/prompt_0002_seed_2.mp4':
  Metadata:
    major_brand     : isom
    minor_version   : 512
    compatible_brands: isomiso2avc1mp41
    encoder         : Lavf61.1.100
  Duration: 00:00:10.31, start: 0.000000, bitrate: 1138 kb/s
  Stream #0:0[0x1](und): Video: h264 (High) (avc1 / 0x31637661), yuv420p(progressive), 832x480, 1136 kb/s, 16 fps, 16 tbr, 16384 tbn (default)
    Metadata:
      handler_name    : VideoHandler
      vendor_id       : [0][0][0][0]
Stream mapping:
  Stream #0:0 -> #0:0 (h264 (native) -> h264 (libx264))
Press [q] to stop, [?] for help
[libx264 @ 0x5fd73f4da9c0] using cpu capabilities: MMX2 SSE2Fast SSSE3 SSE4.2 AVX FMA3 BMI2 AVX2
[libx264 @ 0x5fd73f4da9c0] profile High, level 3.0, 4:2:0, 8-bit
[libx264 @ 0x5fd73f4da9c0] 264 - core 164 r3108 31e19f9 - H.264/MPEG-4 AVC codec - Copyleft 2003-2023 - http://www.videolan.org/x264.html - options: cabac=1 ref=3 deblock=1:0:0 analyse=0x3:0x113 me=hex subme=7 psy=1 psy_rd=1.00:0.00 mixed_ref=1 me_range=16 chroma_me=1 trellis=1 8x8dct=1 cqm=0 deadzone=21,11 fast_pskip=1 chroma_qp_offset=-2 threads=15 lookahead_threads=2 sliced_threads=0 nr=0 decimate=1 interlaced=0 bluray_compat=0 constrained_intra=0 bframes=3 b_pyramid=2 b_adapt=1 b_bias=0 direct=1 weightb=1 open_gop=0 weightp=2 keyint=250 keyint_min=16 scenecut=40 intra_refresh=0 rc_lookahead=40 rc=crf mbtree=1 crf=23.0 qcomp=0.60 qpmin=0 qpmax=69 qpstep=4 ip_ratio=1.40 aq=1:1.00
Output #0, mp4, to '/data/vaishak/combined-kv-quant/results/combined/backfills/drift/moviegen/63486d5408b1877c_FLOWCACHE_HYBRID_INT2/FLOWCACHE_HYBRID_INT2_frames_165/prompt_0002_seed_2.mp4':
  Metadata:
    major_brand     : isom
    minor_version   : 512
    compatible_brands: isomiso2avc1mp41
    encoder         : Lavf60.16.100
  Stream #0:0(und): Video: h264 (avc1 / 0x31637661), yuv420p(progressive), 832x480, q=2-31, 16 fps, 16384 tbn (default)
    Metadata:
      handler_name    : VideoHandler
      vendor_id       : [0][0][0][0]
      encoder         : Lavc60.31.102 libx264
    Side data:
      cpb: bitrate max/min/avg: 0/0/0 buffer size: 0 vbv_delay: N/A
frame=    0 fps=0.0 q=0.0 size=       0kB time=N/A bitrate=N/A speed=N/A    frame=   58 fps=0.0 q=27.0 size=     512kB time=00:00:03.50 bitrate=1198.5kbits/s speed=6.48x    [out#0/mp4 @ 0x5fd73f3f7cc0] video:1887kB audio:0kB subtitle:0kB other streams:0kB global headers:0kB muxing overhead: 0.141774%
frame=  165 fps=0.0 q=-1.0 Lsize=    1889kB time=00:00:10.12 bitrate=1528.6kbits/s speed=11.8x    
[libx264 @ 0x5fd73f4da9c0] frame I:20    Avg QP:20.27  size: 23608
[libx264 @ 0x5fd73f4da9c0] frame P:41    Avg QP:24.01  size: 13688
[libx264 @ 0x5fd73f4da9c0] frame B:104   Avg QP:25.22  size:  8634
[libx264 @ 0x5fd73f4da9c0] consecutive B-frames: 12.1%  0.0% 34.5% 53.3%
[libx264 @ 0x5fd73f4da9c0] mb I  I16..4: 31.1% 59.1%  9.9%
[libx264 @ 0x5fd73f4da9c0] mb P  I16..4:  8.2% 19.3%  3.4%  P16..4: 43.2% 11.7%  4.1%  0.0%  0.0%    skip:10.2%
[libx264 @ 0x5fd73f4da9c0] mb B  I16..4:  0.2%  2.6%  1.0%  B16..8: 38.4%  9.9%  3.6%  direct: 4.9%  skip:39.3%  L0:48.2% L1:42.5% BI: 9.4%
[libx264 @ 0x5fd73f4da9c0] 8x8 transform intra:61.3% inter:75.1%
[libx264 @ 0x5fd73f4da9c0] coded y,uvDC,uvAC intra: 63.9% 79.1% 32.6% inter: 23.4% 28.0% 2.9%
[libx264 @ 0x5fd73f4da9c0] i16 v,h,dc,p:  1% 46%  1% 51%
[libx264 @ 0x5fd73f4da9c0] i8 v,h,dc,ddl,ddr,vr,hd,vl,hu: 10% 28% 16%  6%  7%  6% 10%  6% 10%
[libx264 @ 0x5fd73f4da9c0] i4 v,h,dc,ddl,ddr,vr,hd,vl,hu: 14% 23% 13%  7% 10%  7% 11%  6%  9%
[libx264 @ 0x5fd73f4da9c0] i8c dc,h,v,p: 33% 39% 12% 16%
[libx264 @ 0x5fd73f4da9c0] Weighted P-Frames: Y:12.2% UV:9.8%
[libx264 @ 0x5fd73f4da9c0] ref P L0: 64.1%  9.4% 15.5% 10.2%  0.9%
[libx264 @ 0x5fd73f4da9c0] ref B L0: 87.9%  9.3%  2.8%
[libx264 @ 0x5fd73f4da9c0] ref B L1: 97.0%  3.0%
[libx264 @ 0x5fd73f4da9c0] kb/s:1498.19
ffmpeg version 6.1.1-3ubuntu5 Copyright (c) 2000-2023 the FFmpeg developers
  built with gcc 13 (Ubuntu 13.2.0-23ubuntu3)
  configuration: --prefix=/usr --extra-version=3ubuntu5 --toolchain=hardened --libdir=/usr/lib/x86_64-linux-gnu --incdir=/usr/include/x86_64-linux-gnu --arch=amd64 --enable-gpl --disable-stripping --disable-omx --enable-gnutls --enable-libaom --enable-libass --enable-libbs2b --enable-libcaca --enable-libcdio --enable-libcodec2 --enable-libdav1d --enable-libflite --enable-libfontconfig --enable-libfreetype --enable-libfribidi --enable-libglslang --enable-libgme --enable-libgsm --enable-libharfbuzz --enable-libmp3lame --enable-libmysofa --enable-libopenjpeg --enable-libopenmpt --enable-libopus --enable-librubberband --enable-libshine --enable-libsnappy --enable-libsoxr --enable-libspeex --enable-libtheora --enable-libtwolame --enable-libvidstab --enable-libvorbis --enable-libvpx --enable-libwebp --enable-libx265 --enable-libxml2 --enable-libxvid --enable-libzimg --enable-openal --enable-opencl --enable-opengl --disable-sndio --enable-libvpl --disable-libmfx --enable-libdc1394 --enable-libdrm --enable-libiec61883 --enable-chromaprint --enable-frei0r --enable-ladspa --enable-libbluray --enable-libjack --enable-libpulse --enable-librabbitmq --enable-librist --enable-libsrt --enable-libssh --enable-libsvtav1 --enable-libx264 --enable-libzmq --enable-libzvbi --enable-lv2 --enable-sdl2 --enable-libplacebo --enable-librav1e --enable-pocketsphinx --enable-librsvg --enable-libjxl --enable-shared
  libavutil      58. 29.100 / 58. 29.100
  libavcodec     60. 31.102 / 60. 31.102
  libavformat    60. 16.100 / 60. 16.100
  libavdevice    60.  3.100 / 60.  3.100
  libavfilter     9. 12.100 /  9. 12.100
  libswscale      7.  5.100 /  7.  5.100
  libswresample   4. 12.100 /  4. 12.100
  libpostproc    57.  3.100 / 57.  3.100
Input #0, mov,mp4,m4a,3gp,3g2,mj2, from '/data/vaishak/combined-kv-quant/results/runs/backfill_flowcache_hybrid_int2_973ebc836fd7_10s/videos/FLOWCACHE_HYBRID_INT2/prompt_0003_seed_3.mp4':
  Metadata:
    major_brand     : isom
    minor_version   : 512
    compatible_brands: isomiso2avc1mp41
    encoder         : Lavf61.1.100
  Duration: 00:00:10.31, start: 0.000000, bitrate: 1076 kb/s
  Stream #0:0[0x1](und): Video: h264 (High) (avc1 / 0x31637661), yuv420p(progressive), 832x480, 1074 kb/s, 16 fps, 16 tbr, 16384 tbn (default)
    Metadata:
      handler_name    : VideoHandler
      vendor_id       : [0][0][0][0]
Stream mapping:
  Stream #0:0 -> #0:0 (h264 (native) -> h264 (libx264))
Press [q] to stop, [?] for help
[libx264 @ 0x5d44cea46000] using cpu capabilities: MMX2 SSE2Fast SSSE3 SSE4.2 AVX FMA3 BMI2 AVX2
[libx264 @ 0x5d44cea46000] profile High, level 3.0, 4:2:0, 8-bit
[libx264 @ 0x5d44cea46000] 264 - core 164 r3108 31e19f9 - H.264/MPEG-4 AVC codec - Copyleft 2003-2023 - http://www.videolan.org/x264.html - options: cabac=1 ref=3 deblock=1:0:0 analyse=0x3:0x113 me=hex subme=7 psy=1 psy_rd=1.00:0.00 mixed_ref=1 me_range=16 chroma_me=1 trellis=1 8x8dct=1 cqm=0 deadzone=21,11 fast_pskip=1 chroma_qp_offset=-2 threads=15 lookahead_threads=2 sliced_threads=0 nr=0 decimate=1 interlaced=0 bluray_compat=0 constrained_intra=0 bframes=3 b_pyramid=2 b_adapt=1 b_bias=0 direct=1 weightb=1 open_gop=0 weightp=2 keyint=250 keyint_min=16 scenecut=40 intra_refresh=0 rc_lookahead=40 rc=crf mbtree=1 crf=23.0 qcomp=0.60 qpmin=0 qpmax=69 qpstep=4 ip_ratio=1.40 aq=1:1.00
Output #0, mp4, to '/data/vaishak/combined-kv-quant/results/combined/backfills/drift/moviegen/63486d5408b1877c_FLOWCACHE_HYBRID_INT2/FLOWCACHE_HYBRID_INT2_frames_165/prompt_0003_seed_3.mp4':
  Metadata:
    major_brand     : isom
    minor_version   : 512
    compatible_brands: isomiso2avc1mp41
    encoder         : Lavf60.16.100
  Stream #0:0(und): Video: h264 (avc1 / 0x31637661), yuv420p(progressive), 832x480, q=2-31, 16 fps, 16384 tbn (default)
    Metadata:
      handler_name    : VideoHandler
      vendor_id       : [0][0][0][0]
      encoder         : Lavc60.31.102 libx264
    Side data:
      cpb: bitrate max/min/avg: 0/0/0 buffer size: 0 vbv_delay: N/A
frame=    0 fps=0.0 q=0.0 size=       0kB time=N/A bitrate=N/A speed=N/A    frame=   65 fps=0.0 q=27.0 size=     768kB time=00:00:03.93 bitrate=1597.9kbits/s speed=7.53x    [out#0/mp4 @ 0x5d44ce9bbd00] video:2354kB audio:0kB subtitle:0kB other streams:0kB global headers:0kB muxing overhead: 0.117603%
frame=  165 fps=152 q=-1.0 Lsize=    2357kB time=00:00:10.12 bitrate=1907.0kbits/s speed=9.32x    
[libx264 @ 0x5d44cea46000] frame I:9     Avg QP:21.81  size: 41368
[libx264 @ 0x5d44cea46000] frame P:45    Avg QP:24.96  size: 23593
[libx264 @ 0x5d44cea46000] frame B:111   Avg QP:26.46  size:  8793
[libx264 @ 0x5d44cea46000] consecutive B-frames:  7.3%  6.1%  9.1% 77.6%
[libx264 @ 0x5d44cea46000] mb I  I16..4: 11.4% 73.1% 15.5%
[libx264 @ 0x5d44cea46000] mb P  I16..4:  2.7% 21.5%  3.0%  P16..4: 38.9% 19.1%  8.1%  0.0%  0.0%    skip: 6.7%
[libx264 @ 0x5d44cea46000] mb B  I16..4:  0.1%  1.8%  0.5%  B16..8: 46.6% 11.0%  3.9%  direct: 4.3%  skip:31.7%  L0:49.0% L1:40.8% BI:10.2%
[libx264 @ 0x5d44cea46000] 8x8 transform intra:76.5% inter:72.9%
[libx264 @ 0x5d44cea46000] coded y,uvDC,uvAC intra: 85.4% 93.2% 56.6% inter: 32.4% 32.5% 1.8%
[libx264 @ 0x5d44cea46000] i16 v,h,dc,p:  2% 46%  4% 48%
[libx264 @ 0x5d44cea46000] i8 v,h,dc,ddl,ddr,vr,hd,vl,hu: 10% 19% 16%  7%  9%  8% 11%  9% 12%
[libx264 @ 0x5d44cea46000] i4 v,h,dc,ddl,ddr,vr,hd,vl,hu: 11% 22% 13%  8% 10%  7% 12%  7% 11%
[libx264 @ 0x5d44cea46000] i8c dc,h,v,p: 35% 31% 14% 21%
[libx264 @ 0x5d44cea46000] Weighted P-Frames: Y:20.0% UV:6.7%
[libx264 @ 0x5d44cea46000] ref P L0: 58.9% 15.8% 15.5%  8.6%  1.3%
[libx264 @ 0x5d44cea46000] ref B L0: 90.3%  7.7%  2.0%
[libx264 @ 0x5d44cea46000] ref B L1: 98.3%  1.7%
[libx264 @ 0x5d44cea46000] kb/s:1869.55
ffmpeg version 6.1.1-3ubuntu5 Copyright (c) 2000-2023 the FFmpeg developers
  built with gcc 13 (Ubuntu 13.2.0-23ubuntu3)
  configuration: --prefix=/usr --extra-version=3ubuntu5 --toolchain=hardened --libdir=/usr/lib/x86_64-linux-gnu --incdir=/usr/include/x86_64-linux-gnu --arch=amd64 --enable-gpl --disable-stripping --disable-omx --enable-gnutls --enable-libaom --enable-libass --enable-libbs2b --enable-libcaca --enable-libcdio --enable-libcodec2 --enable-libdav1d --enable-libflite --enable-libfontconfig --enable-libfreetype --enable-libfribidi --enable-libglslang --enable-libgme --enable-libgsm --enable-libharfbuzz --enable-libmp3lame --enable-libmysofa --enable-libopenjpeg --enable-libopenmpt --enable-libopus --enable-librubberband --enable-libshine --enable-libsnappy --enable-libsoxr --enable-libspeex --enable-libtheora --enable-libtwolame --enable-libvidstab --enable-libvorbis --enable-libvpx --enable-libwebp --enable-libx265 --enable-libxml2 --enable-libxvid --enable-libzimg --enable-openal --enable-opencl --enable-opengl --disable-sndio --enable-libvpl --disable-libmfx --enable-libdc1394 --enable-libdrm --enable-libiec61883 --enable-chromaprint --enable-frei0r --enable-ladspa --enable-libbluray --enable-libjack --enable-libpulse --enable-librabbitmq --enable-librist --enable-libsrt --enable-libssh --enable-libsvtav1 --enable-libx264 --enable-libzmq --enable-libzvbi --enable-lv2 --enable-sdl2 --enable-libplacebo --enable-librav1e --enable-pocketsphinx --enable-librsvg --enable-libjxl --enable-shared
  libavutil      58. 29.100 / 58. 29.100
  libavcodec     60. 31.102 / 60. 31.102
  libavformat    60. 16.100 / 60. 16.100
  libavdevice    60.  3.100 / 60.  3.100
  libavfilter     9. 12.100 /  9. 12.100
  libswscale      7.  5.100 /  7.  5.100
  libswresample   4. 12.100 /  4. 12.100
  libpostproc    57.  3.100 / 57.  3.100
Input #0, mov,mp4,m4a,3gp,3g2,mj2, from '/data/vaishak/combined-kv-quant/results/runs/backfill_flowcache_hybrid_int2_973ebc836fd7_10s/videos/FLOWCACHE_HYBRID_INT2/prompt_0004_seed_4.mp4':
  Metadata:
    major_brand     : isom
    minor_version   : 512
    compatible_brands: isomiso2avc1mp41
    encoder         : Lavf61.1.100
  Duration: 00:00:10.31, start: 0.000000, bitrate: 1063 kb/s
  Stream #0:0[0x1](und): Video: h264 (High) (avc1 / 0x31637661), yuv420p(progressive), 832x480, 1061 kb/s, 16 fps, 16 tbr, 16384 tbn (default)
    Metadata:
      handler_name    : VideoHandler
      vendor_id       : [0][0][0][0]
Stream mapping:
  Stream #0:0 -> #0:0 (h264 (native) -> h264 (libx264))
Press [q] to stop, [?] for help
[libx264 @ 0x61fcb57775c0] using cpu capabilities: MMX2 SSE2Fast SSSE3 SSE4.2 AVX FMA3 BMI2 AVX2
[libx264 @ 0x61fcb57775c0] profile High, level 3.0, 4:2:0, 8-bit
[libx264 @ 0x61fcb57775c0] 264 - core 164 r3108 31e19f9 - H.264/MPEG-4 AVC codec - Copyleft 2003-2023 - http://www.videolan.org/x264.html - options: cabac=1 ref=3 deblock=1:0:0 analyse=0x3:0x113 me=hex subme=7 psy=1 psy_rd=1.00:0.00 mixed_ref=1 me_range=16 chroma_me=1 trellis=1 8x8dct=1 cqm=0 deadzone=21,11 fast_pskip=1 chroma_qp_offset=-2 threads=15 lookahead_threads=2 sliced_threads=0 nr=0 decimate=1 interlaced=0 bluray_compat=0 constrained_intra=0 bframes=3 b_pyramid=2 b_adapt=1 b_bias=0 direct=1 weightb=1 open_gop=0 weightp=2 keyint=250 keyint_min=16 scenecut=40 intra_refresh=0 rc_lookahead=40 rc=crf mbtree=1 crf=23.0 qcomp=0.60 qpmin=0 qpmax=69 qpstep=4 ip_ratio=1.40 aq=1:1.00
Output #0, mp4, to '/data/vaishak/combined-kv-quant/results/combined/backfills/drift/moviegen/63486d5408b1877c_FLOWCACHE_HYBRID_INT2/FLOWCACHE_HYBRID_INT2_frames_165/prompt_0004_seed_4.mp4':
  Metadata:
    major_brand     : isom
    minor_version   : 512
    compatible_brands: isomiso2avc1mp41
    encoder         : Lavf60.16.100
  Stream #0:0(und): Video: h264 (avc1 / 0x31637661), yuv420p(progressive), 832x480, q=2-31, 16 fps, 16384 tbn (default)
    Metadata:
      handler_name    : VideoHandler
      vendor_id       : [0][0][0][0]
      encoder         : Lavc60.31.102 libx264
    Side data:
      cpb: bitrate max/min/avg: 0/0/0 buffer size: 0 vbv_delay: N/A
frame=    0 fps=0.0 q=0.0 size=       0kB time=N/A bitrate=N/A speed=N/A    frame=   34 fps=0.0 q=27.0 size=       0kB time=00:00:02.00 bitrate=   0.2kbits/s speed=3.77x    [out#0/mp4 @ 0x61fcb57760c0] video:1215kB audio:0kB subtitle:0kB other streams:0kB global headers:0kB muxing overhead: 0.228584%
frame=  165 fps=144 q=-1.0 Lsize=    1217kB time=00:00:10.12 bitrate= 985.0kbits/s speed=8.82x    
[libx264 @ 0x61fcb57775c0] frame I:2     Avg QP:20.27  size: 33052
[libx264 @ 0x61fcb57775c0] frame P:43    Avg QP:22.47  size: 15729
[libx264 @ 0x61fcb57775c0] frame B:120   Avg QP:24.71  size:  4172
[libx264 @ 0x61fcb57775c0] consecutive B-frames:  1.8%  2.4%  3.6% 92.1%
[libx264 @ 0x61fcb57775c0] mb I  I16..4: 15.0% 71.5% 13.5%
[libx264 @ 0x61fcb57775c0] mb P  I16..4:  4.1%  8.3%  1.0%  P16..4: 51.9% 21.5%  8.3%  0.0%  0.0%    skip: 4.9%
[libx264 @ 0x61fcb57775c0] mb B  I16..4:  0.9%  1.2%  0.1%  B16..8: 40.5%  6.7%  1.4%  direct: 6.0%  skip:43.1%  L0:47.4% L1:43.6% BI: 9.0%
[libx264 @ 0x61fcb57775c0] 8x8 transform intra:61.7% inter:78.9%
[libx264 @ 0x61fcb57775c0] coded y,uvDC,uvAC intra: 53.9% 89.2% 44.9% inter: 22.5% 39.5% 2.2%
[libx264 @ 0x61fcb57775c0] i16 v,h,dc,p: 15% 35%  5% 45%
[libx264 @ 0x61fcb57775c0] i8 v,h,dc,ddl,ddr,vr,hd,vl,hu: 18% 27% 18%  5%  6%  7%  6%  7%  7%
[libx264 @ 0x61fcb57775c0] i4 v,h,dc,ddl,ddr,vr,hd,vl,hu: 14% 21% 12%  6% 11% 10% 10%  7%  8%
[libx264 @ 0x61fcb57775c0] i8c dc,h,v,p: 28% 32% 20% 21%
[libx264 @ 0x61fcb57775c0] Weighted P-Frames: Y:58.1% UV:51.2%
[libx264 @ 0x61fcb57775c0] ref P L0: 47.8% 16.7% 17.5% 11.2%  6.9%
[libx264 @ 0x61fcb57775c0] ref B L0: 83.4% 12.9%  3.7%
[libx264 @ 0x61fcb57775c0] ref B L1: 97.3%  2.7%
[libx264 @ 0x61fcb57775c0] kb/s:964.31
ffmpeg version 6.1.1-3ubuntu5 Copyright (c) 2000-2023 the FFmpeg developers
  built with gcc 13 (Ubuntu 13.2.0-23ubuntu3)
  configuration: --prefix=/usr --extra-version=3ubuntu5 --toolchain=hardened --libdir=/usr/lib/x86_64-linux-gnu --incdir=/usr/include/x86_64-linux-gnu --arch=amd64 --enable-gpl --disable-stripping --disable-omx --enable-gnutls --enable-libaom --enable-libass --enable-libbs2b --enable-libcaca --enable-libcdio --enable-libcodec2 --enable-libdav1d --enable-libflite --enable-libfontconfig --enable-libfreetype --enable-libfribidi --enable-libglslang --enable-libgme --enable-libgsm --enable-libharfbuzz --enable-libmp3lame --enable-libmysofa --enable-libopenjpeg --enable-libopenmpt --enable-libopus --enable-librubberband --enable-libshine --enable-libsnappy --enable-libsoxr --enable-libspeex --enable-libtheora --enable-libtwolame --enable-libvidstab --enable-libvorbis --enable-libvpx --enable-libwebp --enable-libx265 --enable-libxml2 --enable-libxvid --enable-libzimg --enable-openal --enable-opencl --enable-opengl --disable-sndio --enable-libvpl --disable-libmfx --enable-libdc1394 --enable-libdrm --enable-libiec61883 --enable-chromaprint --enable-frei0r --enable-ladspa --enable-libbluray --enable-libjack --enable-libpulse --enable-librabbitmq --enable-librist --enable-libsrt --enable-libssh --enable-libsvtav1 --enable-libx264 --enable-libzmq --enable-libzvbi --enable-lv2 --enable-sdl2 --enable-libplacebo --enable-librav1e --enable-pocketsphinx --enable-librsvg --enable-libjxl --enable-shared
  libavutil      58. 29.100 / 58. 29.100
  libavcodec     60. 31.102 / 60. 31.102
  libavformat    60. 16.100 / 60. 16.100
  libavdevice    60.  3.100 / 60.  3.100
  libavfilter     9. 12.100 /  9. 12.100
  libswscale      7.  5.100 /  7.  5.100
  libswresample   4. 12.100 /  4. 12.100
  libpostproc    57.  3.100 / 57.  3.100
Input #0, mov,mp4,m4a,3gp,3g2,mj2, from '/data/vaishak/combined-kv-quant/results/runs/backfill_flowcache_hybrid_int2_973ebc836fd7_10s/videos/FLOWCACHE_HYBRID_INT2/prompt_0005_seed_5.mp4':
  Metadata:
    major_brand     : isom
    minor_version   : 512
    compatible_brands: isomiso2avc1mp41
    encoder         : Lavf61.1.100
  Duration: 00:00:10.31, start: 0.000000, bitrate: 1068 kb/s
  Stream #0:0[0x1](und): Video: h264 (High) (avc1 / 0x31637661), yuv420p(progressive), 832x480, 1066 kb/s, 16 fps, 16 tbr, 16384 tbn (default)
    Metadata:
      handler_name    : VideoHandler
      vendor_id       : [0][0][0][0]
Stream mapping:
  Stream #0:0 -> #0:0 (h264 (native) -> h264 (libx264))
Press [q] to stop, [?] for help
[libx264 @ 0x5bc1ef0933c0] using cpu capabilities: MMX2 SSE2Fast SSSE3 SSE4.2 AVX FMA3 BMI2 AVX2
[libx264 @ 0x5bc1ef0933c0] profile High, level 3.0, 4:2:0, 8-bit
[libx264 @ 0x5bc1ef0933c0] 264 - core 164 r3108 31e19f9 - H.264/MPEG-4 AVC codec - Copyleft 2003-2023 - http://www.videolan.org/x264.html - options: cabac=1 ref=3 deblock=1:0:0 analyse=0x3:0x113 me=hex subme=7 psy=1 psy_rd=1.00:0.00 mixed_ref=1 me_range=16 chroma_me=1 trellis=1 8x8dct=1 cqm=0 deadzone=21,11 fast_pskip=1 chroma_qp_offset=-2 threads=15 lookahead_threads=2 sliced_threads=0 nr=0 decimate=1 interlaced=0 bluray_compat=0 constrained_intra=0 bframes=3 b_pyramid=2 b_adapt=1 b_bias=0 direct=1 weightb=1 open_gop=0 weightp=2 keyint=250 keyint_min=16 scenecut=40 intra_refresh=0 rc_lookahead=40 rc=crf mbtree=1 crf=23.0 qcomp=0.60 qpmin=0 qpmax=69 qpstep=4 ip_ratio=1.40 aq=1:1.00
Output #0, mp4, to '/data/vaishak/combined-kv-quant/results/combined/backfills/drift/moviegen/63486d5408b1877c_FLOWCACHE_HYBRID_INT2/FLOWCACHE_HYBRID_INT2_frames_165/prompt_0005_seed_5.mp4':
  Metadata:
    major_brand     : isom
    minor_version   : 512
    compatible_brands: isomiso2avc1mp41
    encoder         : Lavf60.16.100
  Stream #0:0(und): Video: h264 (avc1 / 0x31637661), yuv420p(progressive), 832x480, q=2-31, 16 fps, 16384 tbn (default)
    Metadata:
      handler_name    : VideoHandler
      vendor_id       : [0][0][0][0]
      encoder         : Lavc60.31.102 libx264
    Side data:
      cpb: bitrate max/min/avg: 0/0/0 buffer size: 0 vbv_delay: N/A
frame=    0 fps=0.0 q=0.0 size=       0kB time=N/A bitrate=N/A speed=N/A    frame=   36 fps=0.0 q=27.0 size=     256kB time=00:00:02.12 bitrate= 987.1kbits/s speed=3.97x    [out#0/mp4 @ 0x5bc1eeffed40] video:2438kB audio:0kB subtitle:0kB other streams:0kB global headers:0kB muxing overhead: 0.110973%
frame=  165 fps=154 q=-1.0 Lsize=    2441kB time=00:00:10.12 bitrate=1975.1kbits/s speed=9.43x    
[libx264 @ 0x5bc1ef0933c0] frame I:2     Avg QP:22.91  size: 75957
[libx264 @ 0x5bc1ef0933c0] frame P:58    Avg QP:24.51  size: 27493
[libx264 @ 0x5bc1ef0933c0] frame B:105   Avg QP:27.26  size:  7141
[libx264 @ 0x5bc1ef0933c0] consecutive B-frames:  9.7%  8.5% 23.6% 58.2%
[libx264 @ 0x5bc1ef0933c0] mb I  I16..4:  5.1% 56.8% 38.1%
[libx264 @ 0x5bc1ef0933c0] mb P  I16..4:  1.3%  7.0%  0.9%  P16..4: 46.7% 24.4% 14.7%  0.0%  0.0%    skip: 5.0%
[libx264 @ 0x5bc1ef0933c0] mb B  I16..4:  0.1%  0.6%  0.1%  B16..8: 49.4%  9.8%  4.3%  direct: 4.1%  skip:31.6%  L0:56.0% L1:33.8% BI:10.2%
[libx264 @ 0x5bc1ef0933c0] 8x8 transform intra:71.2% inter:66.3%
[libx264 @ 0x5bc1ef0933c0] coded y,uvDC,uvAC intra: 78.2% 97.3% 83.5% inter: 31.5% 46.1% 14.6%
[libx264 @ 0x5bc1ef0933c0] i16 v,h,dc,p: 11% 39% 13% 38%
[libx264 @ 0x5bc1ef0933c0] i8 v,h,dc,ddl,ddr,vr,hd,vl,hu: 11% 21% 24%  5%  6%  7%  8%  7% 11%
[libx264 @ 0x5bc1ef0933c0] i4 v,h,dc,ddl,ddr,vr,hd,vl,hu: 17% 15% 14%  8%  9% 11%  8% 10%  9%
[libx264 @ 0x5bc1ef0933c0] i8c dc,h,v,p: 33% 37% 10% 20%
[libx264 @ 0x5bc1ef0933c0] Weighted P-Frames: Y:31.0% UV:12.1%
[libx264 @ 0x5bc1ef0933c0] ref P L0: 52.2% 24.3% 14.9%  7.1%  1.6%
[libx264 @ 0x5bc1ef0933c0] ref B L0: 86.7% 10.8%  2.6%
[libx264 @ 0x5bc1ef0933c0] ref B L1: 98.7%  1.3%
[libx264 @ 0x5bc1ef0933c0] kb/s:1936.54
ffmpeg version 6.1.1-3ubuntu5 Copyright (c) 2000-2023 the FFmpeg developers
  built with gcc 13 (Ubuntu 13.2.0-23ubuntu3)
  configuration: --prefix=/usr --extra-version=3ubuntu5 --toolchain=hardened --libdir=/usr/lib/x86_64-linux-gnu --incdir=/usr/include/x86_64-linux-gnu --arch=amd64 --enable-gpl --disable-stripping --disable-omx --enable-gnutls --enable-libaom --enable-libass --enable-libbs2b --enable-libcaca --enable-libcdio --enable-libcodec2 --enable-libdav1d --enable-libflite --enable-libfontconfig --enable-libfreetype --enable-libfribidi --enable-libglslang --enable-libgme --enable-libgsm --enable-libharfbuzz --enable-libmp3lame --enable-libmysofa --enable-libopenjpeg --enable-libopenmpt --enable-libopus --enable-librubberband --enable-libshine --enable-libsnappy --enable-libsoxr --enable-libspeex --enable-libtheora --enable-libtwolame --enable-libvidstab --enable-libvorbis --enable-libvpx --enable-libwebp --enable-libx265 --enable-libxml2 --enable-libxvid --enable-libzimg --enable-openal --enable-opencl --enable-opengl --disable-sndio --enable-libvpl --disable-libmfx --enable-libdc1394 --enable-libdrm --enable-libiec61883 --enable-chromaprint --enable-frei0r --enable-ladspa --enable-libbluray --enable-libjack --enable-libpulse --enable-librabbitmq --enable-librist --enable-libsrt --enable-libssh --enable-libsvtav1 --enable-libx264 --enable-libzmq --enable-libzvbi --enable-lv2 --enable-sdl2 --enable-libplacebo --enable-librav1e --enable-pocketsphinx --enable-librsvg --enable-libjxl --enable-shared
  libavutil      58. 29.100 / 58. 29.100
  libavcodec     60. 31.102 / 60. 31.102
  libavformat    60. 16.100 / 60. 16.100
  libavdevice    60.  3.100 / 60.  3.100
  libavfilter     9. 12.100 /  9. 12.100
  libswscale      7.  5.100 /  7.  5.100
  libswresample   4. 12.100 /  4. 12.100
  libpostproc    57.  3.100 / 57.  3.100
Input #0, mov,mp4,m4a,3gp,3g2,mj2, from '/data/vaishak/combined-kv-quant/results/runs/backfill_flowcache_hybrid_int2_973ebc836fd7_10s/videos/FLOWCACHE_HYBRID_INT2/prompt_0006_seed_6.mp4':
  Metadata:
    major_brand     : isom
    minor_version   : 512
    compatible_brands: isomiso2avc1mp41
    encoder         : Lavf61.1.100
  Duration: 00:00:10.31, start: 0.000000, bitrate: 999 kb/s
  Stream #0:0[0x1](und): Video: h264 (High) (avc1 / 0x31637661), yuv420p(progressive), 832x480, 997 kb/s, 16 fps, 16 tbr, 16384 tbn (default)
    Metadata:
      handler_name    : VideoHandler
      vendor_id       : [0][0][0][0]
Stream mapping:
  Stream #0:0 -> #0:0 (h264 (native) -> h264 (libx264))
Press [q] to stop, [?] for help
[libx264 @ 0x5650035605c0] using cpu capabilities: MMX2 SSE2Fast SSSE3 SSE4.2 AVX FMA3 BMI2 AVX2
[libx264 @ 0x5650035605c0] profile High, level 3.0, 4:2:0, 8-bit
[libx264 @ 0x5650035605c0] 264 - core 164 r3108 31e19f9 - H.264/MPEG-4 AVC codec - Copyleft 2003-2023 - http://www.videolan.org/x264.html - options: cabac=1 ref=3 deblock=1:0:0 analyse=0x3:0x113 me=hex subme=7 psy=1 psy_rd=1.00:0.00 mixed_ref=1 me_range=16 chroma_me=1 trellis=1 8x8dct=1 cqm=0 deadzone=21,11 fast_pskip=1 chroma_qp_offset=-2 threads=15 lookahead_threads=2 sliced_threads=0 nr=0 decimate=1 interlaced=0 bluray_compat=0 constrained_intra=0 bframes=3 b_pyramid=2 b_adapt=1 b_bias=0 direct=1 weightb=1 open_gop=0 weightp=2 keyint=250 keyint_min=16 scenecut=40 intra_refresh=0 rc_lookahead=40 rc=crf mbtree=1 crf=23.0 qcomp=0.60 qpmin=0 qpmax=69 qpstep=4 ip_ratio=1.40 aq=1:1.00
Output #0, mp4, to '/data/vaishak/combined-kv-quant/results/combined/backfills/drift/moviegen/63486d5408b1877c_FLOWCACHE_HYBRID_INT2/FLOWCACHE_HYBRID_INT2_frames_165/prompt_0006_seed_6.mp4':
  Metadata:
    major_brand     : isom
    minor_version   : 512
    compatible_brands: isomiso2avc1mp41
    encoder         : Lavf60.16.100
  Stream #0:0(und): Video: h264 (avc1 / 0x31637661), yuv420p(progressive), 832x480, q=2-31, 16 fps, 16384 tbn (default)
    Metadata:
      handler_name    : VideoHandler
      vendor_id       : [0][0][0][0]
      encoder         : Lavc60.31.102 libx264
    Side data:
      cpb: bitrate max/min/avg: 0/0/0 buffer size: 0 vbv_delay: N/A
frame=    0 fps=0.0 q=0.0 size=       0kB time=N/A bitrate=N/A speed=N/A    frame=   42 fps=0.0 q=27.0 size=     256kB time=00:00:02.50 bitrate= 839.0kbits/s speed=4.43x    [out#0/mp4 @ 0x56500355f0c0] video:1491kB audio:0kB subtitle:0kB other streams:0kB global headers:0kB muxing overhead: 0.187545%
frame=  165 fps=0.0 q=-1.0 Lsize=    1494kB time=00:00:10.12 bitrate=1208.4kbits/s speed=10.6x    
[libx264 @ 0x5650035605c0] frame I:3     Avg QP:19.37  size: 36671
[libx264 @ 0x5650035605c0] frame P:43    Avg QP:22.06  size: 18644
[libx264 @ 0x5650035605c0] frame B:119   Avg QP:24.42  size:  5161
[libx264 @ 0x5650035605c0] consecutive B-frames:  1.8%  6.1%  0.0% 92.1%
[libx264 @ 0x5650035605c0] mb I  I16..4: 24.1% 63.8% 12.1%
[libx264 @ 0x5650035605c0] mb P  I16..4:  5.2% 11.7%  2.0%  P16..4: 50.7% 16.0%  8.3%  0.0%  0.0%    skip: 6.1%
[libx264 @ 0x5650035605c0] mb B  I16..4:  0.6%  0.8%  0.1%  B16..8: 40.9%  6.4%  2.4%  direct: 3.9%  skip:45.0%  L0:47.3% L1:44.7% BI: 7.9%
[libx264 @ 0x5650035605c0] 8x8 transform intra:61.1% inter:76.5%
[libx264 @ 0x5650035605c0] coded y,uvDC,uvAC intra: 56.2% 89.6% 41.6% inter: 18.4% 34.4% 2.7%
[libx264 @ 0x5650035605c0] i16 v,h,dc,p:  8% 21%  5% 65%
[libx264 @ 0x5650035605c0] i8 v,h,dc,ddl,ddr,vr,hd,vl,hu: 15% 20% 20%  5% 10%  8%  8%  7%  7%
[libx264 @ 0x5650035605c0] i4 v,h,dc,ddl,ddr,vr,hd,vl,hu:  9%  8% 11%  4% 28% 16% 13%  5%  6%
[libx264 @ 0x5650035605c0] i8c dc,h,v,p: 37% 25% 15% 22%
[libx264 @ 0x5650035605c0] Weighted P-Frames: Y:37.2% UV:23.3%
[libx264 @ 0x5650035605c0] ref P L0: 56.5% 10.9% 17.7% 10.4%  4.6%
[libx264 @ 0x5650035605c0] ref B L0: 84.9% 12.0%  3.1%
[libx264 @ 0x5650035605c0] ref B L1: 97.9%  2.1%
[libx264 @ 0x5650035605c0] kb/s:1183.71
ffmpeg version 6.1.1-3ubuntu5 Copyright (c) 2000-2023 the FFmpeg developers
  built with gcc 13 (Ubuntu 13.2.0-23ubuntu3)
  configuration: --prefix=/usr --extra-version=3ubuntu5 --toolchain=hardened --libdir=/usr/lib/x86_64-linux-gnu --incdir=/usr/include/x86_64-linux-gnu --arch=amd64 --enable-gpl --disable-stripping --disable-omx --enable-gnutls --enable-libaom --enable-libass --enable-libbs2b --enable-libcaca --enable-libcdio --enable-libcodec2 --enable-libdav1d --enable-libflite --enable-libfontconfig --enable-libfreetype --enable-libfribidi --enable-libglslang --enable-libgme --enable-libgsm --enable-libharfbuzz --enable-libmp3lame --enable-libmysofa --enable-libopenjpeg --enable-libopenmpt --enable-libopus --enable-librubberband --enable-libshine --enable-libsnappy --enable-libsoxr --enable-libspeex --enable-libtheora --enable-libtwolame --enable-libvidstab --enable-libvorbis --enable-libvpx --enable-libwebp --enable-libx265 --enable-libxml2 --enable-libxvid --enable-libzimg --enable-openal --enable-opencl --enable-opengl --disable-sndio --enable-libvpl --disable-libmfx --enable-libdc1394 --enable-libdrm --enable-libiec61883 --enable-chromaprint --enable-frei0r --enable-ladspa --enable-libbluray --enable-libjack --enable-libpulse --enable-librabbitmq --enable-librist --enable-libsrt --enable-libssh --enable-libsvtav1 --enable-libx264 --enable-libzmq --enable-libzvbi --enable-lv2 --enable-sdl2 --enable-libplacebo --enable-librav1e --enable-pocketsphinx --enable-librsvg --enable-libjxl --enable-shared
  libavutil      58. 29.100 / 58. 29.100
  libavcodec     60. 31.102 / 60. 31.102
  libavformat    60. 16.100 / 60. 16.100
  libavdevice    60.  3.100 / 60.  3.100
  libavfilter     9. 12.100 /  9. 12.100
  libswscale      7.  5.100 /  7.  5.100
  libswresample   4. 12.100 /  4. 12.100
  libpostproc    57.  3.100 / 57.  3.100
Input #0, mov,mp4,m4a,3gp,3g2,mj2, from '/data/vaishak/combined-kv-quant/results/runs/backfill_flowcache_hybrid_int2_973ebc836fd7_10s/videos/FLOWCACHE_HYBRID_INT2/prompt_0007_seed_7.mp4':
  Metadata:
    major_brand     : isom
    minor_version   : 512
    compatible_brands: isomiso2avc1mp41
    encoder         : Lavf61.1.100
  Duration: 00:00:10.31, start: 0.000000, bitrate: 1020 kb/s
  Stream #0:0[0x1](und): Video: h264 (High) (avc1 / 0x31637661), yuv420p(progressive), 832x480, 1018 kb/s, 16 fps, 16 tbr, 16384 tbn (default)
    Metadata:
      handler_name    : VideoHandler
      vendor_id       : [0][0][0][0]
Stream mapping:
  Stream #0:0 -> #0:0 (h264 (native) -> h264 (libx264))
Press [q] to stop, [?] for help
[libx264 @ 0x563ae1b3a640] using cpu capabilities: MMX2 SSE2Fast SSSE3 SSE4.2 AVX FMA3 BMI2 AVX2
[libx264 @ 0x563ae1b3a640] profile High, level 3.0, 4:2:0, 8-bit
[libx264 @ 0x563ae1b3a640] 264 - core 164 r3108 31e19f9 - H.264/MPEG-4 AVC codec - Copyleft 2003-2023 - http://www.videolan.org/x264.html - options: cabac=1 ref=3 deblock=1:0:0 analyse=0x3:0x113 me=hex subme=7 psy=1 psy_rd=1.00:0.00 mixed_ref=1 me_range=16 chroma_me=1 trellis=1 8x8dct=1 cqm=0 deadzone=21,11 fast_pskip=1 chroma_qp_offset=-2 threads=15 lookahead_threads=2 sliced_threads=0 nr=0 decimate=1 interlaced=0 bluray_compat=0 constrained_intra=0 bframes=3 b_pyramid=2 b_adapt=1 b_bias=0 direct=1 weightb=1 open_gop=0 weightp=2 keyint=250 keyint_min=16 scenecut=40 intra_refresh=0 rc_lookahead=40 rc=crf mbtree=1 crf=23.0 qcomp=0.60 qpmin=0 qpmax=69 qpstep=4 ip_ratio=1.40 aq=1:1.00
Output #0, mp4, to '/data/vaishak/combined-kv-quant/results/combined/backfills/drift/moviegen/63486d5408b1877c_FLOWCACHE_HYBRID_INT2/FLOWCACHE_HYBRID_INT2_frames_165/prompt_0007_seed_7.mp4':
  Metadata:
    major_brand     : isom
    minor_version   : 512
    compatible_brands: isomiso2avc1mp41
    encoder         : Lavf60.16.100
  Stream #0:0(und): Video: h264 (avc1 / 0x31637661), yuv420p(progressive), 832x480, q=2-31, 16 fps, 16384 tbn (default)
    Metadata:
      handler_name    : VideoHandler
      vendor_id       : [0][0][0][0]
      encoder         : Lavc60.31.102 libx264
    Side data:
      cpb: bitrate max/min/avg: 0/0/0 buffer size: 0 vbv_delay: N/A
frame=    0 fps=0.0 q=0.0 size=       0kB time=N/A bitrate=N/A speed=N/A    frame=   64 fps=0.0 q=27.0 size=     512kB time=00:00:03.87 bitrate=1082.5kbits/s speed=7.49x    [out#0/mp4 @ 0x563ae1ab7fc0] video:1641kB audio:0kB subtitle:0kB other streams:0kB global headers:0kB muxing overhead: 0.170099%
frame=  165 fps=0.0 q=-1.0 Lsize=    1644kB time=00:00:10.12 bitrate=1330.3kbits/s speed=10.7x    
[libx264 @ 0x563ae1b3a640] frame I:2     Avg QP:22.56  size: 33060
[libx264 @ 0x563ae1b3a640] frame P:42    Avg QP:24.25  size: 18019
[libx264 @ 0x563ae1b3a640] frame B:121   Avg QP:25.87  size:  7084
[libx264 @ 0x563ae1b3a640] consecutive B-frames:  1.8%  1.2%  0.0% 97.0%
[libx264 @ 0x563ae1b3a640] mb I  I16..4: 11.7% 66.7% 21.6%
[libx264 @ 0x563ae1b3a640] mb P  I16..4:  5.3% 18.6%  3.2%  P16..4: 44.3% 19.1%  6.4%  0.0%  0.0%    skip: 3.1%
[libx264 @ 0x563ae1b3a640] mb B  I16..4:  0.8%  2.1%  0.2%  B16..8: 44.4% 12.0%  3.1%  direct: 5.1%  skip:32.3%  L0:43.9% L1:45.6% BI:10.4%
[libx264 @ 0x563ae1b3a640] 8x8 transform intra:68.2% inter:75.8%
[libx264 @ 0x563ae1b3a640] coded y,uvDC,uvAC intra: 64.6% 87.0% 32.8% inter: 27.9% 36.6% 0.9%
[libx264 @ 0x563ae1b3a640] i16 v,h,dc,p:  3% 41%  3% 53%
[libx264 @ 0x563ae1b3a640] i8 v,h,dc,ddl,ddr,vr,hd,vl,hu: 10% 31% 14%  5%  7%  5% 11%  5% 12%
[libx264 @ 0x563ae1b3a640] i4 v,h,dc,ddl,ddr,vr,hd,vl,hu: 11% 27% 14%  6%  8%  7% 12%  6% 11%
[libx264 @ 0x563ae1b3a640] i8c dc,h,v,p: 35% 39% 11% 16%
[libx264 @ 0x563ae1b3a640] Weighted P-Frames: Y:35.7% UV:26.2%
[libx264 @ 0x563ae1b3a640] ref P L0: 43.5% 15.4% 21.7% 14.3%  5.2%
[libx264 @ 0x563ae1b3a640] ref B L0: 83.6% 12.1%  4.3%
[libx264 @ 0x563ae1b3a640] ref B L1: 96.5%  3.5%
[libx264 @ 0x563ae1b3a640] kb/s:1303.35
ffmpeg version 6.1.1-3ubuntu5 Copyright (c) 2000-2023 the FFmpeg developers
  built with gcc 13 (Ubuntu 13.2.0-23ubuntu3)
  configuration: --prefix=/usr --extra-version=3ubuntu5 --toolchain=hardened --libdir=/usr/lib/x86_64-linux-gnu --incdir=/usr/include/x86_64-linux-gnu --arch=amd64 --enable-gpl --disable-stripping --disable-omx --enable-gnutls --enable-libaom --enable-libass --enable-libbs2b --enable-libcaca --enable-libcdio --enable-libcodec2 --enable-libdav1d --enable-libflite --enable-libfontconfig --enable-libfreetype --enable-libfribidi --enable-libglslang --enable-libgme --enable-libgsm --enable-libharfbuzz --enable-libmp3lame --enable-libmysofa --enable-libopenjpeg --enable-libopenmpt --enable-libopus --enable-librubberband --enable-libshine --enable-libsnappy --enable-libsoxr --enable-libspeex --enable-libtheora --enable-libtwolame --enable-libvidstab --enable-libvorbis --enable-libvpx --enable-libwebp --enable-libx265 --enable-libxml2 --enable-libxvid --enable-libzimg --enable-openal --enable-opencl --enable-opengl --disable-sndio --enable-libvpl --disable-libmfx --enable-libdc1394 --enable-libdrm --enable-libiec61883 --enable-chromaprint --enable-frei0r --enable-ladspa --enable-libbluray --enable-libjack --enable-libpulse --enable-librabbitmq --enable-librist --enable-libsrt --enable-libssh --enable-libsvtav1 --enable-libx264 --enable-libzmq --enable-libzvbi --enable-lv2 --enable-sdl2 --enable-libplacebo --enable-librav1e --enable-pocketsphinx --enable-librsvg --enable-libjxl --enable-shared
  libavutil      58. 29.100 / 58. 29.100
  libavcodec     60. 31.102 / 60. 31.102
  libavformat    60. 16.100 / 60. 16.100
  libavdevice    60.  3.100 / 60.  3.100
  libavfilter     9. 12.100 /  9. 12.100
  libswscale      7.  5.100 /  7.  5.100
  libswresample   4. 12.100 /  4. 12.100
  libpostproc    57.  3.100 / 57.  3.100
Input #0, mov,mp4,m4a,3gp,3g2,mj2, from '/data/vaishak/combined-kv-quant/results/runs/backfill_flowcache_hybrid_int2_973ebc836fd7_10s/videos/FLOWCACHE_HYBRID_INT2/prompt_0008_seed_8.mp4':
  Metadata:
    major_brand     : isom
    minor_version   : 512
    compatible_brands: isomiso2avc1mp41
    encoder         : Lavf61.1.100
  Duration: 00:00:10.31, start: 0.000000, bitrate: 1038 kb/s
  Stream #0:0[0x1](und): Video: h264 (High) (avc1 / 0x31637661), yuv420p(progressive), 832x480, 1036 kb/s, 16 fps, 16 tbr, 16384 tbn (default)
    Metadata:
      handler_name    : VideoHandler
      vendor_id       : [0][0][0][0]
Stream mapping:
  Stream #0:0 -> #0:0 (h264 (native) -> h264 (libx264))
Press [q] to stop, [?] for help
[libx264 @ 0x596c29253440] using cpu capabilities: MMX2 SSE2Fast SSSE3 SSE4.2 AVX FMA3 BMI2 AVX2
[libx264 @ 0x596c29253440] profile High, level 3.0, 4:2:0, 8-bit
[libx264 @ 0x596c29253440] 264 - core 164 r3108 31e19f9 - H.264/MPEG-4 AVC codec - Copyleft 2003-2023 - http://www.videolan.org/x264.html - options: cabac=1 ref=3 deblock=1:0:0 analyse=0x3:0x113 me=hex subme=7 psy=1 psy_rd=1.00:0.00 mixed_ref=1 me_range=16 chroma_me=1 trellis=1 8x8dct=1 cqm=0 deadzone=21,11 fast_pskip=1 chroma_qp_offset=-2 threads=15 lookahead_threads=2 sliced_threads=0 nr=0 decimate=1 interlaced=0 bluray_compat=0 constrained_intra=0 bframes=3 b_pyramid=2 b_adapt=1 b_bias=0 direct=1 weightb=1 open_gop=0 weightp=2 keyint=250 keyint_min=16 scenecut=40 intra_refresh=0 rc_lookahead=40 rc=crf mbtree=1 crf=23.0 qcomp=0.60 qpmin=0 qpmax=69 qpstep=4 ip_ratio=1.40 aq=1:1.00
Output #0, mp4, to '/data/vaishak/combined-kv-quant/results/combined/backfills/drift/moviegen/63486d5408b1877c_FLOWCACHE_HYBRID_INT2/FLOWCACHE_HYBRID_INT2_frames_165/prompt_0008_seed_8.mp4':
  Metadata:
    major_brand     : isom
    minor_version   : 512
    compatible_brands: isomiso2avc1mp41
    encoder         : Lavf60.16.100
  Stream #0:0(und): Video: h264 (avc1 / 0x31637661), yuv420p(progressive), 832x480, q=2-31, 16 fps, 16384 tbn (default)
    Metadata:
      handler_name    : VideoHandler
      vendor_id       : [0][0][0][0]
      encoder         : Lavc60.31.102 libx264
    Side data:
      cpb: bitrate max/min/avg: 0/0/0 buffer size: 0 vbv_delay: N/A
frame=    0 fps=0.0 q=0.0 size=       0kB time=N/A bitrate=N/A speed=N/A    frame=   38 fps=0.0 q=27.0 size=     256kB time=00:00:02.25 bitrate= 932.2kbits/s speed=4.09x    [out#0/mp4 @ 0x596c291cdd00] video:1138kB audio:0kB subtitle:0kB other streams:0kB global headers:0kB muxing overhead: 0.235792%
frame=  165 fps=141 q=-1.0 Lsize=    1140kB time=00:00:10.12 bitrate= 922.7kbits/s speed=8.67x    
[libx264 @ 0x596c29253440] frame I:2     Avg QP:20.03  size: 46163
[libx264 @ 0x596c29253440] frame P:67    Avg QP:22.36  size: 12056
[libx264 @ 0x596c29253440] frame B:96    Avg QP:25.63  size:  2752
[libx264 @ 0x596c29253440] consecutive B-frames: 13.9% 20.6% 14.5% 50.9%
[libx264 @ 0x596c29253440] mb I  I16..4:  6.3% 65.0% 28.8%
[libx264 @ 0x596c29253440] mb P  I16..4:  1.3%  2.9%  0.3%  P16..4: 55.3% 22.3%  8.7%  0.0%  0.0%    skip: 9.1%
[libx264 @ 0x596c29253440] mb B  I16..4:  0.1%  0.2%  0.0%  B16..8: 40.5%  5.2%  0.7%  direct: 4.5%  skip:48.9%  L0:58.7% L1:32.8% BI: 8.4%
[libx264 @ 0x596c29253440] 8x8 transform intra:64.8% inter:70.6%
[libx264 @ 0x596c29253440] coded y,uvDC,uvAC intra: 65.1% 92.7% 55.0% inter: 25.6% 38.1% 1.9%
[libx264 @ 0x596c29253440] i16 v,h,dc,p:  5% 38%  6% 52%
[libx264 @ 0x596c29253440] i8 v,h,dc,ddl,ddr,vr,hd,vl,hu: 12% 27% 15%  5%  9%  7% 11%  6%  9%
[libx264 @ 0x596c29253440] i4 v,h,dc,ddl,ddr,vr,hd,vl,hu: 14% 24% 12%  7% 11%  7% 10%  6%  8%
[libx264 @ 0x596c29253440] i8c dc,h,v,p: 34% 34% 12% 20%
[libx264 @ 0x596c29253440] Weighted P-Frames: Y:37.3% UV:29.9%
[libx264 @ 0x596c29253440] ref P L0: 57.3% 20.7% 14.5%  5.5%  2.0%
[libx264 @ 0x596c29253440] ref B L0: 88.0% 10.6%  1.4%
[libx264 @ 0x596c29253440] ref B L1: 97.4%  2.6%
[libx264 @ 0x596c29253440] kb/s:903.23
ffmpeg version 6.1.1-3ubuntu5 Copyright (c) 2000-2023 the FFmpeg developers
  built with gcc 13 (Ubuntu 13.2.0-23ubuntu3)
  configuration: --prefix=/usr --extra-version=3ubuntu5 --toolchain=hardened --libdir=/usr/lib/x86_64-linux-gnu --incdir=/usr/include/x86_64-linux-gnu --arch=amd64 --enable-gpl --disable-stripping --disable-omx --enable-gnutls --enable-libaom --enable-libass --enable-libbs2b --enable-libcaca --enable-libcdio --enable-libcodec2 --enable-libdav1d --enable-libflite --enable-libfontconfig --enable-libfreetype --enable-libfribidi --enable-libglslang --enable-libgme --enable-libgsm --enable-libharfbuzz --enable-libmp3lame --enable-libmysofa --enable-libopenjpeg --enable-libopenmpt --enable-libopus --enable-librubberband --enable-libshine --enable-libsnappy --enable-libsoxr --enable-libspeex --enable-libtheora --enable-libtwolame --enable-libvidstab --enable-libvorbis --enable-libvpx --enable-libwebp --enable-libx265 --enable-libxml2 --enable-libxvid --enable-libzimg --enable-openal --enable-opencl --enable-opengl --disable-sndio --enable-libvpl --disable-libmfx --enable-libdc1394 --enable-libdrm --enable-libiec61883 --enable-chromaprint --enable-frei0r --enable-ladspa --enable-libbluray --enable-libjack --enable-libpulse --enable-librabbitmq --enable-librist --enable-libsrt --enable-libssh --enable-libsvtav1 --enable-libx264 --enable-libzmq --enable-libzvbi --enable-lv2 --enable-sdl2 --enable-libplacebo --enable-librav1e --enable-pocketsphinx --enable-librsvg --enable-libjxl --enable-shared
  libavutil      58. 29.100 / 58. 29.100
  libavcodec     60. 31.102 / 60. 31.102
  libavformat    60. 16.100 / 60. 16.100
  libavdevice    60.  3.100 / 60.  3.100
  libavfilter     9. 12.100 /  9. 12.100
  libswscale      7.  5.100 /  7.  5.100
  libswresample   4. 12.100 /  4. 12.100
  libpostproc    57.  3.100 / 57.  3.100
Input #0, mov,mp4,m4a,3gp,3g2,mj2, from '/data/vaishak/combined-kv-quant/results/runs/backfill_flowcache_hybrid_int2_973ebc836fd7_10s/videos/FLOWCACHE_HYBRID_INT2/prompt_0009_seed_9.mp4':
  Metadata:
    major_brand     : isom
    minor_version   : 512
    compatible_brands: isomiso2avc1mp41
    encoder         : Lavf61.1.100
  Duration: 00:00:10.31, start: 0.000000, bitrate: 1082 kb/s
  Stream #0:0[0x1](und): Video: h264 (High) (avc1 / 0x31637661), yuv420p(progressive), 832x480, 1080 kb/s, 16 fps, 16 tbr, 16384 tbn (default)
    Metadata:
      handler_name    : VideoHandler
      vendor_id       : [0][0][0][0]
Stream mapping:
  Stream #0:0 -> #0:0 (h264 (native) -> h264 (libx264))
Press [q] to stop, [?] for help
[libx264 @ 0x603f76480380] using cpu capabilities: MMX2 SSE2Fast SSSE3 SSE4.2 AVX FMA3 BMI2 AVX2
[libx264 @ 0x603f76480380] profile High, level 3.0, 4:2:0, 8-bit
[libx264 @ 0x603f76480380] 264 - core 164 r3108 31e19f9 - H.264/MPEG-4 AVC codec - Copyleft 2003-2023 - http://www.videolan.org/x264.html - options: cabac=1 ref=3 deblock=1:0:0 analyse=0x3:0x113 me=hex subme=7 psy=1 psy_rd=1.00:0.00 mixed_ref=1 me_range=16 chroma_me=1 trellis=1 8x8dct=1 cqm=0 deadzone=21,11 fast_pskip=1 chroma_qp_offset=-2 threads=15 lookahead_threads=2 sliced_threads=0 nr=0 decimate=1 interlaced=0 bluray_compat=0 constrained_intra=0 bframes=3 b_pyramid=2 b_adapt=1 b_bias=0 direct=1 weightb=1 open_gop=0 weightp=2 keyint=250 keyint_min=16 scenecut=40 intra_refresh=0 rc_lookahead=40 rc=crf mbtree=1 crf=23.0 qcomp=0.60 qpmin=0 qpmax=69 qpstep=4 ip_ratio=1.40 aq=1:1.00
Output #0, mp4, to '/data/vaishak/combined-kv-quant/results/combined/backfills/drift/moviegen/63486d5408b1877c_FLOWCACHE_HYBRID_INT2/FLOWCACHE_HYBRID_INT2_frames_165/prompt_0009_seed_9.mp4':
  Metadata:
    major_brand     : isom
    minor_version   : 512
    compatible_brands: isomiso2avc1mp41
    encoder         : Lavf60.16.100
  Stream #0:0(und): Video: h264 (avc1 / 0x31637661), yuv420p(progressive), 832x480, q=2-31, 16 fps, 16384 tbn (default)
    Metadata:
      handler_name    : VideoHandler
      vendor_id       : [0][0][0][0]
      encoder         : Lavc60.31.102 libx264
    Side data:
      cpb: bitrate max/min/avg: 0/0/0 buffer size: 0 vbv_delay: N/A
frame=    0 fps=0.0 q=0.0 size=       0kB time=N/A bitrate=N/A speed=N/A    frame=   45 fps=0.0 q=27.0 size=     512kB time=00:00:02.68 bitrate=1560.8kbits/s speed=4.95x    [out#0/mp4 @ 0x603f763f40c0] video:2404kB audio:0kB subtitle:0kB other streams:0kB global headers:0kB muxing overhead: 0.116151%
frame=  165 fps=164 q=-1.0 Lsize=    2407kB time=00:00:10.12 bitrate=1947.1kbits/s speed=  10x    
[libx264 @ 0x603f76480380] frame I:2     Avg QP:21.80  size: 52030
[libx264 @ 0x603f76480380] frame P:43    Avg QP:24.03  size: 32880
[libx264 @ 0x603f76480380] frame B:120   Avg QP:27.16  size:  7857
[libx264 @ 0x603f76480380] consecutive B-frames:  2.4%  1.2%  1.8% 94.5%
[libx264 @ 0x603f76480380] mb I  I16..4:  2.9% 71.7% 25.3%
[libx264 @ 0x603f76480380] mb P  I16..4:  1.2% 19.4%  4.3%  P16..4: 34.4% 24.5% 12.9%  0.0%  0.0%    skip: 3.4%
[libx264 @ 0x603f76480380] mb B  I16..4:  0.1%  1.3%  0.6%  B16..8: 44.0% 10.9%  5.0%  direct: 4.4%  skip:33.7%  L0:57.1% L1:32.0% BI:10.9%
[libx264 @ 0x603f76480380] 8x8 transform intra:75.2% inter:65.1%
[libx264 @ 0x603f76480380] coded y,uvDC,uvAC intra: 89.4% 74.7% 12.0% inter: 32.8% 18.4% 0.2%
[libx264 @ 0x603f76480380] i16 v,h,dc,p:  9% 36% 17% 39%
[libx264 @ 0x603f76480380] i8 v,h,dc,ddl,ddr,vr,hd,vl,hu: 12% 25% 16%  5%  7%  6% 11%  7% 11%
[libx264 @ 0x603f76480380] i4 v,h,dc,ddl,ddr,vr,hd,vl,hu: 13% 23% 14%  6%  8%  7% 12%  6% 11%
[libx264 @ 0x603f76480380] i8c dc,h,v,p: 48% 27% 16%  9%
[libx264 @ 0x603f76480380] Weighted P-Frames: Y:27.9% UV:4.7%
[libx264 @ 0x603f76480380] ref P L0: 44.6% 22.9% 20.7% 10.1%  1.8%
[libx264 @ 0x603f76480380] ref B L0: 83.9% 12.0%  4.1%
[libx264 @ 0x603f76480380] ref B L1: 98.8%  1.2%
[libx264 @ 0x603f76480380] kb/s:1908.96
[rank0]:[W310 23:02:03.350111356 ProcessGroupNCCL.cpp:4115] [PG ID 0 PG GUID 0 Rank 0]  using GPU 0 to perform barrier as devices used by this process are currently unknown. This can potentially cause a hang if this rank to GPU mapping is incorrect.Specify device_ids in barrier() to force use of a particular device,or call init_process_group() with a device_id.
/home/suraj/miniforge3/envs/qvg_sf_eval/lib/python3.10/site-packages/clip/clip.py:6: UserWarning: pkg_resources is deprecated as an API. See https://setuptools.pypa.io/en/latest/pkg_resources.html. The pkg_resources package is slated for removal as early as 2025-11-30. Refrain from using this package or pin to Setuptools<81.
  from pkg_resources import packaging
/home/suraj/miniforge3/envs/qvg_sf_eval/lib/python3.10/site-packages/timm/models/layers/__init__.py:48: FutureWarning: Importing from timm.models.layers is deprecated, please import via timm.layers
  warnings.warn(f"Importing from {__name__} is deprecated, please import via timm.layers", FutureWarning)
/home/suraj/miniforge3/envs/qvg_sf_eval/lib/python3.10/site-packages/pyiqa/archs/arch_util.py:118: FutureWarning: You are using `torch.load` with `weights_only=False` (the current default value), which uses the default pickle module implicitly. It is possible to construct malicious pickle data which will execute arbitrary code during unpickling (See https://github.com/pytorch/pytorch/blob/main/SECURITY.md#untrusted-models for more details). In a future release, the default value for `weights_only` will be flipped to `True`. This limits the functions that could be executed during unpickling. Arbitrary objects will no longer be allowed to be loaded via this mode unless they are explicitly allowlisted by the user via `torch.serialization.add_safe_globals`. We recommend you start setting `weights_only=True` for any use case where you don't have full control of the loaded file. Please open an issue on GitHub for any issues related to this experimental feature.
  state_dict = torch.load(model_path, map_location=torch.device("cpu"))
args: Namespace(output_path='/data/vaishak/combined-kv-quant/results/combined/backfills/drift/moviegen/63486d5408b1877c_FLOWCACHE_HYBRID_INT2/vbench_FLOWCACHE_HYBRID_INT2_165', full_json_dir='/data/vaishak/combined-kv-quant/third_party/VBench/vbench/VBench_full_info.json', videos_path='/data/vaishak/combined-kv-quant/results/combined/backfills/drift/moviegen/63486d5408b1877c_FLOWCACHE_HYBRID_INT2/FLOWCACHE_HYBRID_INT2_frames_165', dimension=['imaging_quality'], load_ckpt_from_local=None, read_frame=None, mode='custom_input', prompt='None', prompt_file='/data/vaishak/combined-kv-quant/results/combined/backfills/drift/moviegen/63486d5408b1877c_FLOWCACHE_HYBRID_INT2/prompt_map_165.json', category=None, imaging_quality_preprocessing_mode='longer')
start evaluation
Evaluation meta data saved to /data/vaishak/combined-kv-quant/results/combined/backfills/drift/moviegen/63486d5408b1877c_FLOWCACHE_HYBRID_INT2/vbench_FLOWCACHE_HYBRID_INT2_165/results_2026-03-10-23:02:02_full_info.json
cur_full_info_path: /data/vaishak/combined-kv-quant/results/combined/backfills/drift/moviegen/63486d5408b1877c_FLOWCACHE_HYBRID_INT2/vbench_FLOWCACHE_HYBRID_INT2_165/results_2026-03-10-23:02:02_full_info.json
Loading pretrained model MUSIQ from /home/vaishak/.cache/vbench/pyiqa_model/musiq_spaq_ckpt-358bb6af.pth
  0%|          | 0/10 [00:00<?, ?it/s] 10%|█         | 1/10 [00:04<00:37,  4.11s/it] 20%|██        | 2/10 [00:07<00:27,  3.43s/it] 30%|███       | 3/10 [00:09<00:22,  3.18s/it] 40%|████      | 4/10 [00:13<00:18,  3.16s/it] 50%|█████     | 5/10 [00:16<00:16,  3.25s/it] 60%|██████    | 6/10 [00:21<00:15,  3.91s/it] 70%|███████   | 7/10 [00:29<00:15,  5.09s/it] 80%|████████  | 8/10 [00:36<00:11,  5.77s/it] 90%|█████████ | 9/10 [00:43<00:06,  6.16s/it]100%|██████████| 10/10 [00:50<00:00,  6.36s/it]100%|██████████| 10/10 [00:50<00:00,  5.03s/it]
Evaluation results saved to /data/vaishak/combined-kv-quant/results/combined/backfills/drift/moviegen/63486d5408b1877c_FLOWCACHE_HYBRID_INT2/vbench_FLOWCACHE_HYBRID_INT2_165/results_2026-03-10-23:02:02_eval_results.json
done
[rank0]:[W310 23:02:56.308321049 ProcessGroupNCCL.cpp:1250] Warning: WARNING: process group has NOT been destroyed before we destruct ProcessGroupNCCL. On normal program exit, the application should call destroy_process_group to ensure that any pending NCCL operations have finished in this process. In rare cases this process can exit before this point and block the progress of another member of the process group. This constraint has always been present,  but this warning has only been added since PyTorch 2.4 (function operator())
{
  "method": "FLOWCACHE_HYBRID_INT2",
  "frame_step": 165,
  "max_frames": 165,
  "curve": [
    {
      "frame_cap": 165,
      "imaging_quality": [
        0.6115888924223004,
        [
          {
            "video_path": "/data/vaishak/combined-kv-quant/results/combined/backfills/drift/moviegen/63486d5408b1877c_FLOWCACHE_HYBRID_INT2/FLOWCACHE_HYBRID_INT2_frames_165/prompt_0007_seed_7.mp4",
            "video_results": 69.0060143441865
          },
          {
            "video_path": "/data/vaishak/combined-kv-quant/results/combined/backfills/drift/moviegen/63486d5408b1877c_FLOWCACHE_HYBRID_INT2/FLOWCACHE_HYBRID_INT2_frames_165/prompt_0006_seed_6.mp4",
            "video_results": 50.870691946781044
          },
          {
            "video_path": "/data/vaishak/combined-kv-quant/results/combined/backfills/drift/moviegen/63486d5408b1877c_FLOWCACHE_HYBRID_INT2/FLOWCACHE_HYBRID_INT2_frames_165/prompt_0004_seed_4.mp4",
            "video_results": 56.537129350142045
          },
          {
            "video_path": "/data/vaishak/combined-kv-quant/results/combined/backfills/drift/moviegen/63486d5408b1877c_FLOWCACHE_HYBRID_INT2/FLOWCACHE_HYBRID_INT2_frames_165/prompt_0003_seed_3.mp4",
            "video_results": 62.02419731833718
          },
          {
            "video_path": "/data/vaishak/combined-kv-quant/results/combined/backfills/drift/moviegen/63486d5408b1877c_FLOWCACHE_HYBRID_INT2/FLOWCACHE_HYBRID_INT2_frames_165/prompt_0005_seed_5.mp4",
            "video_results": 66.59438317038796
          },
          {
            "video_path": "/data/vaishak/combined-kv-quant/results/combined/backfills/drift/moviegen/63486d5408b1877c_FLOWCACHE_HYBRID_INT2/FLOWCACHE_HYBRID_INT2_frames_165/prompt_0002_seed_2.mp4",
            "video_results": 65.95508614742394
          },
          {
            "video_path": "/data/vaishak/combined-kv-quant/results/combined/backfills/drift/moviegen/63486d5408b1877c_FLOWCACHE_HYBRID_INT2/FLOWCACHE_HYBRID_INT2_frames_165/prompt_0001_seed_1.mp4",
            "video_results": 66.24927326549184
          },
          {
            "video_path": "/data/vaishak/combined-kv-quant/results/combined/backfills/drift/moviegen/63486d5408b1877c_FLOWCACHE_HYBRID_INT2/FLOWCACHE_HYBRID_INT2_frames_165/prompt_0009_seed_9.mp4",
            "video_results": 66.27174812085701
          },
          {
            "video_path": "/data/vaishak/combined-kv-quant/results/combined/backfills/drift/moviegen/63486d5408b1877c_FLOWCACHE_HYBRID_INT2/FLOWCACHE_HYBRID_INT2_frames_165/prompt_0008_seed_8.mp4",
            "video_results": 62.7937436652906
          },
          {
            "video_path": "/data/vaishak/combined-kv-quant/results/combined/backfills/drift/moviegen/63486d5408b1877c_FLOWCACHE_HYBRID_INT2/FLOWCACHE_HYBRID_INT2_frames_165/prompt_0000_seed_0.mp4",
            "video_results": 45.286625093402286
          }
        ]
      ]
    }
  ]
}
ffmpeg version 6.1.1-3ubuntu5 Copyright (c) 2000-2023 the FFmpeg developers
  built with gcc 13 (Ubuntu 13.2.0-23ubuntu3)
  configuration: --prefix=/usr --extra-version=3ubuntu5 --toolchain=hardened --libdir=/usr/lib/x86_64-linux-gnu --incdir=/usr/include/x86_64-linux-gnu --arch=amd64 --enable-gpl --disable-stripping --disable-omx --enable-gnutls --enable-libaom --enable-libass --enable-libbs2b --enable-libcaca --enable-libcdio --enable-libcodec2 --enable-libdav1d --enable-libflite --enable-libfontconfig --enable-libfreetype --enable-libfribidi --enable-libglslang --enable-libgme --enable-libgsm --enable-libharfbuzz --enable-libmp3lame --enable-libmysofa --enable-libopenjpeg --enable-libopenmpt --enable-libopus --enable-librubberband --enable-libshine --enable-libsnappy --enable-libsoxr --enable-libspeex --enable-libtheora --enable-libtwolame --enable-libvidstab --enable-libvorbis --enable-libvpx --enable-libwebp --enable-libx265 --enable-libxml2 --enable-libxvid --enable-libzimg --enable-openal --enable-opencl --enable-opengl --disable-sndio --enable-libvpl --disable-libmfx --enable-libdc1394 --enable-libdrm --enable-libiec61883 --enable-chromaprint --enable-frei0r --enable-ladspa --enable-libbluray --enable-libjack --enable-libpulse --enable-librabbitmq --enable-librist --enable-libsrt --enable-libssh --enable-libsvtav1 --enable-libx264 --enable-libzmq --enable-libzvbi --enable-lv2 --enable-sdl2 --enable-libplacebo --enable-librav1e --enable-pocketsphinx --enable-librsvg --enable-libjxl --enable-shared
  libavutil      58. 29.100 / 58. 29.100
  libavcodec     60. 31.102 / 60. 31.102
  libavformat    60. 16.100 / 60. 16.100
  libavdevice    60.  3.100 / 60.  3.100
  libavfilter     9. 12.100 /  9. 12.100
  libswscale      7.  5.100 /  7.  5.100
  libswresample   4. 12.100 /  4. 12.100
  libpostproc    57.  3.100 / 57.  3.100
Input #0, mov,mp4,m4a,3gp,3g2,mj2, from '/data/vaishak/combined-kv-quant/results/runs/backfill_flowcache_native_7743d4e12ea8_10s/videos/FLOWCACHE_NATIVE/prompt_0000_seed_0.mp4':
  Metadata:
    major_brand     : isom
    minor_version   : 512
    compatible_brands: isomiso2avc1mp41
    encoder         : Lavf61.1.100
  Duration: 00:00:10.31, start: 0.000000, bitrate: 1037 kb/s
  Stream #0:0[0x1](und): Video: h264 (High) (avc1 / 0x31637661), yuv420p(progressive), 832x480, 1035 kb/s, 16 fps, 16 tbr, 16384 tbn (default)
    Metadata:
      handler_name    : VideoHandler
      vendor_id       : [0][0][0][0]
Stream mapping:
  Stream #0:0 -> #0:0 (h264 (native) -> h264 (libx264))
Press [q] to stop, [?] for help
[libx264 @ 0x5624cb1cfa00] using cpu capabilities: MMX2 SSE2Fast SSSE3 SSE4.2 AVX FMA3 BMI2 AVX2
[libx264 @ 0x5624cb1cfa00] profile High, level 3.0, 4:2:0, 8-bit
[libx264 @ 0x5624cb1cfa00] 264 - core 164 r3108 31e19f9 - H.264/MPEG-4 AVC codec - Copyleft 2003-2023 - http://www.videolan.org/x264.html - options: cabac=1 ref=3 deblock=1:0:0 analyse=0x3:0x113 me=hex subme=7 psy=1 psy_rd=1.00:0.00 mixed_ref=1 me_range=16 chroma_me=1 trellis=1 8x8dct=1 cqm=0 deadzone=21,11 fast_pskip=1 chroma_qp_offset=-2 threads=15 lookahead_threads=2 sliced_threads=0 nr=0 decimate=1 interlaced=0 bluray_compat=0 constrained_intra=0 bframes=3 b_pyramid=2 b_adapt=1 b_bias=0 direct=1 weightb=1 open_gop=0 weightp=2 keyint=250 keyint_min=16 scenecut=40 intra_refresh=0 rc_lookahead=40 rc=crf mbtree=1 crf=23.0 qcomp=0.60 qpmin=0 qpmax=69 qpstep=4 ip_ratio=1.40 aq=1:1.00
Output #0, mp4, to '/data/vaishak/combined-kv-quant/results/combined/backfills/drift/moviegen/cbb131629259b872_FLOWCACHE_NATIVE/FLOWCACHE_NATIVE_frames_165/prompt_0000_seed_0.mp4':
  Metadata:
    major_brand     : isom
    minor_version   : 512
    compatible_brands: isomiso2avc1mp41
    encoder         : Lavf60.16.100
  Stream #0:0(und): Video: h264 (avc1 / 0x31637661), yuv420p(progressive), 832x480, q=2-31, 16 fps, 16384 tbn (default)
    Metadata:
      handler_name    : VideoHandler
      vendor_id       : [0][0][0][0]
      encoder         : Lavc60.31.102 libx264
    Side data:
      cpb: bitrate max/min/avg: 0/0/0 buffer size: 0 vbv_delay: N/A
frame=    0 fps=0.0 q=0.0 size=       0kB time=N/A bitrate=N/A speed=N/A    frame=   87 fps=0.0 q=27.0 size=     768kB time=00:00:05.31 bitrate=1184.3kbits/s speed= 9.8x    [out#0/mp4 @ 0x5624cb143000] video:1643kB audio:0kB subtitle:0kB other streams:0kB global headers:0kB muxing overhead: 0.169251%
frame=  165 fps=0.0 q=-1.0 Lsize=    1645kB time=00:00:10.12 bitrate=1331.3kbits/s speed=12.8x    
[libx264 @ 0x5624cb1cfa00] frame I:1     Avg QP:23.81  size: 64161
[libx264 @ 0x5624cb1cfa00] frame P:43    Avg QP:24.56  size: 21592
[libx264 @ 0x5624cb1cfa00] frame B:121   Avg QP:28.26  size:  5693
[libx264 @ 0x5624cb1cfa00] consecutive B-frames:  1.2%  2.4%  1.8% 94.5%
[libx264 @ 0x5624cb1cfa00] mb I  I16..4:  1.4% 62.4% 36.2%
[libx264 @ 0x5624cb1cfa00] mb P  I16..4:  3.3% 15.7%  4.2%  P16..4: 33.5% 27.2% 13.3%  0.0%  0.0%    skip: 2.7%
[libx264 @ 0x5624cb1cfa00] mb B  I16..4:  0.4%  1.4%  0.4%  B16..8: 47.2% 12.7%  3.0%  direct: 3.1%  skip:31.9%  L0:31.2% L1:56.1% BI:12.7%
[libx264 @ 0x5624cb1cfa00] 8x8 transform intra:66.5% inter:68.8%
[libx264 @ 0x5624cb1cfa00] coded y,uvDC,uvAC intra: 65.0% 89.6% 60.1% inter: 22.9% 30.3% 5.9%
[libx264 @ 0x5624cb1cfa00] i16 v,h,dc,p: 39% 26% 11% 24%
[libx264 @ 0x5624cb1cfa00] i8 v,h,dc,ddl,ddr,vr,hd,vl,hu: 28% 18% 17%  5%  5%  7%  5%  7%  8%
[libx264 @ 0x5624cb1cfa00] i4 v,h,dc,ddl,ddr,vr,hd,vl,hu: 33% 16% 17%  5%  5%  7%  6%  6%  5%
[libx264 @ 0x5624cb1cfa00] i8c dc,h,v,p: 39% 17% 32% 12%
[libx264 @ 0x5624cb1cfa00] Weighted P-Frames: Y:16.3% UV:16.3%
[libx264 @ 0x5624cb1cfa00] ref P L0: 51.8% 22.6% 16.8%  7.5%  1.3%
[libx264 @ 0x5624cb1cfa00] ref B L0: 92.6%  5.6%  1.8%
[libx264 @ 0x5624cb1cfa00] ref B L1: 98.5%  1.5%
[libx264 @ 0x5624cb1cfa00] kb/s:1304.38
ffmpeg version 6.1.1-3ubuntu5 Copyright (c) 2000-2023 the FFmpeg developers
  built with gcc 13 (Ubuntu 13.2.0-23ubuntu3)
  configuration: --prefix=/usr --extra-version=3ubuntu5 --toolchain=hardened --libdir=/usr/lib/x86_64-linux-gnu --incdir=/usr/include/x86_64-linux-gnu --arch=amd64 --enable-gpl --disable-stripping --disable-omx --enable-gnutls --enable-libaom --enable-libass --enable-libbs2b --enable-libcaca --enable-libcdio --enable-libcodec2 --enable-libdav1d --enable-libflite --enable-libfontconfig --enable-libfreetype --enable-libfribidi --enable-libglslang --enable-libgme --enable-libgsm --enable-libharfbuzz --enable-libmp3lame --enable-libmysofa --enable-libopenjpeg --enable-libopenmpt --enable-libopus --enable-librubberband --enable-libshine --enable-libsnappy --enable-libsoxr --enable-libspeex --enable-libtheora --enable-libtwolame --enable-libvidstab --enable-libvorbis --enable-libvpx --enable-libwebp --enable-libx265 --enable-libxml2 --enable-libxvid --enable-libzimg --enable-openal --enable-opencl --enable-opengl --disable-sndio --enable-libvpl --disable-libmfx --enable-libdc1394 --enable-libdrm --enable-libiec61883 --enable-chromaprint --enable-frei0r --enable-ladspa --enable-libbluray --enable-libjack --enable-libpulse --enable-librabbitmq --enable-librist --enable-libsrt --enable-libssh --enable-libsvtav1 --enable-libx264 --enable-libzmq --enable-libzvbi --enable-lv2 --enable-sdl2 --enable-libplacebo --enable-librav1e --enable-pocketsphinx --enable-librsvg --enable-libjxl --enable-shared
  libavutil      58. 29.100 / 58. 29.100
  libavcodec     60. 31.102 / 60. 31.102
  libavformat    60. 16.100 / 60. 16.100
  libavdevice    60.  3.100 / 60.  3.100
  libavfilter     9. 12.100 /  9. 12.100
  libswscale      7.  5.100 /  7.  5.100
  libswresample   4. 12.100 /  4. 12.100
  libpostproc    57.  3.100 / 57.  3.100
Input #0, mov,mp4,m4a,3gp,3g2,mj2, from '/data/vaishak/combined-kv-quant/results/runs/backfill_flowcache_native_7743d4e12ea8_10s/videos/FLOWCACHE_NATIVE/prompt_0001_seed_1.mp4':
  Metadata:
    major_brand     : isom
    minor_version   : 512
    compatible_brands: isomiso2avc1mp41
    encoder         : Lavf61.1.100
  Duration: 00:00:10.31, start: 0.000000, bitrate: 925 kb/s
  Stream #0:0[0x1](und): Video: h264 (High) (avc1 / 0x31637661), yuv420p(progressive), 832x480, 923 kb/s, 16 fps, 16 tbr, 16384 tbn (default)
    Metadata:
      handler_name    : VideoHandler
      vendor_id       : [0][0][0][0]
Stream mapping:
  Stream #0:0 -> #0:0 (h264 (native) -> h264 (libx264))
Press [q] to stop, [?] for help
[libx264 @ 0x5a64efad6180] using cpu capabilities: MMX2 SSE2Fast SSSE3 SSE4.2 AVX FMA3 BMI2 AVX2
[libx264 @ 0x5a64efad6180] profile High, level 3.0, 4:2:0, 8-bit
[libx264 @ 0x5a64efad6180] 264 - core 164 r3108 31e19f9 - H.264/MPEG-4 AVC codec - Copyleft 2003-2023 - http://www.videolan.org/x264.html - options: cabac=1 ref=3 deblock=1:0:0 analyse=0x3:0x113 me=hex subme=7 psy=1 psy_rd=1.00:0.00 mixed_ref=1 me_range=16 chroma_me=1 trellis=1 8x8dct=1 cqm=0 deadzone=21,11 fast_pskip=1 chroma_qp_offset=-2 threads=15 lookahead_threads=2 sliced_threads=0 nr=0 decimate=1 interlaced=0 bluray_compat=0 constrained_intra=0 bframes=3 b_pyramid=2 b_adapt=1 b_bias=0 direct=1 weightb=1 open_gop=0 weightp=2 keyint=250 keyint_min=16 scenecut=40 intra_refresh=0 rc_lookahead=40 rc=crf mbtree=1 crf=23.0 qcomp=0.60 qpmin=0 qpmax=69 qpstep=4 ip_ratio=1.40 aq=1:1.00
Output #0, mp4, to '/data/vaishak/combined-kv-quant/results/combined/backfills/drift/moviegen/cbb131629259b872_FLOWCACHE_NATIVE/FLOWCACHE_NATIVE_frames_165/prompt_0001_seed_1.mp4':
  Metadata:
    major_brand     : isom
    minor_version   : 512
    compatible_brands: isomiso2avc1mp41
    encoder         : Lavf60.16.100
  Stream #0:0(und): Video: h264 (avc1 / 0x31637661), yuv420p(progressive), 832x480, q=2-31, 16 fps, 16384 tbn (default)
    Metadata:
      handler_name    : VideoHandler
      vendor_id       : [0][0][0][0]
      encoder         : Lavc60.31.102 libx264
    Side data:
      cpb: bitrate max/min/avg: 0/0/0 buffer size: 0 vbv_delay: N/A
frame=    0 fps=0.0 q=0.0 size=       0kB time=N/A bitrate=N/A speed=N/A    [out#0/mp4 @ 0x5a64efa49000] video:1438kB audio:0kB subtitle:0kB other streams:0kB global headers:0kB muxing overhead: 0.193404%
frame=  165 fps=0.0 q=-1.0 Lsize=    1440kB time=00:00:10.12 bitrate=1165.3kbits/s speed=15.5x    
[libx264 @ 0x5a64efad6180] frame I:1     Avg QP:22.31  size: 66189
[libx264 @ 0x5a64efad6180] frame P:42    Avg QP:22.05  size: 25269
[libx264 @ 0x5a64efad6180] frame B:122   Avg QP:27.01  size:  2818
[libx264 @ 0x5a64efad6180] consecutive B-frames:  1.2%  0.0%  1.8% 97.0%
[libx264 @ 0x5a64efad6180] mb I  I16..4:  0.6% 70.1% 29.2%
[libx264 @ 0x5a64efad6180] mb P  I16..4:  0.5%  2.5%  0.5%  P16..4: 38.5% 30.5% 19.6%  0.0%  0.0%    skip: 8.0%
[libx264 @ 0x5a64efad6180] mb B  I16..4:  0.0%  0.0%  0.0%  B16..8: 49.9%  5.8%  1.7%  direct: 1.6%  skip:41.0%  L0:38.8% L1:49.6% BI:11.6%
[libx264 @ 0x5a64efad6180] 8x8 transform intra:71.2% inter:60.3%
[libx264 @ 0x5a64efad6180] coded y,uvDC,uvAC intra: 71.2% 76.7% 47.0% inter: 20.3% 14.2% 0.5%
[libx264 @ 0x5a64efad6180] i16 v,h,dc,p: 27% 47% 14% 13%
[libx264 @ 0x5a64efad6180] i8 v,h,dc,ddl,ddr,vr,hd,vl,hu: 12% 29% 21%  4%  5%  5% 10%  5% 10%
[libx264 @ 0x5a64efad6180] i4 v,h,dc,ddl,ddr,vr,hd,vl,hu: 10% 23% 12%  7% 10%  8% 14%  6% 10%
[libx264 @ 0x5a64efad6180] i8c dc,h,v,p: 48% 33% 11%  8%
[libx264 @ 0x5a64efad6180] Weighted P-Frames: Y:11.9% UV:0.0%
[libx264 @ 0x5a64efad6180] ref P L0: 55.3% 28.2% 13.8%  2.5%  0.3%
[libx264 @ 0x5a64efad6180] ref B L0: 95.3%  4.2%  0.5%
[libx264 @ 0x5a64efad6180] ref B L1: 99.1%  0.9%
[libx264 @ 0x5a64efad6180] kb/s:1141.41
ffmpeg version 6.1.1-3ubuntu5 Copyright (c) 2000-2023 the FFmpeg developers
  built with gcc 13 (Ubuntu 13.2.0-23ubuntu3)
  configuration: --prefix=/usr --extra-version=3ubuntu5 --toolchain=hardened --libdir=/usr/lib/x86_64-linux-gnu --incdir=/usr/include/x86_64-linux-gnu --arch=amd64 --enable-gpl --disable-stripping --disable-omx --enable-gnutls --enable-libaom --enable-libass --enable-libbs2b --enable-libcaca --enable-libcdio --enable-libcodec2 --enable-libdav1d --enable-libflite --enable-libfontconfig --enable-libfreetype --enable-libfribidi --enable-libglslang --enable-libgme --enable-libgsm --enable-libharfbuzz --enable-libmp3lame --enable-libmysofa --enable-libopenjpeg --enable-libopenmpt --enable-libopus --enable-librubberband --enable-libshine --enable-libsnappy --enable-libsoxr --enable-libspeex --enable-libtheora --enable-libtwolame --enable-libvidstab --enable-libvorbis --enable-libvpx --enable-libwebp --enable-libx265 --enable-libxml2 --enable-libxvid --enable-libzimg --enable-openal --enable-opencl --enable-opengl --disable-sndio --enable-libvpl --disable-libmfx --enable-libdc1394 --enable-libdrm --enable-libiec61883 --enable-chromaprint --enable-frei0r --enable-ladspa --enable-libbluray --enable-libjack --enable-libpulse --enable-librabbitmq --enable-librist --enable-libsrt --enable-libssh --enable-libsvtav1 --enable-libx264 --enable-libzmq --enable-libzvbi --enable-lv2 --enable-sdl2 --enable-libplacebo --enable-librav1e --enable-pocketsphinx --enable-librsvg --enable-libjxl --enable-shared
  libavutil      58. 29.100 / 58. 29.100
  libavcodec     60. 31.102 / 60. 31.102
  libavformat    60. 16.100 / 60. 16.100
  libavdevice    60.  3.100 / 60.  3.100
  libavfilter     9. 12.100 /  9. 12.100
  libswscale      7.  5.100 /  7.  5.100
  libswresample   4. 12.100 /  4. 12.100
  libpostproc    57.  3.100 / 57.  3.100
Input #0, mov,mp4,m4a,3gp,3g2,mj2, from '/data/vaishak/combined-kv-quant/results/runs/backfill_flowcache_native_7743d4e12ea8_10s/videos/FLOWCACHE_NATIVE/prompt_0002_seed_2.mp4':
  Metadata:
    major_brand     : isom
    minor_version   : 512
    compatible_brands: isomiso2avc1mp41
    encoder         : Lavf61.1.100
  Duration: 00:00:10.31, start: 0.000000, bitrate: 972 kb/s
  Stream #0:0[0x1](und): Video: h264 (High) (avc1 / 0x31637661), yuv420p(progressive), 832x480, 970 kb/s, 16 fps, 16 tbr, 16384 tbn (default)
    Metadata:
      handler_name    : VideoHandler
      vendor_id       : [0][0][0][0]
Stream mapping:
  Stream #0:0 -> #0:0 (h264 (native) -> h264 (libx264))
Press [q] to stop, [?] for help
[libx264 @ 0x5f87b5d3ef40] using cpu capabilities: MMX2 SSE2Fast SSSE3 SSE4.2 AVX FMA3 BMI2 AVX2
[libx264 @ 0x5f87b5d3ef40] profile High, level 3.0, 4:2:0, 8-bit
[libx264 @ 0x5f87b5d3ef40] 264 - core 164 r3108 31e19f9 - H.264/MPEG-4 AVC codec - Copyleft 2003-2023 - http://www.videolan.org/x264.html - options: cabac=1 ref=3 deblock=1:0:0 analyse=0x3:0x113 me=hex subme=7 psy=1 psy_rd=1.00:0.00 mixed_ref=1 me_range=16 chroma_me=1 trellis=1 8x8dct=1 cqm=0 deadzone=21,11 fast_pskip=1 chroma_qp_offset=-2 threads=15 lookahead_threads=2 sliced_threads=0 nr=0 decimate=1 interlaced=0 bluray_compat=0 constrained_intra=0 bframes=3 b_pyramid=2 b_adapt=1 b_bias=0 direct=1 weightb=1 open_gop=0 weightp=2 keyint=250 keyint_min=16 scenecut=40 intra_refresh=0 rc_lookahead=40 rc=crf mbtree=1 crf=23.0 qcomp=0.60 qpmin=0 qpmax=69 qpstep=4 ip_ratio=1.40 aq=1:1.00
Output #0, mp4, to '/data/vaishak/combined-kv-quant/results/combined/backfills/drift/moviegen/cbb131629259b872_FLOWCACHE_NATIVE/FLOWCACHE_NATIVE_frames_165/prompt_0002_seed_2.mp4':
  Metadata:
    major_brand     : isom
    minor_version   : 512
    compatible_brands: isomiso2avc1mp41
    encoder         : Lavf60.16.100
  Stream #0:0(und): Video: h264 (avc1 / 0x31637661), yuv420p(progressive), 832x480, q=2-31, 16 fps, 16384 tbn (default)
    Metadata:
      handler_name    : VideoHandler
      vendor_id       : [0][0][0][0]
      encoder         : Lavc60.31.102 libx264
    Side data:
      cpb: bitrate max/min/avg: 0/0/0 buffer size: 0 vbv_delay: N/A
frame=    0 fps=0.0 q=0.0 size=       0kB time=N/A bitrate=N/A speed=N/A    [out#0/mp4 @ 0x5f87b5cbe000] video:1130kB audio:0kB subtitle:0kB other streams:0kB global headers:0kB muxing overhead: 0.244019%
frame=  165 fps=0.0 q=-1.0 Lsize=    1133kB time=00:00:10.12 bitrate= 916.3kbits/s speed=14.8x    
[libx264 @ 0x5f87b5d3ef40] frame I:1     Avg QP:21.92  size: 26216
[libx264 @ 0x5f87b5d3ef40] frame P:42    Avg QP:21.55  size: 15051
[libx264 @ 0x5f87b5d3ef40] frame B:122   Avg QP:25.74  size:  4081
[libx264 @ 0x5f87b5d3ef40] consecutive B-frames:  0.6%  0.0%  7.3% 92.1%
[libx264 @ 0x5f87b5d3ef40] mb I  I16..4: 39.7% 40.8% 19.5%
[libx264 @ 0x5f87b5d3ef40] mb P  I16..4:  4.8%  3.6%  0.9%  P16..4: 46.8% 20.0% 11.1%  0.0%  0.0%    skip:12.7%
[libx264 @ 0x5f87b5d3ef40] mb B  I16..4:  0.1%  0.1%  0.1%  B16..8: 40.6%  8.1%  2.3%  direct: 2.2%  skip:46.4%  L0:40.4% L1:48.0% BI:11.6%
[libx264 @ 0x5f87b5d3ef40] 8x8 transform intra:39.7% inter:66.8%
[libx264 @ 0x5f87b5d3ef40] coded y,uvDC,uvAC intra: 33.6% 66.4% 26.2% inter: 16.0% 25.5% 5.7%
[libx264 @ 0x5f87b5d3ef40] i16 v,h,dc,p:  6% 49%  3% 42%
[libx264 @ 0x5f87b5d3ef40] i8 v,h,dc,ddl,ddr,vr,hd,vl,hu: 11% 31% 30%  3%  4%  5%  5%  4%  6%
[libx264 @ 0x5f87b5d3ef40] i4 v,h,dc,ddl,ddr,vr,hd,vl,hu: 17% 20% 15%  6%  9% 11%  9%  6%  6%
[libx264 @ 0x5f87b5d3ef40] i8c dc,h,v,p: 37% 45%  9%  9%
[libx264 @ 0x5f87b5d3ef40] Weighted P-Frames: Y:19.0% UV:4.8%
[libx264 @ 0x5f87b5d3ef40] ref P L0: 59.3% 16.6% 15.9%  6.9%  1.3%
[libx264 @ 0x5f87b5d3ef40] ref B L0: 93.0%  6.1%  0.9%
[libx264 @ 0x5f87b5d3ef40] ref B L1: 98.3%  1.7%
[libx264 @ 0x5f87b5d3ef40] kb/s:896.92
ffmpeg version 6.1.1-3ubuntu5 Copyright (c) 2000-2023 the FFmpeg developers
  built with gcc 13 (Ubuntu 13.2.0-23ubuntu3)
  configuration: --prefix=/usr --extra-version=3ubuntu5 --toolchain=hardened --libdir=/usr/lib/x86_64-linux-gnu --incdir=/usr/include/x86_64-linux-gnu --arch=amd64 --enable-gpl --disable-stripping --disable-omx --enable-gnutls --enable-libaom --enable-libass --enable-libbs2b --enable-libcaca --enable-libcdio --enable-libcodec2 --enable-libdav1d --enable-libflite --enable-libfontconfig --enable-libfreetype --enable-libfribidi --enable-libglslang --enable-libgme --enable-libgsm --enable-libharfbuzz --enable-libmp3lame --enable-libmysofa --enable-libopenjpeg --enable-libopenmpt --enable-libopus --enable-librubberband --enable-libshine --enable-libsnappy --enable-libsoxr --enable-libspeex --enable-libtheora --enable-libtwolame --enable-libvidstab --enable-libvorbis --enable-libvpx --enable-libwebp --enable-libx265 --enable-libxml2 --enable-libxvid --enable-libzimg --enable-openal --enable-opencl --enable-opengl --disable-sndio --enable-libvpl --disable-libmfx --enable-libdc1394 --enable-libdrm --enable-libiec61883 --enable-chromaprint --enable-frei0r --enable-ladspa --enable-libbluray --enable-libjack --enable-libpulse --enable-librabbitmq --enable-librist --enable-libsrt --enable-libssh --enable-libsvtav1 --enable-libx264 --enable-libzmq --enable-libzvbi --enable-lv2 --enable-sdl2 --enable-libplacebo --enable-librav1e --enable-pocketsphinx --enable-librsvg --enable-libjxl --enable-shared
  libavutil      58. 29.100 / 58. 29.100
  libavcodec     60. 31.102 / 60. 31.102
  libavformat    60. 16.100 / 60. 16.100
  libavdevice    60.  3.100 / 60.  3.100
  libavfilter     9. 12.100 /  9. 12.100
  libswscale      7.  5.100 /  7.  5.100
  libswresample   4. 12.100 /  4. 12.100
  libpostproc    57.  3.100 / 57.  3.100
Input #0, mov,mp4,m4a,3gp,3g2,mj2, from '/data/vaishak/combined-kv-quant/results/runs/backfill_flowcache_native_7743d4e12ea8_10s/videos/FLOWCACHE_NATIVE/prompt_0003_seed_3.mp4':
  Metadata:
    major_brand     : isom
    minor_version   : 512
    compatible_brands: isomiso2avc1mp41
    encoder         : Lavf61.1.100
  Duration: 00:00:10.31, start: 0.000000, bitrate: 973 kb/s
  Stream #0:0[0x1](und): Video: h264 (High) (avc1 / 0x31637661), yuv420p(progressive), 832x480, 971 kb/s, 16 fps, 16 tbr, 16384 tbn (default)
    Metadata:
      handler_name    : VideoHandler
      vendor_id       : [0][0][0][0]
Stream mapping:
  Stream #0:0 -> #0:0 (h264 (native) -> h264 (libx264))
Press [q] to stop, [?] for help
[libx264 @ 0x5dcc288f5140] using cpu capabilities: MMX2 SSE2Fast SSSE3 SSE4.2 AVX FMA3 BMI2 AVX2
[libx264 @ 0x5dcc288f5140] profile High, level 3.0, 4:2:0, 8-bit
[libx264 @ 0x5dcc288f5140] 264 - core 164 r3108 31e19f9 - H.264/MPEG-4 AVC codec - Copyleft 2003-2023 - http://www.videolan.org/x264.html - options: cabac=1 ref=3 deblock=1:0:0 analyse=0x3:0x113 me=hex subme=7 psy=1 psy_rd=1.00:0.00 mixed_ref=1 me_range=16 chroma_me=1 trellis=1 8x8dct=1 cqm=0 deadzone=21,11 fast_pskip=1 chroma_qp_offset=-2 threads=15 lookahead_threads=2 sliced_threads=0 nr=0 decimate=1 interlaced=0 bluray_compat=0 constrained_intra=0 bframes=3 b_pyramid=2 b_adapt=1 b_bias=0 direct=1 weightb=1 open_gop=0 weightp=2 keyint=250 keyint_min=16 scenecut=40 intra_refresh=0 rc_lookahead=40 rc=crf mbtree=1 crf=23.0 qcomp=0.60 qpmin=0 qpmax=69 qpstep=4 ip_ratio=1.40 aq=1:1.00
Output #0, mp4, to '/data/vaishak/combined-kv-quant/results/combined/backfills/drift/moviegen/cbb131629259b872_FLOWCACHE_NATIVE/FLOWCACHE_NATIVE_frames_165/prompt_0003_seed_3.mp4':
  Metadata:
    major_brand     : isom
    minor_version   : 512
    compatible_brands: isomiso2avc1mp41
    encoder         : Lavf60.16.100
  Stream #0:0(und): Video: h264 (avc1 / 0x31637661), yuv420p(progressive), 832x480, q=2-31, 16 fps, 16384 tbn (default)
    Metadata:
      handler_name    : VideoHandler
      vendor_id       : [0][0][0][0]
      encoder         : Lavc60.31.102 libx264
    Side data:
      cpb: bitrate max/min/avg: 0/0/0 buffer size: 0 vbv_delay: N/A
frame=    0 fps=0.0 q=0.0 size=       0kB time=N/A bitrate=N/A speed=N/A    frame=   70 fps=0.0 q=27.0 size=     768kB time=00:00:04.25 bitrate=1480.4kbits/s speed=7.78x    [out#0/mp4 @ 0x5dcc288f4000] video:1907kB audio:0kB subtitle:0kB other streams:0kB global headers:0kB muxing overhead: 0.146183%
frame=  165 fps=0.0 q=-1.0 Lsize=    1910kB time=00:00:10.12 bitrate=1545.4kbits/s speed=10.7x    
[libx264 @ 0x5dcc288f5140] frame I:1     Avg QP:22.81  size: 68340
[libx264 @ 0x5dcc288f5140] frame P:41    Avg QP:23.63  size: 28689
[libx264 @ 0x5dcc288f5140] frame B:123   Avg QP:26.84  size:  5754
[libx264 @ 0x5dcc288f5140] consecutive B-frames:  0.6%  0.0%  0.0% 99.4%
[libx264 @ 0x5dcc288f5140] mb I  I16..4: 14.9% 46.9% 38.3%
[libx264 @ 0x5dcc288f5140] mb P  I16..4:  1.9%  9.6%  2.2%  P16..4: 37.1% 28.8% 15.9%  0.0%  0.0%    skip: 4.6%
[libx264 @ 0x5dcc288f5140] mb B  I16..4:  0.1%  0.3%  0.1%  B16..8: 51.3% 10.9%  3.1%  direct: 3.9%  skip:30.3%  L0:33.7% L1:53.0% BI:13.3%
[libx264 @ 0x5dcc288f5140] 8x8 transform intra:66.4% inter:62.6%
[libx264 @ 0x5dcc288f5140] coded y,uvDC,uvAC intra: 79.1% 91.0% 60.0% inter: 27.6% 29.2% 2.4%
[libx264 @ 0x5dcc288f5140] i16 v,h,dc,p:  2% 52%  3% 43%
[libx264 @ 0x5dcc288f5140] i8 v,h,dc,ddl,ddr,vr,hd,vl,hu:  8% 21% 11%  6% 10%  7% 18%  8% 10%
[libx264 @ 0x5dcc288f5140] i4 v,h,dc,ddl,ddr,vr,hd,vl,hu: 10% 21% 12%  7% 11%  7% 16%  6% 10%
[libx264 @ 0x5dcc288f5140] i8c dc,h,v,p: 39% 31% 13% 16%
[libx264 @ 0x5dcc288f5140] Weighted P-Frames: Y:43.9% UV:29.3%
[libx264 @ 0x5dcc288f5140] ref P L0: 47.0% 29.3% 16.8%  5.0%  1.9%
[libx264 @ 0x5dcc288f5140] ref B L0: 96.0%  3.2%  0.7%
[libx264 @ 0x5dcc288f5140] ref B L1: 98.6%  1.4%
[libx264 @ 0x5dcc288f5140] kb/s:1514.54
ffmpeg version 6.1.1-3ubuntu5 Copyright (c) 2000-2023 the FFmpeg developers
  built with gcc 13 (Ubuntu 13.2.0-23ubuntu3)
  configuration: --prefix=/usr --extra-version=3ubuntu5 --toolchain=hardened --libdir=/usr/lib/x86_64-linux-gnu --incdir=/usr/include/x86_64-linux-gnu --arch=amd64 --enable-gpl --disable-stripping --disable-omx --enable-gnutls --enable-libaom --enable-libass --enable-libbs2b --enable-libcaca --enable-libcdio --enable-libcodec2 --enable-libdav1d --enable-libflite --enable-libfontconfig --enable-libfreetype --enable-libfribidi --enable-libglslang --enable-libgme --enable-libgsm --enable-libharfbuzz --enable-libmp3lame --enable-libmysofa --enable-libopenjpeg --enable-libopenmpt --enable-libopus --enable-librubberband --enable-libshine --enable-libsnappy --enable-libsoxr --enable-libspeex --enable-libtheora --enable-libtwolame --enable-libvidstab --enable-libvorbis --enable-libvpx --enable-libwebp --enable-libx265 --enable-libxml2 --enable-libxvid --enable-libzimg --enable-openal --enable-opencl --enable-opengl --disable-sndio --enable-libvpl --disable-libmfx --enable-libdc1394 --enable-libdrm --enable-libiec61883 --enable-chromaprint --enable-frei0r --enable-ladspa --enable-libbluray --enable-libjack --enable-libpulse --enable-librabbitmq --enable-librist --enable-libsrt --enable-libssh --enable-libsvtav1 --enable-libx264 --enable-libzmq --enable-libzvbi --enable-lv2 --enable-sdl2 --enable-libplacebo --enable-librav1e --enable-pocketsphinx --enable-librsvg --enable-libjxl --enable-shared
  libavutil      58. 29.100 / 58. 29.100
  libavcodec     60. 31.102 / 60. 31.102
  libavformat    60. 16.100 / 60. 16.100
  libavdevice    60.  3.100 / 60.  3.100
  libavfilter     9. 12.100 /  9. 12.100
  libswscale      7.  5.100 /  7.  5.100
  libswresample   4. 12.100 /  4. 12.100
  libpostproc    57.  3.100 / 57.  3.100
Input #0, mov,mp4,m4a,3gp,3g2,mj2, from '/data/vaishak/combined-kv-quant/results/runs/backfill_flowcache_native_7743d4e12ea8_10s/videos/FLOWCACHE_NATIVE/prompt_0004_seed_4.mp4':
  Metadata:
    major_brand     : isom
    minor_version   : 512
    compatible_brands: isomiso2avc1mp41
    encoder         : Lavf61.1.100
  Duration: 00:00:10.31, start: 0.000000, bitrate: 964 kb/s
  Stream #0:0[0x1](und): Video: h264 (High) (avc1 / 0x31637661), yuv420p(progressive), 832x480, 962 kb/s, 16 fps, 16 tbr, 16384 tbn (default)
    Metadata:
      handler_name    : VideoHandler
      vendor_id       : [0][0][0][0]
Stream mapping:
  Stream #0:0 -> #0:0 (h264 (native) -> h264 (libx264))
Press [q] to stop, [?] for help
[libx264 @ 0x55583a9edb00] using cpu capabilities: MMX2 SSE2Fast SSSE3 SSE4.2 AVX FMA3 BMI2 AVX2
[libx264 @ 0x55583a9edb00] profile High, level 3.0, 4:2:0, 8-bit
[libx264 @ 0x55583a9edb00] 264 - core 164 r3108 31e19f9 - H.264/MPEG-4 AVC codec - Copyleft 2003-2023 - http://www.videolan.org/x264.html - options: cabac=1 ref=3 deblock=1:0:0 analyse=0x3:0x113 me=hex subme=7 psy=1 psy_rd=1.00:0.00 mixed_ref=1 me_range=16 chroma_me=1 trellis=1 8x8dct=1 cqm=0 deadzone=21,11 fast_pskip=1 chroma_qp_offset=-2 threads=15 lookahead_threads=2 sliced_threads=0 nr=0 decimate=1 interlaced=0 bluray_compat=0 constrained_intra=0 bframes=3 b_pyramid=2 b_adapt=1 b_bias=0 direct=1 weightb=1 open_gop=0 weightp=2 keyint=250 keyint_min=16 scenecut=40 intra_refresh=0 rc_lookahead=40 rc=crf mbtree=1 crf=23.0 qcomp=0.60 qpmin=0 qpmax=69 qpstep=4 ip_ratio=1.40 aq=1:1.00
Output #0, mp4, to '/data/vaishak/combined-kv-quant/results/combined/backfills/drift/moviegen/cbb131629259b872_FLOWCACHE_NATIVE/FLOWCACHE_NATIVE_frames_165/prompt_0004_seed_4.mp4':
  Metadata:
    major_brand     : isom
    minor_version   : 512
    compatible_brands: isomiso2avc1mp41
    encoder         : Lavf60.16.100
  Stream #0:0(und): Video: h264 (avc1 / 0x31637661), yuv420p(progressive), 832x480, q=2-31, 16 fps, 16384 tbn (default)
    Metadata:
      handler_name    : VideoHandler
      vendor_id       : [0][0][0][0]
      encoder         : Lavc60.31.102 libx264
    Side data:
      cpb: bitrate max/min/avg: 0/0/0 buffer size: 0 vbv_delay: N/A
frame=    0 fps=0.0 q=0.0 size=       0kB time=N/A bitrate=N/A speed=N/A    frame=   80 fps=0.0 q=27.0 size=     256kB time=00:00:04.87 bitrate= 430.3kbits/s speed=9.17x    [out#0/mp4 @ 0x55583a96c100] video:875kB audio:0kB subtitle:0kB other streams:0kB global headers:0kB muxing overhead: 0.316804%
frame=  165 fps=0.0 q=-1.0 Lsize=     878kB time=00:00:10.12 bitrate= 710.3kbits/s speed=  12x    
[libx264 @ 0x55583a9edb00] frame I:1     Avg QP:19.64  size: 37456
[libx264 @ 0x55583a9edb00] frame P:42    Avg QP:20.66  size: 13684
[libx264 @ 0x55583a9edb00] frame B:122   Avg QP:25.63  size:  2322
[libx264 @ 0x55583a9edb00] consecutive B-frames:  0.6%  2.4%  0.0% 97.0%
[libx264 @ 0x55583a9edb00] mb I  I16..4: 14.6% 67.5% 17.9%
[libx264 @ 0x55583a9edb00] mb P  I16..4:  1.2%  2.6%  0.6%  P16..4: 45.1% 22.2% 12.7%  0.0%  0.0%    skip:15.5%
[libx264 @ 0x55583a9edb00] mb B  I16..4:  0.1%  0.5%  0.1%  B16..8: 33.5%  5.9%  1.1%  direct: 1.1%  skip:57.6%  L0:45.3% L1:44.0% BI:10.7%
[libx264 @ 0x55583a9edb00] 8x8 transform intra:63.5% inter:69.9%
[libx264 @ 0x55583a9edb00] coded y,uvDC,uvAC intra: 49.8% 78.2% 55.4% inter: 13.3% 22.0% 2.8%
[libx264 @ 0x55583a9edb00] i16 v,h,dc,p: 44% 28%  6% 22%
[libx264 @ 0x55583a9edb00] i8 v,h,dc,ddl,ddr,vr,hd,vl,hu: 28% 15% 25%  4%  5%  6%  5%  7%  5%
[libx264 @ 0x55583a9edb00] i4 v,h,dc,ddl,ddr,vr,hd,vl,hu: 23% 15% 14%  6%  9%  9% 11%  8%  5%
[libx264 @ 0x55583a9edb00] i8c dc,h,v,p: 34% 21% 33% 12%
[libx264 @ 0x55583a9edb00] Weighted P-Frames: Y:26.2% UV:4.8%
[libx264 @ 0x55583a9edb00] ref P L0: 56.6% 17.3% 16.9%  7.5%  1.7%
[libx264 @ 0x55583a9edb00] ref B L0: 88.0%  9.8%  2.1%
[libx264 @ 0x55583a9edb00] ref B L1: 97.0%  3.0%
[libx264 @ 0x55583a9edb00] kb/s:694.65
ffmpeg version 6.1.1-3ubuntu5 Copyright (c) 2000-2023 the FFmpeg developers
  built with gcc 13 (Ubuntu 13.2.0-23ubuntu3)
  configuration: --prefix=/usr --extra-version=3ubuntu5 --toolchain=hardened --libdir=/usr/lib/x86_64-linux-gnu --incdir=/usr/include/x86_64-linux-gnu --arch=amd64 --enable-gpl --disable-stripping --disable-omx --enable-gnutls --enable-libaom --enable-libass --enable-libbs2b --enable-libcaca --enable-libcdio --enable-libcodec2 --enable-libdav1d --enable-libflite --enable-libfontconfig --enable-libfreetype --enable-libfribidi --enable-libglslang --enable-libgme --enable-libgsm --enable-libharfbuzz --enable-libmp3lame --enable-libmysofa --enable-libopenjpeg --enable-libopenmpt --enable-libopus --enable-librubberband --enable-libshine --enable-libsnappy --enable-libsoxr --enable-libspeex --enable-libtheora --enable-libtwolame --enable-libvidstab --enable-libvorbis --enable-libvpx --enable-libwebp --enable-libx265 --enable-libxml2 --enable-libxvid --enable-libzimg --enable-openal --enable-opencl --enable-opengl --disable-sndio --enable-libvpl --disable-libmfx --enable-libdc1394 --enable-libdrm --enable-libiec61883 --enable-chromaprint --enable-frei0r --enable-ladspa --enable-libbluray --enable-libjack --enable-libpulse --enable-librabbitmq --enable-librist --enable-libsrt --enable-libssh --enable-libsvtav1 --enable-libx264 --enable-libzmq --enable-libzvbi --enable-lv2 --enable-sdl2 --enable-libplacebo --enable-librav1e --enable-pocketsphinx --enable-librsvg --enable-libjxl --enable-shared
  libavutil      58. 29.100 / 58. 29.100
  libavcodec     60. 31.102 / 60. 31.102
  libavformat    60. 16.100 / 60. 16.100
  libavdevice    60.  3.100 / 60.  3.100
  libavfilter     9. 12.100 /  9. 12.100
  libswscale      7.  5.100 /  7.  5.100
  libswresample   4. 12.100 /  4. 12.100
  libpostproc    57.  3.100 / 57.  3.100
Input #0, mov,mp4,m4a,3gp,3g2,mj2, from '/data/vaishak/combined-kv-quant/results/runs/backfill_flowcache_native_7743d4e12ea8_10s/videos/FLOWCACHE_NATIVE/prompt_0005_seed_5.mp4':
  Metadata:
    major_brand     : isom
    minor_version   : 512
    compatible_brands: isomiso2avc1mp41
    encoder         : Lavf61.1.100
  Duration: 00:00:10.31, start: 0.000000, bitrate: 1004 kb/s
  Stream #0:0[0x1](und): Video: h264 (High) (avc1 / 0x31637661), yuv420p(progressive), 832x480, 1002 kb/s, 16 fps, 16 tbr, 16384 tbn (default)
    Metadata:
      handler_name    : VideoHandler
      vendor_id       : [0][0][0][0]
Stream mapping:
  Stream #0:0 -> #0:0 (h264 (native) -> h264 (libx264))
Press [q] to stop, [?] for help
[libx264 @ 0x5c2716464b80] using cpu capabilities: MMX2 SSE2Fast SSSE3 SSE4.2 AVX FMA3 BMI2 AVX2
[libx264 @ 0x5c2716464b80] profile High, level 3.0, 4:2:0, 8-bit
[libx264 @ 0x5c2716464b80] 264 - core 164 r3108 31e19f9 - H.264/MPEG-4 AVC codec - Copyleft 2003-2023 - http://www.videolan.org/x264.html - options: cabac=1 ref=3 deblock=1:0:0 analyse=0x3:0x113 me=hex subme=7 psy=1 psy_rd=1.00:0.00 mixed_ref=1 me_range=16 chroma_me=1 trellis=1 8x8dct=1 cqm=0 deadzone=21,11 fast_pskip=1 chroma_qp_offset=-2 threads=15 lookahead_threads=2 sliced_threads=0 nr=0 decimate=1 interlaced=0 bluray_compat=0 constrained_intra=0 bframes=3 b_pyramid=2 b_adapt=1 b_bias=0 direct=1 weightb=1 open_gop=0 weightp=2 keyint=250 keyint_min=16 scenecut=40 intra_refresh=0 rc_lookahead=40 rc=crf mbtree=1 crf=23.0 qcomp=0.60 qpmin=0 qpmax=69 qpstep=4 ip_ratio=1.40 aq=1:1.00
Output #0, mp4, to '/data/vaishak/combined-kv-quant/results/combined/backfills/drift/moviegen/cbb131629259b872_FLOWCACHE_NATIVE/FLOWCACHE_NATIVE_frames_165/prompt_0005_seed_5.mp4':
  Metadata:
    major_brand     : isom
    minor_version   : 512
    compatible_brands: isomiso2avc1mp41
    encoder         : Lavf60.16.100
  Stream #0:0(und): Video: h264 (avc1 / 0x31637661), yuv420p(progressive), 832x480, q=2-31, 16 fps, 16384 tbn (default)
    Metadata:
      handler_name    : VideoHandler
      vendor_id       : [0][0][0][0]
      encoder         : Lavc60.31.102 libx264
    Side data:
      cpb: bitrate max/min/avg: 0/0/0 buffer size: 0 vbv_delay: N/A
frame=    0 fps=0.0 q=0.0 size=       0kB time=N/A bitrate=N/A speed=N/A    [out#0/mp4 @ 0x5c27163ca000] video:1695kB audio:0kB subtitle:0kB other streams:0kB global headers:0kB muxing overhead: 0.164049%
frame=  165 fps=0.0 q=-1.0 Lsize=    1698kB time=00:00:10.12 bitrate=1373.5kbits/s speed=  13x    
[libx264 @ 0x5c2716464b80] frame I:1     Avg QP:22.97  size:118801
[libx264 @ 0x5c2716464b80] frame P:42    Avg QP:23.90  size: 28227
[libx264 @ 0x5c2716464b80] frame B:122   Avg QP:28.58  size:  3528
[libx264 @ 0x5c2716464b80] consecutive B-frames:  1.2%  0.0%  1.8% 97.0%
[libx264 @ 0x5c2716464b80] mb I  I16..4:  1.2% 35.3% 63.5%
[libx264 @ 0x5c2716464b80] mb P  I16..4:  0.9%  2.7%  1.7%  P16..4: 37.7% 30.9% 21.9%  0.0%  0.0%    skip: 4.2%
[libx264 @ 0x5c2716464b80] mb B  I16..4:  0.0%  0.1%  0.1%  B16..8: 46.7%  7.1%  2.5%  direct: 1.5%  skip:42.0%  L0:26.7% L1:63.6% BI: 9.6%
[libx264 @ 0x5c2716464b80] 8x8 transform intra:46.4% inter:50.6%
[libx264 @ 0x5c2716464b80] coded y,uvDC,uvAC intra: 75.4% 95.2% 80.1% inter: 18.7% 24.6% 8.0%
[libx264 @ 0x5c2716464b80] i16 v,h,dc,p:  7% 31% 31% 32%
[libx264 @ 0x5c2716464b80] i8 v,h,dc,ddl,ddr,vr,hd,vl,hu: 14% 21% 21%  5%  7%  9%  8%  7%  9%
[libx264 @ 0x5c2716464b80] i4 v,h,dc,ddl,ddr,vr,hd,vl,hu: 17% 14% 15%  7% 10% 11%  8% 10%  8%
[libx264 @ 0x5c2716464b80] i8c dc,h,v,p: 46% 25% 15% 15%
[libx264 @ 0x5c2716464b80] Weighted P-Frames: Y:59.5% UV:35.7%
[libx264 @ 0x5c2716464b80] ref P L0: 51.6% 21.5% 14.6%  7.7%  4.6%
[libx264 @ 0x5c2716464b80] ref B L0: 92.3%  6.0%  1.7%
[libx264 @ 0x5c2716464b80] ref B L1: 95.3%  4.7%
[libx264 @ 0x5c2716464b80] kb/s:1345.76
ffmpeg version 6.1.1-3ubuntu5 Copyright (c) 2000-2023 the FFmpeg developers
  built with gcc 13 (Ubuntu 13.2.0-23ubuntu3)
  configuration: --prefix=/usr --extra-version=3ubuntu5 --toolchain=hardened --libdir=/usr/lib/x86_64-linux-gnu --incdir=/usr/include/x86_64-linux-gnu --arch=amd64 --enable-gpl --disable-stripping --disable-omx --enable-gnutls --enable-libaom --enable-libass --enable-libbs2b --enable-libcaca --enable-libcdio --enable-libcodec2 --enable-libdav1d --enable-libflite --enable-libfontconfig --enable-libfreetype --enable-libfribidi --enable-libglslang --enable-libgme --enable-libgsm --enable-libharfbuzz --enable-libmp3lame --enable-libmysofa --enable-libopenjpeg --enable-libopenmpt --enable-libopus --enable-librubberband --enable-libshine --enable-libsnappy --enable-libsoxr --enable-libspeex --enable-libtheora --enable-libtwolame --enable-libvidstab --enable-libvorbis --enable-libvpx --enable-libwebp --enable-libx265 --enable-libxml2 --enable-libxvid --enable-libzimg --enable-openal --enable-opencl --enable-opengl --disable-sndio --enable-libvpl --disable-libmfx --enable-libdc1394 --enable-libdrm --enable-libiec61883 --enable-chromaprint --enable-frei0r --enable-ladspa --enable-libbluray --enable-libjack --enable-libpulse --enable-librabbitmq --enable-librist --enable-libsrt --enable-libssh --enable-libsvtav1 --enable-libx264 --enable-libzmq --enable-libzvbi --enable-lv2 --enable-sdl2 --enable-libplacebo --enable-librav1e --enable-pocketsphinx --enable-librsvg --enable-libjxl --enable-shared
  libavutil      58. 29.100 / 58. 29.100
  libavcodec     60. 31.102 / 60. 31.102
  libavformat    60. 16.100 / 60. 16.100
  libavdevice    60.  3.100 / 60.  3.100
  libavfilter     9. 12.100 /  9. 12.100
  libswscale      7.  5.100 /  7.  5.100
  libswresample   4. 12.100 /  4. 12.100
  libpostproc    57.  3.100 / 57.  3.100
Input #0, mov,mp4,m4a,3gp,3g2,mj2, from '/data/vaishak/combined-kv-quant/results/runs/backfill_flowcache_native_7743d4e12ea8_10s/videos/FLOWCACHE_NATIVE/prompt_0006_seed_6.mp4':
  Metadata:
    major_brand     : isom
    minor_version   : 512
    compatible_brands: isomiso2avc1mp41
    encoder         : Lavf61.1.100
  Duration: 00:00:10.31, start: 0.000000, bitrate: 1006 kb/s
  Stream #0:0[0x1](und): Video: h264 (High) (avc1 / 0x31637661), yuv420p(progressive), 832x480, 1004 kb/s, 16 fps, 16 tbr, 16384 tbn (default)
    Metadata:
      handler_name    : VideoHandler
      vendor_id       : [0][0][0][0]
Stream mapping:
  Stream #0:0 -> #0:0 (h264 (native) -> h264 (libx264))
Press [q] to stop, [?] for help
[libx264 @ 0x638127552b00] using cpu capabilities: MMX2 SSE2Fast SSSE3 SSE4.2 AVX FMA3 BMI2 AVX2
[libx264 @ 0x638127552b00] profile High, level 3.0, 4:2:0, 8-bit
[libx264 @ 0x638127552b00] 264 - core 164 r3108 31e19f9 - H.264/MPEG-4 AVC codec - Copyleft 2003-2023 - http://www.videolan.org/x264.html - options: cabac=1 ref=3 deblock=1:0:0 analyse=0x3:0x113 me=hex subme=7 psy=1 psy_rd=1.00:0.00 mixed_ref=1 me_range=16 chroma_me=1 trellis=1 8x8dct=1 cqm=0 deadzone=21,11 fast_pskip=1 chroma_qp_offset=-2 threads=15 lookahead_threads=2 sliced_threads=0 nr=0 decimate=1 interlaced=0 bluray_compat=0 constrained_intra=0 bframes=3 b_pyramid=2 b_adapt=1 b_bias=0 direct=1 weightb=1 open_gop=0 weightp=2 keyint=250 keyint_min=16 scenecut=40 intra_refresh=0 rc_lookahead=40 rc=crf mbtree=1 crf=23.0 qcomp=0.60 qpmin=0 qpmax=69 qpstep=4 ip_ratio=1.40 aq=1:1.00
Output #0, mp4, to '/data/vaishak/combined-kv-quant/results/combined/backfills/drift/moviegen/cbb131629259b872_FLOWCACHE_NATIVE/FLOWCACHE_NATIVE_frames_165/prompt_0006_seed_6.mp4':
  Metadata:
    major_brand     : isom
    minor_version   : 512
    compatible_brands: isomiso2avc1mp41
    encoder         : Lavf60.16.100
  Stream #0:0(und): Video: h264 (avc1 / 0x31637661), yuv420p(progressive), 832x480, q=2-31, 16 fps, 16384 tbn (default)
    Metadata:
      handler_name    : VideoHandler
      vendor_id       : [0][0][0][0]
      encoder         : Lavc60.31.102 libx264
    Side data:
      cpb: bitrate max/min/avg: 0/0/0 buffer size: 0 vbv_delay: N/A
frame=    0 fps=0.0 q=0.0 size=       0kB time=N/A bitrate=N/A speed=N/A    [out#0/mp4 @ 0x6381274d1000] video:1000kB audio:0kB subtitle:0kB other streams:0kB global headers:0kB muxing overhead: 0.276443%
frame=  165 fps=0.0 q=-1.0 Lsize=    1003kB time=00:00:10.12 bitrate= 811.4kbits/s speed=14.2x    
[libx264 @ 0x638127552b00] frame I:1     Avg QP:19.27  size: 38098
[libx264 @ 0x638127552b00] frame P:43    Avg QP:20.36  size: 16412
[libx264 @ 0x638127552b00] frame B:121   Avg QP:23.77  size:  2311
[libx264 @ 0x638127552b00] consecutive B-frames:  1.2%  2.4%  1.8% 94.5%
[libx264 @ 0x638127552b00] mb I  I16..4: 23.4% 55.9% 20.7%
[libx264 @ 0x638127552b00] mb P  I16..4:  2.9%  5.0%  0.5%  P16..4: 49.9% 18.6% 11.6%  0.0%  0.0%    skip:11.4%
[libx264 @ 0x638127552b00] mb B  I16..4:  0.5%  0.6%  0.0%  B16..8: 41.0%  4.4%  0.9%  direct: 2.0%  skip:50.7%  L0:34.6% L1:55.3% BI:10.0%
[libx264 @ 0x638127552b00] 8x8 transform intra:57.1% inter:72.9%
[libx264 @ 0x638127552b00] coded y,uvDC,uvAC intra: 30.5% 64.9% 19.1% inter: 13.0% 22.6% 4.2%
[libx264 @ 0x638127552b00] i16 v,h,dc,p: 24% 18% 13% 45%
[libx264 @ 0x638127552b00] i8 v,h,dc,ddl,ddr,vr,hd,vl,hu: 20% 16% 35%  4%  7%  5%  6%  4%  4%
[libx264 @ 0x638127552b00] i4 v,h,dc,ddl,ddr,vr,hd,vl,hu: 15% 13% 13%  6% 16% 10% 14%  7%  6%
[libx264 @ 0x638127552b00] i8c dc,h,v,p: 53% 20% 19%  7%
[libx264 @ 0x638127552b00] Weighted P-Frames: Y:14.0% UV:9.3%
[libx264 @ 0x638127552b00] ref P L0: 57.0% 14.8% 19.3%  8.5%  0.4%
[libx264 @ 0x638127552b00] ref B L0: 90.3%  8.2%  1.5%
[libx264 @ 0x638127552b00] ref B L1: 96.5%  3.5%
[libx264 @ 0x638127552b00] kb/s:793.90
ffmpeg version 6.1.1-3ubuntu5 Copyright (c) 2000-2023 the FFmpeg developers
  built with gcc 13 (Ubuntu 13.2.0-23ubuntu3)
  configuration: --prefix=/usr --extra-version=3ubuntu5 --toolchain=hardened --libdir=/usr/lib/x86_64-linux-gnu --incdir=/usr/include/x86_64-linux-gnu --arch=amd64 --enable-gpl --disable-stripping --disable-omx --enable-gnutls --enable-libaom --enable-libass --enable-libbs2b --enable-libcaca --enable-libcdio --enable-libcodec2 --enable-libdav1d --enable-libflite --enable-libfontconfig --enable-libfreetype --enable-libfribidi --enable-libglslang --enable-libgme --enable-libgsm --enable-libharfbuzz --enable-libmp3lame --enable-libmysofa --enable-libopenjpeg --enable-libopenmpt --enable-libopus --enable-librubberband --enable-libshine --enable-libsnappy --enable-libsoxr --enable-libspeex --enable-libtheora --enable-libtwolame --enable-libvidstab --enable-libvorbis --enable-libvpx --enable-libwebp --enable-libx265 --enable-libxml2 --enable-libxvid --enable-libzimg --enable-openal --enable-opencl --enable-opengl --disable-sndio --enable-libvpl --disable-libmfx --enable-libdc1394 --enable-libdrm --enable-libiec61883 --enable-chromaprint --enable-frei0r --enable-ladspa --enable-libbluray --enable-libjack --enable-libpulse --enable-librabbitmq --enable-librist --enable-libsrt --enable-libssh --enable-libsvtav1 --enable-libx264 --enable-libzmq --enable-libzvbi --enable-lv2 --enable-sdl2 --enable-libplacebo --enable-librav1e --enable-pocketsphinx --enable-librsvg --enable-libjxl --enable-shared
  libavutil      58. 29.100 / 58. 29.100
  libavcodec     60. 31.102 / 60. 31.102
  libavformat    60. 16.100 / 60. 16.100
  libavdevice    60.  3.100 / 60.  3.100
  libavfilter     9. 12.100 /  9. 12.100
  libswscale      7.  5.100 /  7.  5.100
  libswresample   4. 12.100 /  4. 12.100
  libpostproc    57.  3.100 / 57.  3.100
Input #0, mov,mp4,m4a,3gp,3g2,mj2, from '/data/vaishak/combined-kv-quant/results/runs/backfill_flowcache_native_7743d4e12ea8_10s/videos/FLOWCACHE_NATIVE/prompt_0007_seed_7.mp4':
  Metadata:
    major_brand     : isom
    minor_version   : 512
    compatible_brands: isomiso2avc1mp41
    encoder         : Lavf61.1.100
  Duration: 00:00:10.31, start: 0.000000, bitrate: 960 kb/s
  Stream #0:0[0x1](und): Video: h264 (High) (avc1 / 0x31637661), yuv420p(progressive), 832x480, 957 kb/s, 16 fps, 16 tbr, 16384 tbn (default)
    Metadata:
      handler_name    : VideoHandler
      vendor_id       : [0][0][0][0]
Stream mapping:
  Stream #0:0 -> #0:0 (h264 (native) -> h264 (libx264))
Press [q] to stop, [?] for help
[libx264 @ 0x63db0da23600] using cpu capabilities: MMX2 SSE2Fast SSSE3 SSE4.2 AVX FMA3 BMI2 AVX2
[libx264 @ 0x63db0da23600] profile High, level 3.0, 4:2:0, 8-bit
[libx264 @ 0x63db0da23600] 264 - core 164 r3108 31e19f9 - H.264/MPEG-4 AVC codec - Copyleft 2003-2023 - http://www.videolan.org/x264.html - options: cabac=1 ref=3 deblock=1:0:0 analyse=0x3:0x113 me=hex subme=7 psy=1 psy_rd=1.00:0.00 mixed_ref=1 me_range=16 chroma_me=1 trellis=1 8x8dct=1 cqm=0 deadzone=21,11 fast_pskip=1 chroma_qp_offset=-2 threads=15 lookahead_threads=2 sliced_threads=0 nr=0 decimate=1 interlaced=0 bluray_compat=0 constrained_intra=0 bframes=3 b_pyramid=2 b_adapt=1 b_bias=0 direct=1 weightb=1 open_gop=0 weightp=2 keyint=250 keyint_min=16 scenecut=40 intra_refresh=0 rc_lookahead=40 rc=crf mbtree=1 crf=23.0 qcomp=0.60 qpmin=0 qpmax=69 qpstep=4 ip_ratio=1.40 aq=1:1.00
Output #0, mp4, to '/data/vaishak/combined-kv-quant/results/combined/backfills/drift/moviegen/cbb131629259b872_FLOWCACHE_NATIVE/FLOWCACHE_NATIVE_frames_165/prompt_0007_seed_7.mp4':
  Metadata:
    major_brand     : isom
    minor_version   : 512
    compatible_brands: isomiso2avc1mp41
    encoder         : Lavf60.16.100
  Stream #0:0(und): Video: h264 (avc1 / 0x31637661), yuv420p(progressive), 832x480, q=2-31, 16 fps, 16384 tbn (default)
    Metadata:
      handler_name    : VideoHandler
      vendor_id       : [0][0][0][0]
      encoder         : Lavc60.31.102 libx264
    Side data:
      cpb: bitrate max/min/avg: 0/0/0 buffer size: 0 vbv_delay: N/A
frame=    0 fps=0.0 q=0.0 size=       0kB time=N/A bitrate=N/A speed=N/A    frame=   82 fps=0.0 q=27.0 size=     512kB time=00:00:05.00 bitrate= 838.9kbits/s speed=9.23x    [out#0/mp4 @ 0x63db0da22100] video:1245kB audio:0kB subtitle:0kB other streams:0kB global headers:0kB muxing overhead: 0.223866%
frame=  165 fps=0.0 q=-1.0 Lsize=    1248kB time=00:00:10.12 bitrate=1009.9kbits/s speed=13.5x    
[libx264 @ 0x63db0da23600] frame I:1     Avg QP:22.72  size: 44093
[libx264 @ 0x63db0da23600] frame P:42    Avg QP:22.75  size: 17801
[libx264 @ 0x63db0da23600] frame B:122   Avg QP:26.44  size:  3958
[libx264 @ 0x63db0da23600] consecutive B-frames:  0.6%  2.4%  0.0% 97.0%
[libx264 @ 0x63db0da23600] mb I  I16..4: 13.3% 54.2% 32.5%
[libx264 @ 0x63db0da23600] mb P  I16..4:  3.6%  8.3%  1.4%  P16..4: 40.8% 23.5% 13.9%  0.0%  0.0%    skip: 8.6%
[libx264 @ 0x63db0da23600] mb B  I16..4:  0.7%  2.6%  0.2%  B16..8: 38.9% 10.5%  2.5%  direct: 1.8%  skip:42.8%  L0:33.4% L1:52.3% BI:14.3%
[libx264 @ 0x63db0da23600] 8x8 transform intra:66.5% inter:66.6%
[libx264 @ 0x63db0da23600] coded y,uvDC,uvAC intra: 52.2% 81.1% 25.7% inter: 17.8% 22.6% 2.1%
[libx264 @ 0x63db0da23600] i16 v,h,dc,p:  3% 39%  3% 55%
[libx264 @ 0x63db0da23600] i8 v,h,dc,ddl,ddr,vr,hd,vl,hu: 13% 29% 14%  4%  9%  7% 11%  5%  8%
[libx264 @ 0x63db0da23600] i4 v,h,dc,ddl,ddr,vr,hd,vl,hu: 15% 25% 15%  5%  9%  7% 13%  5%  6%
[libx264 @ 0x63db0da23600] i8c dc,h,v,p: 41% 35% 11% 12%
[libx264 @ 0x63db0da23600] Weighted P-Frames: Y:40.5% UV:11.9%
[libx264 @ 0x63db0da23600] ref P L0: 45.7% 17.8% 20.0% 12.7%  3.9%
[libx264 @ 0x63db0da23600] ref B L0: 87.4%  9.2%  3.4%
[libx264 @ 0x63db0da23600] ref B L1: 95.7%  4.3%
[libx264 @ 0x63db0da23600] kb/s:988.80
ffmpeg version 6.1.1-3ubuntu5 Copyright (c) 2000-2023 the FFmpeg developers
  built with gcc 13 (Ubuntu 13.2.0-23ubuntu3)
  configuration: --prefix=/usr --extra-version=3ubuntu5 --toolchain=hardened --libdir=/usr/lib/x86_64-linux-gnu --incdir=/usr/include/x86_64-linux-gnu --arch=amd64 --enable-gpl --disable-stripping --disable-omx --enable-gnutls --enable-libaom --enable-libass --enable-libbs2b --enable-libcaca --enable-libcdio --enable-libcodec2 --enable-libdav1d --enable-libflite --enable-libfontconfig --enable-libfreetype --enable-libfribidi --enable-libglslang --enable-libgme --enable-libgsm --enable-libharfbuzz --enable-libmp3lame --enable-libmysofa --enable-libopenjpeg --enable-libopenmpt --enable-libopus --enable-librubberband --enable-libshine --enable-libsnappy --enable-libsoxr --enable-libspeex --enable-libtheora --enable-libtwolame --enable-libvidstab --enable-libvorbis --enable-libvpx --enable-libwebp --enable-libx265 --enable-libxml2 --enable-libxvid --enable-libzimg --enable-openal --enable-opencl --enable-opengl --disable-sndio --enable-libvpl --disable-libmfx --enable-libdc1394 --enable-libdrm --enable-libiec61883 --enable-chromaprint --enable-frei0r --enable-ladspa --enable-libbluray --enable-libjack --enable-libpulse --enable-librabbitmq --enable-librist --enable-libsrt --enable-libssh --enable-libsvtav1 --enable-libx264 --enable-libzmq --enable-libzvbi --enable-lv2 --enable-sdl2 --enable-libplacebo --enable-librav1e --enable-pocketsphinx --enable-librsvg --enable-libjxl --enable-shared
  libavutil      58. 29.100 / 58. 29.100
  libavcodec     60. 31.102 / 60. 31.102
  libavformat    60. 16.100 / 60. 16.100
  libavdevice    60.  3.100 / 60.  3.100
  libavfilter     9. 12.100 /  9. 12.100
  libswscale      7.  5.100 /  7.  5.100
  libswresample   4. 12.100 /  4. 12.100
  libpostproc    57.  3.100 / 57.  3.100
Input #0, mov,mp4,m4a,3gp,3g2,mj2, from '/data/vaishak/combined-kv-quant/results/runs/backfill_flowcache_native_7743d4e12ea8_10s/videos/FLOWCACHE_NATIVE/prompt_0008_seed_8.mp4':
  Metadata:
    major_brand     : isom
    minor_version   : 512
    compatible_brands: isomiso2avc1mp41
    encoder         : Lavf61.1.100
  Duration: 00:00:10.31, start: 0.000000, bitrate: 989 kb/s
  Stream #0:0[0x1](und): Video: h264 (High) (avc1 / 0x31637661), yuv420p(progressive), 832x480, 987 kb/s, 16 fps, 16 tbr, 16384 tbn (default)
    Metadata:
      handler_name    : VideoHandler
      vendor_id       : [0][0][0][0]
Stream mapping:
  Stream #0:0 -> #0:0 (h264 (native) -> h264 (libx264))
Press [q] to stop, [?] for help
[libx264 @ 0x5f166486f600] using cpu capabilities: MMX2 SSE2Fast SSSE3 SSE4.2 AVX FMA3 BMI2 AVX2
[libx264 @ 0x5f166486f600] profile High, level 3.0, 4:2:0, 8-bit
[libx264 @ 0x5f166486f600] 264 - core 164 r3108 31e19f9 - H.264/MPEG-4 AVC codec - Copyleft 2003-2023 - http://www.videolan.org/x264.html - options: cabac=1 ref=3 deblock=1:0:0 analyse=0x3:0x113 me=hex subme=7 psy=1 psy_rd=1.00:0.00 mixed_ref=1 me_range=16 chroma_me=1 trellis=1 8x8dct=1 cqm=0 deadzone=21,11 fast_pskip=1 chroma_qp_offset=-2 threads=15 lookahead_threads=2 sliced_threads=0 nr=0 decimate=1 interlaced=0 bluray_compat=0 constrained_intra=0 bframes=3 b_pyramid=2 b_adapt=1 b_bias=0 direct=1 weightb=1 open_gop=0 weightp=2 keyint=250 keyint_min=16 scenecut=40 intra_refresh=0 rc_lookahead=40 rc=crf mbtree=1 crf=23.0 qcomp=0.60 qpmin=0 qpmax=69 qpstep=4 ip_ratio=1.40 aq=1:1.00
Output #0, mp4, to '/data/vaishak/combined-kv-quant/results/combined/backfills/drift/moviegen/cbb131629259b872_FLOWCACHE_NATIVE/FLOWCACHE_NATIVE_frames_165/prompt_0008_seed_8.mp4':
  Metadata:
    major_brand     : isom
    minor_version   : 512
    compatible_brands: isomiso2avc1mp41
    encoder         : Lavf60.16.100
  Stream #0:0(und): Video: h264 (avc1 / 0x31637661), yuv420p(progressive), 832x480, q=2-31, 16 fps, 16384 tbn (default)
    Metadata:
      handler_name    : VideoHandler
      vendor_id       : [0][0][0][0]
      encoder         : Lavc60.31.102 libx264
    Side data:
      cpb: bitrate max/min/avg: 0/0/0 buffer size: 0 vbv_delay: N/A
frame=    0 fps=0.0 q=0.0 size=       0kB time=N/A bitrate=N/A speed=N/A    [out#0/mp4 @ 0x5f166486e100] video:567kB audio:0kB subtitle:0kB other streams:0kB global headers:0kB muxing overhead: 0.489293%
frame=  165 fps=0.0 q=-1.0 Lsize=     569kB time=00:00:10.12 bitrate= 460.7kbits/s speed=  14x    
[libx264 @ 0x5f166486f600] frame I:1     Avg QP:18.91  size: 47993
[libx264 @ 0x5f166486f600] frame P:44    Avg QP:20.17  size:  9594
[libx264 @ 0x5f166486f600] frame B:120   Avg QP:24.44  size:   912
[libx264 @ 0x5f166486f600] consecutive B-frames:  0.6%  7.3%  0.0% 92.1%
[libx264 @ 0x5f166486f600] mb I  I16..4:  8.9% 59.7% 31.4%
[libx264 @ 0x5f166486f600] mb P  I16..4:  0.8%  0.4%  0.0%  P16..4: 49.8% 22.2% 13.1%  0.0%  0.0%    skip:13.7%
[libx264 @ 0x5f166486f600] mb B  I16..4:  0.0%  0.0%  0.0%  B16..8: 34.0%  1.3%  0.2%  direct: 0.4%  skip:64.0%  L0:32.8% L1:61.4% BI: 5.8%
[libx264 @ 0x5f166486f600] 8x8 transform intra:49.5% inter:68.6%
[libx264 @ 0x5f166486f600] coded y,uvDC,uvAC intra: 56.7% 75.1% 51.7% inter: 10.5% 19.2% 1.5%
[libx264 @ 0x5f166486f600] i16 v,h,dc,p:  6% 65%  5% 23%
[libx264 @ 0x5f166486f600] i8 v,h,dc,ddl,ddr,vr,hd,vl,hu: 10% 28% 17%  6%  8%  6% 11%  5% 10%
[libx264 @ 0x5f166486f600] i4 v,h,dc,ddl,ddr,vr,hd,vl,hu: 15% 24% 11%  7% 11%  8% 10%  7%  7%
[libx264 @ 0x5f166486f600] i8c dc,h,v,p: 48% 28% 11% 13%
[libx264 @ 0x5f166486f600] Weighted P-Frames: Y:43.2% UV:11.4%
[libx264 @ 0x5f166486f600] ref P L0: 54.2% 19.8% 16.3%  7.4%  2.3%
[libx264 @ 0x5f166486f600] ref B L0: 92.8%  5.8%  1.4%
[libx264 @ 0x5f166486f600] ref B L1: 96.9%  3.1%
[libx264 @ 0x5f166486f600] kb/s:449.58
ffmpeg version 6.1.1-3ubuntu5 Copyright (c) 2000-2023 the FFmpeg developers
  built with gcc 13 (Ubuntu 13.2.0-23ubuntu3)
  configuration: --prefix=/usr --extra-version=3ubuntu5 --toolchain=hardened --libdir=/usr/lib/x86_64-linux-gnu --incdir=/usr/include/x86_64-linux-gnu --arch=amd64 --enable-gpl --disable-stripping --disable-omx --enable-gnutls --enable-libaom --enable-libass --enable-libbs2b --enable-libcaca --enable-libcdio --enable-libcodec2 --enable-libdav1d --enable-libflite --enable-libfontconfig --enable-libfreetype --enable-libfribidi --enable-libglslang --enable-libgme --enable-libgsm --enable-libharfbuzz --enable-libmp3lame --enable-libmysofa --enable-libopenjpeg --enable-libopenmpt --enable-libopus --enable-librubberband --enable-libshine --enable-libsnappy --enable-libsoxr --enable-libspeex --enable-libtheora --enable-libtwolame --enable-libvidstab --enable-libvorbis --enable-libvpx --enable-libwebp --enable-libx265 --enable-libxml2 --enable-libxvid --enable-libzimg --enable-openal --enable-opencl --enable-opengl --disable-sndio --enable-libvpl --disable-libmfx --enable-libdc1394 --enable-libdrm --enable-libiec61883 --enable-chromaprint --enable-frei0r --enable-ladspa --enable-libbluray --enable-libjack --enable-libpulse --enable-librabbitmq --enable-librist --enable-libsrt --enable-libssh --enable-libsvtav1 --enable-libx264 --enable-libzmq --enable-libzvbi --enable-lv2 --enable-sdl2 --enable-libplacebo --enable-librav1e --enable-pocketsphinx --enable-librsvg --enable-libjxl --enable-shared
  libavutil      58. 29.100 / 58. 29.100
  libavcodec     60. 31.102 / 60. 31.102
  libavformat    60. 16.100 / 60. 16.100
  libavdevice    60.  3.100 / 60.  3.100
  libavfilter     9. 12.100 /  9. 12.100
  libswscale      7.  5.100 /  7.  5.100
  libswresample   4. 12.100 /  4. 12.100
  libpostproc    57.  3.100 / 57.  3.100
Input #0, mov,mp4,m4a,3gp,3g2,mj2, from '/data/vaishak/combined-kv-quant/results/runs/backfill_flowcache_native_7743d4e12ea8_10s/videos/FLOWCACHE_NATIVE/prompt_0009_seed_9.mp4':
  Metadata:
    major_brand     : isom
    minor_version   : 512
    compatible_brands: isomiso2avc1mp41
    encoder         : Lavf61.1.100
  Duration: 00:00:10.31, start: 0.000000, bitrate: 922 kb/s
  Stream #0:0[0x1](und): Video: h264 (High) (avc1 / 0x31637661), yuv420p(progressive), 832x480, 920 kb/s, 16 fps, 16 tbr, 16384 tbn (default)
    Metadata:
      handler_name    : VideoHandler
      vendor_id       : [0][0][0][0]
Stream mapping:
  Stream #0:0 -> #0:0 (h264 (native) -> h264 (libx264))
Press [q] to stop, [?] for help
[libx264 @ 0x55c9f92f6e00] using cpu capabilities: MMX2 SSE2Fast SSSE3 SSE4.2 AVX FMA3 BMI2 AVX2
[libx264 @ 0x55c9f92f6e00] profile High, level 3.0, 4:2:0, 8-bit
[libx264 @ 0x55c9f92f6e00] 264 - core 164 r3108 31e19f9 - H.264/MPEG-4 AVC codec - Copyleft 2003-2023 - http://www.videolan.org/x264.html - options: cabac=1 ref=3 deblock=1:0:0 analyse=0x3:0x113 me=hex subme=7 psy=1 psy_rd=1.00:0.00 mixed_ref=1 me_range=16 chroma_me=1 trellis=1 8x8dct=1 cqm=0 deadzone=21,11 fast_pskip=1 chroma_qp_offset=-2 threads=15 lookahead_threads=2 sliced_threads=0 nr=0 decimate=1 interlaced=0 bluray_compat=0 constrained_intra=0 bframes=3 b_pyramid=2 b_adapt=1 b_bias=0 direct=1 weightb=1 open_gop=0 weightp=2 keyint=250 keyint_min=16 scenecut=40 intra_refresh=0 rc_lookahead=40 rc=crf mbtree=1 crf=23.0 qcomp=0.60 qpmin=0 qpmax=69 qpstep=4 ip_ratio=1.40 aq=1:1.00
Output #0, mp4, to '/data/vaishak/combined-kv-quant/results/combined/backfills/drift/moviegen/cbb131629259b872_FLOWCACHE_NATIVE/FLOWCACHE_NATIVE_frames_165/prompt_0009_seed_9.mp4':
  Metadata:
    major_brand     : isom
    minor_version   : 512
    compatible_brands: isomiso2avc1mp41
    encoder         : Lavf60.16.100
  Stream #0:0(und): Video: h264 (avc1 / 0x31637661), yuv420p(progressive), 832x480, q=2-31, 16 fps, 16384 tbn (default)
    Metadata:
      handler_name    : VideoHandler
      vendor_id       : [0][0][0][0]
      encoder         : Lavc60.31.102 libx264
    Side data:
      cpb: bitrate max/min/avg: 0/0/0 buffer size: 0 vbv_delay: N/A
frame=    0 fps=0.0 q=0.0 size=       0kB time=N/A bitrate=N/A speed=N/A    frame=   74 fps=0.0 q=27.0 size=     512kB time=00:00:04.50 bitrate= 932.2kbits/s speed=8.38x    [out#0/mp4 @ 0x55c9f926a100] video:1300kB audio:0kB subtitle:0kB other streams:0kB global headers:0kB muxing overhead: 0.214526%
frame=  165 fps=0.0 q=-1.0 Lsize=    1302kB time=00:00:10.12 bitrate=1053.8kbits/s speed=11.3x    
[libx264 @ 0x55c9f92f6e00] frame I:1     Avg QP:22.37  size: 65614
[libx264 @ 0x55c9f92f6e00] frame P:42    Avg QP:22.19  size: 21055
[libx264 @ 0x55c9f92f6e00] frame B:122   Avg QP:27.01  size:  3117
[libx264 @ 0x55c9f92f6e00] consecutive B-frames:  0.6%  2.4%  0.0% 97.0%
[libx264 @ 0x55c9f92f6e00] mb I  I16..4:  1.7% 53.5% 44.9%
[libx264 @ 0x55c9f92f6e00] mb P  I16..4:  0.7%  4.4%  1.2%  P16..4: 37.9% 28.9% 19.5%  0.0%  0.0%    skip: 7.4%
[libx264 @ 0x55c9f92f6e00] mb B  I16..4:  0.1%  0.4%  0.2%  B16..8: 39.8%  6.4%  2.1%  direct: 1.7%  skip:49.4%  L0:35.6% L1:54.4% BI:10.0%
[libx264 @ 0x55c9f92f6e00] 8x8 transform intra:64.5% inter:56.2%
[libx264 @ 0x55c9f92f6e00] coded y,uvDC,uvAC intra: 70.3% 50.1% 14.7% inter: 19.3% 9.6% 0.1%
[libx264 @ 0x55c9f92f6e00] i16 v,h,dc,p: 23% 34% 31% 12%
[libx264 @ 0x55c9f92f6e00] i8 v,h,dc,ddl,ddr,vr,hd,vl,hu: 12% 29% 23%  3%  4%  4% 10%  3% 12%
[libx264 @ 0x55c9f92f6e00] i4 v,h,dc,ddl,ddr,vr,hd,vl,hu: 12% 34% 12%  4%  7%  4% 11%  4% 13%
[libx264 @ 0x55c9f92f6e00] i8c dc,h,v,p: 63% 23% 11%  4%
[libx264 @ 0x55c9f92f6e00] Weighted P-Frames: Y:42.9% UV:9.5%
[libx264 @ 0x55c9f92f6e00] ref P L0: 48.3% 27.4% 15.1%  7.0%  2.3%
[libx264 @ 0x55c9f92f6e00] ref B L0: 92.8%  5.6%  1.5%
[libx264 @ 0x55c9f92f6e00] ref B L1: 96.9%  3.1%
[libx264 @ 0x55c9f92f6e00] kb/s:1031.88
[rank0]:[W310 23:03:12.964232484 ProcessGroupNCCL.cpp:4115] [PG ID 0 PG GUID 0 Rank 0]  using GPU 0 to perform barrier as devices used by this process are currently unknown. This can potentially cause a hang if this rank to GPU mapping is incorrect.Specify device_ids in barrier() to force use of a particular device,or call init_process_group() with a device_id.
/home/suraj/miniforge3/envs/qvg_sf_eval/lib/python3.10/site-packages/clip/clip.py:6: UserWarning: pkg_resources is deprecated as an API. See https://setuptools.pypa.io/en/latest/pkg_resources.html. The pkg_resources package is slated for removal as early as 2025-11-30. Refrain from using this package or pin to Setuptools<81.
  from pkg_resources import packaging
/home/suraj/miniforge3/envs/qvg_sf_eval/lib/python3.10/site-packages/timm/models/layers/__init__.py:48: FutureWarning: Importing from timm.models.layers is deprecated, please import via timm.layers
  warnings.warn(f"Importing from {__name__} is deprecated, please import via timm.layers", FutureWarning)
/home/suraj/miniforge3/envs/qvg_sf_eval/lib/python3.10/site-packages/pyiqa/archs/arch_util.py:118: FutureWarning: You are using `torch.load` with `weights_only=False` (the current default value), which uses the default pickle module implicitly. It is possible to construct malicious pickle data which will execute arbitrary code during unpickling (See https://github.com/pytorch/pytorch/blob/main/SECURITY.md#untrusted-models for more details). In a future release, the default value for `weights_only` will be flipped to `True`. This limits the functions that could be executed during unpickling. Arbitrary objects will no longer be allowed to be loaded via this mode unless they are explicitly allowlisted by the user via `torch.serialization.add_safe_globals`. We recommend you start setting `weights_only=True` for any use case where you don't have full control of the loaded file. Please open an issue on GitHub for any issues related to this experimental feature.
  state_dict = torch.load(model_path, map_location=torch.device("cpu"))
args: Namespace(output_path='/data/vaishak/combined-kv-quant/results/combined/backfills/drift/moviegen/cbb131629259b872_FLOWCACHE_NATIVE/vbench_FLOWCACHE_NATIVE_165', full_json_dir='/data/vaishak/combined-kv-quant/third_party/VBench/vbench/VBench_full_info.json', videos_path='/data/vaishak/combined-kv-quant/results/combined/backfills/drift/moviegen/cbb131629259b872_FLOWCACHE_NATIVE/FLOWCACHE_NATIVE_frames_165', dimension=['imaging_quality'], load_ckpt_from_local=None, read_frame=None, mode='custom_input', prompt='None', prompt_file='/data/vaishak/combined-kv-quant/results/combined/backfills/drift/moviegen/cbb131629259b872_FLOWCACHE_NATIVE/prompt_map_165.json', category=None, imaging_quality_preprocessing_mode='longer')
start evaluation
Evaluation meta data saved to /data/vaishak/combined-kv-quant/results/combined/backfills/drift/moviegen/cbb131629259b872_FLOWCACHE_NATIVE/vbench_FLOWCACHE_NATIVE_165/results_2026-03-10-23:03:12_full_info.json
cur_full_info_path: /data/vaishak/combined-kv-quant/results/combined/backfills/drift/moviegen/cbb131629259b872_FLOWCACHE_NATIVE/vbench_FLOWCACHE_NATIVE_165/results_2026-03-10-23:03:12_full_info.json
Loading pretrained model MUSIQ from /home/vaishak/.cache/vbench/pyiqa_model/musiq_spaq_ckpt-358bb6af.pth
  0%|          | 0/10 [00:00<?, ?it/s] 10%|█         | 1/10 [00:03<00:34,  3.81s/it] 20%|██        | 2/10 [00:06<00:26,  3.32s/it] 30%|███       | 3/10 [00:09<00:22,  3.14s/it] 40%|████      | 4/10 [00:12<00:18,  3.04s/it] 50%|█████     | 5/10 [00:15<00:15,  3.06s/it] 60%|██████    | 6/10 [00:20<00:13,  3.49s/it] 70%|███████   | 7/10 [00:25<00:12,  4.07s/it] 80%|████████  | 8/10 [00:30<00:08,  4.49s/it] 90%|█████████ | 9/10 [00:36<00:04,  4.75s/it]100%|██████████| 10/10 [00:40<00:00,  4.79s/it]100%|██████████| 10/10 [00:40<00:00,  4.09s/it]
Evaluation results saved to /data/vaishak/combined-kv-quant/results/combined/backfills/drift/moviegen/cbb131629259b872_FLOWCACHE_NATIVE/vbench_FLOWCACHE_NATIVE_165/results_2026-03-10-23:03:12_eval_results.json
done
[rank0]:[W310 23:03:56.581871433 ProcessGroupNCCL.cpp:1250] Warning: WARNING: process group has NOT been destroyed before we destruct ProcessGroupNCCL. On normal program exit, the application should call destroy_process_group to ensure that any pending NCCL operations have finished in this process. In rare cases this process can exit before this point and block the progress of another member of the process group. This constraint has always been present,  but this warning has only been added since PyTorch 2.4 (function operator())
{
  "method": "FLOWCACHE_NATIVE",
  "frame_step": 165,
  "max_frames": 165,
  "curve": [
    {
      "frame_cap": 165,
      "imaging_quality": [
        0.7373273972020005,
        [
          {
            "video_path": "/data/vaishak/combined-kv-quant/results/combined/backfills/drift/moviegen/cbb131629259b872_FLOWCACHE_NATIVE/FLOWCACHE_NATIVE_frames_165/prompt_0007_seed_7.mp4",
            "video_results": 76.43018382679332
          },
          {
            "video_path": "/data/vaishak/combined-kv-quant/results/combined/backfills/drift/moviegen/cbb131629259b872_FLOWCACHE_NATIVE/FLOWCACHE_NATIVE_frames_165/prompt_0006_seed_6.mp4",
            "video_results": 67.28822449192856
          },
          {
            "video_path": "/data/vaishak/combined-kv-quant/results/combined/backfills/drift/moviegen/cbb131629259b872_FLOWCACHE_NATIVE/FLOWCACHE_NATIVE_frames_165/prompt_0004_seed_4.mp4",
            "video_results": 72.65281575520834
          },
          {
            "video_path": "/data/vaishak/combined-kv-quant/results/combined/backfills/drift/moviegen/cbb131629259b872_FLOWCACHE_NATIVE/FLOWCACHE_NATIVE_frames_165/prompt_0003_seed_3.mp4",
            "video_results": 75.13585357666015
          },
          {
            "video_path": "/data/vaishak/combined-kv-quant/results/combined/backfills/drift/moviegen/cbb131629259b872_FLOWCACHE_NATIVE/FLOWCACHE_NATIVE_frames_165/prompt_0005_seed_5.mp4",
            "video_results": 77.74010620117187
          },
          {
            "video_path": "/data/vaishak/combined-kv-quant/results/combined/backfills/drift/moviegen/cbb131629259b872_FLOWCACHE_NATIVE/FLOWCACHE_NATIVE_frames_165/prompt_0002_seed_2.mp4",
            "video_results": 73.71206572561553
          },
          {
            "video_path": "/data/vaishak/combined-kv-quant/results/combined/backfills/drift/moviegen/cbb131629259b872_FLOWCACHE_NATIVE/FLOWCACHE_NATIVE_frames_165/prompt_0001_seed_1.mp4",
            "video_results": 78.15007671009411
          },
          {
            "video_path": "/data/vaishak/combined-kv-quant/results/combined/backfills/drift/moviegen/cbb131629259b872_FLOWCACHE_NATIVE/FLOWCACHE_NATIVE_frames_165/prompt_0009_seed_9.mp4",
            "video_results": 76.10343692663945
          },
          {
            "video_path": "/data/vaishak/combined-kv-quant/results/combined/backfills/drift/moviegen/cbb131629259b872_FLOWCACHE_NATIVE/FLOWCACHE_NATIVE_frames_165/prompt_0008_seed_8.mp4",
            "video_results": 77.97113869406961
          },
          {
            "video_path": "/data/vaishak/combined-kv-quant/results/combined/backfills/drift/moviegen/cbb131629259b872_FLOWCACHE_NATIVE/FLOWCACHE_NATIVE_frames_165/prompt_0000_seed_0.mp4",
            "video_results": 62.14349529381954
          }
        ]
      ]
    }
  ]
}
ffmpeg version 6.1.1-3ubuntu5 Copyright (c) 2000-2023 the FFmpeg developers
  built with gcc 13 (Ubuntu 13.2.0-23ubuntu3)
  configuration: --prefix=/usr --extra-version=3ubuntu5 --toolchain=hardened --libdir=/usr/lib/x86_64-linux-gnu --incdir=/usr/include/x86_64-linux-gnu --arch=amd64 --enable-gpl --disable-stripping --disable-omx --enable-gnutls --enable-libaom --enable-libass --enable-libbs2b --enable-libcaca --enable-libcdio --enable-libcodec2 --enable-libdav1d --enable-libflite --enable-libfontconfig --enable-libfreetype --enable-libfribidi --enable-libglslang --enable-libgme --enable-libgsm --enable-libharfbuzz --enable-libmp3lame --enable-libmysofa --enable-libopenjpeg --enable-libopenmpt --enable-libopus --enable-librubberband --enable-libshine --enable-libsnappy --enable-libsoxr --enable-libspeex --enable-libtheora --enable-libtwolame --enable-libvidstab --enable-libvorbis --enable-libvpx --enable-libwebp --enable-libx265 --enable-libxml2 --enable-libxvid --enable-libzimg --enable-openal --enable-opencl --enable-opengl --disable-sndio --enable-libvpl --disable-libmfx --enable-libdc1394 --enable-libdrm --enable-libiec61883 --enable-chromaprint --enable-frei0r --enable-ladspa --enable-libbluray --enable-libjack --enable-libpulse --enable-librabbitmq --enable-librist --enable-libsrt --enable-libssh --enable-libsvtav1 --enable-libx264 --enable-libzmq --enable-libzvbi --enable-lv2 --enable-sdl2 --enable-libplacebo --enable-librav1e --enable-pocketsphinx --enable-librsvg --enable-libjxl --enable-shared
  libavutil      58. 29.100 / 58. 29.100
  libavcodec     60. 31.102 / 60. 31.102
  libavformat    60. 16.100 / 60. 16.100
  libavdevice    60.  3.100 / 60.  3.100
  libavfilter     9. 12.100 /  9. 12.100
  libswscale      7.  5.100 /  7.  5.100
  libswresample   4. 12.100 /  4. 12.100
  libpostproc    57.  3.100 / 57.  3.100
Input #0, mov,mp4,m4a,3gp,3g2,mj2, from '/data/vaishak/combined-kv-quant/results/runs/backfill_flowcache_native_soft_prune_int4_56d7f051182b_10s/videos/FLOWCACHE_NATIVE_SOFT_PRUNE_INT4/prompt_0000_seed_0.mp4':
  Metadata:
    major_brand     : isom
    minor_version   : 512
    compatible_brands: isomiso2avc1mp41
    encoder         : Lavf61.1.100
  Duration: 00:00:10.31, start: 0.000000, bitrate: 1091 kb/s
  Stream #0:0[0x1](und): Video: h264 (High) (avc1 / 0x31637661), yuv420p(progressive), 832x480, 1089 kb/s, 16 fps, 16 tbr, 16384 tbn (default)
    Metadata:
      handler_name    : VideoHandler
      vendor_id       : [0][0][0][0]
Stream mapping:
  Stream #0:0 -> #0:0 (h264 (native) -> h264 (libx264))
Press [q] to stop, [?] for help
[libx264 @ 0x58ace548e300] using cpu capabilities: MMX2 SSE2Fast SSSE3 SSE4.2 AVX FMA3 BMI2 AVX2
[libx264 @ 0x58ace548e300] profile High, level 3.0, 4:2:0, 8-bit
[libx264 @ 0x58ace548e300] 264 - core 164 r3108 31e19f9 - H.264/MPEG-4 AVC codec - Copyleft 2003-2023 - http://www.videolan.org/x264.html - options: cabac=1 ref=3 deblock=1:0:0 analyse=0x3:0x113 me=hex subme=7 psy=1 psy_rd=1.00:0.00 mixed_ref=1 me_range=16 chroma_me=1 trellis=1 8x8dct=1 cqm=0 deadzone=21,11 fast_pskip=1 chroma_qp_offset=-2 threads=15 lookahead_threads=2 sliced_threads=0 nr=0 decimate=1 interlaced=0 bluray_compat=0 constrained_intra=0 bframes=3 b_pyramid=2 b_adapt=1 b_bias=0 direct=1 weightb=1 open_gop=0 weightp=2 keyint=250 keyint_min=16 scenecut=40 intra_refresh=0 rc_lookahead=40 rc=crf mbtree=1 crf=23.0 qcomp=0.60 qpmin=0 qpmax=69 qpstep=4 ip_ratio=1.40 aq=1:1.00
Output #0, mp4, to '/data/vaishak/combined-kv-quant/results/combined/backfills/drift/moviegen/459cece3ca31ef52_FLOWCACHE_NATIVE_SOFT_PRUNE_INT4/FLOWCACHE_NATIVE_SOFT_PRUNE_INT4_frames_165/prompt_0000_seed_0.mp4':
  Metadata:
    major_brand     : isom
    minor_version   : 512
    compatible_brands: isomiso2avc1mp41
    encoder         : Lavf60.16.100
  Stream #0:0(und): Video: h264 (avc1 / 0x31637661), yuv420p(progressive), 832x480, q=2-31, 16 fps, 16384 tbn (default)
    Metadata:
      handler_name    : VideoHandler
      vendor_id       : [0][0][0][0]
      encoder         : Lavc60.31.102 libx264
    Side data:
      cpb: bitrate max/min/avg: 0/0/0 buffer size: 0 vbv_delay: N/A
frame=    0 fps=0.0 q=0.0 size=       0kB time=N/A bitrate=N/A speed=N/A    [out#0/mp4 @ 0x58ace5402000] video:2340kB audio:0kB subtitle:0kB other streams:0kB global headers:0kB muxing overhead: 0.118823%
frame=  165 fps=0.0 q=-1.0 Lsize=    2343kB time=00:00:10.12 bitrate=1895.4kbits/s speed=13.9x    
[libx264 @ 0x58ace548e300] frame I:1     Avg QP:23.96  size: 63170
[libx264 @ 0x58ace548e300] frame P:45    Avg QP:25.10  size: 30377
[libx264 @ 0x58ace548e300] frame B:119   Avg QP:28.31  size:  8111
[libx264 @ 0x58ace548e300] consecutive B-frames:  1.2%  6.1%  5.5% 87.3%
[libx264 @ 0x58ace548e300] mb I  I16..4:  1.7% 62.3% 36.0%
[libx264 @ 0x58ace548e300] mb P  I16..4:  2.6% 19.3%  5.4%  P16..4: 32.6% 26.0% 12.4%  0.0%  0.0%    skip: 1.8%
[libx264 @ 0x58ace548e300] mb B  I16..4:  0.5%  2.6%  0.6%  B16..8: 47.2% 14.4%  4.2%  direct: 4.7%  skip:25.9%  L0:44.4% L1:42.2% BI:13.4%
[libx264 @ 0x58ace548e300] 8x8 transform intra:70.0% inter:67.9%
[libx264 @ 0x58ace548e300] coded y,uvDC,uvAC intra: 74.2% 95.6% 71.3% inter: 31.3% 38.3% 8.0%
[libx264 @ 0x58ace548e300] i16 v,h,dc,p: 31% 19% 10% 40%
[libx264 @ 0x58ace548e300] i8 v,h,dc,ddl,ddr,vr,hd,vl,hu: 26% 18% 14%  5%  5%  8%  6%  8%  9%
[libx264 @ 0x58ace548e300] i4 v,h,dc,ddl,ddr,vr,hd,vl,hu: 28% 18% 14%  6%  6%  8%  7%  7%  6%
[libx264 @ 0x58ace548e300] i8c dc,h,v,p: 35% 19% 28% 18%
[libx264 @ 0x58ace548e300] Weighted P-Frames: Y:26.7% UV:20.0%
[libx264 @ 0x58ace548e300] ref P L0: 52.5% 24.9% 14.7%  6.2%  1.6%
[libx264 @ 0x58ace548e300] ref B L0: 92.2%  6.4%  1.4%
[libx264 @ 0x58ace548e300] ref B L1: 98.9%  1.1%
[libx264 @ 0x58ace548e300] kb/s:1858.19
ffmpeg version 6.1.1-3ubuntu5 Copyright (c) 2000-2023 the FFmpeg developers
  built with gcc 13 (Ubuntu 13.2.0-23ubuntu3)
  configuration: --prefix=/usr --extra-version=3ubuntu5 --toolchain=hardened --libdir=/usr/lib/x86_64-linux-gnu --incdir=/usr/include/x86_64-linux-gnu --arch=amd64 --enable-gpl --disable-stripping --disable-omx --enable-gnutls --enable-libaom --enable-libass --enable-libbs2b --enable-libcaca --enable-libcdio --enable-libcodec2 --enable-libdav1d --enable-libflite --enable-libfontconfig --enable-libfreetype --enable-libfribidi --enable-libglslang --enable-libgme --enable-libgsm --enable-libharfbuzz --enable-libmp3lame --enable-libmysofa --enable-libopenjpeg --enable-libopenmpt --enable-libopus --enable-librubberband --enable-libshine --enable-libsnappy --enable-libsoxr --enable-libspeex --enable-libtheora --enable-libtwolame --enable-libvidstab --enable-libvorbis --enable-libvpx --enable-libwebp --enable-libx265 --enable-libxml2 --enable-libxvid --enable-libzimg --enable-openal --enable-opencl --enable-opengl --disable-sndio --enable-libvpl --disable-libmfx --enable-libdc1394 --enable-libdrm --enable-libiec61883 --enable-chromaprint --enable-frei0r --enable-ladspa --enable-libbluray --enable-libjack --enable-libpulse --enable-librabbitmq --enable-librist --enable-libsrt --enable-libssh --enable-libsvtav1 --enable-libx264 --enable-libzmq --enable-libzvbi --enable-lv2 --enable-sdl2 --enable-libplacebo --enable-librav1e --enable-pocketsphinx --enable-librsvg --enable-libjxl --enable-shared
  libavutil      58. 29.100 / 58. 29.100
  libavcodec     60. 31.102 / 60. 31.102
  libavformat    60. 16.100 / 60. 16.100
  libavdevice    60.  3.100 / 60.  3.100
  libavfilter     9. 12.100 /  9. 12.100
  libswscale      7.  5.100 /  7.  5.100
  libswresample   4. 12.100 /  4. 12.100
  libpostproc    57.  3.100 / 57.  3.100
Input #0, mov,mp4,m4a,3gp,3g2,mj2, from '/data/vaishak/combined-kv-quant/results/runs/backfill_flowcache_native_soft_prune_int4_56d7f051182b_10s/videos/FLOWCACHE_NATIVE_SOFT_PRUNE_INT4/prompt_0001_seed_1.mp4':
  Metadata:
    major_brand     : isom
    minor_version   : 512
    compatible_brands: isomiso2avc1mp41
    encoder         : Lavf61.1.100
  Duration: 00:00:10.31, start: 0.000000, bitrate: 995 kb/s
  Stream #0:0[0x1](und): Video: h264 (High) (avc1 / 0x31637661), yuv420p(progressive), 832x480, 993 kb/s, 16 fps, 16 tbr, 16384 tbn (default)
    Metadata:
      handler_name    : VideoHandler
      vendor_id       : [0][0][0][0]
Stream mapping:
  Stream #0:0 -> #0:0 (h264 (native) -> h264 (libx264))
Press [q] to stop, [?] for help
[libx264 @ 0x59e58b4bd940] using cpu capabilities: MMX2 SSE2Fast SSSE3 SSE4.2 AVX FMA3 BMI2 AVX2
[libx264 @ 0x59e58b4bd940] profile High, level 3.0, 4:2:0, 8-bit
[libx264 @ 0x59e58b4bd940] 264 - core 164 r3108 31e19f9 - H.264/MPEG-4 AVC codec - Copyleft 2003-2023 - http://www.videolan.org/x264.html - options: cabac=1 ref=3 deblock=1:0:0 analyse=0x3:0x113 me=hex subme=7 psy=1 psy_rd=1.00:0.00 mixed_ref=1 me_range=16 chroma_me=1 trellis=1 8x8dct=1 cqm=0 deadzone=21,11 fast_pskip=1 chroma_qp_offset=-2 threads=15 lookahead_threads=2 sliced_threads=0 nr=0 decimate=1 interlaced=0 bluray_compat=0 constrained_intra=0 bframes=3 b_pyramid=2 b_adapt=1 b_bias=0 direct=1 weightb=1 open_gop=0 weightp=2 keyint=250 keyint_min=16 scenecut=40 intra_refresh=0 rc_lookahead=40 rc=crf mbtree=1 crf=23.0 qcomp=0.60 qpmin=0 qpmax=69 qpstep=4 ip_ratio=1.40 aq=1:1.00
Output #0, mp4, to '/data/vaishak/combined-kv-quant/results/combined/backfills/drift/moviegen/459cece3ca31ef52_FLOWCACHE_NATIVE_SOFT_PRUNE_INT4/FLOWCACHE_NATIVE_SOFT_PRUNE_INT4_frames_165/prompt_0001_seed_1.mp4':
  Metadata:
    major_brand     : isom
    minor_version   : 512
    compatible_brands: isomiso2avc1mp41
    encoder         : Lavf60.16.100
  Stream #0:0(und): Video: h264 (avc1 / 0x31637661), yuv420p(progressive), 832x480, q=2-31, 16 fps, 16384 tbn (default)
    Metadata:
      handler_name    : VideoHandler
      vendor_id       : [0][0][0][0]
      encoder         : Lavc60.31.102 libx264
    Side data:
      cpb: bitrate max/min/avg: 0/0/0 buffer size: 0 vbv_delay: N/A
frame=    0 fps=0.0 q=0.0 size=       0kB time=N/A bitrate=N/A speed=N/A    [out#0/mp4 @ 0x59e58b432d40] video:1656kB audio:0kB subtitle:0kB other streams:0kB global headers:0kB muxing overhead: 0.164585%
frame=  165 fps=0.0 q=-1.0 Lsize=    1659kB time=00:00:10.12 bitrate=1342.1kbits/s speed=16.5x    
[libx264 @ 0x59e58b4bd940] frame I:1     Avg QP:22.54  size: 64962
[libx264 @ 0x59e58b4bd940] frame P:56    Avg QP:22.90  size: 22184
[libx264 @ 0x59e58b4bd940] frame B:108   Avg QP:26.76  size:  3591
[libx264 @ 0x59e58b4bd940] consecutive B-frames:  6.1% 17.0%  9.1% 67.9%
[libx264 @ 0x59e58b4bd940] mb I  I16..4:  0.6% 70.8% 28.6%
[libx264 @ 0x59e58b4bd940] mb P  I16..4:  0.7%  3.4%  0.8%  P16..4: 43.5% 28.4% 15.8%  0.0%  0.0%    skip: 7.4%
[libx264 @ 0x59e58b4bd940] mb B  I16..4:  0.1%  0.3%  0.0%  B16..8: 50.3%  6.5%  2.1%  direct: 2.0%  skip:38.7%  L0:45.8% L1:43.7% BI:10.5%
[libx264 @ 0x59e58b4bd940] 8x8 transform intra:69.8% inter:62.6%
[libx264 @ 0x59e58b4bd940] coded y,uvDC,uvAC intra: 70.3% 77.5% 34.5% inter: 25.3% 15.0% 0.2%
[libx264 @ 0x59e58b4bd940] i16 v,h,dc,p: 18% 46% 15% 22%
[libx264 @ 0x59e58b4bd940] i8 v,h,dc,ddl,ddr,vr,hd,vl,hu: 10% 28% 23%  3%  7%  5% 11%  4%  9%
[libx264 @ 0x59e58b4bd940] i4 v,h,dc,ddl,ddr,vr,hd,vl,hu:  9% 24% 11%  6% 10%  7% 15%  6% 12%
[libx264 @ 0x59e58b4bd940] i8c dc,h,v,p: 46% 33% 13%  8%
[libx264 @ 0x59e58b4bd940] Weighted P-Frames: Y:23.2% UV:10.7%
[libx264 @ 0x59e58b4bd940] ref P L0: 59.7% 25.6% 11.6%  2.6%  0.4%
[libx264 @ 0x59e58b4bd940] ref B L0: 96.0%  3.6%  0.4%
[libx264 @ 0x59e58b4bd940] ref B L1: 98.7%  1.3%
[libx264 @ 0x59e58b4bd940] kb/s:1314.98
ffmpeg version 6.1.1-3ubuntu5 Copyright (c) 2000-2023 the FFmpeg developers
  built with gcc 13 (Ubuntu 13.2.0-23ubuntu3)
  configuration: --prefix=/usr --extra-version=3ubuntu5 --toolchain=hardened --libdir=/usr/lib/x86_64-linux-gnu --incdir=/usr/include/x86_64-linux-gnu --arch=amd64 --enable-gpl --disable-stripping --disable-omx --enable-gnutls --enable-libaom --enable-libass --enable-libbs2b --enable-libcaca --enable-libcdio --enable-libcodec2 --enable-libdav1d --enable-libflite --enable-libfontconfig --enable-libfreetype --enable-libfribidi --enable-libglslang --enable-libgme --enable-libgsm --enable-libharfbuzz --enable-libmp3lame --enable-libmysofa --enable-libopenjpeg --enable-libopenmpt --enable-libopus --enable-librubberband --enable-libshine --enable-libsnappy --enable-libsoxr --enable-libspeex --enable-libtheora --enable-libtwolame --enable-libvidstab --enable-libvorbis --enable-libvpx --enable-libwebp --enable-libx265 --enable-libxml2 --enable-libxvid --enable-libzimg --enable-openal --enable-opencl --enable-opengl --disable-sndio --enable-libvpl --disable-libmfx --enable-libdc1394 --enable-libdrm --enable-libiec61883 --enable-chromaprint --enable-frei0r --enable-ladspa --enable-libbluray --enable-libjack --enable-libpulse --enable-librabbitmq --enable-librist --enable-libsrt --enable-libssh --enable-libsvtav1 --enable-libx264 --enable-libzmq --enable-libzvbi --enable-lv2 --enable-sdl2 --enable-libplacebo --enable-librav1e --enable-pocketsphinx --enable-librsvg --enable-libjxl --enable-shared
  libavutil      58. 29.100 / 58. 29.100
  libavcodec     60. 31.102 / 60. 31.102
  libavformat    60. 16.100 / 60. 16.100
  libavdevice    60.  3.100 / 60.  3.100
  libavfilter     9. 12.100 /  9. 12.100
  libswscale      7.  5.100 /  7.  5.100
  libswresample   4. 12.100 /  4. 12.100
  libpostproc    57.  3.100 / 57.  3.100
Input #0, mov,mp4,m4a,3gp,3g2,mj2, from '/data/vaishak/combined-kv-quant/results/runs/backfill_flowcache_native_soft_prune_int4_56d7f051182b_10s/videos/FLOWCACHE_NATIVE_SOFT_PRUNE_INT4/prompt_0002_seed_2.mp4':
  Metadata:
    major_brand     : isom
    minor_version   : 512
    compatible_brands: isomiso2avc1mp41
    encoder         : Lavf61.1.100
  Duration: 00:00:10.31, start: 0.000000, bitrate: 1060 kb/s
  Stream #0:0[0x1](und): Video: h264 (High) (avc1 / 0x31637661), yuv420p(progressive), 832x480, 1057 kb/s, 16 fps, 16 tbr, 16384 tbn (default)
    Metadata:
      handler_name    : VideoHandler
      vendor_id       : [0][0][0][0]
Stream mapping:
  Stream #0:0 -> #0:0 (h264 (native) -> h264 (libx264))
Press [q] to stop, [?] for help
[libx264 @ 0x5f1328e80600] using cpu capabilities: MMX2 SSE2Fast SSSE3 SSE4.2 AVX FMA3 BMI2 AVX2
[libx264 @ 0x5f1328e80600] profile High, level 3.0, 4:2:0, 8-bit
[libx264 @ 0x5f1328e80600] 264 - core 164 r3108 31e19f9 - H.264/MPEG-4 AVC codec - Copyleft 2003-2023 - http://www.videolan.org/x264.html - options: cabac=1 ref=3 deblock=1:0:0 analyse=0x3:0x113 me=hex subme=7 psy=1 psy_rd=1.00:0.00 mixed_ref=1 me_range=16 chroma_me=1 trellis=1 8x8dct=1 cqm=0 deadzone=21,11 fast_pskip=1 chroma_qp_offset=-2 threads=15 lookahead_threads=2 sliced_threads=0 nr=0 decimate=1 interlaced=0 bluray_compat=0 constrained_intra=0 bframes=3 b_pyramid=2 b_adapt=1 b_bias=0 direct=1 weightb=1 open_gop=0 weightp=2 keyint=250 keyint_min=16 scenecut=40 intra_refresh=0 rc_lookahead=40 rc=crf mbtree=1 crf=23.0 qcomp=0.60 qpmin=0 qpmax=69 qpstep=4 ip_ratio=1.40 aq=1:1.00
Output #0, mp4, to '/data/vaishak/combined-kv-quant/results/combined/backfills/drift/moviegen/459cece3ca31ef52_FLOWCACHE_NATIVE_SOFT_PRUNE_INT4/FLOWCACHE_NATIVE_SOFT_PRUNE_INT4_frames_165/prompt_0002_seed_2.mp4':
  Metadata:
    major_brand     : isom
    minor_version   : 512
    compatible_brands: isomiso2avc1mp41
    encoder         : Lavf60.16.100
  Stream #0:0(und): Video: h264 (avc1 / 0x31637661), yuv420p(progressive), 832x480, q=2-31, 16 fps, 16384 tbn (default)
    Metadata:
      handler_name    : VideoHandler
      vendor_id       : [0][0][0][0]
      encoder         : Lavc60.31.102 libx264
    Side data:
      cpb: bitrate max/min/avg: 0/0/0 buffer size: 0 vbv_delay: N/A
frame=    0 fps=0.0 q=0.0 size=       0kB time=N/A bitrate=N/A speed=N/A    [out#0/mp4 @ 0x5f1328e7f100] video:1472kB audio:0kB subtitle:0kB other streams:0kB global headers:0kB muxing overhead: 0.188625%
frame=  165 fps=0.0 q=-1.0 Lsize=    1475kB time=00:00:10.12 bitrate=1193.1kbits/s speed=16.9x    
[libx264 @ 0x5f1328e80600] frame I:2     Avg QP:20.86  size: 26518
[libx264 @ 0x5f1328e80600] frame P:45    Avg QP:22.33  size: 15976
[libx264 @ 0x5f1328e80600] frame B:118   Avg QP:25.07  size:  6225
[libx264 @ 0x5f1328e80600] consecutive B-frames:  1.8%  7.3%  3.6% 87.3%
[libx264 @ 0x5f1328e80600] mb I  I16..4: 35.4% 50.3% 14.3%
[libx264 @ 0x5f1328e80600] mb P  I16..4:  7.1%  9.7%  2.9%  P16..4: 45.6% 16.3%  7.0%  0.0%  0.0%    skip:11.3%
[libx264 @ 0x5f1328e80600] mb B  I16..4:  0.5%  1.4%  0.6%  B16..8: 41.7%  9.1%  2.6%  direct: 4.1%  skip:40.2%  L0:47.6% L1:42.5% BI: 9.9%
[libx264 @ 0x5f1328e80600] 8x8 transform intra:51.2% inter:68.5%
[libx264 @ 0x5f1328e80600] coded y,uvDC,uvAC intra: 56.2% 76.3% 40.0% inter: 19.8% 30.5% 5.6%
[libx264 @ 0x5f1328e80600] i16 v,h,dc,p:  3% 50%  2% 44%
[libx264 @ 0x5f1328e80600] i8 v,h,dc,ddl,ddr,vr,hd,vl,hu: 14% 27% 18%  5%  6%  8%  7%  7%  8%
[libx264 @ 0x5f1328e80600] i4 v,h,dc,ddl,ddr,vr,hd,vl,hu: 15% 21% 13%  7% 10% 10%  9%  7%  7%
[libx264 @ 0x5f1328e80600] i8c dc,h,v,p: 35% 39% 14% 12%
[libx264 @ 0x5f1328e80600] Weighted P-Frames: Y:15.6% UV:8.9%
[libx264 @ 0x5f1328e80600] ref P L0: 56.3% 13.1% 21.1%  8.6%  0.9%
[libx264 @ 0x5f1328e80600] ref B L0: 87.6%  9.9%  2.5%
[libx264 @ 0x5f1328e80600] ref B L1: 98.0%  2.0%
[libx264 @ 0x5f1328e80600] kb/s:1168.70
ffmpeg version 6.1.1-3ubuntu5 Copyright (c) 2000-2023 the FFmpeg developers
  built with gcc 13 (Ubuntu 13.2.0-23ubuntu3)
  configuration: --prefix=/usr --extra-version=3ubuntu5 --toolchain=hardened --libdir=/usr/lib/x86_64-linux-gnu --incdir=/usr/include/x86_64-linux-gnu --arch=amd64 --enable-gpl --disable-stripping --disable-omx --enable-gnutls --enable-libaom --enable-libass --enable-libbs2b --enable-libcaca --enable-libcdio --enable-libcodec2 --enable-libdav1d --enable-libflite --enable-libfontconfig --enable-libfreetype --enable-libfribidi --enable-libglslang --enable-libgme --enable-libgsm --enable-libharfbuzz --enable-libmp3lame --enable-libmysofa --enable-libopenjpeg --enable-libopenmpt --enable-libopus --enable-librubberband --enable-libshine --enable-libsnappy --enable-libsoxr --enable-libspeex --enable-libtheora --enable-libtwolame --enable-libvidstab --enable-libvorbis --enable-libvpx --enable-libwebp --enable-libx265 --enable-libxml2 --enable-libxvid --enable-libzimg --enable-openal --enable-opencl --enable-opengl --disable-sndio --enable-libvpl --disable-libmfx --enable-libdc1394 --enable-libdrm --enable-libiec61883 --enable-chromaprint --enable-frei0r --enable-ladspa --enable-libbluray --enable-libjack --enable-libpulse --enable-librabbitmq --enable-librist --enable-libsrt --enable-libssh --enable-libsvtav1 --enable-libx264 --enable-libzmq --enable-libzvbi --enable-lv2 --enable-sdl2 --enable-libplacebo --enable-librav1e --enable-pocketsphinx --enable-librsvg --enable-libjxl --enable-shared
  libavutil      58. 29.100 / 58. 29.100
  libavcodec     60. 31.102 / 60. 31.102
  libavformat    60. 16.100 / 60. 16.100
  libavdevice    60.  3.100 / 60.  3.100
  libavfilter     9. 12.100 /  9. 12.100
  libswscale      7.  5.100 /  7.  5.100
  libswresample   4. 12.100 /  4. 12.100
  libpostproc    57.  3.100 / 57.  3.100
Input #0, mov,mp4,m4a,3gp,3g2,mj2, from '/data/vaishak/combined-kv-quant/results/runs/backfill_flowcache_native_soft_prune_int4_56d7f051182b_10s/videos/FLOWCACHE_NATIVE_SOFT_PRUNE_INT4/prompt_0003_seed_3.mp4':
  Metadata:
    major_brand     : isom
    minor_version   : 512
    compatible_brands: isomiso2avc1mp41
    encoder         : Lavf61.1.100
  Duration: 00:00:10.31, start: 0.000000, bitrate: 1009 kb/s
  Stream #0:0[0x1](und): Video: h264 (High) (avc1 / 0x31637661), yuv420p(progressive), 832x480, 1007 kb/s, 16 fps, 16 tbr, 16384 tbn (default)
    Metadata:
      handler_name    : VideoHandler
      vendor_id       : [0][0][0][0]
Stream mapping:
  Stream #0:0 -> #0:0 (h264 (native) -> h264 (libx264))
Press [q] to stop, [?] for help
[libx264 @ 0x5d86444db240] using cpu capabilities: MMX2 SSE2Fast SSSE3 SSE4.2 AVX FMA3 BMI2 AVX2
[libx264 @ 0x5d86444db240] profile High, level 3.0, 4:2:0, 8-bit
[libx264 @ 0x5d86444db240] 264 - core 164 r3108 31e19f9 - H.264/MPEG-4 AVC codec - Copyleft 2003-2023 - http://www.videolan.org/x264.html - options: cabac=1 ref=3 deblock=1:0:0 analyse=0x3:0x113 me=hex subme=7 psy=1 psy_rd=1.00:0.00 mixed_ref=1 me_range=16 chroma_me=1 trellis=1 8x8dct=1 cqm=0 deadzone=21,11 fast_pskip=1 chroma_qp_offset=-2 threads=15 lookahead_threads=2 sliced_threads=0 nr=0 decimate=1 interlaced=0 bluray_compat=0 constrained_intra=0 bframes=3 b_pyramid=2 b_adapt=1 b_bias=0 direct=1 weightb=1 open_gop=0 weightp=2 keyint=250 keyint_min=16 scenecut=40 intra_refresh=0 rc_lookahead=40 rc=crf mbtree=1 crf=23.0 qcomp=0.60 qpmin=0 qpmax=69 qpstep=4 ip_ratio=1.40 aq=1:1.00
Output #0, mp4, to '/data/vaishak/combined-kv-quant/results/combined/backfills/drift/moviegen/459cece3ca31ef52_FLOWCACHE_NATIVE_SOFT_PRUNE_INT4/FLOWCACHE_NATIVE_SOFT_PRUNE_INT4_frames_165/prompt_0003_seed_3.mp4':
  Metadata:
    major_brand     : isom
    minor_version   : 512
    compatible_brands: isomiso2avc1mp41
    encoder         : Lavf60.16.100
  Stream #0:0(und): Video: h264 (avc1 / 0x31637661), yuv420p(progressive), 832x480, q=2-31, 16 fps, 16384 tbn (default)
    Metadata:
      handler_name    : VideoHandler
      vendor_id       : [0][0][0][0]
      encoder         : Lavc60.31.102 libx264
    Side data:
      cpb: bitrate max/min/avg: 0/0/0 buffer size: 0 vbv_delay: N/A
frame=    0 fps=0.0 q=0.0 size=       0kB time=N/A bitrate=N/A speed=N/A    [out#0/mp4 @ 0x5d864444f000] video:2005kB audio:0kB subtitle:0kB other streams:0kB global headers:0kB muxing overhead: 0.137706%
frame=  165 fps=0.0 q=-1.0 Lsize=    2008kB time=00:00:10.12 bitrate=1624.3kbits/s speed=14.3x    
[libx264 @ 0x5d86444db240] frame I:2     Avg QP:22.03  size: 57060
[libx264 @ 0x5d86444db240] frame P:46    Avg QP:23.78  size: 28212
[libx264 @ 0x5d86444db240] frame B:117   Avg QP:26.76  size:  5473
[libx264 @ 0x5d86444db240] consecutive B-frames:  3.0%  4.8%  7.3% 84.8%
[libx264 @ 0x5d86444db240] mb I  I16..4: 14.3% 58.1% 27.5%
[libx264 @ 0x5d86444db240] mb P  I16..4:  2.5% 11.4%  2.4%  P16..4: 37.6% 25.8% 13.9%  0.0%  0.0%    skip: 6.5%
[libx264 @ 0x5d86444db240] mb B  I16..4:  0.1%  0.3%  0.1%  B16..8: 48.9%  8.9%  2.9%  direct: 2.9%  skip:35.8%  L0:48.0% L1:40.3% BI:11.7%
[libx264 @ 0x5d86444db240] 8x8 transform intra:67.0% inter:64.9%
[libx264 @ 0x5d86444db240] coded y,uvDC,uvAC intra: 79.0% 89.6% 48.3% inter: 27.6% 24.2% 0.8%
[libx264 @ 0x5d86444db240] i16 v,h,dc,p:  1% 59%  2% 38%
[libx264 @ 0x5d86444db240] i8 v,h,dc,ddl,ddr,vr,hd,vl,hu:  7% 25% 13%  6%  9%  6% 16%  7% 11%
[libx264 @ 0x5d86444db240] i4 v,h,dc,ddl,ddr,vr,hd,vl,hu:  9% 24% 12%  7% 10%  6% 15%  6% 11%
[libx264 @ 0x5d86444db240] i8c dc,h,v,p: 38% 34% 11% 17%
[libx264 @ 0x5d86444db240] Weighted P-Frames: Y:34.8% UV:15.2%
[libx264 @ 0x5d86444db240] ref P L0: 52.8% 28.9% 13.3%  3.9%  1.0%
[libx264 @ 0x5d86444db240] ref B L0: 93.6%  5.6%  0.9%
[libx264 @ 0x5d86444db240] ref B L1: 99.3%  0.7%
[libx264 @ 0x5d86444db240] kb/s:1592.03
ffmpeg version 6.1.1-3ubuntu5 Copyright (c) 2000-2023 the FFmpeg developers
  built with gcc 13 (Ubuntu 13.2.0-23ubuntu3)
  configuration: --prefix=/usr --extra-version=3ubuntu5 --toolchain=hardened --libdir=/usr/lib/x86_64-linux-gnu --incdir=/usr/include/x86_64-linux-gnu --arch=amd64 --enable-gpl --disable-stripping --disable-omx --enable-gnutls --enable-libaom --enable-libass --enable-libbs2b --enable-libcaca --enable-libcdio --enable-libcodec2 --enable-libdav1d --enable-libflite --enable-libfontconfig --enable-libfreetype --enable-libfribidi --enable-libglslang --enable-libgme --enable-libgsm --enable-libharfbuzz --enable-libmp3lame --enable-libmysofa --enable-libopenjpeg --enable-libopenmpt --enable-libopus --enable-librubberband --enable-libshine --enable-libsnappy --enable-libsoxr --enable-libspeex --enable-libtheora --enable-libtwolame --enable-libvidstab --enable-libvorbis --enable-libvpx --enable-libwebp --enable-libx265 --enable-libxml2 --enable-libxvid --enable-libzimg --enable-openal --enable-opencl --enable-opengl --disable-sndio --enable-libvpl --disable-libmfx --enable-libdc1394 --enable-libdrm --enable-libiec61883 --enable-chromaprint --enable-frei0r --enable-ladspa --enable-libbluray --enable-libjack --enable-libpulse --enable-librabbitmq --enable-librist --enable-libsrt --enable-libssh --enable-libsvtav1 --enable-libx264 --enable-libzmq --enable-libzvbi --enable-lv2 --enable-sdl2 --enable-libplacebo --enable-librav1e --enable-pocketsphinx --enable-librsvg --enable-libjxl --enable-shared
  libavutil      58. 29.100 / 58. 29.100
  libavcodec     60. 31.102 / 60. 31.102
  libavformat    60. 16.100 / 60. 16.100
  libavdevice    60.  3.100 / 60.  3.100
  libavfilter     9. 12.100 /  9. 12.100
  libswscale      7.  5.100 /  7.  5.100
  libswresample   4. 12.100 /  4. 12.100
  libpostproc    57.  3.100 / 57.  3.100
Input #0, mov,mp4,m4a,3gp,3g2,mj2, from '/data/vaishak/combined-kv-quant/results/runs/backfill_flowcache_native_soft_prune_int4_56d7f051182b_10s/videos/FLOWCACHE_NATIVE_SOFT_PRUNE_INT4/prompt_0004_seed_4.mp4':
  Metadata:
    major_brand     : isom
    minor_version   : 512
    compatible_brands: isomiso2avc1mp41
    encoder         : Lavf61.1.100
  Duration: 00:00:10.31, start: 0.000000, bitrate: 1007 kb/s
  Stream #0:0[0x1](und): Video: h264 (High) (avc1 / 0x31637661), yuv420p(progressive), 832x480, 1005 kb/s, 16 fps, 16 tbr, 16384 tbn (default)
    Metadata:
      handler_name    : VideoHandler
      vendor_id       : [0][0][0][0]
Stream mapping:
  Stream #0:0 -> #0:0 (h264 (native) -> h264 (libx264))
Press [q] to stop, [?] for help
[libx264 @ 0x5ccf7f185140] using cpu capabilities: MMX2 SSE2Fast SSSE3 SSE4.2 AVX FMA3 BMI2 AVX2
[libx264 @ 0x5ccf7f185140] profile High, level 3.0, 4:2:0, 8-bit
[libx264 @ 0x5ccf7f185140] 264 - core 164 r3108 31e19f9 - H.264/MPEG-4 AVC codec - Copyleft 2003-2023 - http://www.videolan.org/x264.html - options: cabac=1 ref=3 deblock=1:0:0 analyse=0x3:0x113 me=hex subme=7 psy=1 psy_rd=1.00:0.00 mixed_ref=1 me_range=16 chroma_me=1 trellis=1 8x8dct=1 cqm=0 deadzone=21,11 fast_pskip=1 chroma_qp_offset=-2 threads=15 lookahead_threads=2 sliced_threads=0 nr=0 decimate=1 interlaced=0 bluray_compat=0 constrained_intra=0 bframes=3 b_pyramid=2 b_adapt=1 b_bias=0 direct=1 weightb=1 open_gop=0 weightp=2 keyint=250 keyint_min=16 scenecut=40 intra_refresh=0 rc_lookahead=40 rc=crf mbtree=1 crf=23.0 qcomp=0.60 qpmin=0 qpmax=69 qpstep=4 ip_ratio=1.40 aq=1:1.00
Output #0, mp4, to '/data/vaishak/combined-kv-quant/results/combined/backfills/drift/moviegen/459cece3ca31ef52_FLOWCACHE_NATIVE_SOFT_PRUNE_INT4/FLOWCACHE_NATIVE_SOFT_PRUNE_INT4_frames_165/prompt_0004_seed_4.mp4':
  Metadata:
    major_brand     : isom
    minor_version   : 512
    compatible_brands: isomiso2avc1mp41
    encoder         : Lavf60.16.100
  Stream #0:0(und): Video: h264 (avc1 / 0x31637661), yuv420p(progressive), 832x480, q=2-31, 16 fps, 16384 tbn (default)
    Metadata:
      handler_name    : VideoHandler
      vendor_id       : [0][0][0][0]
      encoder         : Lavc60.31.102 libx264
    Side data:
      cpb: bitrate max/min/avg: 0/0/0 buffer size: 0 vbv_delay: N/A
frame=    0 fps=0.0 q=0.0 size=       0kB time=N/A bitrate=N/A speed=N/A    [out#0/mp4 @ 0x5ccf7f184000] video:1103kB audio:0kB subtitle:0kB other streams:0kB global headers:0kB muxing overhead: 0.252477%
frame=  165 fps=0.0 q=-1.0 Lsize=    1106kB time=00:00:10.12 bitrate= 894.5kbits/s speed=16.6x    
[libx264 @ 0x5ccf7f185140] frame I:2     Avg QP:20.04  size: 35060
[libx264 @ 0x5ccf7f185140] frame P:45    Avg QP:21.46  size: 15229
[libx264 @ 0x5ccf7f185140] frame B:118   Avg QP:25.21  size:  3162
[libx264 @ 0x5ccf7f185140] consecutive B-frames:  2.4%  6.1%  1.8% 89.7%
[libx264 @ 0x5ccf7f185140] mb I  I16..4: 13.2% 71.7% 15.1%
[libx264 @ 0x5ccf7f185140] mb P  I16..4:  2.3%  5.1%  1.0%  P16..4: 47.6% 21.5% 11.4%  0.0%  0.0%    skip:11.1%
[libx264 @ 0x5ccf7f185140] mb B  I16..4:  0.3%  0.7%  0.1%  B16..8: 36.2%  6.7%  1.7%  direct: 2.0%  skip:52.2%  L0:47.2% L1:44.1% BI: 8.7%
[libx264 @ 0x5ccf7f185140] 8x8 transform intra:64.2% inter:74.1%
[libx264 @ 0x5ccf7f185140] coded y,uvDC,uvAC intra: 57.2% 86.7% 49.9% inter: 16.9% 26.3% 2.0%
[libx264 @ 0x5ccf7f185140] i16 v,h,dc,p: 31% 29%  6% 34%
[libx264 @ 0x5ccf7f185140] i8 v,h,dc,ddl,ddr,vr,hd,vl,hu: 24% 20% 17%  5%  5%  7%  7%  8%  6%
[libx264 @ 0x5ccf7f185140] i4 v,h,dc,ddl,ddr,vr,hd,vl,hu: 16% 18% 13%  8% 11%  8% 12%  9%  7%
[libx264 @ 0x5ccf7f185140] i8c dc,h,v,p: 31% 25% 27% 17%
[libx264 @ 0x5ccf7f185140] Weighted P-Frames: Y:22.2% UV:17.8%
[libx264 @ 0x5ccf7f185140] ref P L0: 51.7% 18.3% 19.2%  8.8%  2.0%
[libx264 @ 0x5ccf7f185140] ref B L0: 87.1% 10.5%  2.4%
[libx264 @ 0x5ccf7f185140] ref B L1: 97.0%  3.0%
[libx264 @ 0x5ccf7f185140] kb/s:875.46
ffmpeg version 6.1.1-3ubuntu5 Copyright (c) 2000-2023 the FFmpeg developers
  built with gcc 13 (Ubuntu 13.2.0-23ubuntu3)
  configuration: --prefix=/usr --extra-version=3ubuntu5 --toolchain=hardened --libdir=/usr/lib/x86_64-linux-gnu --incdir=/usr/include/x86_64-linux-gnu --arch=amd64 --enable-gpl --disable-stripping --disable-omx --enable-gnutls --enable-libaom --enable-libass --enable-libbs2b --enable-libcaca --enable-libcdio --enable-libcodec2 --enable-libdav1d --enable-libflite --enable-libfontconfig --enable-libfreetype --enable-libfribidi --enable-libglslang --enable-libgme --enable-libgsm --enable-libharfbuzz --enable-libmp3lame --enable-libmysofa --enable-libopenjpeg --enable-libopenmpt --enable-libopus --enable-librubberband --enable-libshine --enable-libsnappy --enable-libsoxr --enable-libspeex --enable-libtheora --enable-libtwolame --enable-libvidstab --enable-libvorbis --enable-libvpx --enable-libwebp --enable-libx265 --enable-libxml2 --enable-libxvid --enable-libzimg --enable-openal --enable-opencl --enable-opengl --disable-sndio --enable-libvpl --disable-libmfx --enable-libdc1394 --enable-libdrm --enable-libiec61883 --enable-chromaprint --enable-frei0r --enable-ladspa --enable-libbluray --enable-libjack --enable-libpulse --enable-librabbitmq --enable-librist --enable-libsrt --enable-libssh --enable-libsvtav1 --enable-libx264 --enable-libzmq --enable-libzvbi --enable-lv2 --enable-sdl2 --enable-libplacebo --enable-librav1e --enable-pocketsphinx --enable-librsvg --enable-libjxl --enable-shared
  libavutil      58. 29.100 / 58. 29.100
  libavcodec     60. 31.102 / 60. 31.102
  libavformat    60. 16.100 / 60. 16.100
  libavdevice    60.  3.100 / 60.  3.100
  libavfilter     9. 12.100 /  9. 12.100
  libswscale      7.  5.100 /  7.  5.100
  libswresample   4. 12.100 /  4. 12.100
  libpostproc    57.  3.100 / 57.  3.100
Input #0, mov,mp4,m4a,3gp,3g2,mj2, from '/data/vaishak/combined-kv-quant/results/runs/backfill_flowcache_native_soft_prune_int4_56d7f051182b_10s/videos/FLOWCACHE_NATIVE_SOFT_PRUNE_INT4/prompt_0005_seed_5.mp4':
  Metadata:
    major_brand     : isom
    minor_version   : 512
    compatible_brands: isomiso2avc1mp41
    encoder         : Lavf61.1.100
  Duration: 00:00:10.31, start: 0.000000, bitrate: 1064 kb/s
  Stream #0:0[0x1](und): Video: h264 (High) (avc1 / 0x31637661), yuv420p(progressive), 832x480, 1061 kb/s, 16 fps, 16 tbr, 16384 tbn (default)
    Metadata:
      handler_name    : VideoHandler
      vendor_id       : [0][0][0][0]
Stream mapping:
  Stream #0:0 -> #0:0 (h264 (native) -> h264 (libx264))
Press [q] to stop, [?] for help
[libx264 @ 0x6122da28a180] using cpu capabilities: MMX2 SSE2Fast SSSE3 SSE4.2 AVX FMA3 BMI2 AVX2
[libx264 @ 0x6122da28a180] profile High, level 3.0, 4:2:0, 8-bit
[libx264 @ 0x6122da28a180] 264 - core 164 r3108 31e19f9 - H.264/MPEG-4 AVC codec - Copyleft 2003-2023 - http://www.videolan.org/x264.html - options: cabac=1 ref=3 deblock=1:0:0 analyse=0x3:0x113 me=hex subme=7 psy=1 psy_rd=1.00:0.00 mixed_ref=1 me_range=16 chroma_me=1 trellis=1 8x8dct=1 cqm=0 deadzone=21,11 fast_pskip=1 chroma_qp_offset=-2 threads=15 lookahead_threads=2 sliced_threads=0 nr=0 decimate=1 interlaced=0 bluray_compat=0 constrained_intra=0 bframes=3 b_pyramid=2 b_adapt=1 b_bias=0 direct=1 weightb=1 open_gop=0 weightp=2 keyint=250 keyint_min=16 scenecut=40 intra_refresh=0 rc_lookahead=40 rc=crf mbtree=1 crf=23.0 qcomp=0.60 qpmin=0 qpmax=69 qpstep=4 ip_ratio=1.40 aq=1:1.00
Output #0, mp4, to '/data/vaishak/combined-kv-quant/results/combined/backfills/drift/moviegen/459cece3ca31ef52_FLOWCACHE_NATIVE_SOFT_PRUNE_INT4/FLOWCACHE_NATIVE_SOFT_PRUNE_INT4_frames_165/prompt_0005_seed_5.mp4':
  Metadata:
    major_brand     : isom
    minor_version   : 512
    compatible_brands: isomiso2avc1mp41
    encoder         : Lavf60.16.100
  Stream #0:0(und): Video: h264 (avc1 / 0x31637661), yuv420p(progressive), 832x480, q=2-31, 16 fps, 16384 tbn (default)
    Metadata:
      handler_name    : VideoHandler
      vendor_id       : [0][0][0][0]
      encoder         : Lavc60.31.102 libx264
    Side data:
      cpb: bitrate max/min/avg: 0/0/0 buffer size: 0 vbv_delay: N/A
frame=    0 fps=0.0 q=0.0 size=       0kB time=N/A bitrate=N/A speed=N/A    [out#0/mp4 @ 0x6122da1f0000] video:2691kB audio:0kB subtitle:0kB other streams:0kB global headers:0kB muxing overhead: 0.103302%
frame=  165 fps=0.0 q=-1.0 Lsize=    2694kB time=00:00:10.12 bitrate=2179.8kbits/s speed=12.6x    
[libx264 @ 0x6122da28a180] frame I:1     Avg QP:23.20  size:116524
[libx264 @ 0x6122da28a180] frame P:47    Avg QP:24.09  size: 40103
[libx264 @ 0x6122da28a180] frame B:117   Avg QP:28.59  size:  6444
[libx264 @ 0x6122da28a180] consecutive B-frames:  3.0%  6.1%  3.6% 87.3%
[libx264 @ 0x6122da28a180] mb I  I16..4:  1.1% 35.6% 63.3%
[libx264 @ 0x6122da28a180] mb P  I16..4:  0.7%  4.0%  2.2%  P16..4: 36.4% 29.2% 21.6%  0.0%  0.0%    skip: 5.9%
[libx264 @ 0x6122da28a180] mb B  I16..4:  0.1%  0.3%  0.2%  B16..8: 46.0%  8.7%  4.8%  direct: 2.8%  skip:37.2%  L0:47.9% L1:39.4% BI:12.6%
[libx264 @ 0x6122da28a180] 8x8 transform intra:52.4% inter:52.5%
[libx264 @ 0x6122da28a180] coded y,uvDC,uvAC intra: 81.8% 96.6% 85.6% inter: 26.7% 29.9% 8.3%
[libx264 @ 0x6122da28a180] i16 v,h,dc,p: 15% 37% 28% 20%
[libx264 @ 0x6122da28a180] i8 v,h,dc,ddl,ddr,vr,hd,vl,hu: 15% 19% 21%  5%  7%  9%  8%  8% 10%
[libx264 @ 0x6122da28a180] i4 v,h,dc,ddl,ddr,vr,hd,vl,hu: 18% 14% 14%  7% 10% 11%  8% 10%  9%
[libx264 @ 0x6122da28a180] i8c dc,h,v,p: 43% 26% 15% 16%
[libx264 @ 0x6122da28a180] Weighted P-Frames: Y:44.7% UV:25.5%
[libx264 @ 0x6122da28a180] ref P L0: 54.2% 25.3% 13.9%  4.7%  1.9%
[libx264 @ 0x6122da28a180] ref B L0: 90.0%  8.5%  1.5%
[libx264 @ 0x6122da28a180] ref B L1: 98.8%  1.2%
[libx264 @ 0x6122da28a180] kb/s:2137.45
ffmpeg version 6.1.1-3ubuntu5 Copyright (c) 2000-2023 the FFmpeg developers
  built with gcc 13 (Ubuntu 13.2.0-23ubuntu3)
  configuration: --prefix=/usr --extra-version=3ubuntu5 --toolchain=hardened --libdir=/usr/lib/x86_64-linux-gnu --incdir=/usr/include/x86_64-linux-gnu --arch=amd64 --enable-gpl --disable-stripping --disable-omx --enable-gnutls --enable-libaom --enable-libass --enable-libbs2b --enable-libcaca --enable-libcdio --enable-libcodec2 --enable-libdav1d --enable-libflite --enable-libfontconfig --enable-libfreetype --enable-libfribidi --enable-libglslang --enable-libgme --enable-libgsm --enable-libharfbuzz --enable-libmp3lame --enable-libmysofa --enable-libopenjpeg --enable-libopenmpt --enable-libopus --enable-librubberband --enable-libshine --enable-libsnappy --enable-libsoxr --enable-libspeex --enable-libtheora --enable-libtwolame --enable-libvidstab --enable-libvorbis --enable-libvpx --enable-libwebp --enable-libx265 --enable-libxml2 --enable-libxvid --enable-libzimg --enable-openal --enable-opencl --enable-opengl --disable-sndio --enable-libvpl --disable-libmfx --enable-libdc1394 --enable-libdrm --enable-libiec61883 --enable-chromaprint --enable-frei0r --enable-ladspa --enable-libbluray --enable-libjack --enable-libpulse --enable-librabbitmq --enable-librist --enable-libsrt --enable-libssh --enable-libsvtav1 --enable-libx264 --enable-libzmq --enable-libzvbi --enable-lv2 --enable-sdl2 --enable-libplacebo --enable-librav1e --enable-pocketsphinx --enable-librsvg --enable-libjxl --enable-shared
  libavutil      58. 29.100 / 58. 29.100
  libavcodec     60. 31.102 / 60. 31.102
  libavformat    60. 16.100 / 60. 16.100
  libavdevice    60.  3.100 / 60.  3.100
  libavfilter     9. 12.100 /  9. 12.100
  libswscale      7.  5.100 /  7.  5.100
  libswresample   4. 12.100 /  4. 12.100
  libpostproc    57.  3.100 / 57.  3.100
Input #0, mov,mp4,m4a,3gp,3g2,mj2, from '/data/vaishak/combined-kv-quant/results/runs/backfill_flowcache_native_soft_prune_int4_56d7f051182b_10s/videos/FLOWCACHE_NATIVE_SOFT_PRUNE_INT4/prompt_0006_seed_6.mp4':
  Metadata:
    major_brand     : isom
    minor_version   : 512
    compatible_brands: isomiso2avc1mp41
    encoder         : Lavf61.1.100
  Duration: 00:00:10.31, start: 0.000000, bitrate: 1096 kb/s
  Stream #0:0[0x1](und): Video: h264 (High) (avc1 / 0x31637661), yuv420p(progressive), 832x480, 1094 kb/s, 16 fps, 16 tbr, 16384 tbn (default)
    Metadata:
      handler_name    : VideoHandler
      vendor_id       : [0][0][0][0]
Stream mapping:
  Stream #0:0 -> #0:0 (h264 (native) -> h264 (libx264))
Press [q] to stop, [?] for help
[libx264 @ 0x5b584feb1600] using cpu capabilities: MMX2 SSE2Fast SSSE3 SSE4.2 AVX FMA3 BMI2 AVX2
[libx264 @ 0x5b584feb1600] profile High, level 3.0, 4:2:0, 8-bit
[libx264 @ 0x5b584feb1600] 264 - core 164 r3108 31e19f9 - H.264/MPEG-4 AVC codec - Copyleft 2003-2023 - http://www.videolan.org/x264.html - options: cabac=1 ref=3 deblock=1:0:0 analyse=0x3:0x113 me=hex subme=7 psy=1 psy_rd=1.00:0.00 mixed_ref=1 me_range=16 chroma_me=1 trellis=1 8x8dct=1 cqm=0 deadzone=21,11 fast_pskip=1 chroma_qp_offset=-2 threads=15 lookahead_threads=2 sliced_threads=0 nr=0 decimate=1 interlaced=0 bluray_compat=0 constrained_intra=0 bframes=3 b_pyramid=2 b_adapt=1 b_bias=0 direct=1 weightb=1 open_gop=0 weightp=2 keyint=250 keyint_min=16 scenecut=40 intra_refresh=0 rc_lookahead=40 rc=crf mbtree=1 crf=23.0 qcomp=0.60 qpmin=0 qpmax=69 qpstep=4 ip_ratio=1.40 aq=1:1.00
Output #0, mp4, to '/data/vaishak/combined-kv-quant/results/combined/backfills/drift/moviegen/459cece3ca31ef52_FLOWCACHE_NATIVE_SOFT_PRUNE_INT4/FLOWCACHE_NATIVE_SOFT_PRUNE_INT4_frames_165/prompt_0006_seed_6.mp4':
  Metadata:
    major_brand     : isom
    minor_version   : 512
    compatible_brands: isomiso2avc1mp41
    encoder         : Lavf60.16.100
  Stream #0:0(und): Video: h264 (avc1 / 0x31637661), yuv420p(progressive), 832x480, q=2-31, 16 fps, 16384 tbn (default)
    Metadata:
      handler_name    : VideoHandler
      vendor_id       : [0][0][0][0]
      encoder         : Lavc60.31.102 libx264
    Side data:
      cpb: bitrate max/min/avg: 0/0/0 buffer size: 0 vbv_delay: N/A
frame=    0 fps=0.0 q=0.0 size=       0kB time=N/A bitrate=N/A speed=N/A    [out#0/mp4 @ 0x5b584feb0100] video:1347kB audio:0kB subtitle:0kB other streams:0kB global headers:0kB muxing overhead: 0.206698%
frame=  165 fps=0.0 q=-1.0 Lsize=    1350kB time=00:00:10.12 bitrate=1092.1kbits/s speed=16.7x    
[libx264 @ 0x5b584feb1600] frame I:2     Avg QP:19.45  size: 41080
[libx264 @ 0x5b584feb1600] frame P:47    Avg QP:20.80  size: 18876
[libx264 @ 0x5b584feb1600] frame B:116   Avg QP:23.91  size:  3528
[libx264 @ 0x5b584feb1600] consecutive B-frames:  2.4% 10.9%  1.8% 84.8%
[libx264 @ 0x5b584feb1600] mb I  I16..4: 24.6% 57.0% 18.4%
[libx264 @ 0x5b584feb1600] mb P  I16..4:  5.6%  7.3%  0.8%  P16..4: 47.6% 17.4% 10.8%  0.0%  0.0%    skip:10.5%
[libx264 @ 0x5b584feb1600] mb B  I16..4:  0.9%  0.8%  0.0%  B16..8: 38.3%  5.1%  1.7%  direct: 3.5%  skip:49.7%  L0:45.6% L1:44.6% BI: 9.8%
[libx264 @ 0x5b584feb1600] 8x8 transform intra:52.9% inter:70.3%
[libx264 @ 0x5b584feb1600] coded y,uvDC,uvAC intra: 32.8% 72.3% 19.9% inter: 16.4% 26.4% 2.8%
[libx264 @ 0x5b584feb1600] i16 v,h,dc,p: 21% 20% 10% 49%
[libx264 @ 0x5b584feb1600] i8 v,h,dc,ddl,ddr,vr,hd,vl,hu: 20% 18% 31%  4%  7%  5%  6%  4%  4%
[libx264 @ 0x5b584feb1600] i4 v,h,dc,ddl,ddr,vr,hd,vl,hu: 10% 11% 12%  4% 23% 11% 16%  6%  6%
[libx264 @ 0x5b584feb1600] i8c dc,h,v,p: 50% 22% 19%  9%
[libx264 @ 0x5b584feb1600] Weighted P-Frames: Y:27.7% UV:23.4%
[libx264 @ 0x5b584feb1600] ref P L0: 58.5% 14.0% 19.4%  7.1%  0.9%
[libx264 @ 0x5b584feb1600] ref B L0: 89.5%  9.0%  1.5%
[libx264 @ 0x5b584feb1600] ref B L1: 96.8%  3.2%
[libx264 @ 0x5b584feb1600] kb/s:1069.47
ffmpeg version 6.1.1-3ubuntu5 Copyright (c) 2000-2023 the FFmpeg developers
  built with gcc 13 (Ubuntu 13.2.0-23ubuntu3)
  configuration: --prefix=/usr --extra-version=3ubuntu5 --toolchain=hardened --libdir=/usr/lib/x86_64-linux-gnu --incdir=/usr/include/x86_64-linux-gnu --arch=amd64 --enable-gpl --disable-stripping --disable-omx --enable-gnutls --enable-libaom --enable-libass --enable-libbs2b --enable-libcaca --enable-libcdio --enable-libcodec2 --enable-libdav1d --enable-libflite --enable-libfontconfig --enable-libfreetype --enable-libfribidi --enable-libglslang --enable-libgme --enable-libgsm --enable-libharfbuzz --enable-libmp3lame --enable-libmysofa --enable-libopenjpeg --enable-libopenmpt --enable-libopus --enable-librubberband --enable-libshine --enable-libsnappy --enable-libsoxr --enable-libspeex --enable-libtheora --enable-libtwolame --enable-libvidstab --enable-libvorbis --enable-libvpx --enable-libwebp --enable-libx265 --enable-libxml2 --enable-libxvid --enable-libzimg --enable-openal --enable-opencl --enable-opengl --disable-sndio --enable-libvpl --disable-libmfx --enable-libdc1394 --enable-libdrm --enable-libiec61883 --enable-chromaprint --enable-frei0r --enable-ladspa --enable-libbluray --enable-libjack --enable-libpulse --enable-librabbitmq --enable-librist --enable-libsrt --enable-libssh --enable-libsvtav1 --enable-libx264 --enable-libzmq --enable-libzvbi --enable-lv2 --enable-sdl2 --enable-libplacebo --enable-librav1e --enable-pocketsphinx --enable-librsvg --enable-libjxl --enable-shared
  libavutil      58. 29.100 / 58. 29.100
  libavcodec     60. 31.102 / 60. 31.102
  libavformat    60. 16.100 / 60. 16.100
  libavdevice    60.  3.100 / 60.  3.100
  libavfilter     9. 12.100 /  9. 12.100
  libswscale      7.  5.100 /  7.  5.100
  libswresample   4. 12.100 /  4. 12.100
  libpostproc    57.  3.100 / 57.  3.100
Input #0, mov,mp4,m4a,3gp,3g2,mj2, from '/data/vaishak/combined-kv-quant/results/runs/backfill_flowcache_native_soft_prune_int4_56d7f051182b_10s/videos/FLOWCACHE_NATIVE_SOFT_PRUNE_INT4/prompt_0007_seed_7.mp4':
  Metadata:
    major_brand     : isom
    minor_version   : 512
    compatible_brands: isomiso2avc1mp41
    encoder         : Lavf61.1.100
  Duration: 00:00:10.31, start: 0.000000, bitrate: 1052 kb/s
  Stream #0:0[0x1](und): Video: h264 (High) (avc1 / 0x31637661), yuv420p(progressive), 832x480, 1050 kb/s, 16 fps, 16 tbr, 16384 tbn (default)
    Metadata:
      handler_name    : VideoHandler
      vendor_id       : [0][0][0][0]
Stream mapping:
  Stream #0:0 -> #0:0 (h264 (native) -> h264 (libx264))
Press [q] to stop, [?] for help
[libx264 @ 0x5ae47f821680] using cpu capabilities: MMX2 SSE2Fast SSSE3 SSE4.2 AVX FMA3 BMI2 AVX2
[libx264 @ 0x5ae47f821680] profile High, level 3.0, 4:2:0, 8-bit
[libx264 @ 0x5ae47f821680] 264 - core 164 r3108 31e19f9 - H.264/MPEG-4 AVC codec - Copyleft 2003-2023 - http://www.videolan.org/x264.html - options: cabac=1 ref=3 deblock=1:0:0 analyse=0x3:0x113 me=hex subme=7 psy=1 psy_rd=1.00:0.00 mixed_ref=1 me_range=16 chroma_me=1 trellis=1 8x8dct=1 cqm=0 deadzone=21,11 fast_pskip=1 chroma_qp_offset=-2 threads=15 lookahead_threads=2 sliced_threads=0 nr=0 decimate=1 interlaced=0 bluray_compat=0 constrained_intra=0 bframes=3 b_pyramid=2 b_adapt=1 b_bias=0 direct=1 weightb=1 open_gop=0 weightp=2 keyint=250 keyint_min=16 scenecut=40 intra_refresh=0 rc_lookahead=40 rc=crf mbtree=1 crf=23.0 qcomp=0.60 qpmin=0 qpmax=69 qpstep=4 ip_ratio=1.40 aq=1:1.00
Output #0, mp4, to '/data/vaishak/combined-kv-quant/results/combined/backfills/drift/moviegen/459cece3ca31ef52_FLOWCACHE_NATIVE_SOFT_PRUNE_INT4/FLOWCACHE_NATIVE_SOFT_PRUNE_INT4_frames_165/prompt_0007_seed_7.mp4':
  Metadata:
    major_brand     : isom
    minor_version   : 512
    compatible_brands: isomiso2avc1mp41
    encoder         : Lavf60.16.100
  Stream #0:0(und): Video: h264 (avc1 / 0x31637661), yuv420p(progressive), 832x480, q=2-31, 16 fps, 16384 tbn (default)
    Metadata:
      handler_name    : VideoHandler
      vendor_id       : [0][0][0][0]
      encoder         : Lavc60.31.102 libx264
    Side data:
      cpb: bitrate max/min/avg: 0/0/0 buffer size: 0 vbv_delay: N/A
frame=    0 fps=0.0 q=0.0 size=       0kB time=N/A bitrate=N/A speed=N/A    [out#0/mp4 @ 0x5ae47f79e000] video:1572kB audio:0kB subtitle:0kB other streams:0kB global headers:0kB muxing overhead: 0.176317%
frame=  165 fps=0.0 q=-1.0 Lsize=    1575kB time=00:00:10.12 bitrate=1274.5kbits/s speed=15.5x    
[libx264 @ 0x5ae47f821680] frame I:1     Avg QP:22.89  size: 43317
[libx264 @ 0x5ae47f821680] frame P:44    Avg QP:23.25  size: 21213
[libx264 @ 0x5ae47f821680] frame B:120   Avg QP:26.71  size:  5273
[libx264 @ 0x5ae47f821680] consecutive B-frames:  2.4%  1.2%  1.8% 94.5%
[libx264 @ 0x5ae47f821680] mb I  I16..4: 12.3% 57.3% 30.4%
[libx264 @ 0x5ae47f821680] mb P  I16..4:  3.2%  7.7%  2.3%  P16..4: 41.9% 24.9% 12.7%  0.0%  0.0%    skip: 7.2%
[libx264 @ 0x5ae47f821680] mb B  I16..4:  0.6%  1.8%  0.4%  B16..8: 40.6% 11.5%  3.4%  direct: 2.5%  skip:39.4%  L0:44.0% L1:42.0% BI:14.0%
[libx264 @ 0x5ae47f821680] 8x8 transform intra:60.5% inter:65.2%
[libx264 @ 0x5ae47f821680] coded y,uvDC,uvAC intra: 58.3% 82.8% 30.5% inter: 22.5% 25.4% 1.4%
[libx264 @ 0x5ae47f821680] i16 v,h,dc,p:  4% 37%  3% 56%
[libx264 @ 0x5ae47f821680] i8 v,h,dc,ddl,ddr,vr,hd,vl,hu: 11% 31% 15%  5%  7%  6% 11%  5% 10%
[libx264 @ 0x5ae47f821680] i4 v,h,dc,ddl,ddr,vr,hd,vl,hu: 11% 23% 16%  5% 11%  8% 13%  5%  8%
[libx264 @ 0x5ae47f821680] i8c dc,h,v,p: 43% 36% 11% 10%
[libx264 @ 0x5ae47f821680] Weighted P-Frames: Y:15.9% UV:9.1%
[libx264 @ 0x5ae47f821680] ref P L0: 51.7% 21.3% 17.2%  8.1%  1.7%
[libx264 @ 0x5ae47f821680] ref B L0: 88.4%  9.0%  2.6%
[libx264 @ 0x5ae47f821680] ref B L1: 97.1%  2.9%
[libx264 @ 0x5ae47f821680] kb/s:1248.57
ffmpeg version 6.1.1-3ubuntu5 Copyright (c) 2000-2023 the FFmpeg developers
  built with gcc 13 (Ubuntu 13.2.0-23ubuntu3)
  configuration: --prefix=/usr --extra-version=3ubuntu5 --toolchain=hardened --libdir=/usr/lib/x86_64-linux-gnu --incdir=/usr/include/x86_64-linux-gnu --arch=amd64 --enable-gpl --disable-stripping --disable-omx --enable-gnutls --enable-libaom --enable-libass --enable-libbs2b --enable-libcaca --enable-libcdio --enable-libcodec2 --enable-libdav1d --enable-libflite --enable-libfontconfig --enable-libfreetype --enable-libfribidi --enable-libglslang --enable-libgme --enable-libgsm --enable-libharfbuzz --enable-libmp3lame --enable-libmysofa --enable-libopenjpeg --enable-libopenmpt --enable-libopus --enable-librubberband --enable-libshine --enable-libsnappy --enable-libsoxr --enable-libspeex --enable-libtheora --enable-libtwolame --enable-libvidstab --enable-libvorbis --enable-libvpx --enable-libwebp --enable-libx265 --enable-libxml2 --enable-libxvid --enable-libzimg --enable-openal --enable-opencl --enable-opengl --disable-sndio --enable-libvpl --disable-libmfx --enable-libdc1394 --enable-libdrm --enable-libiec61883 --enable-chromaprint --enable-frei0r --enable-ladspa --enable-libbluray --enable-libjack --enable-libpulse --enable-librabbitmq --enable-librist --enable-libsrt --enable-libssh --enable-libsvtav1 --enable-libx264 --enable-libzmq --enable-libzvbi --enable-lv2 --enable-sdl2 --enable-libplacebo --enable-librav1e --enable-pocketsphinx --enable-librsvg --enable-libjxl --enable-shared
  libavutil      58. 29.100 / 58. 29.100
  libavcodec     60. 31.102 / 60. 31.102
  libavformat    60. 16.100 / 60. 16.100
  libavdevice    60.  3.100 / 60.  3.100
  libavfilter     9. 12.100 /  9. 12.100
  libswscale      7.  5.100 /  7.  5.100
  libswresample   4. 12.100 /  4. 12.100
  libpostproc    57.  3.100 / 57.  3.100
Input #0, mov,mp4,m4a,3gp,3g2,mj2, from '/data/vaishak/combined-kv-quant/results/runs/backfill_flowcache_native_soft_prune_int4_56d7f051182b_10s/videos/FLOWCACHE_NATIVE_SOFT_PRUNE_INT4/prompt_0008_seed_8.mp4':
  Metadata:
    major_brand     : isom
    minor_version   : 512
    compatible_brands: isomiso2avc1mp41
    encoder         : Lavf61.1.100
  Duration: 00:00:10.31, start: 0.000000, bitrate: 1002 kb/s
  Stream #0:0[0x1](und): Video: h264 (High) (avc1 / 0x31637661), yuv420p(progressive), 832x480, 1000 kb/s, 16 fps, 16 tbr, 16384 tbn (default)
    Metadata:
      handler_name    : VideoHandler
      vendor_id       : [0][0][0][0]
Stream mapping:
  Stream #0:0 -> #0:0 (h264 (native) -> h264 (libx264))
Press [q] to stop, [?] for help
[libx264 @ 0x59d4a76a6300] using cpu capabilities: MMX2 SSE2Fast SSSE3 SSE4.2 AVX FMA3 BMI2 AVX2
[libx264 @ 0x59d4a76a6300] profile High, level 3.0, 4:2:0, 8-bit
[libx264 @ 0x59d4a76a6300] 264 - core 164 r3108 31e19f9 - H.264/MPEG-4 AVC codec - Copyleft 2003-2023 - http://www.videolan.org/x264.html - options: cabac=1 ref=3 deblock=1:0:0 analyse=0x3:0x113 me=hex subme=7 psy=1 psy_rd=1.00:0.00 mixed_ref=1 me_range=16 chroma_me=1 trellis=1 8x8dct=1 cqm=0 deadzone=21,11 fast_pskip=1 chroma_qp_offset=-2 threads=15 lookahead_threads=2 sliced_threads=0 nr=0 decimate=1 interlaced=0 bluray_compat=0 constrained_intra=0 bframes=3 b_pyramid=2 b_adapt=1 b_bias=0 direct=1 weightb=1 open_gop=0 weightp=2 keyint=250 keyint_min=16 scenecut=40 intra_refresh=0 rc_lookahead=40 rc=crf mbtree=1 crf=23.0 qcomp=0.60 qpmin=0 qpmax=69 qpstep=4 ip_ratio=1.40 aq=1:1.00
Output #0, mp4, to '/data/vaishak/combined-kv-quant/results/combined/backfills/drift/moviegen/459cece3ca31ef52_FLOWCACHE_NATIVE_SOFT_PRUNE_INT4/FLOWCACHE_NATIVE_SOFT_PRUNE_INT4_frames_165/prompt_0008_seed_8.mp4':
  Metadata:
    major_brand     : isom
    minor_version   : 512
    compatible_brands: isomiso2avc1mp41
    encoder         : Lavf60.16.100
  Stream #0:0(und): Video: h264 (avc1 / 0x31637661), yuv420p(progressive), 832x480, q=2-31, 16 fps, 16384 tbn (default)
    Metadata:
      handler_name    : VideoHandler
      vendor_id       : [0][0][0][0]
      encoder         : Lavc60.31.102 libx264
    Side data:
      cpb: bitrate max/min/avg: 0/0/0 buffer size: 0 vbv_delay: N/A
frame=    0 fps=0.0 q=0.0 size=       0kB time=N/A bitrate=N/A speed=N/A    [out#0/mp4 @ 0x59d4a7620d40] video:858kB audio:0kB subtitle:0kB other streams:0kB global headers:0kB muxing overhead: 0.317059%
frame=  165 fps=0.0 q=-1.0 Lsize=     861kB time=00:00:10.12 bitrate= 696.7kbits/s speed=17.2x    
[libx264 @ 0x59d4a76a6300] frame I:2     Avg QP:19.50  size: 47976
[libx264 @ 0x59d4a76a6300] frame P:59    Avg QP:21.33  size: 10974
[libx264 @ 0x59d4a76a6300] frame B:104   Avg QP:24.79  size:  1297
[libx264 @ 0x59d4a76a6300] consecutive B-frames:  6.1% 26.7%  9.1% 58.2%
[libx264 @ 0x59d4a76a6300] mb I  I16..4:  5.4% 65.7% 29.0%
[libx264 @ 0x59d4a76a6300] mb P  I16..4:  1.0%  1.7%  0.2%  P16..4: 48.1% 22.4% 11.5%  0.0%  0.0%    skip:15.1%
[libx264 @ 0x59d4a76a6300] mb B  I16..4:  0.1%  0.1%  0.0%  B16..8: 34.9%  2.1%  0.4%  direct: 1.5%  skip:61.0%  L0:44.8% L1:47.3% BI: 7.9%
[libx264 @ 0x59d4a76a6300] 8x8 transform intra:61.8% inter:65.9%
[libx264 @ 0x59d4a76a6300] coded y,uvDC,uvAC intra: 67.2% 84.5% 50.8% inter: 16.1% 24.8% 1.2%
[libx264 @ 0x59d4a76a6300] i16 v,h,dc,p:  7% 45%  7% 41%
[libx264 @ 0x59d4a76a6300] i8 v,h,dc,ddl,ddr,vr,hd,vl,hu: 10% 26% 17%  5%  9%  7% 12%  5%  9%
[libx264 @ 0x59d4a76a6300] i4 v,h,dc,ddl,ddr,vr,hd,vl,hu: 13% 24% 12%  7% 11%  9% 10%  6%  8%
[libx264 @ 0x59d4a76a6300] i8c dc,h,v,p: 43% 29% 13% 15%
[libx264 @ 0x59d4a76a6300] Weighted P-Frames: Y:23.7% UV:15.3%
[libx264 @ 0x59d4a76a6300] ref P L0: 61.8% 20.8% 12.1%  4.4%  1.0%
[libx264 @ 0x59d4a76a6300] ref B L0: 93.5%  5.8%  0.7%
[libx264 @ 0x59d4a76a6300] ref B L1: 98.8%  1.2%
[libx264 @ 0x59d4a76a6300] kb/s:681.37
ffmpeg version 6.1.1-3ubuntu5 Copyright (c) 2000-2023 the FFmpeg developers
  built with gcc 13 (Ubuntu 13.2.0-23ubuntu3)
  configuration: --prefix=/usr --extra-version=3ubuntu5 --toolchain=hardened --libdir=/usr/lib/x86_64-linux-gnu --incdir=/usr/include/x86_64-linux-gnu --arch=amd64 --enable-gpl --disable-stripping --disable-omx --enable-gnutls --enable-libaom --enable-libass --enable-libbs2b --enable-libcaca --enable-libcdio --enable-libcodec2 --enable-libdav1d --enable-libflite --enable-libfontconfig --enable-libfreetype --enable-libfribidi --enable-libglslang --enable-libgme --enable-libgsm --enable-libharfbuzz --enable-libmp3lame --enable-libmysofa --enable-libopenjpeg --enable-libopenmpt --enable-libopus --enable-librubberband --enable-libshine --enable-libsnappy --enable-libsoxr --enable-libspeex --enable-libtheora --enable-libtwolame --enable-libvidstab --enable-libvorbis --enable-libvpx --enable-libwebp --enable-libx265 --enable-libxml2 --enable-libxvid --enable-libzimg --enable-openal --enable-opencl --enable-opengl --disable-sndio --enable-libvpl --disable-libmfx --enable-libdc1394 --enable-libdrm --enable-libiec61883 --enable-chromaprint --enable-frei0r --enable-ladspa --enable-libbluray --enable-libjack --enable-libpulse --enable-librabbitmq --enable-librist --enable-libsrt --enable-libssh --enable-libsvtav1 --enable-libx264 --enable-libzmq --enable-libzvbi --enable-lv2 --enable-sdl2 --enable-libplacebo --enable-librav1e --enable-pocketsphinx --enable-librsvg --enable-libjxl --enable-shared
  libavutil      58. 29.100 / 58. 29.100
  libavcodec     60. 31.102 / 60. 31.102
  libavformat    60. 16.100 / 60. 16.100
  libavdevice    60.  3.100 / 60.  3.100
  libavfilter     9. 12.100 /  9. 12.100
  libswscale      7.  5.100 /  7.  5.100
  libswresample   4. 12.100 /  4. 12.100
  libpostproc    57.  3.100 / 57.  3.100
Input #0, mov,mp4,m4a,3gp,3g2,mj2, from '/data/vaishak/combined-kv-quant/results/runs/backfill_flowcache_native_soft_prune_int4_56d7f051182b_10s/videos/FLOWCACHE_NATIVE_SOFT_PRUNE_INT4/prompt_0009_seed_9.mp4':
  Metadata:
    major_brand     : isom
    minor_version   : 512
    compatible_brands: isomiso2avc1mp41
    encoder         : Lavf61.1.100
  Duration: 00:00:10.31, start: 0.000000, bitrate: 1022 kb/s
  Stream #0:0[0x1](und): Video: h264 (High) (avc1 / 0x31637661), yuv420p(progressive), 832x480, 1019 kb/s, 16 fps, 16 tbr, 16384 tbn (default)
    Metadata:
      handler_name    : VideoHandler
      vendor_id       : [0][0][0][0]
Stream mapping:
  Stream #0:0 -> #0:0 (h264 (native) -> h264 (libx264))
Press [q] to stop, [?] for help
[libx264 @ 0x5611609583c0] using cpu capabilities: MMX2 SSE2Fast SSSE3 SSE4.2 AVX FMA3 BMI2 AVX2
[libx264 @ 0x5611609583c0] profile High, level 3.0, 4:2:0, 8-bit
[libx264 @ 0x5611609583c0] 264 - core 164 r3108 31e19f9 - H.264/MPEG-4 AVC codec - Copyleft 2003-2023 - http://www.videolan.org/x264.html - options: cabac=1 ref=3 deblock=1:0:0 analyse=0x3:0x113 me=hex subme=7 psy=1 psy_rd=1.00:0.00 mixed_ref=1 me_range=16 chroma_me=1 trellis=1 8x8dct=1 cqm=0 deadzone=21,11 fast_pskip=1 chroma_qp_offset=-2 threads=15 lookahead_threads=2 sliced_threads=0 nr=0 decimate=1 interlaced=0 bluray_compat=0 constrained_intra=0 bframes=3 b_pyramid=2 b_adapt=1 b_bias=0 direct=1 weightb=1 open_gop=0 weightp=2 keyint=250 keyint_min=16 scenecut=40 intra_refresh=0 rc_lookahead=40 rc=crf mbtree=1 crf=23.0 qcomp=0.60 qpmin=0 qpmax=69 qpstep=4 ip_ratio=1.40 aq=1:1.00
Output #0, mp4, to '/data/vaishak/combined-kv-quant/results/combined/backfills/drift/moviegen/459cece3ca31ef52_FLOWCACHE_NATIVE_SOFT_PRUNE_INT4/FLOWCACHE_NATIVE_SOFT_PRUNE_INT4_frames_165/prompt_0009_seed_9.mp4':
  Metadata:
    major_brand     : isom
    minor_version   : 512
    compatible_brands: isomiso2avc1mp41
    encoder         : Lavf60.16.100
  Stream #0:0(und): Video: h264 (avc1 / 0x31637661), yuv420p(progressive), 832x480, q=2-31, 16 fps, 16384 tbn (default)
    Metadata:
      handler_name    : VideoHandler
      vendor_id       : [0][0][0][0]
      encoder         : Lavc60.31.102 libx264
    Side data:
      cpb: bitrate max/min/avg: 0/0/0 buffer size: 0 vbv_delay: N/A
frame=    0 fps=0.0 q=0.0 size=       0kB time=N/A bitrate=N/A speed=N/A    [out#0/mp4 @ 0x5611608cc000] video:1765kB audio:0kB subtitle:0kB other streams:0kB global headers:0kB muxing overhead: 0.155721%
frame=  165 fps=0.0 q=-1.0 Lsize=    1768kB time=00:00:10.12 bitrate=1430.5kbits/s speed=15.1x    
[libx264 @ 0x5611609583c0] frame I:1     Avg QP:22.64  size: 63914
[libx264 @ 0x5611609583c0] frame P:47    Avg QP:23.11  size: 26088
[libx264 @ 0x5611609583c0] frame B:117   Avg QP:27.51  size:  4419
[libx264 @ 0x5611609583c0] consecutive B-frames:  2.4%  6.1%  9.1% 82.4%
[libx264 @ 0x5611609583c0] mb I  I16..4:  1.7% 55.8% 42.6%
[libx264 @ 0x5611609583c0] mb P  I16..4:  1.1%  7.2%  1.7%  P16..4: 37.5% 29.4% 17.5%  0.0%  0.0%    skip: 5.6%
[libx264 @ 0x5611609583c0] mb B  I16..4:  0.1%  0.4%  0.1%  B16..8: 45.2%  8.6%  2.9%  direct: 3.2%  skip:39.5%  L0:49.2% L1:39.1% BI:11.7%
[libx264 @ 0x5611609583c0] 8x8 transform intra:68.6% inter:60.6%
[libx264 @ 0x5611609583c0] coded y,uvDC,uvAC intra: 73.9% 59.0% 14.2% inter: 26.6% 12.4% 0.0%
[libx264 @ 0x5611609583c0] i16 v,h,dc,p: 21% 43% 22% 15%
[libx264 @ 0x5611609583c0] i8 v,h,dc,ddl,ddr,vr,hd,vl,hu: 12% 29% 19%  3%  6%  5% 10%  4% 11%
[libx264 @ 0x5611609583c0] i4 v,h,dc,ddl,ddr,vr,hd,vl,hu: 14% 27% 12%  5%  8%  6% 12%  5% 10%
[libx264 @ 0x5611609583c0] i8c dc,h,v,p: 58% 24% 14%  4%
[libx264 @ 0x5611609583c0] Weighted P-Frames: Y:34.0% UV:12.8%
[libx264 @ 0x5611609583c0] ref P L0: 53.9% 27.7% 12.5%  4.7%  1.2%
[libx264 @ 0x5611609583c0] ref B L0: 92.0%  6.7%  1.4%
[libx264 @ 0x5611609583c0] ref B L1: 98.8%  1.2%
[libx264 @ 0x5611609583c0] kb/s:1401.82
[rank0]:[W310 23:04:11.435696454 ProcessGroupNCCL.cpp:4115] [PG ID 0 PG GUID 0 Rank 0]  using GPU 0 to perform barrier as devices used by this process are currently unknown. This can potentially cause a hang if this rank to GPU mapping is incorrect.Specify device_ids in barrier() to force use of a particular device,or call init_process_group() with a device_id.
/home/suraj/miniforge3/envs/qvg_sf_eval/lib/python3.10/site-packages/clip/clip.py:6: UserWarning: pkg_resources is deprecated as an API. See https://setuptools.pypa.io/en/latest/pkg_resources.html. The pkg_resources package is slated for removal as early as 2025-11-30. Refrain from using this package or pin to Setuptools<81.
  from pkg_resources import packaging
/home/suraj/miniforge3/envs/qvg_sf_eval/lib/python3.10/site-packages/timm/models/layers/__init__.py:48: FutureWarning: Importing from timm.models.layers is deprecated, please import via timm.layers
  warnings.warn(f"Importing from {__name__} is deprecated, please import via timm.layers", FutureWarning)
/home/suraj/miniforge3/envs/qvg_sf_eval/lib/python3.10/site-packages/pyiqa/archs/arch_util.py:118: FutureWarning: You are using `torch.load` with `weights_only=False` (the current default value), which uses the default pickle module implicitly. It is possible to construct malicious pickle data which will execute arbitrary code during unpickling (See https://github.com/pytorch/pytorch/blob/main/SECURITY.md#untrusted-models for more details). In a future release, the default value for `weights_only` will be flipped to `True`. This limits the functions that could be executed during unpickling. Arbitrary objects will no longer be allowed to be loaded via this mode unless they are explicitly allowlisted by the user via `torch.serialization.add_safe_globals`. We recommend you start setting `weights_only=True` for any use case where you don't have full control of the loaded file. Please open an issue on GitHub for any issues related to this experimental feature.
  state_dict = torch.load(model_path, map_location=torch.device("cpu"))
args: Namespace(output_path='/data/vaishak/combined-kv-quant/results/combined/backfills/drift/moviegen/459cece3ca31ef52_FLOWCACHE_NATIVE_SOFT_PRUNE_INT4/vbench_FLOWCACHE_NATIVE_SOFT_PRUNE_INT4_165', full_json_dir='/data/vaishak/combined-kv-quant/third_party/VBench/vbench/VBench_full_info.json', videos_path='/data/vaishak/combined-kv-quant/results/combined/backfills/drift/moviegen/459cece3ca31ef52_FLOWCACHE_NATIVE_SOFT_PRUNE_INT4/FLOWCACHE_NATIVE_SOFT_PRUNE_INT4_frames_165', dimension=['imaging_quality'], load_ckpt_from_local=None, read_frame=None, mode='custom_input', prompt='None', prompt_file='/data/vaishak/combined-kv-quant/results/combined/backfills/drift/moviegen/459cece3ca31ef52_FLOWCACHE_NATIVE_SOFT_PRUNE_INT4/prompt_map_165.json', category=None, imaging_quality_preprocessing_mode='longer')
start evaluation
Evaluation meta data saved to /data/vaishak/combined-kv-quant/results/combined/backfills/drift/moviegen/459cece3ca31ef52_FLOWCACHE_NATIVE_SOFT_PRUNE_INT4/vbench_FLOWCACHE_NATIVE_SOFT_PRUNE_INT4_165/results_2026-03-10-23:04:10_full_info.json
cur_full_info_path: /data/vaishak/combined-kv-quant/results/combined/backfills/drift/moviegen/459cece3ca31ef52_FLOWCACHE_NATIVE_SOFT_PRUNE_INT4/vbench_FLOWCACHE_NATIVE_SOFT_PRUNE_INT4_165/results_2026-03-10-23:04:10_full_info.json
Loading pretrained model MUSIQ from /home/vaishak/.cache/vbench/pyiqa_model/musiq_spaq_ckpt-358bb6af.pth
  0%|          | 0/10 [00:00<?, ?it/s] 10%|█         | 1/10 [00:03<00:33,  3.72s/it] 20%|██        | 2/10 [00:06<00:25,  3.25s/it] 30%|███       | 3/10 [00:09<00:21,  3.06s/it] 40%|████      | 4/10 [00:12<00:18,  3.00s/it] 50%|█████     | 5/10 [00:15<00:15,  3.13s/it] 60%|██████    | 6/10 [00:19<00:13,  3.39s/it] 70%|███████   | 7/10 [00:23<00:11,  3.69s/it] 80%|████████  | 8/10 [00:28<00:07,  3.93s/it] 90%|█████████ | 9/10 [00:32<00:04,  4.02s/it]100%|██████████| 10/10 [00:36<00:00,  4.09s/it]100%|██████████| 10/10 [00:36<00:00,  3.69s/it]
Evaluation results saved to /data/vaishak/combined-kv-quant/results/combined/backfills/drift/moviegen/459cece3ca31ef52_FLOWCACHE_NATIVE_SOFT_PRUNE_INT4/vbench_FLOWCACHE_NATIVE_SOFT_PRUNE_INT4_165/results_2026-03-10-23:04:10_eval_results.json
done
[rank0]:[W310 23:04:50.676548505 ProcessGroupNCCL.cpp:1250] Warning: WARNING: process group has NOT been destroyed before we destruct ProcessGroupNCCL. On normal program exit, the application should call destroy_process_group to ensure that any pending NCCL operations have finished in this process. In rare cases this process can exit before this point and block the progress of another member of the process group. This constraint has always been present,  but this warning has only been added since PyTorch 2.4 (function operator())
{
  "method": "FLOWCACHE_NATIVE_SOFT_PRUNE_INT4",
  "frame_step": 165,
  "max_frames": 165,
  "curve": [
    {
      "frame_cap": 165,
      "imaging_quality": [
        0.724275863161954,
        [
          {
            "video_path": "/data/vaishak/combined-kv-quant/results/combined/backfills/drift/moviegen/459cece3ca31ef52_FLOWCACHE_NATIVE_SOFT_PRUNE_INT4/FLOWCACHE_NATIVE_SOFT_PRUNE_INT4_frames_165/prompt_0007_seed_7.mp4",
            "video_results": 76.72380019679214
          },
          {
            "video_path": "/data/vaishak/combined-kv-quant/results/combined/backfills/drift/moviegen/459cece3ca31ef52_FLOWCACHE_NATIVE_SOFT_PRUNE_INT4/FLOWCACHE_NATIVE_SOFT_PRUNE_INT4_frames_165/prompt_0006_seed_6.mp4",
            "video_results": 67.05430679321289
          },
          {
            "video_path": "/data/vaishak/combined-kv-quant/results/combined/backfills/drift/moviegen/459cece3ca31ef52_FLOWCACHE_NATIVE_SOFT_PRUNE_INT4/FLOWCACHE_NATIVE_SOFT_PRUNE_INT4_frames_165/prompt_0004_seed_4.mp4",
            "video_results": 70.88600482362689
          },
          {
            "video_path": "/data/vaishak/combined-kv-quant/results/combined/backfills/drift/moviegen/459cece3ca31ef52_FLOWCACHE_NATIVE_SOFT_PRUNE_INT4/FLOWCACHE_NATIVE_SOFT_PRUNE_INT4_frames_165/prompt_0003_seed_3.mp4",
            "video_results": 76.39403644908558
          },
          {
            "video_path": "/data/vaishak/combined-kv-quant/results/combined/backfills/drift/moviegen/459cece3ca31ef52_FLOWCACHE_NATIVE_SOFT_PRUNE_INT4/FLOWCACHE_NATIVE_SOFT_PRUNE_INT4_frames_165/prompt_0005_seed_5.mp4",
            "video_results": 77.42299305308948
          },
          {
            "video_path": "/data/vaishak/combined-kv-quant/results/combined/backfills/drift/moviegen/459cece3ca31ef52_FLOWCACHE_NATIVE_SOFT_PRUNE_INT4/FLOWCACHE_NATIVE_SOFT_PRUNE_INT4_frames_165/prompt_0002_seed_2.mp4",
            "video_results": 71.28701282848012
          },
          {
            "video_path": "/data/vaishak/combined-kv-quant/results/combined/backfills/drift/moviegen/459cece3ca31ef52_FLOWCACHE_NATIVE_SOFT_PRUNE_INT4/FLOWCACHE_NATIVE_SOFT_PRUNE_INT4_frames_165/prompt_0001_seed_1.mp4",
            "video_results": 74.20050071947503
          },
          {
            "video_path": "/data/vaishak/combined-kv-quant/results/combined/backfills/drift/moviegen/459cece3ca31ef52_FLOWCACHE_NATIVE_SOFT_PRUNE_INT4/FLOWCACHE_NATIVE_SOFT_PRUNE_INT4_frames_165/prompt_0009_seed_9.mp4",
            "video_results": 76.41366100889263
          },
          {
            "video_path": "/data/vaishak/combined-kv-quant/results/combined/backfills/drift/moviegen/459cece3ca31ef52_FLOWCACHE_NATIVE_SOFT_PRUNE_INT4/FLOWCACHE_NATIVE_SOFT_PRUNE_INT4_frames_165/prompt_0008_seed_8.mp4",
            "video_results": 77.66818718187737
          },
          {
            "video_path": "/data/vaishak/combined-kv-quant/results/combined/backfills/drift/moviegen/459cece3ca31ef52_FLOWCACHE_NATIVE_SOFT_PRUNE_INT4/FLOWCACHE_NATIVE_SOFT_PRUNE_INT4_frames_165/prompt_0000_seed_0.mp4",
            "video_results": 56.22536010742188
          }
        ]
      ]
    }
  ]
}
ffmpeg version 6.1.1-3ubuntu5 Copyright (c) 2000-2023 the FFmpeg developers
  built with gcc 13 (Ubuntu 13.2.0-23ubuntu3)
  configuration: --prefix=/usr --extra-version=3ubuntu5 --toolchain=hardened --libdir=/usr/lib/x86_64-linux-gnu --incdir=/usr/include/x86_64-linux-gnu --arch=amd64 --enable-gpl --disable-stripping --disable-omx --enable-gnutls --enable-libaom --enable-libass --enable-libbs2b --enable-libcaca --enable-libcdio --enable-libcodec2 --enable-libdav1d --enable-libflite --enable-libfontconfig --enable-libfreetype --enable-libfribidi --enable-libglslang --enable-libgme --enable-libgsm --enable-libharfbuzz --enable-libmp3lame --enable-libmysofa --enable-libopenjpeg --enable-libopenmpt --enable-libopus --enable-librubberband --enable-libshine --enable-libsnappy --enable-libsoxr --enable-libspeex --enable-libtheora --enable-libtwolame --enable-libvidstab --enable-libvorbis --enable-libvpx --enable-libwebp --enable-libx265 --enable-libxml2 --enable-libxvid --enable-libzimg --enable-openal --enable-opencl --enable-opengl --disable-sndio --enable-libvpl --disable-libmfx --enable-libdc1394 --enable-libdrm --enable-libiec61883 --enable-chromaprint --enable-frei0r --enable-ladspa --enable-libbluray --enable-libjack --enable-libpulse --enable-librabbitmq --enable-librist --enable-libsrt --enable-libssh --enable-libsvtav1 --enable-libx264 --enable-libzmq --enable-libzvbi --enable-lv2 --enable-sdl2 --enable-libplacebo --enable-librav1e --enable-pocketsphinx --enable-librsvg --enable-libjxl --enable-shared
  libavutil      58. 29.100 / 58. 29.100
  libavcodec     60. 31.102 / 60. 31.102
  libavformat    60. 16.100 / 60. 16.100
  libavdevice    60.  3.100 / 60.  3.100
  libavfilter     9. 12.100 /  9. 12.100
  libswscale      7.  5.100 /  7.  5.100
  libswresample   4. 12.100 /  4. 12.100
  libpostproc    57.  3.100 / 57.  3.100
Input #0, mov,mp4,m4a,3gp,3g2,mj2, from '/data/vaishak/combined-kv-quant/results/runs/backfill_flowcache_prune_int2_990b60e0bbd4_10s/videos/FLOWCACHE_PRUNE_INT2/prompt_0000_seed_0.mp4':
  Metadata:
    major_brand     : isom
    minor_version   : 512
    compatible_brands: isomiso2avc1mp41
    encoder         : Lavf61.1.100
  Duration: 00:00:10.31, start: 0.000000, bitrate: 1120 kb/s
  Stream #0:0[0x1](und): Video: h264 (High) (avc1 / 0x31637661), yuv420p(progressive), 832x480, 1117 kb/s, 16 fps, 16 tbr, 16384 tbn (default)
    Metadata:
      handler_name    : VideoHandler
      vendor_id       : [0][0][0][0]
Stream mapping:
  Stream #0:0 -> #0:0 (h264 (native) -> h264 (libx264))
Press [q] to stop, [?] for help
[libx264 @ 0x5c093f598f80] using cpu capabilities: MMX2 SSE2Fast SSSE3 SSE4.2 AVX FMA3 BMI2 AVX2
[libx264 @ 0x5c093f598f80] profile High, level 3.0, 4:2:0, 8-bit
[libx264 @ 0x5c093f598f80] 264 - core 164 r3108 31e19f9 - H.264/MPEG-4 AVC codec - Copyleft 2003-2023 - http://www.videolan.org/x264.html - options: cabac=1 ref=3 deblock=1:0:0 analyse=0x3:0x113 me=hex subme=7 psy=1 psy_rd=1.00:0.00 mixed_ref=1 me_range=16 chroma_me=1 trellis=1 8x8dct=1 cqm=0 deadzone=21,11 fast_pskip=1 chroma_qp_offset=-2 threads=15 lookahead_threads=2 sliced_threads=0 nr=0 decimate=1 interlaced=0 bluray_compat=0 constrained_intra=0 bframes=3 b_pyramid=2 b_adapt=1 b_bias=0 direct=1 weightb=1 open_gop=0 weightp=2 keyint=250 keyint_min=16 scenecut=40 intra_refresh=0 rc_lookahead=40 rc=crf mbtree=1 crf=23.0 qcomp=0.60 qpmin=0 qpmax=69 qpstep=4 ip_ratio=1.40 aq=1:1.00
Output #0, mp4, to '/data/vaishak/combined-kv-quant/results/combined/backfills/drift/moviegen/74fdbe70d77407be_FLOWCACHE_PRUNE_INT2/FLOWCACHE_PRUNE_INT2_frames_165/prompt_0000_seed_0.mp4':
  Metadata:
    major_brand     : isom
    minor_version   : 512
    compatible_brands: isomiso2avc1mp41
    encoder         : Lavf60.16.100
  Stream #0:0(und): Video: h264 (avc1 / 0x31637661), yuv420p(progressive), 832x480, q=2-31, 16 fps, 16384 tbn (default)
    Metadata:
      handler_name    : VideoHandler
      vendor_id       : [0][0][0][0]
      encoder         : Lavc60.31.102 libx264
    Side data:
      cpb: bitrate max/min/avg: 0/0/0 buffer size: 0 vbv_delay: N/A
frame=    0 fps=0.0 q=0.0 size=       0kB time=N/A bitrate=N/A speed=N/A    frame=   86 fps=0.0 q=27.0 size=    1024kB time=00:00:05.25 bitrate=1597.9kbits/s speed=10.2x    [out#0/mp4 @ 0x5c093f50cfc0] video:2413kB audio:0kB subtitle:0kB other streams:0kB global headers:0kB muxing overhead: 0.114895%
frame=  165 fps=0.0 q=-1.0 Lsize=    2416kB time=00:00:10.12 bitrate=1954.6kbits/s speed=12.5x    
[libx264 @ 0x5c093f598f80] frame I:5     Avg QP:22.67  size: 46257
[libx264 @ 0x5c093f598f80] frame P:48    Avg QP:25.40  size: 26614
[libx264 @ 0x5c093f598f80] frame B:112   Avg QP:27.56  size:  8585
[libx264 @ 0x5c093f598f80] consecutive B-frames:  6.7%  7.3%  3.6% 82.4%
[libx264 @ 0x5c093f598f80] mb I  I16..4:  3.3% 76.7% 19.9%
[libx264 @ 0x5c093f598f80] mb P  I16..4:  1.7% 22.5%  3.8%  P16..4: 36.9% 21.2%  9.3%  0.0%  0.0%    skip: 4.7%
[libx264 @ 0x5c093f598f80] mb B  I16..4:  0.2%  1.8%  0.3%  B16..8: 49.5% 12.2%  4.3%  direct: 4.8%  skip:26.7%  L0:51.4% L1:37.4% BI:11.3%
[libx264 @ 0x5c093f598f80] 8x8 transform intra:79.1% inter:74.9%
[libx264 @ 0x5c093f598f80] coded y,uvDC,uvAC intra: 86.7% 90.0% 53.8% inter: 33.8% 31.6% 3.8%
[libx264 @ 0x5c093f598f80] i16 v,h,dc,p: 23% 19%  8% 49%
[libx264 @ 0x5c093f598f80] i8 v,h,dc,ddl,ddr,vr,hd,vl,hu: 20% 17% 15%  6%  7%  8%  8%  9% 10%
[libx264 @ 0x5c093f598f80] i4 v,h,dc,ddl,ddr,vr,hd,vl,hu: 21% 16% 13%  7%  8%  9% 10%  9%  8%
[libx264 @ 0x5c093f598f80] i8c dc,h,v,p: 37% 22% 23% 19%
[libx264 @ 0x5c093f598f80] Weighted P-Frames: Y:52.1% UV:37.5%
[libx264 @ 0x5c093f598f80] ref P L0: 53.2% 18.6% 17.2%  8.3%  2.7%
[libx264 @ 0x5c093f598f80] ref B L0: 82.6% 13.7%  3.7%
[libx264 @ 0x5c093f598f80] ref B L1: 98.7%  1.3%
[libx264 @ 0x5c093f598f80] kb/s:1916.33
ffmpeg version 6.1.1-3ubuntu5 Copyright (c) 2000-2023 the FFmpeg developers
  built with gcc 13 (Ubuntu 13.2.0-23ubuntu3)
  configuration: --prefix=/usr --extra-version=3ubuntu5 --toolchain=hardened --libdir=/usr/lib/x86_64-linux-gnu --incdir=/usr/include/x86_64-linux-gnu --arch=amd64 --enable-gpl --disable-stripping --disable-omx --enable-gnutls --enable-libaom --enable-libass --enable-libbs2b --enable-libcaca --enable-libcdio --enable-libcodec2 --enable-libdav1d --enable-libflite --enable-libfontconfig --enable-libfreetype --enable-libfribidi --enable-libglslang --enable-libgme --enable-libgsm --enable-libharfbuzz --enable-libmp3lame --enable-libmysofa --enable-libopenjpeg --enable-libopenmpt --enable-libopus --enable-librubberband --enable-libshine --enable-libsnappy --enable-libsoxr --enable-libspeex --enable-libtheora --enable-libtwolame --enable-libvidstab --enable-libvorbis --enable-libvpx --enable-libwebp --enable-libx265 --enable-libxml2 --enable-libxvid --enable-libzimg --enable-openal --enable-opencl --enable-opengl --disable-sndio --enable-libvpl --disable-libmfx --enable-libdc1394 --enable-libdrm --enable-libiec61883 --enable-chromaprint --enable-frei0r --enable-ladspa --enable-libbluray --enable-libjack --enable-libpulse --enable-librabbitmq --enable-librist --enable-libsrt --enable-libssh --enable-libsvtav1 --enable-libx264 --enable-libzmq --enable-libzvbi --enable-lv2 --enable-sdl2 --enable-libplacebo --enable-librav1e --enable-pocketsphinx --enable-librsvg --enable-libjxl --enable-shared
  libavutil      58. 29.100 / 58. 29.100
  libavcodec     60. 31.102 / 60. 31.102
  libavformat    60. 16.100 / 60. 16.100
  libavdevice    60.  3.100 / 60.  3.100
  libavfilter     9. 12.100 /  9. 12.100
  libswscale      7.  5.100 /  7.  5.100
  libswresample   4. 12.100 /  4. 12.100
  libpostproc    57.  3.100 / 57.  3.100
Input #0, mov,mp4,m4a,3gp,3g2,mj2, from '/data/vaishak/combined-kv-quant/results/runs/backfill_flowcache_prune_int2_990b60e0bbd4_10s/videos/FLOWCACHE_PRUNE_INT2/prompt_0001_seed_1.mp4':
  Metadata:
    major_brand     : isom
    minor_version   : 512
    compatible_brands: isomiso2avc1mp41
    encoder         : Lavf61.1.100
  Duration: 00:00:10.31, start: 0.000000, bitrate: 1081 kb/s
  Stream #0:0[0x1](und): Video: h264 (High) (avc1 / 0x31637661), yuv420p(progressive), 832x480, 1079 kb/s, 16 fps, 16 tbr, 16384 tbn (default)
    Metadata:
      handler_name    : VideoHandler
      vendor_id       : [0][0][0][0]
Stream mapping:
  Stream #0:0 -> #0:0 (h264 (native) -> h264 (libx264))
Press [q] to stop, [?] for help
[libx264 @ 0x5de7f45bf5c0] using cpu capabilities: MMX2 SSE2Fast SSSE3 SSE4.2 AVX FMA3 BMI2 AVX2
[libx264 @ 0x5de7f45bf5c0] profile High, level 3.0, 4:2:0, 8-bit
[libx264 @ 0x5de7f45bf5c0] 264 - core 164 r3108 31e19f9 - H.264/MPEG-4 AVC codec - Copyleft 2003-2023 - http://www.videolan.org/x264.html - options: cabac=1 ref=3 deblock=1:0:0 analyse=0x3:0x113 me=hex subme=7 psy=1 psy_rd=1.00:0.00 mixed_ref=1 me_range=16 chroma_me=1 trellis=1 8x8dct=1 cqm=0 deadzone=21,11 fast_pskip=1 chroma_qp_offset=-2 threads=15 lookahead_threads=2 sliced_threads=0 nr=0 decimate=1 interlaced=0 bluray_compat=0 constrained_intra=0 bframes=3 b_pyramid=2 b_adapt=1 b_bias=0 direct=1 weightb=1 open_gop=0 weightp=2 keyint=250 keyint_min=16 scenecut=40 intra_refresh=0 rc_lookahead=40 rc=crf mbtree=1 crf=23.0 qcomp=0.60 qpmin=0 qpmax=69 qpstep=4 ip_ratio=1.40 aq=1:1.00
Output #0, mp4, to '/data/vaishak/combined-kv-quant/results/combined/backfills/drift/moviegen/74fdbe70d77407be_FLOWCACHE_PRUNE_INT2/FLOWCACHE_PRUNE_INT2_frames_165/prompt_0001_seed_1.mp4':
  Metadata:
    major_brand     : isom
    minor_version   : 512
    compatible_brands: isomiso2avc1mp41
    encoder         : Lavf60.16.100
  Stream #0:0(und): Video: h264 (avc1 / 0x31637661), yuv420p(progressive), 832x480, q=2-31, 16 fps, 16384 tbn (default)
    Metadata:
      handler_name    : VideoHandler
      vendor_id       : [0][0][0][0]
      encoder         : Lavc60.31.102 libx264
    Side data:
      cpb: bitrate max/min/avg: 0/0/0 buffer size: 0 vbv_delay: N/A
frame=    0 fps=0.0 q=0.0 size=       0kB time=N/A bitrate=N/A speed=N/A    [out#0/mp4 @ 0x5de7f45be0c0] video:2139kB audio:0kB subtitle:0kB other streams:0kB global headers:0kB muxing overhead: 0.130731%
frame=  165 fps=0.0 q=-1.0 Lsize=    2141kB time=00:00:10.12 bitrate=1732.6kbits/s speed=13.1x    
[libx264 @ 0x5de7f45bf5c0] frame I:5     Avg QP:21.15  size: 48308
[libx264 @ 0x5de7f45bf5c0] frame P:45    Avg QP:23.72  size: 26414
[libx264 @ 0x5de7f45bf5c0] frame B:115   Avg QP:25.80  size:  6601
[libx264 @ 0x5de7f45bf5c0] consecutive B-frames:  3.6%  8.5%  5.5% 82.4%
[libx264 @ 0x5de7f45bf5c0] mb I  I16..4:  5.7% 82.5% 11.8%
[libx264 @ 0x5de7f45bf5c0] mb P  I16..4:  2.7% 19.1%  1.8%  P16..4: 40.0% 20.6% 10.5%  0.0%  0.0%    skip: 5.4%
[libx264 @ 0x5de7f45bf5c0] mb B  I16..4:  0.4%  1.1%  0.1%  B16..8: 49.6%  8.1%  3.5%  direct: 3.2%  skip:34.1%  L0:55.9% L1:36.6% BI: 7.4%
[libx264 @ 0x5de7f45bf5c0] 8x8 transform intra:80.3% inter:73.9%
[libx264 @ 0x5de7f45bf5c0] coded y,uvDC,uvAC intra: 79.5% 78.9% 19.8% inter: 26.1% 21.2% 0.1%
[libx264 @ 0x5de7f45bf5c0] i16 v,h,dc,p:  7% 41%  7% 44%
[libx264 @ 0x5de7f45bf5c0] i8 v,h,dc,ddl,ddr,vr,hd,vl,hu: 10% 29% 23%  5%  5%  4%  8%  6% 10%
[libx264 @ 0x5de7f45bf5c0] i4 v,h,dc,ddl,ddr,vr,hd,vl,hu: 11% 24% 16%  7%  7%  7% 10%  8% 10%
[libx264 @ 0x5de7f45bf5c0] i8c dc,h,v,p: 36% 41% 10% 13%
[libx264 @ 0x5de7f45bf5c0] Weighted P-Frames: Y:44.4% UV:17.8%
[libx264 @ 0x5de7f45bf5c0] ref P L0: 57.5% 16.0% 17.2%  7.1%  2.1%
[libx264 @ 0x5de7f45bf5c0] ref B L0: 85.0% 12.3%  2.7%
[libx264 @ 0x5de7f45bf5c0] ref B L1: 98.3%  1.7%
[libx264 @ 0x5de7f45bf5c0] kb/s:1698.37
ffmpeg version 6.1.1-3ubuntu5 Copyright (c) 2000-2023 the FFmpeg developers
  built with gcc 13 (Ubuntu 13.2.0-23ubuntu3)
  configuration: --prefix=/usr --extra-version=3ubuntu5 --toolchain=hardened --libdir=/usr/lib/x86_64-linux-gnu --incdir=/usr/include/x86_64-linux-gnu --arch=amd64 --enable-gpl --disable-stripping --disable-omx --enable-gnutls --enable-libaom --enable-libass --enable-libbs2b --enable-libcaca --enable-libcdio --enable-libcodec2 --enable-libdav1d --enable-libflite --enable-libfontconfig --enable-libfreetype --enable-libfribidi --enable-libglslang --enable-libgme --enable-libgsm --enable-libharfbuzz --enable-libmp3lame --enable-libmysofa --enable-libopenjpeg --enable-libopenmpt --enable-libopus --enable-librubberband --enable-libshine --enable-libsnappy --enable-libsoxr --enable-libspeex --enable-libtheora --enable-libtwolame --enable-libvidstab --enable-libvorbis --enable-libvpx --enable-libwebp --enable-libx265 --enable-libxml2 --enable-libxvid --enable-libzimg --enable-openal --enable-opencl --enable-opengl --disable-sndio --enable-libvpl --disable-libmfx --enable-libdc1394 --enable-libdrm --enable-libiec61883 --enable-chromaprint --enable-frei0r --enable-ladspa --enable-libbluray --enable-libjack --enable-libpulse --enable-librabbitmq --enable-librist --enable-libsrt --enable-libssh --enable-libsvtav1 --enable-libx264 --enable-libzmq --enable-libzvbi --enable-lv2 --enable-sdl2 --enable-libplacebo --enable-librav1e --enable-pocketsphinx --enable-librsvg --enable-libjxl --enable-shared
  libavutil      58. 29.100 / 58. 29.100
  libavcodec     60. 31.102 / 60. 31.102
  libavformat    60. 16.100 / 60. 16.100
  libavdevice    60.  3.100 / 60.  3.100
  libavfilter     9. 12.100 /  9. 12.100
  libswscale      7.  5.100 /  7.  5.100
  libswresample   4. 12.100 /  4. 12.100
  libpostproc    57.  3.100 / 57.  3.100
Input #0, mov,mp4,m4a,3gp,3g2,mj2, from '/data/vaishak/combined-kv-quant/results/runs/backfill_flowcache_prune_int2_990b60e0bbd4_10s/videos/FLOWCACHE_PRUNE_INT2/prompt_0002_seed_2.mp4':
  Metadata:
    major_brand     : isom
    minor_version   : 512
    compatible_brands: isomiso2avc1mp41
    encoder         : Lavf61.1.100
  Duration: 00:00:10.31, start: 0.000000, bitrate: 1141 kb/s
  Stream #0:0[0x1](und): Video: h264 (High) (avc1 / 0x31637661), yuv420p(progressive), 832x480, 1139 kb/s, 16 fps, 16 tbr, 16384 tbn (default)
    Metadata:
      handler_name    : VideoHandler
      vendor_id       : [0][0][0][0]
Stream mapping:
  Stream #0:0 -> #0:0 (h264 (native) -> h264 (libx264))
Press [q] to stop, [?] for help
[libx264 @ 0x61b6e6ae7a80] using cpu capabilities: MMX2 SSE2Fast SSSE3 SSE4.2 AVX FMA3 BMI2 AVX2
[libx264 @ 0x61b6e6ae7a80] profile High, level 3.0, 4:2:0, 8-bit
[libx264 @ 0x61b6e6ae7a80] 264 - core 164 r3108 31e19f9 - H.264/MPEG-4 AVC codec - Copyleft 2003-2023 - http://www.videolan.org/x264.html - options: cabac=1 ref=3 deblock=1:0:0 analyse=0x3:0x113 me=hex subme=7 psy=1 psy_rd=1.00:0.00 mixed_ref=1 me_range=16 chroma_me=1 trellis=1 8x8dct=1 cqm=0 deadzone=21,11 fast_pskip=1 chroma_qp_offset=-2 threads=15 lookahead_threads=2 sliced_threads=0 nr=0 decimate=1 interlaced=0 bluray_compat=0 constrained_intra=0 bframes=3 b_pyramid=2 b_adapt=1 b_bias=0 direct=1 weightb=1 open_gop=0 weightp=2 keyint=250 keyint_min=16 scenecut=40 intra_refresh=0 rc_lookahead=40 rc=crf mbtree=1 crf=23.0 qcomp=0.60 qpmin=0 qpmax=69 qpstep=4 ip_ratio=1.40 aq=1:1.00
Output #0, mp4, to '/data/vaishak/combined-kv-quant/results/combined/backfills/drift/moviegen/74fdbe70d77407be_FLOWCACHE_PRUNE_INT2/FLOWCACHE_PRUNE_INT2_frames_165/prompt_0002_seed_2.mp4':
  Metadata:
    major_brand     : isom
    minor_version   : 512
    compatible_brands: isomiso2avc1mp41
    encoder         : Lavf60.16.100
  Stream #0:0(und): Video: h264 (avc1 / 0x31637661), yuv420p(progressive), 832x480, q=2-31, 16 fps, 16384 tbn (default)
    Metadata:
      handler_name    : VideoHandler
      vendor_id       : [0][0][0][0]
      encoder         : Lavc60.31.102 libx264
    Side data:
      cpb: bitrate max/min/avg: 0/0/0 buffer size: 0 vbv_delay: N/A
frame=    0 fps=0.0 q=0.0 size=       0kB time=N/A bitrate=N/A speed=N/A    frame=   87 fps=0.0 q=24.0 size=     768kB time=00:00:05.31 bitrate=1184.3kbits/s speed=10.3x    [out#0/mp4 @ 0x61b6e6a04cc0] video:1834kB audio:0kB subtitle:0kB other streams:0kB global headers:0kB muxing overhead: 0.146689%
frame=  165 fps=0.0 q=-1.0 Lsize=    1837kB time=00:00:10.12 bitrate=1486.1kbits/s speed=13.2x    
[libx264 @ 0x61b6e6ae7a80] frame I:18    Avg QP:19.58  size: 23968
[libx264 @ 0x61b6e6ae7a80] frame P:44    Avg QP:23.32  size: 13764
[libx264 @ 0x61b6e6ae7a80] frame B:103   Avg QP:24.87  size:  8159
[libx264 @ 0x61b6e6ae7a80] consecutive B-frames: 12.7%  3.6% 25.5% 58.2%
[libx264 @ 0x61b6e6ae7a80] mb I  I16..4: 37.2% 54.2%  8.6%
[libx264 @ 0x61b6e6ae7a80] mb P  I16..4: 11.7% 18.3%  2.9%  P16..4: 38.5% 11.5%  4.4%  0.0%  0.0%    skip:12.7%
[libx264 @ 0x61b6e6ae7a80] mb B  I16..4:  0.4%  2.1%  0.7%  B16..8: 37.0%  9.7%  3.9%  direct: 4.6%  skip:41.7%  L0:47.1% L1:42.8% BI:10.0%
[libx264 @ 0x61b6e6ae7a80] 8x8 transform intra:55.8% inter:70.4%
[libx264 @ 0x61b6e6ae7a80] coded y,uvDC,uvAC intra: 56.4% 65.4% 20.6% inter: 22.9% 23.2% 1.8%
[libx264 @ 0x61b6e6ae7a80] i16 v,h,dc,p:  2% 57%  3% 39%
[libx264 @ 0x61b6e6ae7a80] i8 v,h,dc,ddl,ddr,vr,hd,vl,hu: 10% 29% 19%  6%  6%  5%  8%  6% 12%
[libx264 @ 0x61b6e6ae7a80] i4 v,h,dc,ddl,ddr,vr,hd,vl,hu: 12% 23% 14%  6% 11%  7% 11%  5% 10%
[libx264 @ 0x61b6e6ae7a80] i8c dc,h,v,p: 36% 41% 11% 11%
[libx264 @ 0x61b6e6ae7a80] Weighted P-Frames: Y:25.0% UV:18.2%
[libx264 @ 0x61b6e6ae7a80] ref P L0: 65.0%  8.4% 17.0%  8.0%  1.6%
[libx264 @ 0x61b6e6ae7a80] ref B L0: 88.7%  9.1%  2.1%
[libx264 @ 0x61b6e6ae7a80] ref B L1: 97.6%  2.4%
[libx264 @ 0x61b6e6ae7a80] kb/s:1456.44
ffmpeg version 6.1.1-3ubuntu5 Copyright (c) 2000-2023 the FFmpeg developers
  built with gcc 13 (Ubuntu 13.2.0-23ubuntu3)
  configuration: --prefix=/usr --extra-version=3ubuntu5 --toolchain=hardened --libdir=/usr/lib/x86_64-linux-gnu --incdir=/usr/include/x86_64-linux-gnu --arch=amd64 --enable-gpl --disable-stripping --disable-omx --enable-gnutls --enable-libaom --enable-libass --enable-libbs2b --enable-libcaca --enable-libcdio --enable-libcodec2 --enable-libdav1d --enable-libflite --enable-libfontconfig --enable-libfreetype --enable-libfribidi --enable-libglslang --enable-libgme --enable-libgsm --enable-libharfbuzz --enable-libmp3lame --enable-libmysofa --enable-libopenjpeg --enable-libopenmpt --enable-libopus --enable-librubberband --enable-libshine --enable-libsnappy --enable-libsoxr --enable-libspeex --enable-libtheora --enable-libtwolame --enable-libvidstab --enable-libvorbis --enable-libvpx --enable-libwebp --enable-libx265 --enable-libxml2 --enable-libxvid --enable-libzimg --enable-openal --enable-opencl --enable-opengl --disable-sndio --enable-libvpl --disable-libmfx --enable-libdc1394 --enable-libdrm --enable-libiec61883 --enable-chromaprint --enable-frei0r --enable-ladspa --enable-libbluray --enable-libjack --enable-libpulse --enable-librabbitmq --enable-librist --enable-libsrt --enable-libssh --enable-libsvtav1 --enable-libx264 --enable-libzmq --enable-libzvbi --enable-lv2 --enable-sdl2 --enable-libplacebo --enable-librav1e --enable-pocketsphinx --enable-librsvg --enable-libjxl --enable-shared
  libavutil      58. 29.100 / 58. 29.100
  libavcodec     60. 31.102 / 60. 31.102
  libavformat    60. 16.100 / 60. 16.100
  libavdevice    60.  3.100 / 60.  3.100
  libavfilter     9. 12.100 /  9. 12.100
  libswscale      7.  5.100 /  7.  5.100
  libswresample   4. 12.100 /  4. 12.100
  libpostproc    57.  3.100 / 57.  3.100
Input #0, mov,mp4,m4a,3gp,3g2,mj2, from '/data/vaishak/combined-kv-quant/results/runs/backfill_flowcache_prune_int2_990b60e0bbd4_10s/videos/FLOWCACHE_PRUNE_INT2/prompt_0003_seed_3.mp4':
  Metadata:
    major_brand     : isom
    minor_version   : 512
    compatible_brands: isomiso2avc1mp41
    encoder         : Lavf61.1.100
  Duration: 00:00:10.31, start: 0.000000, bitrate: 1073 kb/s
  Stream #0:0[0x1](und): Video: h264 (High) (avc1 / 0x31637661), yuv420p(progressive), 832x480, 1071 kb/s, 16 fps, 16 tbr, 16384 tbn (default)
    Metadata:
      handler_name    : VideoHandler
      vendor_id       : [0][0][0][0]
Stream mapping:
  Stream #0:0 -> #0:0 (h264 (native) -> h264 (libx264))
Press [q] to stop, [?] for help
[libx264 @ 0x56dd0c732d00] using cpu capabilities: MMX2 SSE2Fast SSSE3 SSE4.2 AVX FMA3 BMI2 AVX2
[libx264 @ 0x56dd0c732d00] profile High, level 3.0, 4:2:0, 8-bit
[libx264 @ 0x56dd0c732d00] 264 - core 164 r3108 31e19f9 - H.264/MPEG-4 AVC codec - Copyleft 2003-2023 - http://www.videolan.org/x264.html - options: cabac=1 ref=3 deblock=1:0:0 analyse=0x3:0x113 me=hex subme=7 psy=1 psy_rd=1.00:0.00 mixed_ref=1 me_range=16 chroma_me=1 trellis=1 8x8dct=1 cqm=0 deadzone=21,11 fast_pskip=1 chroma_qp_offset=-2 threads=15 lookahead_threads=2 sliced_threads=0 nr=0 decimate=1 interlaced=0 bluray_compat=0 constrained_intra=0 bframes=3 b_pyramid=2 b_adapt=1 b_bias=0 direct=1 weightb=1 open_gop=0 weightp=2 keyint=250 keyint_min=16 scenecut=40 intra_refresh=0 rc_lookahead=40 rc=crf mbtree=1 crf=23.0 qcomp=0.60 qpmin=0 qpmax=69 qpstep=4 ip_ratio=1.40 aq=1:1.00
Output #0, mp4, to '/data/vaishak/combined-kv-quant/results/combined/backfills/drift/moviegen/74fdbe70d77407be_FLOWCACHE_PRUNE_INT2/FLOWCACHE_PRUNE_INT2_frames_165/prompt_0003_seed_3.mp4':
  Metadata:
    major_brand     : isom
    minor_version   : 512
    compatible_brands: isomiso2avc1mp41
    encoder         : Lavf60.16.100
  Stream #0:0(und): Video: h264 (avc1 / 0x31637661), yuv420p(progressive), 832x480, q=2-31, 16 fps, 16384 tbn (default)
    Metadata:
      handler_name    : VideoHandler
      vendor_id       : [0][0][0][0]
      encoder         : Lavc60.31.102 libx264
    Side data:
      cpb: bitrate max/min/avg: 0/0/0 buffer size: 0 vbv_delay: N/A
frame=    0 fps=0.0 q=0.0 size=       0kB time=N/A bitrate=N/A speed=N/A    frame=   86 fps=0.0 q=27.0 size=    1280kB time=00:00:05.25 bitrate=1997.4kbits/s speed=9.93x    [out#0/mp4 @ 0x56dd0c6a8d00] video:2506kB audio:0kB subtitle:0kB other streams:0kB global headers:0kB muxing overhead: 0.110339%
frame=  165 fps=0.0 q=-1.0 Lsize=    2508kB time=00:00:10.12 bitrate=2029.5kbits/s speed=12.5x    
[libx264 @ 0x56dd0c732d00] frame I:9     Avg QP:21.62  size: 47511
[libx264 @ 0x56dd0c732d00] frame P:48    Avg QP:24.62  size: 26721
[libx264 @ 0x56dd0c732d00] frame B:108   Avg QP:26.39  size:  7915
[libx264 @ 0x56dd0c732d00] consecutive B-frames:  9.7%  7.3%  5.5% 77.6%
[libx264 @ 0x56dd0c732d00] mb I  I16..4: 15.7% 71.3% 13.0%
[libx264 @ 0x56dd0c732d00] mb P  I16..4:  4.5% 21.5%  2.9%  P16..4: 37.2% 16.6%  8.8%  0.0%  0.0%    skip: 8.5%
[libx264 @ 0x56dd0c732d00] mb B  I16..4:  0.4%  1.1%  0.2%  B16..8: 47.3%  9.5%  3.9%  direct: 4.0%  skip:33.7%  L0:52.0% L1:38.0% BI:10.1%
[libx264 @ 0x56dd0c732d00] 8x8 transform intra:72.6% inter:73.2%
[libx264 @ 0x56dd0c732d00] coded y,uvDC,uvAC intra: 78.1% 86.1% 34.1% inter: 28.0% 27.6% 0.3%
[libx264 @ 0x56dd0c732d00] i16 v,h,dc,p:  2% 49%  3% 46%
[libx264 @ 0x56dd0c732d00] i8 v,h,dc,ddl,ddr,vr,hd,vl,hu:  7% 30% 20%  5%  7%  5% 10%  6% 11%
[libx264 @ 0x56dd0c732d00] i4 v,h,dc,ddl,ddr,vr,hd,vl,hu:  8% 29% 12%  6%  9%  5% 14%  5% 12%
[libx264 @ 0x56dd0c732d00] i8c dc,h,v,p: 32% 36% 13% 20%
[libx264 @ 0x56dd0c732d00] Weighted P-Frames: Y:31.2% UV:25.0%
[libx264 @ 0x56dd0c732d00] ref P L0: 60.0% 17.7% 15.5%  6.0%  0.8%
[libx264 @ 0x56dd0c732d00] ref B L0: 86.1% 12.1%  1.8%
[libx264 @ 0x56dd0c732d00] ref B L1: 98.7%  1.3%
[libx264 @ 0x56dd0c732d00] kb/s:1989.84
ffmpeg version 6.1.1-3ubuntu5 Copyright (c) 2000-2023 the FFmpeg developers
  built with gcc 13 (Ubuntu 13.2.0-23ubuntu3)
  configuration: --prefix=/usr --extra-version=3ubuntu5 --toolchain=hardened --libdir=/usr/lib/x86_64-linux-gnu --incdir=/usr/include/x86_64-linux-gnu --arch=amd64 --enable-gpl --disable-stripping --disable-omx --enable-gnutls --enable-libaom --enable-libass --enable-libbs2b --enable-libcaca --enable-libcdio --enable-libcodec2 --enable-libdav1d --enable-libflite --enable-libfontconfig --enable-libfreetype --enable-libfribidi --enable-libglslang --enable-libgme --enable-libgsm --enable-libharfbuzz --enable-libmp3lame --enable-libmysofa --enable-libopenjpeg --enable-libopenmpt --enable-libopus --enable-librubberband --enable-libshine --enable-libsnappy --enable-libsoxr --enable-libspeex --enable-libtheora --enable-libtwolame --enable-libvidstab --enable-libvorbis --enable-libvpx --enable-libwebp --enable-libx265 --enable-libxml2 --enable-libxvid --enable-libzimg --enable-openal --enable-opencl --enable-opengl --disable-sndio --enable-libvpl --disable-libmfx --enable-libdc1394 --enable-libdrm --enable-libiec61883 --enable-chromaprint --enable-frei0r --enable-ladspa --enable-libbluray --enable-libjack --enable-libpulse --enable-librabbitmq --enable-librist --enable-libsrt --enable-libssh --enable-libsvtav1 --enable-libx264 --enable-libzmq --enable-libzvbi --enable-lv2 --enable-sdl2 --enable-libplacebo --enable-librav1e --enable-pocketsphinx --enable-librsvg --enable-libjxl --enable-shared
  libavutil      58. 29.100 / 58. 29.100
  libavcodec     60. 31.102 / 60. 31.102
  libavformat    60. 16.100 / 60. 16.100
  libavdevice    60.  3.100 / 60.  3.100
  libavfilter     9. 12.100 /  9. 12.100
  libswscale      7.  5.100 /  7.  5.100
  libswresample   4. 12.100 /  4. 12.100
  libpostproc    57.  3.100 / 57.  3.100
Input #0, mov,mp4,m4a,3gp,3g2,mj2, from '/data/vaishak/combined-kv-quant/results/runs/backfill_flowcache_prune_int2_990b60e0bbd4_10s/videos/FLOWCACHE_PRUNE_INT2/prompt_0004_seed_4.mp4':
  Metadata:
    major_brand     : isom
    minor_version   : 512
    compatible_brands: isomiso2avc1mp41
    encoder         : Lavf61.1.100
  Duration: 00:00:10.31, start: 0.000000, bitrate: 1071 kb/s
  Stream #0:0[0x1](und): Video: h264 (High) (avc1 / 0x31637661), yuv420p(progressive), 832x480, 1069 kb/s, 16 fps, 16 tbr, 16384 tbn (default)
    Metadata:
      handler_name    : VideoHandler
      vendor_id       : [0][0][0][0]
Stream mapping:
  Stream #0:0 -> #0:0 (h264 (native) -> h264 (libx264))
Press [q] to stop, [?] for help
[libx264 @ 0x5cdb8f030440] using cpu capabilities: MMX2 SSE2Fast SSSE3 SSE4.2 AVX FMA3 BMI2 AVX2
[libx264 @ 0x5cdb8f030440] profile High, level 3.0, 4:2:0, 8-bit
[libx264 @ 0x5cdb8f030440] 264 - core 164 r3108 31e19f9 - H.264/MPEG-4 AVC codec - Copyleft 2003-2023 - http://www.videolan.org/x264.html - options: cabac=1 ref=3 deblock=1:0:0 analyse=0x3:0x113 me=hex subme=7 psy=1 psy_rd=1.00:0.00 mixed_ref=1 me_range=16 chroma_me=1 trellis=1 8x8dct=1 cqm=0 deadzone=21,11 fast_pskip=1 chroma_qp_offset=-2 threads=15 lookahead_threads=2 sliced_threads=0 nr=0 decimate=1 interlaced=0 bluray_compat=0 constrained_intra=0 bframes=3 b_pyramid=2 b_adapt=1 b_bias=0 direct=1 weightb=1 open_gop=0 weightp=2 keyint=250 keyint_min=16 scenecut=40 intra_refresh=0 rc_lookahead=40 rc=crf mbtree=1 crf=23.0 qcomp=0.60 qpmin=0 qpmax=69 qpstep=4 ip_ratio=1.40 aq=1:1.00
Output #0, mp4, to '/data/vaishak/combined-kv-quant/results/combined/backfills/drift/moviegen/74fdbe70d77407be_FLOWCACHE_PRUNE_INT2/FLOWCACHE_PRUNE_INT2_frames_165/prompt_0004_seed_4.mp4':
  Metadata:
    major_brand     : isom
    minor_version   : 512
    compatible_brands: isomiso2avc1mp41
    encoder         : Lavf60.16.100
  Stream #0:0(und): Video: h264 (avc1 / 0x31637661), yuv420p(progressive), 832x480, q=2-31, 16 fps, 16384 tbn (default)
    Metadata:
      handler_name    : VideoHandler
      vendor_id       : [0][0][0][0]
      encoder         : Lavc60.31.102 libx264
    Side data:
      cpb: bitrate max/min/avg: 0/0/0 buffer size: 0 vbv_delay: N/A
frame=    0 fps=0.0 q=0.0 size=       0kB time=N/A bitrate=N/A speed=N/A    [out#0/mp4 @ 0x5cdb8efaffc0] video:1329kB audio:0kB subtitle:0kB other streams:0kB global headers:0kB muxing overhead: 0.209491%
frame=  165 fps=0.0 q=-1.0 Lsize=    1332kB time=00:00:10.12 bitrate=1077.5kbits/s speed=15.1x    
[libx264 @ 0x5cdb8f030440] frame I:4     Avg QP:19.77  size: 32718
[libx264 @ 0x5cdb8f030440] frame P:47    Avg QP:22.22  size: 16140
[libx264 @ 0x5cdb8f030440] frame B:114   Avg QP:24.66  size:  4130
[libx264 @ 0x5cdb8f030440] consecutive B-frames:  3.0% 13.3%  3.6% 80.0%
[libx264 @ 0x5cdb8f030440] mb I  I16..4: 16.3% 72.7% 11.1%
[libx264 @ 0x5cdb8f030440] mb P  I16..4:  4.4%  7.9%  1.0%  P16..4: 51.7% 19.3%  9.1%  0.0%  0.0%    skip: 6.6%
[libx264 @ 0x5cdb8f030440] mb B  I16..4:  1.0%  1.1%  0.0%  B16..8: 41.1%  6.5%  1.8%  direct: 4.1%  skip:44.3%  L0:53.3% L1:39.1% BI: 7.6%
[libx264 @ 0x5cdb8f030440] 8x8 transform intra:62.0% inter:76.7%
[libx264 @ 0x5cdb8f030440] coded y,uvDC,uvAC intra: 53.8% 86.1% 33.6% inter: 21.2% 34.3% 0.7%
[libx264 @ 0x5cdb8f030440] i16 v,h,dc,p: 17% 31%  5% 48%
[libx264 @ 0x5cdb8f030440] i8 v,h,dc,ddl,ddr,vr,hd,vl,hu: 21% 28% 17%  5%  5%  7%  6%  6%  6%
[libx264 @ 0x5cdb8f030440] i4 v,h,dc,ddl,ddr,vr,hd,vl,hu: 13% 24% 11%  7% 10%  8% 11%  6%  9%
[libx264 @ 0x5cdb8f030440] i8c dc,h,v,p: 29% 29% 22% 20%
[libx264 @ 0x5cdb8f030440] Weighted P-Frames: Y:44.7% UV:31.9%
[libx264 @ 0x5cdb8f030440] ref P L0: 55.5% 15.8% 17.6%  8.0%  3.2%
[libx264 @ 0x5cdb8f030440] ref B L0: 83.0% 13.6%  3.5%
[libx264 @ 0x5cdb8f030440] ref B L1: 96.6%  3.4%
[libx264 @ 0x5cdb8f030440] kb/s:1055.21
ffmpeg version 6.1.1-3ubuntu5 Copyright (c) 2000-2023 the FFmpeg developers
  built with gcc 13 (Ubuntu 13.2.0-23ubuntu3)
  configuration: --prefix=/usr --extra-version=3ubuntu5 --toolchain=hardened --libdir=/usr/lib/x86_64-linux-gnu --incdir=/usr/include/x86_64-linux-gnu --arch=amd64 --enable-gpl --disable-stripping --disable-omx --enable-gnutls --enable-libaom --enable-libass --enable-libbs2b --enable-libcaca --enable-libcdio --enable-libcodec2 --enable-libdav1d --enable-libflite --enable-libfontconfig --enable-libfreetype --enable-libfribidi --enable-libglslang --enable-libgme --enable-libgsm --enable-libharfbuzz --enable-libmp3lame --enable-libmysofa --enable-libopenjpeg --enable-libopenmpt --enable-libopus --enable-librubberband --enable-libshine --enable-libsnappy --enable-libsoxr --enable-libspeex --enable-libtheora --enable-libtwolame --enable-libvidstab --enable-libvorbis --enable-libvpx --enable-libwebp --enable-libx265 --enable-libxml2 --enable-libxvid --enable-libzimg --enable-openal --enable-opencl --enable-opengl --disable-sndio --enable-libvpl --disable-libmfx --enable-libdc1394 --enable-libdrm --enable-libiec61883 --enable-chromaprint --enable-frei0r --enable-ladspa --enable-libbluray --enable-libjack --enable-libpulse --enable-librabbitmq --enable-librist --enable-libsrt --enable-libssh --enable-libsvtav1 --enable-libx264 --enable-libzmq --enable-libzvbi --enable-lv2 --enable-sdl2 --enable-libplacebo --enable-librav1e --enable-pocketsphinx --enable-librsvg --enable-libjxl --enable-shared
  libavutil      58. 29.100 / 58. 29.100
  libavcodec     60. 31.102 / 60. 31.102
  libavformat    60. 16.100 / 60. 16.100
  libavdevice    60.  3.100 / 60.  3.100
  libavfilter     9. 12.100 /  9. 12.100
  libswscale      7.  5.100 /  7.  5.100
  libswresample   4. 12.100 /  4. 12.100
  libpostproc    57.  3.100 / 57.  3.100
Input #0, mov,mp4,m4a,3gp,3g2,mj2, from '/data/vaishak/combined-kv-quant/results/runs/backfill_flowcache_prune_int2_990b60e0bbd4_10s/videos/FLOWCACHE_PRUNE_INT2/prompt_0005_seed_5.mp4':
  Metadata:
    major_brand     : isom
    minor_version   : 512
    compatible_brands: isomiso2avc1mp41
    encoder         : Lavf61.1.100
  Duration: 00:00:10.31, start: 0.000000, bitrate: 1102 kb/s
  Stream #0:0[0x1](und): Video: h264 (High) (avc1 / 0x31637661), yuv420p(progressive), 832x480, 1100 kb/s, 16 fps, 16 tbr, 16384 tbn (default)
    Metadata:
      handler_name    : VideoHandler
      vendor_id       : [0][0][0][0]
Stream mapping:
  Stream #0:0 -> #0:0 (h264 (native) -> h264 (libx264))
Press [q] to stop, [?] for help
[libx264 @ 0x5dd8a3b2ae80] using cpu capabilities: MMX2 SSE2Fast SSSE3 SSE4.2 AVX FMA3 BMI2 AVX2
[libx264 @ 0x5dd8a3b2ae80] profile High, level 3.0, 4:2:0, 8-bit
[libx264 @ 0x5dd8a3b2ae80] 264 - core 164 r3108 31e19f9 - H.264/MPEG-4 AVC codec - Copyleft 2003-2023 - http://www.videolan.org/x264.html - options: cabac=1 ref=3 deblock=1:0:0 analyse=0x3:0x113 me=hex subme=7 psy=1 psy_rd=1.00:0.00 mixed_ref=1 me_range=16 chroma_me=1 trellis=1 8x8dct=1 cqm=0 deadzone=21,11 fast_pskip=1 chroma_qp_offset=-2 threads=15 lookahead_threads=2 sliced_threads=0 nr=0 decimate=1 interlaced=0 bluray_compat=0 constrained_intra=0 bframes=3 b_pyramid=2 b_adapt=1 b_bias=0 direct=1 weightb=1 open_gop=0 weightp=2 keyint=250 keyint_min=16 scenecut=40 intra_refresh=0 rc_lookahead=40 rc=crf mbtree=1 crf=23.0 qcomp=0.60 qpmin=0 qpmax=69 qpstep=4 ip_ratio=1.40 aq=1:1.00
Output #0, mp4, to '/data/vaishak/combined-kv-quant/results/combined/backfills/drift/moviegen/74fdbe70d77407be_FLOWCACHE_PRUNE_INT2/FLOWCACHE_PRUNE_INT2_frames_165/prompt_0005_seed_5.mp4':
  Metadata:
    major_brand     : isom
    minor_version   : 512
    compatible_brands: isomiso2avc1mp41
    encoder         : Lavf60.16.100
  Stream #0:0(und): Video: h264 (avc1 / 0x31637661), yuv420p(progressive), 832x480, q=2-31, 16 fps, 16384 tbn (default)
    Metadata:
      handler_name    : VideoHandler
      vendor_id       : [0][0][0][0]
      encoder         : Lavc60.31.102 libx264
    Side data:
      cpb: bitrate max/min/avg: 0/0/0 buffer size: 0 vbv_delay: N/A
frame=    0 fps=0.0 q=0.0 size=       0kB time=N/A bitrate=N/A speed=N/A    frame=   82 fps=0.0 q=27.0 size=    1280kB time=00:00:05.00 bitrate=2097.2kbits/s speed= 9.7x    [out#0/mp4 @ 0x5dd8a3a96d00] video:3065kB audio:0kB subtitle:0kB other streams:0kB global headers:0kB muxing overhead: 0.090336%
frame=  165 fps=0.0 q=-1.0 Lsize=    3067kB time=00:00:10.12 bitrate=2481.9kbits/s speed=  12x    
[libx264 @ 0x5dd8a3b2ae80] frame I:8     Avg QP:22.10  size: 64692
[libx264 @ 0x5dd8a3b2ae80] frame P:47    Avg QP:25.07  size: 36508
[libx264 @ 0x5dd8a3b2ae80] frame B:110   Avg QP:27.50  size:  8220
[libx264 @ 0x5dd8a3b2ae80] consecutive B-frames:  7.3%  8.5%  9.1% 75.2%
[libx264 @ 0x5dd8a3b2ae80] mb I  I16..4:  8.0% 75.1% 16.9%
[libx264 @ 0x5dd8a3b2ae80] mb P  I16..4:  2.1% 12.1%  1.5%  P16..4: 38.5% 23.4% 17.1%  0.0%  0.0%    skip: 5.2%
[libx264 @ 0x5dd8a3b2ae80] mb B  I16..4:  0.3%  0.6%  0.1%  B16..8: 49.2%  9.9%  6.7%  direct: 3.2%  skip:30.1%  L0:51.8% L1:38.8% BI: 9.4%
[libx264 @ 0x5dd8a3b2ae80] 8x8 transform intra:75.1% inter:70.3%
[libx264 @ 0x5dd8a3b2ae80] coded y,uvDC,uvAC intra: 79.4% 95.8% 80.3% inter: 27.6% 40.2% 9.5%
[libx264 @ 0x5dd8a3b2ae80] i16 v,h,dc,p: 11% 42% 12% 35%
[libx264 @ 0x5dd8a3b2ae80] i8 v,h,dc,ddl,ddr,vr,hd,vl,hu: 13% 17% 29%  6%  5%  8%  5%  9%  9%
[libx264 @ 0x5dd8a3b2ae80] i4 v,h,dc,ddl,ddr,vr,hd,vl,hu: 18% 13% 14%  8%  9% 13%  6% 11%  7%
[libx264 @ 0x5dd8a3b2ae80] i8c dc,h,v,p: 35% 32% 10% 22%
[libx264 @ 0x5dd8a3b2ae80] Weighted P-Frames: Y:40.4% UV:21.3%
[libx264 @ 0x5dd8a3b2ae80] ref P L0: 54.1% 17.1% 18.2%  9.3%  1.3%
[libx264 @ 0x5dd8a3b2ae80] ref B L0: 80.8% 16.1%  3.1%
[libx264 @ 0x5dd8a3b2ae80] ref B L1: 98.8%  1.2%
[libx264 @ 0x5dd8a3b2ae80] kb/s:2434.00
ffmpeg version 6.1.1-3ubuntu5 Copyright (c) 2000-2023 the FFmpeg developers
  built with gcc 13 (Ubuntu 13.2.0-23ubuntu3)
  configuration: --prefix=/usr --extra-version=3ubuntu5 --toolchain=hardened --libdir=/usr/lib/x86_64-linux-gnu --incdir=/usr/include/x86_64-linux-gnu --arch=amd64 --enable-gpl --disable-stripping --disable-omx --enable-gnutls --enable-libaom --enable-libass --enable-libbs2b --enable-libcaca --enable-libcdio --enable-libcodec2 --enable-libdav1d --enable-libflite --enable-libfontconfig --enable-libfreetype --enable-libfribidi --enable-libglslang --enable-libgme --enable-libgsm --enable-libharfbuzz --enable-libmp3lame --enable-libmysofa --enable-libopenjpeg --enable-libopenmpt --enable-libopus --enable-librubberband --enable-libshine --enable-libsnappy --enable-libsoxr --enable-libspeex --enable-libtheora --enable-libtwolame --enable-libvidstab --enable-libvorbis --enable-libvpx --enable-libwebp --enable-libx265 --enable-libxml2 --enable-libxvid --enable-libzimg --enable-openal --enable-opencl --enable-opengl --disable-sndio --enable-libvpl --disable-libmfx --enable-libdc1394 --enable-libdrm --enable-libiec61883 --enable-chromaprint --enable-frei0r --enable-ladspa --enable-libbluray --enable-libjack --enable-libpulse --enable-librabbitmq --enable-librist --enable-libsrt --enable-libssh --enable-libsvtav1 --enable-libx264 --enable-libzmq --enable-libzvbi --enable-lv2 --enable-sdl2 --enable-libplacebo --enable-librav1e --enable-pocketsphinx --enable-librsvg --enable-libjxl --enable-shared
  libavutil      58. 29.100 / 58. 29.100
  libavcodec     60. 31.102 / 60. 31.102
  libavformat    60. 16.100 / 60. 16.100
  libavdevice    60.  3.100 / 60.  3.100
  libavfilter     9. 12.100 /  9. 12.100
  libswscale      7.  5.100 /  7.  5.100
  libswresample   4. 12.100 /  4. 12.100
  libpostproc    57.  3.100 / 57.  3.100
Input #0, mov,mp4,m4a,3gp,3g2,mj2, from '/data/vaishak/combined-kv-quant/results/runs/backfill_flowcache_prune_int2_990b60e0bbd4_10s/videos/FLOWCACHE_PRUNE_INT2/prompt_0006_seed_6.mp4':
  Metadata:
    major_brand     : isom
    minor_version   : 512
    compatible_brands: isomiso2avc1mp41
    encoder         : Lavf61.1.100
  Duration: 00:00:10.31, start: 0.000000, bitrate: 1047 kb/s
  Stream #0:0[0x1](und): Video: h264 (High) (avc1 / 0x31637661), yuv420p(progressive), 832x480, 1044 kb/s, 16 fps, 16 tbr, 16384 tbn (default)
    Metadata:
      handler_name    : VideoHandler
      vendor_id       : [0][0][0][0]
Stream mapping:
  Stream #0:0 -> #0:0 (h264 (native) -> h264 (libx264))
Press [q] to stop, [?] for help
[libx264 @ 0x5a30c2727fc0] using cpu capabilities: MMX2 SSE2Fast SSSE3 SSE4.2 AVX FMA3 BMI2 AVX2
[libx264 @ 0x5a30c2727fc0] profile High, level 3.0, 4:2:0, 8-bit
[libx264 @ 0x5a30c2727fc0] 264 - core 164 r3108 31e19f9 - H.264/MPEG-4 AVC codec - Copyleft 2003-2023 - http://www.videolan.org/x264.html - options: cabac=1 ref=3 deblock=1:0:0 analyse=0x3:0x113 me=hex subme=7 psy=1 psy_rd=1.00:0.00 mixed_ref=1 me_range=16 chroma_me=1 trellis=1 8x8dct=1 cqm=0 deadzone=21,11 fast_pskip=1 chroma_qp_offset=-2 threads=15 lookahead_threads=2 sliced_threads=0 nr=0 decimate=1 interlaced=0 bluray_compat=0 constrained_intra=0 bframes=3 b_pyramid=2 b_adapt=1 b_bias=0 direct=1 weightb=1 open_gop=0 weightp=2 keyint=250 keyint_min=16 scenecut=40 intra_refresh=0 rc_lookahead=40 rc=crf mbtree=1 crf=23.0 qcomp=0.60 qpmin=0 qpmax=69 qpstep=4 ip_ratio=1.40 aq=1:1.00
Output #0, mp4, to '/data/vaishak/combined-kv-quant/results/combined/backfills/drift/moviegen/74fdbe70d77407be_FLOWCACHE_PRUNE_INT2/FLOWCACHE_PRUNE_INT2_frames_165/prompt_0006_seed_6.mp4':
  Metadata:
    major_brand     : isom
    minor_version   : 512
    compatible_brands: isomiso2avc1mp41
    encoder         : Lavf60.16.100
  Stream #0:0(und): Video: h264 (avc1 / 0x31637661), yuv420p(progressive), 832x480, q=2-31, 16 fps, 16384 tbn (default)
    Metadata:
      handler_name    : VideoHandler
      vendor_id       : [0][0][0][0]
      encoder         : Lavc60.31.102 libx264
    Side data:
      cpb: bitrate max/min/avg: 0/0/0 buffer size: 0 vbv_delay: N/A
frame=    0 fps=0.0 q=0.0 size=       0kB time=N/A bitrate=N/A speed=N/A    frame=   82 fps=0.0 q=27.0 size=     768kB time=00:00:05.00 bitrate=1258.4kbits/s speed=9.62x    [out#0/mp4 @ 0x5a30c26a6fc0] video:1613kB audio:0kB subtitle:0kB other streams:0kB global headers:0kB muxing overhead: 0.172087%
frame=  165 fps=0.0 q=-1.0 Lsize=    1616kB time=00:00:10.12 bitrate=1307.6kbits/s speed=13.3x    
[libx264 @ 0x5a30c2727fc0] frame I:7     Avg QP:18.97  size: 34089
[libx264 @ 0x5a30c2727fc0] frame P:45    Avg QP:22.22  size: 16826
[libx264 @ 0x5a30c2727fc0] frame B:113   Avg QP:23.70  size:  5801
[libx264 @ 0x5a30c2727fc0] consecutive B-frames:  5.5%  8.5%  3.6% 82.4%
[libx264 @ 0x5a30c2727fc0] mb I  I16..4: 30.6% 59.9%  9.5%
[libx264 @ 0x5a30c2727fc0] mb P  I16..4: 12.5% 15.1%  2.5%  P16..4: 44.6% 12.6%  7.3%  0.0%  0.0%    skip: 5.3%
[libx264 @ 0x5a30c2727fc0] mb B  I16..4:  1.6%  1.5%  0.2%  B16..8: 38.3%  6.6%  3.1%  direct: 5.1%  skip:43.7%  L0:37.0% L1:52.7% BI:10.2%
[libx264 @ 0x5a30c2727fc0] 8x8 transform intra:52.2% inter:77.8%
[libx264 @ 0x5a30c2727fc0] coded y,uvDC,uvAC intra: 40.6% 82.9% 25.4% inter: 18.8% 36.5% 2.1%
[libx264 @ 0x5a30c2727fc0] i16 v,h,dc,p: 12% 25%  8% 55%
[libx264 @ 0x5a30c2727fc0] i8 v,h,dc,ddl,ddr,vr,hd,vl,hu: 19% 21% 25%  4%  9%  6%  6%  5%  5%
[libx264 @ 0x5a30c2727fc0] i4 v,h,dc,ddl,ddr,vr,hd,vl,hu:  7%  6%  9%  3% 37% 16% 13%  3%  4%
[libx264 @ 0x5a30c2727fc0] i8c dc,h,v,p: 43% 25% 15% 16%
[libx264 @ 0x5a30c2727fc0] Weighted P-Frames: Y:28.9% UV:24.4%
[libx264 @ 0x5a30c2727fc0] ref P L0: 56.8%  9.3% 20.6% 11.3%  2.0%
[libx264 @ 0x5a30c2727fc0] ref B L0: 81.3% 15.4%  3.4%
[libx264 @ 0x5a30c2727fc0] ref B L1: 96.3%  3.7%
[libx264 @ 0x5a30c2727fc0] kb/s:1281.07
ffmpeg version 6.1.1-3ubuntu5 Copyright (c) 2000-2023 the FFmpeg developers
  built with gcc 13 (Ubuntu 13.2.0-23ubuntu3)
  configuration: --prefix=/usr --extra-version=3ubuntu5 --toolchain=hardened --libdir=/usr/lib/x86_64-linux-gnu --incdir=/usr/include/x86_64-linux-gnu --arch=amd64 --enable-gpl --disable-stripping --disable-omx --enable-gnutls --enable-libaom --enable-libass --enable-libbs2b --enable-libcaca --enable-libcdio --enable-libcodec2 --enable-libdav1d --enable-libflite --enable-libfontconfig --enable-libfreetype --enable-libfribidi --enable-libglslang --enable-libgme --enable-libgsm --enable-libharfbuzz --enable-libmp3lame --enable-libmysofa --enable-libopenjpeg --enable-libopenmpt --enable-libopus --enable-librubberband --enable-libshine --enable-libsnappy --enable-libsoxr --enable-libspeex --enable-libtheora --enable-libtwolame --enable-libvidstab --enable-libvorbis --enable-libvpx --enable-libwebp --enable-libx265 --enable-libxml2 --enable-libxvid --enable-libzimg --enable-openal --enable-opencl --enable-opengl --disable-sndio --enable-libvpl --disable-libmfx --enable-libdc1394 --enable-libdrm --enable-libiec61883 --enable-chromaprint --enable-frei0r --enable-ladspa --enable-libbluray --enable-libjack --enable-libpulse --enable-librabbitmq --enable-librist --enable-libsrt --enable-libssh --enable-libsvtav1 --enable-libx264 --enable-libzmq --enable-libzvbi --enable-lv2 --enable-sdl2 --enable-libplacebo --enable-librav1e --enable-pocketsphinx --enable-librsvg --enable-libjxl --enable-shared
  libavutil      58. 29.100 / 58. 29.100
  libavcodec     60. 31.102 / 60. 31.102
  libavformat    60. 16.100 / 60. 16.100
  libavdevice    60.  3.100 / 60.  3.100
  libavfilter     9. 12.100 /  9. 12.100
  libswscale      7.  5.100 /  7.  5.100
  libswresample   4. 12.100 /  4. 12.100
  libpostproc    57.  3.100 / 57.  3.100
Input #0, mov,mp4,m4a,3gp,3g2,mj2, from '/data/vaishak/combined-kv-quant/results/runs/backfill_flowcache_prune_int2_990b60e0bbd4_10s/videos/FLOWCACHE_PRUNE_INT2/prompt_0007_seed_7.mp4':
  Metadata:
    major_brand     : isom
    minor_version   : 512
    compatible_brands: isomiso2avc1mp41
    encoder         : Lavf61.1.100
  Duration: 00:00:10.31, start: 0.000000, bitrate: 1040 kb/s
  Stream #0:0[0x1](und): Video: h264 (High) (avc1 / 0x31637661), yuv420p(progressive), 832x480, 1038 kb/s, 16 fps, 16 tbr, 16384 tbn (default)
    Metadata:
      handler_name    : VideoHandler
      vendor_id       : [0][0][0][0]
Stream mapping:
  Stream #0:0 -> #0:0 (h264 (native) -> h264 (libx264))
Press [q] to stop, [?] for help
[libx264 @ 0x61d34081f600] using cpu capabilities: MMX2 SSE2Fast SSSE3 SSE4.2 AVX FMA3 BMI2 AVX2
[libx264 @ 0x61d34081f600] profile High, level 3.0, 4:2:0, 8-bit
[libx264 @ 0x61d34081f600] 264 - core 164 r3108 31e19f9 - H.264/MPEG-4 AVC codec - Copyleft 2003-2023 - http://www.videolan.org/x264.html - options: cabac=1 ref=3 deblock=1:0:0 analyse=0x3:0x113 me=hex subme=7 psy=1 psy_rd=1.00:0.00 mixed_ref=1 me_range=16 chroma_me=1 trellis=1 8x8dct=1 cqm=0 deadzone=21,11 fast_pskip=1 chroma_qp_offset=-2 threads=15 lookahead_threads=2 sliced_threads=0 nr=0 decimate=1 interlaced=0 bluray_compat=0 constrained_intra=0 bframes=3 b_pyramid=2 b_adapt=1 b_bias=0 direct=1 weightb=1 open_gop=0 weightp=2 keyint=250 keyint_min=16 scenecut=40 intra_refresh=0 rc_lookahead=40 rc=crf mbtree=1 crf=23.0 qcomp=0.60 qpmin=0 qpmax=69 qpstep=4 ip_ratio=1.40 aq=1:1.00
Output #0, mp4, to '/data/vaishak/combined-kv-quant/results/combined/backfills/drift/moviegen/74fdbe70d77407be_FLOWCACHE_PRUNE_INT2/FLOWCACHE_PRUNE_INT2_frames_165/prompt_0007_seed_7.mp4':
  Metadata:
    major_brand     : isom
    minor_version   : 512
    compatible_brands: isomiso2avc1mp41
    encoder         : Lavf60.16.100
  Stream #0:0(und): Video: h264 (avc1 / 0x31637661), yuv420p(progressive), 832x480, q=2-31, 16 fps, 16384 tbn (default)
    Metadata:
      handler_name    : VideoHandler
      vendor_id       : [0][0][0][0]
      encoder         : Lavc60.31.102 libx264
    Side data:
      cpb: bitrate max/min/avg: 0/0/0 buffer size: 0 vbv_delay: N/A
frame=    0 fps=0.0 q=0.0 size=       0kB time=N/A bitrate=N/A speed=N/A    [out#0/mp4 @ 0x61d34079cfc0] video:1882kB audio:0kB subtitle:0kB other streams:0kB global headers:0kB muxing overhead: 0.147291%
frame=  165 fps=0.0 q=-1.0 Lsize=    1885kB time=00:00:10.12 bitrate=1525.2kbits/s speed=13.9x    
[libx264 @ 0x61d34081f600] frame I:5     Avg QP:21.18  size: 34815
[libx264 @ 0x61d34081f600] frame P:45    Avg QP:23.89  size: 22612
[libx264 @ 0x61d34081f600] frame B:115   Avg QP:25.72  size:  6393
[libx264 @ 0x61d34081f600] consecutive B-frames:  4.2%  7.3%  3.6% 84.8%
[libx264 @ 0x61d34081f600] mb I  I16..4: 17.5% 67.3% 15.2%
[libx264 @ 0x61d34081f600] mb P  I16..4:  8.1% 18.5%  3.7%  P16..4: 40.9% 17.1%  7.0%  0.0%  0.0%    skip: 4.7%
[libx264 @ 0x61d34081f600] mb B  I16..4:  1.2%  2.2%  0.2%  B16..8: 44.3%  9.6%  3.2%  direct: 4.6%  skip:34.8%  L0:49.5% L1:40.8% BI: 9.6%
[libx264 @ 0x61d34081f600] 8x8 transform intra:62.4% inter:73.2%
[libx264 @ 0x61d34081f600] coded y,uvDC,uvAC intra: 59.2% 83.9% 29.6% inter: 23.8% 32.1% 0.3%
[libx264 @ 0x61d34081f600] i16 v,h,dc,p:  5% 41%  5% 50%
[libx264 @ 0x61d34081f600] i8 v,h,dc,ddl,ddr,vr,hd,vl,hu: 11% 36% 15%  5%  5%  4% 10%  4% 10%
[libx264 @ 0x61d34081f600] i4 v,h,dc,ddl,ddr,vr,hd,vl,hu: 10% 26% 13%  6%  9%  7% 13%  5% 11%
[libx264 @ 0x61d34081f600] i8c dc,h,v,p: 36% 39% 11% 15%
[libx264 @ 0x61d34081f600] Weighted P-Frames: Y:42.2% UV:35.6%
[libx264 @ 0x61d34081f600] ref P L0: 55.3% 14.6% 18.4%  8.8%  2.8%
[libx264 @ 0x61d34081f600] ref B L0: 83.9% 13.1%  3.0%
[libx264 @ 0x61d34081f600] ref B L1: 97.1%  2.9%
[libx264 @ 0x61d34081f600] kb/s:1494.72
ffmpeg version 6.1.1-3ubuntu5 Copyright (c) 2000-2023 the FFmpeg developers
  built with gcc 13 (Ubuntu 13.2.0-23ubuntu3)
  configuration: --prefix=/usr --extra-version=3ubuntu5 --toolchain=hardened --libdir=/usr/lib/x86_64-linux-gnu --incdir=/usr/include/x86_64-linux-gnu --arch=amd64 --enable-gpl --disable-stripping --disable-omx --enable-gnutls --enable-libaom --enable-libass --enable-libbs2b --enable-libcaca --enable-libcdio --enable-libcodec2 --enable-libdav1d --enable-libflite --enable-libfontconfig --enable-libfreetype --enable-libfribidi --enable-libglslang --enable-libgme --enable-libgsm --enable-libharfbuzz --enable-libmp3lame --enable-libmysofa --enable-libopenjpeg --enable-libopenmpt --enable-libopus --enable-librubberband --enable-libshine --enable-libsnappy --enable-libsoxr --enable-libspeex --enable-libtheora --enable-libtwolame --enable-libvidstab --enable-libvorbis --enable-libvpx --enable-libwebp --enable-libx265 --enable-libxml2 --enable-libxvid --enable-libzimg --enable-openal --enable-opencl --enable-opengl --disable-sndio --enable-libvpl --disable-libmfx --enable-libdc1394 --enable-libdrm --enable-libiec61883 --enable-chromaprint --enable-frei0r --enable-ladspa --enable-libbluray --enable-libjack --enable-libpulse --enable-librabbitmq --enable-librist --enable-libsrt --enable-libssh --enable-libsvtav1 --enable-libx264 --enable-libzmq --enable-libzvbi --enable-lv2 --enable-sdl2 --enable-libplacebo --enable-librav1e --enable-pocketsphinx --enable-librsvg --enable-libjxl --enable-shared
  libavutil      58. 29.100 / 58. 29.100
  libavcodec     60. 31.102 / 60. 31.102
  libavformat    60. 16.100 / 60. 16.100
  libavdevice    60.  3.100 / 60.  3.100
  libavfilter     9. 12.100 /  9. 12.100
  libswscale      7.  5.100 /  7.  5.100
  libswresample   4. 12.100 /  4. 12.100
  libpostproc    57.  3.100 / 57.  3.100
Input #0, mov,mp4,m4a,3gp,3g2,mj2, from '/data/vaishak/combined-kv-quant/results/runs/backfill_flowcache_prune_int2_990b60e0bbd4_10s/videos/FLOWCACHE_PRUNE_INT2/prompt_0008_seed_8.mp4':
  Metadata:
    major_brand     : isom
    minor_version   : 512
    compatible_brands: isomiso2avc1mp41
    encoder         : Lavf61.1.100
  Duration: 00:00:10.31, start: 0.000000, bitrate: 1048 kb/s
  Stream #0:0[0x1](und): Video: h264 (High) (avc1 / 0x31637661), yuv420p(progressive), 832x480, 1046 kb/s, 16 fps, 16 tbr, 16384 tbn (default)
    Metadata:
      handler_name    : VideoHandler
      vendor_id       : [0][0][0][0]
Stream mapping:
  Stream #0:0 -> #0:0 (h264 (native) -> h264 (libx264))
Press [q] to stop, [?] for help
[libx264 @ 0x5737e62895c0] using cpu capabilities: MMX2 SSE2Fast SSSE3 SSE4.2 AVX FMA3 BMI2 AVX2
[libx264 @ 0x5737e62895c0] profile High, level 3.0, 4:2:0, 8-bit
[libx264 @ 0x5737e62895c0] 264 - core 164 r3108 31e19f9 - H.264/MPEG-4 AVC codec - Copyleft 2003-2023 - http://www.videolan.org/x264.html - options: cabac=1 ref=3 deblock=1:0:0 analyse=0x3:0x113 me=hex subme=7 psy=1 psy_rd=1.00:0.00 mixed_ref=1 me_range=16 chroma_me=1 trellis=1 8x8dct=1 cqm=0 deadzone=21,11 fast_pskip=1 chroma_qp_offset=-2 threads=15 lookahead_threads=2 sliced_threads=0 nr=0 decimate=1 interlaced=0 bluray_compat=0 constrained_intra=0 bframes=3 b_pyramid=2 b_adapt=1 b_bias=0 direct=1 weightb=1 open_gop=0 weightp=2 keyint=250 keyint_min=16 scenecut=40 intra_refresh=0 rc_lookahead=40 rc=crf mbtree=1 crf=23.0 qcomp=0.60 qpmin=0 qpmax=69 qpstep=4 ip_ratio=1.40 aq=1:1.00
Output #0, mp4, to '/data/vaishak/combined-kv-quant/results/combined/backfills/drift/moviegen/74fdbe70d77407be_FLOWCACHE_PRUNE_INT2/FLOWCACHE_PRUNE_INT2_frames_165/prompt_0008_seed_8.mp4':
  Metadata:
    major_brand     : isom
    minor_version   : 512
    compatible_brands: isomiso2avc1mp41
    encoder         : Lavf60.16.100
  Stream #0:0(und): Video: h264 (avc1 / 0x31637661), yuv420p(progressive), 832x480, q=2-31, 16 fps, 16384 tbn (default)
    Metadata:
      handler_name    : VideoHandler
      vendor_id       : [0][0][0][0]
      encoder         : Lavc60.31.102 libx264
    Side data:
      cpb: bitrate max/min/avg: 0/0/0 buffer size: 0 vbv_delay: N/A
frame=    0 fps=0.0 q=0.0 size=       0kB time=N/A bitrate=N/A speed=N/A    [out#0/mp4 @ 0x5737e62880c0] video:1181kB audio:0kB subtitle:0kB other streams:0kB global headers:0kB muxing overhead: 0.232186%
frame=  165 fps=0.0 q=-1.0 Lsize=    1183kB time=00:00:10.12 bitrate= 957.4kbits/s speed=  17x    
[libx264 @ 0x5737e62895c0] frame I:3     Avg QP:19.96  size: 43230
[libx264 @ 0x5737e62895c0] frame P:60    Avg QP:22.33  size: 13395
[libx264 @ 0x5737e62895c0] frame B:102   Avg QP:25.29  size:  2695
[libx264 @ 0x5737e62895c0] consecutive B-frames:  2.4% 41.2% 12.7% 43.6%
[libx264 @ 0x5737e62895c0] mb I  I16..4:  7.6% 69.1% 23.3%
[libx264 @ 0x5737e62895c0] mb P  I16..4:  2.8%  6.7%  1.0%  P16..4: 53.6% 20.1%  7.6%  0.0%  0.0%    skip: 8.0%
[libx264 @ 0x5737e62895c0] mb B  I16..4:  0.3%  0.4%  0.0%  B16..8: 36.3%  4.2%  0.9%  direct: 4.4%  skip:53.6%  L0:53.6% L1:38.2% BI: 8.2%
[libx264 @ 0x5737e62895c0] 8x8 transform intra:64.9% inter:71.9%
[libx264 @ 0x5737e62895c0] coded y,uvDC,uvAC intra: 63.1% 90.8% 40.1% inter: 21.4% 34.2% 0.7%
[libx264 @ 0x5737e62895c0] i16 v,h,dc,p:  6% 30%  4% 61%
[libx264 @ 0x5737e62895c0] i8 v,h,dc,ddl,ddr,vr,hd,vl,hu: 13% 26% 16%  5%  9%  7% 11%  6%  8%
[libx264 @ 0x5737e62895c0] i4 v,h,dc,ddl,ddr,vr,hd,vl,hu: 13% 22% 15%  7% 12%  7% 10%  7%  8%
[libx264 @ 0x5737e62895c0] i8c dc,h,v,p: 37% 29% 13% 20%
[libx264 @ 0x5737e62895c0] Weighted P-Frames: Y:45.0% UV:36.7%
[libx264 @ 0x5737e62895c0] ref P L0: 63.0% 18.2% 13.6%  4.0%  1.3%
[libx264 @ 0x5737e62895c0] ref B L0: 88.3%  9.1%  2.6%
[libx264 @ 0x5737e62895c0] ref B L1: 98.2%  1.8%
[libx264 @ 0x5737e62895c0] kb/s:937.31
ffmpeg version 6.1.1-3ubuntu5 Copyright (c) 2000-2023 the FFmpeg developers
  built with gcc 13 (Ubuntu 13.2.0-23ubuntu3)
  configuration: --prefix=/usr --extra-version=3ubuntu5 --toolchain=hardened --libdir=/usr/lib/x86_64-linux-gnu --incdir=/usr/include/x86_64-linux-gnu --arch=amd64 --enable-gpl --disable-stripping --disable-omx --enable-gnutls --enable-libaom --enable-libass --enable-libbs2b --enable-libcaca --enable-libcdio --enable-libcodec2 --enable-libdav1d --enable-libflite --enable-libfontconfig --enable-libfreetype --enable-libfribidi --enable-libglslang --enable-libgme --enable-libgsm --enable-libharfbuzz --enable-libmp3lame --enable-libmysofa --enable-libopenjpeg --enable-libopenmpt --enable-libopus --enable-librubberband --enable-libshine --enable-libsnappy --enable-libsoxr --enable-libspeex --enable-libtheora --enable-libtwolame --enable-libvidstab --enable-libvorbis --enable-libvpx --enable-libwebp --enable-libx265 --enable-libxml2 --enable-libxvid --enable-libzimg --enable-openal --enable-opencl --enable-opengl --disable-sndio --enable-libvpl --disable-libmfx --enable-libdc1394 --enable-libdrm --enable-libiec61883 --enable-chromaprint --enable-frei0r --enable-ladspa --enable-libbluray --enable-libjack --enable-libpulse --enable-librabbitmq --enable-librist --enable-libsrt --enable-libssh --enable-libsvtav1 --enable-libx264 --enable-libzmq --enable-libzvbi --enable-lv2 --enable-sdl2 --enable-libplacebo --enable-librav1e --enable-pocketsphinx --enable-librsvg --enable-libjxl --enable-shared
  libavutil      58. 29.100 / 58. 29.100
  libavcodec     60. 31.102 / 60. 31.102
  libavformat    60. 16.100 / 60. 16.100
  libavdevice    60.  3.100 / 60.  3.100
  libavfilter     9. 12.100 /  9. 12.100
  libswscale      7.  5.100 /  7.  5.100
  libswresample   4. 12.100 /  4. 12.100
  libpostproc    57.  3.100 / 57.  3.100
Input #0, mov,mp4,m4a,3gp,3g2,mj2, from '/data/vaishak/combined-kv-quant/results/runs/backfill_flowcache_prune_int2_990b60e0bbd4_10s/videos/FLOWCACHE_PRUNE_INT2/prompt_0009_seed_9.mp4':
  Metadata:
    major_brand     : isom
    minor_version   : 512
    compatible_brands: isomiso2avc1mp41
    encoder         : Lavf61.1.100
  Duration: 00:00:10.31, start: 0.000000, bitrate: 1056 kb/s
  Stream #0:0[0x1](und): Video: h264 (High) (avc1 / 0x31637661), yuv420p(progressive), 832x480, 1053 kb/s, 16 fps, 16 tbr, 16384 tbn (default)
    Metadata:
      handler_name    : VideoHandler
      vendor_id       : [0][0][0][0]
Stream mapping:
  Stream #0:0 -> #0:0 (h264 (native) -> h264 (libx264))
Press [q] to stop, [?] for help
[libx264 @ 0x5766ac609180] using cpu capabilities: MMX2 SSE2Fast SSSE3 SSE4.2 AVX FMA3 BMI2 AVX2
[libx264 @ 0x5766ac609180] profile High, level 3.0, 4:2:0, 8-bit
[libx264 @ 0x5766ac609180] 264 - core 164 r3108 31e19f9 - H.264/MPEG-4 AVC codec - Copyleft 2003-2023 - http://www.videolan.org/x264.html - options: cabac=1 ref=3 deblock=1:0:0 analyse=0x3:0x113 me=hex subme=7 psy=1 psy_rd=1.00:0.00 mixed_ref=1 me_range=16 chroma_me=1 trellis=1 8x8dct=1 cqm=0 deadzone=21,11 fast_pskip=1 chroma_qp_offset=-2 threads=15 lookahead_threads=2 sliced_threads=0 nr=0 decimate=1 interlaced=0 bluray_compat=0 constrained_intra=0 bframes=3 b_pyramid=2 b_adapt=1 b_bias=0 direct=1 weightb=1 open_gop=0 weightp=2 keyint=250 keyint_min=16 scenecut=40 intra_refresh=0 rc_lookahead=40 rc=crf mbtree=1 crf=23.0 qcomp=0.60 qpmin=0 qpmax=69 qpstep=4 ip_ratio=1.40 aq=1:1.00
Output #0, mp4, to '/data/vaishak/combined-kv-quant/results/combined/backfills/drift/moviegen/74fdbe70d77407be_FLOWCACHE_PRUNE_INT2/FLOWCACHE_PRUNE_INT2_frames_165/prompt_0009_seed_9.mp4':
  Metadata:
    major_brand     : isom
    minor_version   : 512
    compatible_brands: isomiso2avc1mp41
    encoder         : Lavf60.16.100
  Stream #0:0(und): Video: h264 (avc1 / 0x31637661), yuv420p(progressive), 832x480, q=2-31, 16 fps, 16384 tbn (default)
    Metadata:
      handler_name    : VideoHandler
      vendor_id       : [0][0][0][0]
      encoder         : Lavc60.31.102 libx264
    Side data:
      cpb: bitrate max/min/avg: 0/0/0 buffer size: 0 vbv_delay: N/A
frame=    0 fps=0.0 q=0.0 size=       0kB time=N/A bitrate=N/A speed=N/A    frame=   82 fps=0.0 q=27.0 size=    1024kB time=00:00:05.00 bitrate=1677.8kbits/s speed=9.65x    [out#0/mp4 @ 0x5766ac57cfc0] video:2404kB audio:0kB subtitle:0kB other streams:0kB global headers:0kB muxing overhead: 0.115019%
frame=  165 fps=0.0 q=-1.0 Lsize=    2406kB time=00:00:10.12 bitrate=1947.0kbits/s speed=12.4x    
[libx264 @ 0x5766ac609180] frame I:3     Avg QP:21.71  size: 51637
[libx264 @ 0x5766ac609180] frame P:48    Avg QP:23.90  size: 30227
[libx264 @ 0x5766ac609180] frame B:114   Avg QP:26.61  size:  7499
[libx264 @ 0x5766ac609180] consecutive B-frames:  4.8%  7.3%  5.5% 82.4%
[libx264 @ 0x5766ac609180] mb I  I16..4:  7.1% 69.0% 23.9%
[libx264 @ 0x5766ac609180] mb P  I16..4:  2.2% 20.1%  3.4%  P16..4: 36.9% 20.7% 11.1%  0.0%  0.0%    skip: 5.4%
[libx264 @ 0x5766ac609180] mb B  I16..4:  0.5%  1.2%  0.1%  B16..8: 46.8%  9.4%  4.3%  direct: 4.5%  skip:33.2%  L0:52.6% L1:38.6% BI: 8.8%
[libx264 @ 0x5766ac609180] 8x8 transform intra:75.1% inter:69.1%
[libx264 @ 0x5766ac609180] coded y,uvDC,uvAC intra: 78.0% 66.5% 8.6% inter: 29.9% 16.7% 0.0%
[libx264 @ 0x5766ac609180] i16 v,h,dc,p: 13% 38% 17% 32%
[libx264 @ 0x5766ac609180] i8 v,h,dc,ddl,ddr,vr,hd,vl,hu: 14% 32% 21%  3%  5%  4%  9%  4%  9%
[libx264 @ 0x5766ac609180] i4 v,h,dc,ddl,ddr,vr,hd,vl,hu: 14% 27% 14%  5%  7%  5% 13%  5% 10%
[libx264 @ 0x5766ac609180] i8c dc,h,v,p: 52% 27% 16%  6%
[libx264 @ 0x5766ac609180] Weighted P-Frames: Y:39.6% UV:27.1%
[libx264 @ 0x5766ac609180] ref P L0: 49.8% 20.8% 19.6%  8.2%  1.6%
[libx264 @ 0x5766ac609180] ref B L0: 83.2% 12.8%  3.9%
[libx264 @ 0x5766ac609180] ref B L1: 98.4%  1.6%
[libx264 @ 0x5766ac609180] kb/s:1908.87
[rank0]:[W310 23:05:06.662022112 ProcessGroupNCCL.cpp:4115] [PG ID 0 PG GUID 0 Rank 0]  using GPU 0 to perform barrier as devices used by this process are currently unknown. This can potentially cause a hang if this rank to GPU mapping is incorrect.Specify device_ids in barrier() to force use of a particular device,or call init_process_group() with a device_id.
/home/suraj/miniforge3/envs/qvg_sf_eval/lib/python3.10/site-packages/clip/clip.py:6: UserWarning: pkg_resources is deprecated as an API. See https://setuptools.pypa.io/en/latest/pkg_resources.html. The pkg_resources package is slated for removal as early as 2025-11-30. Refrain from using this package or pin to Setuptools<81.
  from pkg_resources import packaging
/home/suraj/miniforge3/envs/qvg_sf_eval/lib/python3.10/site-packages/timm/models/layers/__init__.py:48: FutureWarning: Importing from timm.models.layers is deprecated, please import via timm.layers
  warnings.warn(f"Importing from {__name__} is deprecated, please import via timm.layers", FutureWarning)
/home/suraj/miniforge3/envs/qvg_sf_eval/lib/python3.10/site-packages/pyiqa/archs/arch_util.py:118: FutureWarning: You are using `torch.load` with `weights_only=False` (the current default value), which uses the default pickle module implicitly. It is possible to construct malicious pickle data which will execute arbitrary code during unpickling (See https://github.com/pytorch/pytorch/blob/main/SECURITY.md#untrusted-models for more details). In a future release, the default value for `weights_only` will be flipped to `True`. This limits the functions that could be executed during unpickling. Arbitrary objects will no longer be allowed to be loaded via this mode unless they are explicitly allowlisted by the user via `torch.serialization.add_safe_globals`. We recommend you start setting `weights_only=True` for any use case where you don't have full control of the loaded file. Please open an issue on GitHub for any issues related to this experimental feature.
  state_dict = torch.load(model_path, map_location=torch.device("cpu"))
args: Namespace(output_path='/data/vaishak/combined-kv-quant/results/combined/backfills/drift/moviegen/74fdbe70d77407be_FLOWCACHE_PRUNE_INT2/vbench_FLOWCACHE_PRUNE_INT2_165', full_json_dir='/data/vaishak/combined-kv-quant/third_party/VBench/vbench/VBench_full_info.json', videos_path='/data/vaishak/combined-kv-quant/results/combined/backfills/drift/moviegen/74fdbe70d77407be_FLOWCACHE_PRUNE_INT2/FLOWCACHE_PRUNE_INT2_frames_165', dimension=['imaging_quality'], load_ckpt_from_local=None, read_frame=None, mode='custom_input', prompt='None', prompt_file='/data/vaishak/combined-kv-quant/results/combined/backfills/drift/moviegen/74fdbe70d77407be_FLOWCACHE_PRUNE_INT2/prompt_map_165.json', category=None, imaging_quality_preprocessing_mode='longer')
start evaluation
Evaluation meta data saved to /data/vaishak/combined-kv-quant/results/combined/backfills/drift/moviegen/74fdbe70d77407be_FLOWCACHE_PRUNE_INT2/vbench_FLOWCACHE_PRUNE_INT2_165/results_2026-03-10-23:05:06_full_info.json
cur_full_info_path: /data/vaishak/combined-kv-quant/results/combined/backfills/drift/moviegen/74fdbe70d77407be_FLOWCACHE_PRUNE_INT2/vbench_FLOWCACHE_PRUNE_INT2_165/results_2026-03-10-23:05:06_full_info.json
Loading pretrained model MUSIQ from /home/vaishak/.cache/vbench/pyiqa_model/musiq_spaq_ckpt-358bb6af.pth
  0%|          | 0/10 [00:00<?, ?it/s] 10%|█         | 1/10 [00:03<00:30,  3.42s/it] 20%|██        | 2/10 [00:06<00:25,  3.15s/it] 30%|███       | 3/10 [00:09<00:21,  3.05s/it] 40%|████      | 4/10 [00:12<00:18,  3.08s/it] 50%|█████     | 5/10 [00:15<00:15,  3.06s/it] 60%|██████    | 6/10 [00:18<00:11,  2.99s/it] 70%|███████   | 7/10 [00:21<00:08,  2.98s/it] 80%|████████  | 8/10 [00:24<00:05,  2.97s/it] 90%|█████████ | 9/10 [00:27<00:02,  2.92s/it]100%|██████████| 10/10 [00:29<00:00,  2.93s/it]100%|██████████| 10/10 [00:29<00:00,  3.00s/it]
Evaluation results saved to /data/vaishak/combined-kv-quant/results/combined/backfills/drift/moviegen/74fdbe70d77407be_FLOWCACHE_PRUNE_INT2/vbench_FLOWCACHE_PRUNE_INT2_165/results_2026-03-10-23:05:06_eval_results.json
done
[rank0]:[W310 23:05:38.104515415 ProcessGroupNCCL.cpp:1250] Warning: WARNING: process group has NOT been destroyed before we destruct ProcessGroupNCCL. On normal program exit, the application should call destroy_process_group to ensure that any pending NCCL operations have finished in this process. In rare cases this process can exit before this point and block the progress of another member of the process group. This constraint has always been present,  but this warning has only been added since PyTorch 2.4 (function operator())
{
  "method": "FLOWCACHE_PRUNE_INT2",
  "frame_step": 165,
  "max_frames": 165,
  "curve": [
    {
      "frame_cap": 165,
      "imaging_quality": [
        0.633381224857677,
        [
          {
            "video_path": "/data/vaishak/combined-kv-quant/results/combined/backfills/drift/moviegen/74fdbe70d77407be_FLOWCACHE_PRUNE_INT2/FLOWCACHE_PRUNE_INT2_frames_165/prompt_0007_seed_7.mp4",
            "video_results": 72.58569537076083
          },
          {
            "video_path": "/data/vaishak/combined-kv-quant/results/combined/backfills/drift/moviegen/74fdbe70d77407be_FLOWCACHE_PRUNE_INT2/FLOWCACHE_PRUNE_INT2_frames_165/prompt_0006_seed_6.mp4",
            "video_results": 60.96355324947473
          },
          {
            "video_path": "/data/vaishak/combined-kv-quant/results/combined/backfills/drift/moviegen/74fdbe70d77407be_FLOWCACHE_PRUNE_INT2/FLOWCACHE_PRUNE_INT2_frames_165/prompt_0004_seed_4.mp4",
            "video_results": 58.10605497649222
          },
          {
            "video_path": "/data/vaishak/combined-kv-quant/results/combined/backfills/drift/moviegen/74fdbe70d77407be_FLOWCACHE_PRUNE_INT2/FLOWCACHE_PRUNE_INT2_frames_165/prompt_0003_seed_3.mp4",
            "video_results": 59.55169520522609
          },
          {
            "video_path": "/data/vaishak/combined-kv-quant/results/combined/backfills/drift/moviegen/74fdbe70d77407be_FLOWCACHE_PRUNE_INT2/FLOWCACHE_PRUNE_INT2_frames_165/prompt_0005_seed_5.mp4",
            "video_results": 64.71234690348307
          },
          {
            "video_path": "/data/vaishak/combined-kv-quant/results/combined/backfills/drift/moviegen/74fdbe70d77407be_FLOWCACHE_PRUNE_INT2/FLOWCACHE_PRUNE_INT2_frames_165/prompt_0002_seed_2.mp4",
            "video_results": 66.78369323268082
          },
          {
            "video_path": "/data/vaishak/combined-kv-quant/results/combined/backfills/drift/moviegen/74fdbe70d77407be_FLOWCACHE_PRUNE_INT2/FLOWCACHE_PRUNE_INT2_frames_165/prompt_0001_seed_1.mp4",
            "video_results": 69.5901169979211
          },
          {
            "video_path": "/data/vaishak/combined-kv-quant/results/combined/backfills/drift/moviegen/74fdbe70d77407be_FLOWCACHE_PRUNE_INT2/FLOWCACHE_PRUNE_INT2_frames_165/prompt_0009_seed_9.mp4",
            "video_results": 68.36314761999881
          },
          {
            "video_path": "/data/vaishak/combined-kv-quant/results/combined/backfills/drift/moviegen/74fdbe70d77407be_FLOWCACHE_PRUNE_INT2/FLOWCACHE_PRUNE_INT2_frames_165/prompt_0008_seed_8.mp4",
            "video_results": 69.77198019316702
          },
          {
            "video_path": "/data/vaishak/combined-kv-quant/results/combined/backfills/drift/moviegen/74fdbe70d77407be_FLOWCACHE_PRUNE_INT2/FLOWCACHE_PRUNE_INT2_frames_165/prompt_0000_seed_0.mp4",
            "video_results": 42.952941108472416
          }
        ]
      ]
    }
  ]
}
$ /home/suraj/miniforge3/envs/qvg_sf_eval/bin/python /data/vaishak/combined-kv-quant/scripts/04_eval_drift_curve.py --method AGE_TIER_INT2 --videos-dir /data/vaishak/combined-kv-quant/results/runs/backfill_age_tier_int2_9bbee19b8cfd_10s/videos/AGE_TIER_INT2 --prompt-file /data/vaishak/combined-kv-quant/prompts/MovieGenVideoBench_extended.txt --frame-step 165 --max-frames 165 --work-dir /data/vaishak/combined-kv-quant/results/combined/backfills/drift/moviegen/e2bffc685f645814_AGE_TIER_INT2 --output /data/vaishak/combined-kv-quant/results/combined/backfills/drift/moviegen/e2bffc685f645814_AGE_TIER_INT2.json
$ /home/suraj/miniforge3/envs/qvg_sf_eval/bin/python /data/vaishak/combined-kv-quant/scripts/04_eval_drift_curve.py --method AGE_TIER_INT4 --videos-dir /data/vaishak/combined-kv-quant/results/runs/backfill_age_tier_int4_74dcf380574b_10s/videos/AGE_TIER_INT4 --prompt-file /data/vaishak/combined-kv-quant/prompts/MovieGenVideoBench_extended.txt --frame-step 165 --max-frames 165 --work-dir /data/vaishak/combined-kv-quant/results/combined/backfills/drift/moviegen/1f42a23e6189f60d_AGE_TIER_INT4 --output /data/vaishak/combined-kv-quant/results/combined/backfills/drift/moviegen/1f42a23e6189f60d_AGE_TIER_INT4.json
$ /home/suraj/miniforge3/envs/qvg_sf_eval/bin/python /data/vaishak/combined-kv-quant/scripts/04_eval_drift_curve.py --method FLOWCACHE_ADAPTIVE_INT2 --videos-dir /data/vaishak/combined-kv-quant/results/runs/backfill_flowcache_adaptive_int2_1a41612d204d_10s/videos/FLOWCACHE_ADAPTIVE_INT2 --prompt-file /data/vaishak/combined-kv-quant/prompts/MovieGenVideoBench_extended.txt --frame-step 165 --max-frames 165 --work-dir /data/vaishak/combined-kv-quant/results/combined/backfills/drift/moviegen/4497296828e2a153_FLOWCACHE_ADAPTIVE_INT2 --output /data/vaishak/combined-kv-quant/results/combined/backfills/drift/moviegen/4497296828e2a153_FLOWCACHE_ADAPTIVE_INT2.json
$ /home/suraj/miniforge3/envs/qvg_sf_eval/bin/python /data/vaishak/combined-kv-quant/scripts/04_eval_drift_curve.py --method FLOWCACHE_HYBRID_INT2 --videos-dir /data/vaishak/combined-kv-quant/results/runs/backfill_flowcache_hybrid_int2_973ebc836fd7_10s/videos/FLOWCACHE_HYBRID_INT2 --prompt-file /data/vaishak/combined-kv-quant/prompts/MovieGenVideoBench_extended.txt --frame-step 165 --max-frames 165 --work-dir /data/vaishak/combined-kv-quant/results/combined/backfills/drift/moviegen/63486d5408b1877c_FLOWCACHE_HYBRID_INT2 --output /data/vaishak/combined-kv-quant/results/combined/backfills/drift/moviegen/63486d5408b1877c_FLOWCACHE_HYBRID_INT2.json
$ /home/suraj/miniforge3/envs/qvg_sf_eval/bin/python /data/vaishak/combined-kv-quant/scripts/04_eval_drift_curve.py --method FLOWCACHE_NATIVE --videos-dir /data/vaishak/combined-kv-quant/results/runs/backfill_flowcache_native_7743d4e12ea8_10s/videos/FLOWCACHE_NATIVE --prompt-file /data/vaishak/combined-kv-quant/prompts/MovieGenVideoBench_extended.txt --frame-step 165 --max-frames 165 --work-dir /data/vaishak/combined-kv-quant/results/combined/backfills/drift/moviegen/cbb131629259b872_FLOWCACHE_NATIVE --output /data/vaishak/combined-kv-quant/results/combined/backfills/drift/moviegen/cbb131629259b872_FLOWCACHE_NATIVE.json
$ /home/suraj/miniforge3/envs/qvg_sf_eval/bin/python /data/vaishak/combined-kv-quant/scripts/04_eval_drift_curve.py --method FLOWCACHE_NATIVE_SOFT_PRUNE_INT4 --videos-dir /data/vaishak/combined-kv-quant/results/runs/backfill_flowcache_native_soft_prune_int4_56d7f051182b_10s/videos/FLOWCACHE_NATIVE_SOFT_PRUNE_INT4 --prompt-file /data/vaishak/combined-kv-quant/prompts/MovieGenVideoBench_extended.txt --frame-step 165 --max-frames 165 --work-dir /data/vaishak/combined-kv-quant/results/combined/backfills/drift/moviegen/459cece3ca31ef52_FLOWCACHE_NATIVE_SOFT_PRUNE_INT4 --output /data/vaishak/combined-kv-quant/results/combined/backfills/drift/moviegen/459cece3ca31ef52_FLOWCACHE_NATIVE_SOFT_PRUNE_INT4.json
$ /home/suraj/miniforge3/envs/qvg_sf_eval/bin/python /data/vaishak/combined-kv-quant/scripts/04_eval_drift_curve.py --method FLOWCACHE_PRUNE_INT2 --videos-dir /data/vaishak/combined-kv-quant/results/runs/backfill_flowcache_prune_int2_990b60e0bbd4_10s/videos/FLOWCACHE_PRUNE_INT2 --prompt-file /data/vaishak/combined-kv-quant/prompts/MovieGenVideoBench_extended.txt --frame-step 165 --max-frames 165 --work-dir /data/vaishak/combined-kv-quant/results/combined/backfills/drift/moviegen/74fdbe70d77407be_FLOWCACHE_PRUNE_INT2 --output /data/vaishak/combined-kv-quant/results/combined/backfills/drift/moviegen/74fdbe70d77407be_FLOWCACHE_PRUNE_INT2.json
[drift-backfill] summary results/combined/backfills/drift_gpu2_summary.json
