/data/vaishak/combined-kv-quant/third_party/Self-Forcing/wan/modules/vae.py:634: FutureWarning: You are using `torch.load` with `weights_only=False` (the current default value), which uses the default pickle module implicitly. It is possible to construct malicious pickle data which will execute arbitrary code during unpickling (See https://github.com/pytorch/pytorch/blob/main/SECURITY.md#untrusted-models for more details). In a future release, the default value for `weights_only` will be flipped to `True`. This limits the functions that could be executed during unpickling. Arbitrary objects will no longer be allowed to be loaded via this mode unless they are explicitly allowlisted by the user via `torch.serialization.add_safe_globals`. We recommend you start setting `weights_only=True` for any use case where you don't have full control of the loaded file. Please open an issue on GitHub for any issues related to this experimental feature.
  torch.load(pretrained_path, map_location=device), assign=True)
/data/vaishak/combined-kv-quant/scripts/01_generate.py:403: FutureWarning: You are using `torch.load` with `weights_only=False` (the current default value), which uses the default pickle module implicitly. It is possible to construct malicious pickle data which will execute arbitrary code during unpickling (See https://github.com/pytorch/pytorch/blob/main/SECURITY.md#untrusted-models for more details). In a future release, the default value for `weights_only` will be flipped to `True`. This limits the functions that could be executed during unpickling. Arbitrary objects will no longer be allowed to be loaded via this mode unless they are explicitly allowlisted by the user via `torch.serialization.add_safe_globals`. We recommend you start setting `weights_only=True` for any use case where you don't have full control of the loaded file. Please open an issue on GitHub for any issues related to this experimental feature.
  state_dict = torch.load(str(checkpoint_path), map_location="cpu")
KV inference with 3 frames per block
Moving DynamicSwap_WanTextEncoder to cuda:0 with preserved memory: 25.303240299224854 GB
current_timestep: 1000.0
current_timestep: 937.5
current_timestep: 833.3333129882812
current_timestep: 625.0
current_timestep: 1000.0
current_timestep: 937.5
current_timestep: 833.3333129882812
current_timestep: 625.0
current_timestep: 1000.0
current_timestep: 937.5
current_timestep: 833.3333129882812
current_timestep: 625.0
current_timestep: 1000.0
current_timestep: 937.5
current_timestep: 833.3333129882812
current_timestep: 625.0
current_timestep: 1000.0
current_timestep: 937.5
current_timestep: 833.3333129882812
current_timestep: 625.0
current_timestep: 1000.0
current_timestep: 937.5
current_timestep: 833.3333129882812
current_timestep: 625.0
current_timestep: 1000.0
current_timestep: 937.5
current_timestep: 833.3333129882812
current_timestep: 625.0
current_timestep: 1000.0
current_timestep: 937.5
current_timestep: 833.3333129882812
current_timestep: 625.0
current_timestep: 1000.0
current_timestep: 937.5
current_timestep: 833.3333129882812
current_timestep: 625.0
current_timestep: 1000.0
current_timestep: 937.5
current_timestep: 833.3333129882812
current_timestep: 625.0
current_timestep: 1000.0
current_timestep: 937.5
current_timestep: 833.3333129882812
current_timestep: 625.0
current_timestep: 1000.0
current_timestep: 937.5
current_timestep: 833.3333129882812
current_timestep: 625.0
current_timestep: 1000.0
current_timestep: 937.5
current_timestep: 833.3333129882812
current_timestep: 625.0
current_timestep: 1000.0
current_timestep: 937.5
current_timestep: 833.3333129882812
current_timestep: 625.0
Moving DynamicSwap_WanTextEncoder to cuda:0 with preserved memory: 24.55411195755005 GB
current_timestep: 1000.0
current_timestep: 937.5
current_timestep: 833.3333129882812
current_timestep: 625.0
current_timestep: 1000.0
current_timestep: 937.5
current_timestep: 833.3333129882812
current_timestep: 625.0
current_timestep: 1000.0
current_timestep: 937.5
current_timestep: 833.3333129882812
current_timestep: 625.0
current_timestep: 1000.0
current_timestep: 937.5
current_timestep: 833.3333129882812
current_timestep: 625.0
current_timestep: 1000.0
current_timestep: 937.5
current_timestep: 833.3333129882812
current_timestep: 625.0
current_timestep: 1000.0
current_timestep: 937.5
current_timestep: 833.3333129882812
current_timestep: 625.0
current_timestep: 1000.0
current_timestep: 937.5
current_timestep: 833.3333129882812
current_timestep: 625.0
current_timestep: 1000.0
current_timestep: 937.5
current_timestep: 833.3333129882812
current_timestep: 625.0
current_timestep: 1000.0
current_timestep: 937.5
current_timestep: 833.3333129882812
current_timestep: 625.0
current_timestep: 1000.0
current_timestep: 937.5
current_timestep: 833.3333129882812
current_timestep: 625.0
current_timestep: 1000.0
current_timestep: 937.5
current_timestep: 833.3333129882812
current_timestep: 625.0
current_timestep: 1000.0
current_timestep: 937.5
current_timestep: 833.3333129882812
current_timestep: 625.0
current_timestep: 1000.0
current_timestep: 937.5
current_timestep: 833.3333129882812
current_timestep: 625.0
current_timestep: 1000.0
current_timestep: 937.5
current_timestep: 833.3333129882812
current_timestep: 625.0
Moving DynamicSwap_WanTextEncoder to cuda:0 with preserved memory: 24.55411195755005 GB
current_timestep: 1000.0
current_timestep: 937.5
current_timestep: 833.3333129882812
current_timestep: 625.0
current_timestep: 1000.0
current_timestep: 937.5
current_timestep: 833.3333129882812
current_timestep: 625.0
current_timestep: 1000.0
current_timestep: 937.5
current_timestep: 833.3333129882812
current_timestep: 625.0
current_timestep: 1000.0
current_timestep: 937.5
current_timestep: 833.3333129882812
current_timestep: 625.0
current_timestep: 1000.0
current_timestep: 937.5
current_timestep: 833.3333129882812
current_timestep: 625.0
current_timestep: 1000.0
current_timestep: 937.5
current_timestep: 833.3333129882812
current_timestep: 625.0
current_timestep: 1000.0
current_timestep: 937.5
current_timestep: 833.3333129882812
current_timestep: 625.0
current_timestep: 1000.0
current_timestep: 937.5
current_timestep: 833.3333129882812
current_timestep: 625.0
current_timestep: 1000.0
current_timestep: 937.5
current_timestep: 833.3333129882812
current_timestep: 625.0
current_timestep: 1000.0
current_timestep: 937.5
current_timestep: 833.3333129882812
current_timestep: 625.0
current_timestep: 1000.0
current_timestep: 937.5
current_timestep: 833.3333129882812
current_timestep: 625.0
current_timestep: 1000.0
current_timestep: 937.5
current_timestep: 833.3333129882812
current_timestep: 625.0
current_timestep: 1000.0
current_timestep: 937.5
current_timestep: 833.3333129882812
current_timestep: 625.0
current_timestep: 1000.0
current_timestep: 937.5
current_timestep: 833.3333129882812
current_timestep: 625.0
Moving DynamicSwap_WanTextEncoder to cuda:0 with preserved memory: 24.55411195755005 GB
current_timestep: 1000.0
current_timestep: 937.5
current_timestep: 833.3333129882812
current_timestep: 625.0
current_timestep: 1000.0
current_timestep: 937.5
current_timestep: 833.3333129882812
current_timestep: 625.0
current_timestep: 1000.0
current_timestep: 937.5
current_timestep: 833.3333129882812
current_timestep: 625.0
current_timestep: 1000.0
current_timestep: 937.5
current_timestep: 833.3333129882812
current_timestep: 625.0
current_timestep: 1000.0
current_timestep: 937.5
current_timestep: 833.3333129882812
current_timestep: 625.0
current_timestep: 1000.0
current_timestep: 937.5
current_timestep: 833.3333129882812
current_timestep: 625.0
current_timestep: 1000.0
current_timestep: 937.5
current_timestep: 833.3333129882812
current_timestep: 625.0
current_timestep: 1000.0
current_timestep: 937.5
current_timestep: 833.3333129882812
current_timestep: 625.0
current_timestep: 1000.0
current_timestep: 937.5
current_timestep: 833.3333129882812
current_timestep: 625.0
current_timestep: 1000.0
current_timestep: 937.5
current_timestep: 833.3333129882812
current_timestep: 625.0
current_timestep: 1000.0
current_timestep: 937.5
current_timestep: 833.3333129882812
current_timestep: 625.0
current_timestep: 1000.0
current_timestep: 937.5
current_timestep: 833.3333129882812
current_timestep: 625.0
current_timestep: 1000.0
current_timestep: 937.5
current_timestep: 833.3333129882812
current_timestep: 625.0
current_timestep: 1000.0
current_timestep: 937.5
current_timestep: 833.3333129882812
current_timestep: 625.0
Moving DynamicSwap_WanTextEncoder to cuda:0 with preserved memory: 24.55411195755005 GB
current_timestep: 1000.0
current_timestep: 937.5
current_timestep: 833.3333129882812
current_timestep: 625.0
current_timestep: 1000.0
current_timestep: 937.5
current_timestep: 833.3333129882812
current_timestep: 625.0
current_timestep: 1000.0
current_timestep: 937.5
current_timestep: 833.3333129882812
current_timestep: 625.0
current_timestep: 1000.0
current_timestep: 937.5
current_timestep: 833.3333129882812
current_timestep: 625.0
current_timestep: 1000.0
current_timestep: 937.5
current_timestep: 833.3333129882812
current_timestep: 625.0
current_timestep: 1000.0
current_timestep: 937.5
current_timestep: 833.3333129882812
current_timestep: 625.0
current_timestep: 1000.0
current_timestep: 937.5
current_timestep: 833.3333129882812
current_timestep: 625.0
current_timestep: 1000.0
current_timestep: 937.5
current_timestep: 833.3333129882812
current_timestep: 625.0
current_timestep: 1000.0
current_timestep: 937.5
current_timestep: 833.3333129882812
current_timestep: 625.0
current_timestep: 1000.0
current_timestep: 937.5
current_timestep: 833.3333129882812
current_timestep: 625.0
current_timestep: 1000.0
current_timestep: 937.5
current_timestep: 833.3333129882812
current_timestep: 625.0
current_timestep: 1000.0
current_timestep: 937.5
current_timestep: 833.3333129882812
current_timestep: 625.0
current_timestep: 1000.0
current_timestep: 937.5
current_timestep: 833.3333129882812
current_timestep: 625.0
current_timestep: 1000.0
current_timestep: 937.5
current_timestep: 833.3333129882812
current_timestep: 625.0
Moving DynamicSwap_WanTextEncoder to cuda:0 with preserved memory: 24.55411195755005 GB
current_timestep: 1000.0
current_timestep: 937.5
current_timestep: 833.3333129882812
current_timestep: 625.0
current_timestep: 1000.0
current_timestep: 937.5
current_timestep: 833.3333129882812
current_timestep: 625.0
current_timestep: 1000.0
current_timestep: 937.5
current_timestep: 833.3333129882812
current_timestep: 625.0
current_timestep: 1000.0
current_timestep: 937.5
current_timestep: 833.3333129882812
current_timestep: 625.0
current_timestep: 1000.0
current_timestep: 937.5
current_timestep: 833.3333129882812
current_timestep: 625.0
current_timestep: 1000.0
current_timestep: 937.5
current_timestep: 833.3333129882812
current_timestep: 625.0
current_timestep: 1000.0
current_timestep: 937.5
current_timestep: 833.3333129882812
current_timestep: 625.0
current_timestep: 1000.0
current_timestep: 937.5
current_timestep: 833.3333129882812
current_timestep: 625.0
current_timestep: 1000.0
current_timestep: 937.5
current_timestep: 833.3333129882812
current_timestep: 625.0
current_timestep: 1000.0
current_timestep: 937.5
current_timestep: 833.3333129882812
current_timestep: 625.0
current_timestep: 1000.0
current_timestep: 937.5
current_timestep: 833.3333129882812
current_timestep: 625.0
current_timestep: 1000.0
current_timestep: 937.5
current_timestep: 833.3333129882812
current_timestep: 625.0
current_timestep: 1000.0
current_timestep: 937.5
current_timestep: 833.3333129882812
current_timestep: 625.0
current_timestep: 1000.0
current_timestep: 937.5
current_timestep: 833.3333129882812
current_timestep: 625.0
Moving DynamicSwap_WanTextEncoder to cuda:0 with preserved memory: 24.55411195755005 GB
current_timestep: 1000.0
current_timestep: 937.5
current_timestep: 833.3333129882812
current_timestep: 625.0
current_timestep: 1000.0
current_timestep: 937.5
current_timestep: 833.3333129882812
current_timestep: 625.0
current_timestep: 1000.0
current_timestep: 937.5
current_timestep: 833.3333129882812
current_timestep: 625.0
current_timestep: 1000.0
current_timestep: 937.5
current_timestep: 833.3333129882812
current_timestep: 625.0
current_timestep: 1000.0
current_timestep: 937.5
current_timestep: 833.3333129882812
current_timestep: 625.0
current_timestep: 1000.0
current_timestep: 937.5
current_timestep: 833.3333129882812
current_timestep: 625.0
current_timestep: 1000.0
current_timestep: 937.5
current_timestep: 833.3333129882812
current_timestep: 625.0
current_timestep: 1000.0
current_timestep: 937.5
current_timestep: 833.3333129882812
current_timestep: 625.0
current_timestep: 1000.0
current_timestep: 937.5
current_timestep: 833.3333129882812
current_timestep: 625.0
current_timestep: 1000.0
current_timestep: 937.5
current_timestep: 833.3333129882812
current_timestep: 625.0
current_timestep: 1000.0
current_timestep: 937.5
current_timestep: 833.3333129882812
current_timestep: 625.0
current_timestep: 1000.0
current_timestep: 937.5
current_timestep: 833.3333129882812
current_timestep: 625.0
current_timestep: 1000.0
current_timestep: 937.5
current_timestep: 833.3333129882812
current_timestep: 625.0
current_timestep: 1000.0
current_timestep: 937.5
current_timestep: 833.3333129882812
current_timestep: 625.0
Moving DynamicSwap_WanTextEncoder to cuda:0 with preserved memory: 24.55411195755005 GB
current_timestep: 1000.0
current_timestep: 937.5
current_timestep: 833.3333129882812
current_timestep: 625.0
current_timestep: 1000.0
current_timestep: 937.5
current_timestep: 833.3333129882812
current_timestep: 625.0
current_timestep: 1000.0
current_timestep: 937.5
current_timestep: 833.3333129882812
current_timestep: 625.0
current_timestep: 1000.0
current_timestep: 937.5
current_timestep: 833.3333129882812
current_timestep: 625.0
current_timestep: 1000.0
current_timestep: 937.5
current_timestep: 833.3333129882812
current_timestep: 625.0
current_timestep: 1000.0
current_timestep: 937.5
current_timestep: 833.3333129882812
current_timestep: 625.0
current_timestep: 1000.0
current_timestep: 937.5
current_timestep: 833.3333129882812
current_timestep: 625.0
current_timestep: 1000.0
current_timestep: 937.5
current_timestep: 833.3333129882812
current_timestep: 625.0
current_timestep: 1000.0
current_timestep: 937.5
current_timestep: 833.3333129882812
current_timestep: 625.0
current_timestep: 1000.0
current_timestep: 937.5
current_timestep: 833.3333129882812
current_timestep: 625.0
current_timestep: 1000.0
current_timestep: 937.5
current_timestep: 833.3333129882812
current_timestep: 625.0
current_timestep: 1000.0
current_timestep: 937.5
current_timestep: 833.3333129882812
current_timestep: 625.0
current_timestep: 1000.0
current_timestep: 937.5
current_timestep: 833.3333129882812
current_timestep: 625.0
current_timestep: 1000.0
current_timestep: 937.5
current_timestep: 833.3333129882812
current_timestep: 625.0
Moving DynamicSwap_WanTextEncoder to cuda:0 with preserved memory: 24.55411195755005 GB
current_timestep: 1000.0
current_timestep: 937.5
current_timestep: 833.3333129882812
current_timestep: 625.0
current_timestep: 1000.0
current_timestep: 937.5
current_timestep: 833.3333129882812
current_timestep: 625.0
current_timestep: 1000.0
current_timestep: 937.5
current_timestep: 833.3333129882812
current_timestep: 625.0
current_timestep: 1000.0
current_timestep: 937.5
current_timestep: 833.3333129882812
current_timestep: 625.0
current_timestep: 1000.0
current_timestep: 937.5
current_timestep: 833.3333129882812
current_timestep: 625.0
current_timestep: 1000.0
current_timestep: 937.5
current_timestep: 833.3333129882812
current_timestep: 625.0
current_timestep: 1000.0
current_timestep: 937.5
current_timestep: 833.3333129882812
current_timestep: 625.0
current_timestep: 1000.0
current_timestep: 937.5
current_timestep: 833.3333129882812
current_timestep: 625.0
current_timestep: 1000.0
current_timestep: 937.5
current_timestep: 833.3333129882812
current_timestep: 625.0
current_timestep: 1000.0
current_timestep: 937.5
current_timestep: 833.3333129882812
current_timestep: 625.0
current_timestep: 1000.0
current_timestep: 937.5
current_timestep: 833.3333129882812
current_timestep: 625.0
current_timestep: 1000.0
current_timestep: 937.5
current_timestep: 833.3333129882812
current_timestep: 625.0
current_timestep: 1000.0
current_timestep: 937.5
current_timestep: 833.3333129882812
current_timestep: 625.0
current_timestep: 1000.0
current_timestep: 937.5
current_timestep: 833.3333129882812
current_timestep: 625.0
Moving DynamicSwap_WanTextEncoder to cuda:0 with preserved memory: 24.55411195755005 GB
current_timestep: 1000.0
current_timestep: 937.5
current_timestep: 833.3333129882812
current_timestep: 625.0
current_timestep: 1000.0
current_timestep: 937.5
current_timestep: 833.3333129882812
current_timestep: 625.0
current_timestep: 1000.0
current_timestep: 937.5
current_timestep: 833.3333129882812
current_timestep: 625.0
current_timestep: 1000.0
current_timestep: 937.5
current_timestep: 833.3333129882812
current_timestep: 625.0
current_timestep: 1000.0
current_timestep: 937.5
current_timestep: 833.3333129882812
current_timestep: 625.0
current_timestep: 1000.0
current_timestep: 937.5
current_timestep: 833.3333129882812
current_timestep: 625.0
current_timestep: 1000.0
current_timestep: 937.5
current_timestep: 833.3333129882812
current_timestep: 625.0
current_timestep: 1000.0
current_timestep: 937.5
current_timestep: 833.3333129882812
current_timestep: 625.0
current_timestep: 1000.0
current_timestep: 937.5
current_timestep: 833.3333129882812
current_timestep: 625.0
current_timestep: 1000.0
current_timestep: 937.5
current_timestep: 833.3333129882812
current_timestep: 625.0
current_timestep: 1000.0
current_timestep: 937.5
current_timestep: 833.3333129882812
current_timestep: 625.0
current_timestep: 1000.0
current_timestep: 937.5
current_timestep: 833.3333129882812
current_timestep: 625.0
current_timestep: 1000.0
current_timestep: 937.5
current_timestep: 833.3333129882812
current_timestep: 625.0
current_timestep: 1000.0
current_timestep: 937.5
current_timestep: 833.3333129882812
current_timestep: 625.0
{
  "method": "FLOWCACHE_PROFILE",
  "num_prompts": 10,
  "num_samples": 1,
  "total_runtime_s": 677.1063648178242,
  "avg_runtime_s_per_prompt": 67.71063648178242,
  "peak_vram_bytes": 20701900800,
  "quantize_time_s": 273.0598480356857,
  "dequantize_time_s": 0.08463025651872158,
  "bf16_kv_bytes": 12076646400,
  "compressed_kv_bytes": 12076646400,
  "compression_ratio": 1.0,
  "first_video_shape": [
    1,
    165,
    3,
    480,
    832
  ],
  "flowcache_profile_recent_ratio": 0.25,
  "flowcache_profile_num_layers": 30,
  "flowcache_profile_avg_old_delta": 0.03789029176026783,
  "flowcache_profile_layer_scores": {
    "0": 0.03999840838566296,
    "1": 0.03853113329985132,
    "2": 0.0385006760709556,
    "3": 0.037774014304376255,
    "4": 0.037714485092625274,
    "5": 0.03783177957704322,
    "6": 0.03848639274694783,
    "7": 0.03796952783461597,
    "8": 0.037464381952186,
    "9": 0.03850194435712676,
    "10": 0.037297084512331095,
    "11": 0.0378303807673155,
    "12": 0.03740586811645051,
    "13": 0.036978945525015815,
    "14": 0.036886760317759934,
    "15": 0.03735412487464215,
    "16": 0.03683403241969014,
    "17": 0.037136908432456935,
    "18": 0.03762872225887111,
    "19": 0.037563615486231015,
    "20": 0.03765887172876905,
    "21": 0.03786620344587807,
    "22": 0.03777402136159145,
    "23": 0.037756647973684436,
    "24": 0.03826721395827609,
    "25": 0.03798770763611389,
    "26": 0.037690750656302195,
    "27": 0.038703647382257476,
    "28": 0.03830638121063742,
    "29": 0.03900812112236932
  },
  "flowcache_profile_layer_scores_all_chunks": {
    "0": 0.05018520931355537,
    "1": 0.04090535907045243,
    "2": 0.03647007856482551,
    "3": 0.033780857673240086,
    "4": 0.033163946546495904,
    "5": 0.03280545049054282,
    "6": 0.0339912677804629,
    "7": 0.03341030009138206,
    "8": 0.032294446085062295,
    "9": 0.03272698708339816,
    "10": 0.032419890609880285,
    "11": 0.03271153287081018,
    "12": 0.03206570847107777,
    "13": 0.030996311471694047,
    "14": 0.030883666698658278,
    "15": 0.03183665629559093,
    "16": 0.031011278440909725,
    "17": 0.031457965511533,
    "18": 0.0316695608041944,
    "19": 0.033921245477384045,
    "20": 0.034649743681862244,
    "21": 0.035520618671462646,
    "22": 0.035612253290083676,
    "23": 0.03478225004058036,
    "24": 0.034225868561911205,
    "25": 0.033681025995976395,
    "26": 0.03344362636832964,
    "27": 0.03416443423761262,
    "28": 0.032847325192675705,
    "29": 0.03758263619149488
  }
}
/data/vaishak/combined-kv-quant/third_party/Self-Forcing/wan/modules/vae.py:634: FutureWarning: You are using `torch.load` with `weights_only=False` (the current default value), which uses the default pickle module implicitly. It is possible to construct malicious pickle data which will execute arbitrary code during unpickling (See https://github.com/pytorch/pytorch/blob/main/SECURITY.md#untrusted-models for more details). In a future release, the default value for `weights_only` will be flipped to `True`. This limits the functions that could be executed during unpickling. Arbitrary objects will no longer be allowed to be loaded via this mode unless they are explicitly allowlisted by the user via `torch.serialization.add_safe_globals`. We recommend you start setting `weights_only=True` for any use case where you don't have full control of the loaded file. Please open an issue on GitHub for any issues related to this experimental feature.
  torch.load(pretrained_path, map_location=device), assign=True)
/data/vaishak/combined-kv-quant/scripts/01_generate.py:408: FutureWarning: You are using `torch.load` with `weights_only=False` (the current default value), which uses the default pickle module implicitly. It is possible to construct malicious pickle data which will execute arbitrary code during unpickling (See https://github.com/pytorch/pytorch/blob/main/SECURITY.md#untrusted-models for more details). In a future release, the default value for `weights_only` will be flipped to `True`. This limits the functions that could be executed during unpickling. Arbitrary objects will no longer be allowed to be loaded via this mode unless they are explicitly allowlisted by the user via `torch.serialization.add_safe_globals`. We recommend you start setting `weights_only=True` for any use case where you don't have full control of the loaded file. Please open an issue on GitHub for any issues related to this experimental feature.
  state_dict = torch.load(str(checkpoint_path), map_location="cpu")
KV inference with 3 frames per block
Moving DynamicSwap_WanTextEncoder to cuda:0 with preserved memory: 14.055986881256104 GB
current_timestep: 1000.0
current_timestep: 937.5
current_timestep: 833.3333129882812
current_timestep: 625.0
current_timestep: 1000.0
current_timestep: 937.5
current_timestep: 833.3333129882812
current_timestep: 625.0
current_timestep: 1000.0
current_timestep: 937.5
current_timestep: 833.3333129882812
current_timestep: 625.0
current_timestep: 1000.0
current_timestep: 937.5
current_timestep: 833.3333129882812
current_timestep: 625.0
current_timestep: 1000.0
current_timestep: 937.5
current_timestep: 833.3333129882812
current_timestep: 625.0
current_timestep: 1000.0
current_timestep: 937.5
current_timestep: 833.3333129882812
current_timestep: 625.0
current_timestep: 1000.0
current_timestep: 937.5
current_timestep: 833.3333129882812
current_timestep: 625.0
current_timestep: 1000.0
current_timestep: 937.5
current_timestep: 833.3333129882812
current_timestep: 625.0
current_timestep: 1000.0
current_timestep: 937.5
current_timestep: 833.3333129882812
current_timestep: 625.0
current_timestep: 1000.0
current_timestep: 937.5
current_timestep: 833.3333129882812
current_timestep: 625.0
current_timestep: 1000.0
current_timestep: 937.5
current_timestep: 833.3333129882812
current_timestep: 625.0
current_timestep: 1000.0
current_timestep: 937.5
current_timestep: 833.3333129882812
current_timestep: 625.0
current_timestep: 1000.0
current_timestep: 937.5
current_timestep: 833.3333129882812
current_timestep: 625.0
current_timestep: 1000.0
current_timestep: 937.5
current_timestep: 833.3333129882812
current_timestep: 625.0
Moving DynamicSwap_WanTextEncoder to cuda:0 with preserved memory: 13.306858539581299 GB
current_timestep: 1000.0
current_timestep: 937.5
current_timestep: 833.3333129882812
current_timestep: 625.0
current_timestep: 1000.0
current_timestep: 937.5
current_timestep: 833.3333129882812
current_timestep: 625.0
current_timestep: 1000.0
current_timestep: 937.5
current_timestep: 833.3333129882812
current_timestep: 625.0
current_timestep: 1000.0
current_timestep: 937.5
current_timestep: 833.3333129882812
current_timestep: 625.0
current_timestep: 1000.0
current_timestep: 937.5
current_timestep: 833.3333129882812
current_timestep: 625.0
current_timestep: 1000.0
current_timestep: 937.5
current_timestep: 833.3333129882812
current_timestep: 625.0
current_timestep: 1000.0
current_timestep: 937.5
current_timestep: 833.3333129882812
current_timestep: 625.0
current_timestep: 1000.0
current_timestep: 937.5
current_timestep: 833.3333129882812
current_timestep: 625.0
current_timestep: 1000.0
current_timestep: 937.5
current_timestep: 833.3333129882812
current_timestep: 625.0
current_timestep: 1000.0
current_timestep: 937.5
current_timestep: 833.3333129882812
current_timestep: 625.0
current_timestep: 1000.0
current_timestep: 937.5
current_timestep: 833.3333129882812
current_timestep: 625.0
current_timestep: 1000.0
current_timestep: 937.5
current_timestep: 833.3333129882812
current_timestep: 625.0
current_timestep: 1000.0
current_timestep: 937.5
current_timestep: 833.3333129882812
current_timestep: 625.0
current_timestep: 1000.0
current_timestep: 937.5
current_timestep: 833.3333129882812
current_timestep: 625.0
Moving DynamicSwap_WanTextEncoder to cuda:0 with preserved memory: 13.306858539581299 GB
current_timestep: 1000.0
current_timestep: 937.5
current_timestep: 833.3333129882812
current_timestep: 625.0
current_timestep: 1000.0
current_timestep: 937.5
current_timestep: 833.3333129882812
current_timestep: 625.0
current_timestep: 1000.0
current_timestep: 937.5
current_timestep: 833.3333129882812
current_timestep: 625.0
current_timestep: 1000.0
current_timestep: 937.5
current_timestep: 833.3333129882812
current_timestep: 625.0
current_timestep: 1000.0
current_timestep: 937.5
current_timestep: 833.3333129882812
current_timestep: 625.0
current_timestep: 1000.0
current_timestep: 937.5
current_timestep: 833.3333129882812
current_timestep: 625.0
current_timestep: 1000.0
current_timestep: 937.5
current_timestep: 833.3333129882812
current_timestep: 625.0
current_timestep: 1000.0
current_timestep: 937.5
current_timestep: 833.3333129882812
current_timestep: 625.0
current_timestep: 1000.0
current_timestep: 937.5
current_timestep: 833.3333129882812
current_timestep: 625.0
current_timestep: 1000.0
current_timestep: 937.5
current_timestep: 833.3333129882812
current_timestep: 625.0
current_timestep: 1000.0
current_timestep: 937.5
current_timestep: 833.3333129882812
current_timestep: 625.0
current_timestep: 1000.0
current_timestep: 937.5
current_timestep: 833.3333129882812
current_timestep: 625.0
current_timestep: 1000.0
current_timestep: 937.5
current_timestep: 833.3333129882812
current_timestep: 625.0
current_timestep: 1000.0
current_timestep: 937.5
current_timestep: 833.3333129882812
current_timestep: 625.0
Moving DynamicSwap_WanTextEncoder to cuda:0 with preserved memory: 13.306858539581299 GB
current_timestep: 1000.0
current_timestep: 937.5
current_timestep: 833.3333129882812
current_timestep: 625.0
current_timestep: 1000.0
current_timestep: 937.5
current_timestep: 833.3333129882812
current_timestep: 625.0
current_timestep: 1000.0
current_timestep: 937.5
current_timestep: 833.3333129882812
current_timestep: 625.0
current_timestep: 1000.0
current_timestep: 937.5
current_timestep: 833.3333129882812
current_timestep: 625.0
current_timestep: 1000.0
current_timestep: 937.5
current_timestep: 833.3333129882812
current_timestep: 625.0
current_timestep: 1000.0
current_timestep: 937.5
current_timestep: 833.3333129882812
current_timestep: 625.0
current_timestep: 1000.0
current_timestep: 937.5
current_timestep: 833.3333129882812
current_timestep: 625.0
current_timestep: 1000.0
current_timestep: 937.5
current_timestep: 833.3333129882812
current_timestep: 625.0
current_timestep: 1000.0
current_timestep: 937.5
current_timestep: 833.3333129882812
current_timestep: 625.0
current_timestep: 1000.0
current_timestep: 937.5
current_timestep: 833.3333129882812
current_timestep: 625.0
current_timestep: 1000.0
current_timestep: 937.5
current_timestep: 833.3333129882812
current_timestep: 625.0
current_timestep: 1000.0
current_timestep: 937.5
current_timestep: 833.3333129882812
current_timestep: 625.0
current_timestep: 1000.0
current_timestep: 937.5
current_timestep: 833.3333129882812
current_timestep: 625.0
current_timestep: 1000.0
current_timestep: 937.5
current_timestep: 833.3333129882812
current_timestep: 625.0
Moving DynamicSwap_WanTextEncoder to cuda:0 with preserved memory: 13.306858539581299 GB
current_timestep: 1000.0
current_timestep: 937.5
current_timestep: 833.3333129882812
current_timestep: 625.0
current_timestep: 1000.0
current_timestep: 937.5
current_timestep: 833.3333129882812
current_timestep: 625.0
current_timestep: 1000.0
current_timestep: 937.5
current_timestep: 833.3333129882812
current_timestep: 625.0
current_timestep: 1000.0
current_timestep: 937.5
current_timestep: 833.3333129882812
current_timestep: 625.0
current_timestep: 1000.0
current_timestep: 937.5
current_timestep: 833.3333129882812
current_timestep: 625.0
current_timestep: 1000.0
current_timestep: 937.5
current_timestep: 833.3333129882812
current_timestep: 625.0
current_timestep: 1000.0
current_timestep: 937.5
current_timestep: 833.3333129882812
current_timestep: 625.0
current_timestep: 1000.0
current_timestep: 937.5
current_timestep: 833.3333129882812
current_timestep: 625.0
current_timestep: 1000.0
current_timestep: 937.5
current_timestep: 833.3333129882812
current_timestep: 625.0
current_timestep: 1000.0
current_timestep: 937.5
current_timestep: 833.3333129882812
current_timestep: 625.0
current_timestep: 1000.0
current_timestep: 937.5
current_timestep: 833.3333129882812
current_timestep: 625.0
current_timestep: 1000.0
current_timestep: 937.5
current_timestep: 833.3333129882812
current_timestep: 625.0
current_timestep: 1000.0
current_timestep: 937.5
current_timestep: 833.3333129882812
current_timestep: 625.0
current_timestep: 1000.0
current_timestep: 937.5
current_timestep: 833.3333129882812
current_timestep: 625.0
Moving DynamicSwap_WanTextEncoder to cuda:0 with preserved memory: 13.306858539581299 GB
current_timestep: 1000.0
current_timestep: 937.5
current_timestep: 833.3333129882812
current_timestep: 625.0
current_timestep: 1000.0
current_timestep: 937.5
current_timestep: 833.3333129882812
current_timestep: 625.0
current_timestep: 1000.0
current_timestep: 937.5
current_timestep: 833.3333129882812
current_timestep: 625.0
current_timestep: 1000.0
current_timestep: 937.5
current_timestep: 833.3333129882812
current_timestep: 625.0
current_timestep: 1000.0
current_timestep: 937.5
current_timestep: 833.3333129882812
current_timestep: 625.0
current_timestep: 1000.0
current_timestep: 937.5
current_timestep: 833.3333129882812
current_timestep: 625.0
current_timestep: 1000.0
current_timestep: 937.5
current_timestep: 833.3333129882812
current_timestep: 625.0
current_timestep: 1000.0
current_timestep: 937.5
current_timestep: 833.3333129882812
current_timestep: 625.0
current_timestep: 1000.0
current_timestep: 937.5
current_timestep: 833.3333129882812
current_timestep: 625.0
current_timestep: 1000.0
current_timestep: 937.5
current_timestep: 833.3333129882812
current_timestep: 625.0
current_timestep: 1000.0
current_timestep: 937.5
current_timestep: 833.3333129882812
current_timestep: 625.0
current_timestep: 1000.0
current_timestep: 937.5
current_timestep: 833.3333129882812
current_timestep: 625.0
current_timestep: 1000.0
current_timestep: 937.5
current_timestep: 833.3333129882812
current_timestep: 625.0
current_timestep: 1000.0
current_timestep: 937.5
current_timestep: 833.3333129882812
current_timestep: 625.0
Moving DynamicSwap_WanTextEncoder to cuda:0 with preserved memory: 13.306858539581299 GB
current_timestep: 1000.0
current_timestep: 937.5
current_timestep: 833.3333129882812
current_timestep: 625.0
current_timestep: 1000.0
current_timestep: 937.5
current_timestep: 833.3333129882812
current_timestep: 625.0
current_timestep: 1000.0
current_timestep: 937.5
current_timestep: 833.3333129882812
current_timestep: 625.0
current_timestep: 1000.0
current_timestep: 937.5
current_timestep: 833.3333129882812
current_timestep: 625.0
current_timestep: 1000.0
current_timestep: 937.5
current_timestep: 833.3333129882812
current_timestep: 625.0
current_timestep: 1000.0
current_timestep: 937.5
current_timestep: 833.3333129882812
current_timestep: 625.0
current_timestep: 1000.0
current_timestep: 937.5
current_timestep: 833.3333129882812
current_timestep: 625.0
current_timestep: 1000.0
current_timestep: 937.5
current_timestep: 833.3333129882812
current_timestep: 625.0
current_timestep: 1000.0
current_timestep: 937.5
current_timestep: 833.3333129882812
current_timestep: 625.0
current_timestep: 1000.0
current_timestep: 937.5
current_timestep: 833.3333129882812
current_timestep: 625.0
current_timestep: 1000.0
current_timestep: 937.5
current_timestep: 833.3333129882812
current_timestep: 625.0
current_timestep: 1000.0
current_timestep: 937.5
current_timestep: 833.3333129882812
current_timestep: 625.0
current_timestep: 1000.0
current_timestep: 937.5
current_timestep: 833.3333129882812
current_timestep: 625.0
current_timestep: 1000.0
current_timestep: 937.5
current_timestep: 833.3333129882812
current_timestep: 625.0
Moving DynamicSwap_WanTextEncoder to cuda:0 with preserved memory: 13.306858539581299 GB
current_timestep: 1000.0
current_timestep: 937.5
current_timestep: 833.3333129882812
current_timestep: 625.0
current_timestep: 1000.0
current_timestep: 937.5
current_timestep: 833.3333129882812
current_timestep: 625.0
current_timestep: 1000.0
current_timestep: 937.5
current_timestep: 833.3333129882812
current_timestep: 625.0
current_timestep: 1000.0
current_timestep: 937.5
current_timestep: 833.3333129882812
current_timestep: 625.0
current_timestep: 1000.0
current_timestep: 937.5
current_timestep: 833.3333129882812
current_timestep: 625.0
current_timestep: 1000.0
current_timestep: 937.5
current_timestep: 833.3333129882812
current_timestep: 625.0
current_timestep: 1000.0
current_timestep: 937.5
current_timestep: 833.3333129882812
current_timestep: 625.0
current_timestep: 1000.0
current_timestep: 937.5
current_timestep: 833.3333129882812
current_timestep: 625.0
current_timestep: 1000.0
current_timestep: 937.5
current_timestep: 833.3333129882812
current_timestep: 625.0
current_timestep: 1000.0
current_timestep: 937.5
current_timestep: 833.3333129882812
current_timestep: 625.0
current_timestep: 1000.0
current_timestep: 937.5
current_timestep: 833.3333129882812
current_timestep: 625.0
current_timestep: 1000.0
current_timestep: 937.5
current_timestep: 833.3333129882812
current_timestep: 625.0
current_timestep: 1000.0
current_timestep: 937.5
current_timestep: 833.3333129882812
current_timestep: 625.0
current_timestep: 1000.0
current_timestep: 937.5
current_timestep: 833.3333129882812
current_timestep: 625.0
Moving DynamicSwap_WanTextEncoder to cuda:0 with preserved memory: 13.306858539581299 GB
current_timestep: 1000.0
current_timestep: 937.5
current_timestep: 833.3333129882812
current_timestep: 625.0
current_timestep: 1000.0
current_timestep: 937.5
current_timestep: 833.3333129882812
current_timestep: 625.0
current_timestep: 1000.0
current_timestep: 937.5
current_timestep: 833.3333129882812
current_timestep: 625.0
current_timestep: 1000.0
current_timestep: 937.5
current_timestep: 833.3333129882812
current_timestep: 625.0
current_timestep: 1000.0
current_timestep: 937.5
current_timestep: 833.3333129882812
current_timestep: 625.0
current_timestep: 1000.0
current_timestep: 937.5
current_timestep: 833.3333129882812
current_timestep: 625.0
current_timestep: 1000.0
current_timestep: 937.5
current_timestep: 833.3333129882812
current_timestep: 625.0
current_timestep: 1000.0
current_timestep: 937.5
current_timestep: 833.3333129882812
current_timestep: 625.0
current_timestep: 1000.0
current_timestep: 937.5
current_timestep: 833.3333129882812
current_timestep: 625.0
current_timestep: 1000.0
current_timestep: 937.5
current_timestep: 833.3333129882812
current_timestep: 625.0
current_timestep: 1000.0
current_timestep: 937.5
current_timestep: 833.3333129882812
current_timestep: 625.0
current_timestep: 1000.0
current_timestep: 937.5
current_timestep: 833.3333129882812
current_timestep: 625.0
current_timestep: 1000.0
current_timestep: 937.5
current_timestep: 833.3333129882812
current_timestep: 625.0
current_timestep: 1000.0
current_timestep: 937.5
current_timestep: 833.3333129882812
current_timestep: 625.0
Moving DynamicSwap_WanTextEncoder to cuda:0 with preserved memory: 13.306858539581299 GB
current_timestep: 1000.0
current_timestep: 937.5
current_timestep: 833.3333129882812
current_timestep: 625.0
current_timestep: 1000.0
current_timestep: 937.5
current_timestep: 833.3333129882812
current_timestep: 625.0
current_timestep: 1000.0
current_timestep: 937.5
current_timestep: 833.3333129882812
current_timestep: 625.0
current_timestep: 1000.0
current_timestep: 937.5
current_timestep: 833.3333129882812
current_timestep: 625.0
current_timestep: 1000.0
current_timestep: 937.5
current_timestep: 833.3333129882812
current_timestep: 625.0
current_timestep: 1000.0
current_timestep: 937.5
current_timestep: 833.3333129882812
current_timestep: 625.0
current_timestep: 1000.0
current_timestep: 937.5
current_timestep: 833.3333129882812
current_timestep: 625.0
current_timestep: 1000.0
current_timestep: 937.5
current_timestep: 833.3333129882812
current_timestep: 625.0
current_timestep: 1000.0
current_timestep: 937.5
current_timestep: 833.3333129882812
current_timestep: 625.0
current_timestep: 1000.0
current_timestep: 937.5
current_timestep: 833.3333129882812
current_timestep: 625.0
current_timestep: 1000.0
current_timestep: 937.5
current_timestep: 833.3333129882812
current_timestep: 625.0
current_timestep: 1000.0
current_timestep: 937.5
current_timestep: 833.3333129882812
current_timestep: 625.0
current_timestep: 1000.0
current_timestep: 937.5
current_timestep: 833.3333129882812
current_timestep: 625.0
current_timestep: 1000.0
current_timestep: 937.5
current_timestep: 833.3333129882812
current_timestep: 625.0
{
  "method": "FLOWCACHE_NATIVE",
  "num_prompts": 10,
  "num_samples": 1,
  "total_runtime_s": 482.8725273194723,
  "avg_runtime_s_per_prompt": 48.28725273194723,
  "peak_vram_bytes": 20731253760,
  "quantize_time_s": 0.0,
  "dequantize_time_s": 0.0,
  "bf16_kv_bytes": 12076646400,
  "compressed_kv_bytes": 12076646400,
  "compression_ratio": 1.0,
  "first_video_shape": [
    1,
    165,
    3,
    480,
    832
  ],
  "flowcache_native_total_blocks": 140.0,
  "flowcache_native_total_steps": 560.0,
  "flowcache_native_reuse_steps": 140.0,
  "flowcache_native_compute_steps": 420.0,
  "flowcache_native_reuse_ratio": 0.25,
  "flowcache_native_avg_rel_l1": 1.2365584339414324,
  "flowcache_native_rel_l1_thresh": 1.5
}
/home/suraj/miniforge3/envs/qvg_sf_infer/lib/python3.10/site-packages/torchvision/models/_utils.py:208: UserWarning: The parameter 'pretrained' is deprecated since 0.13 and may be removed in the future, please use 'weights' instead.
  warnings.warn(
/home/suraj/miniforge3/envs/qvg_sf_infer/lib/python3.10/site-packages/torchvision/models/_utils.py:223: UserWarning: Arguments other than a weight enum or `None` for 'weights' are deprecated since 0.13 and may be removed in the future. The current behavior is equivalent to passing `weights=AlexNet_Weights.IMAGENET1K_V1`. You can also use `weights=AlexNet_Weights.DEFAULT` to get the most up-to-date weights.
  warnings.warn(msg)
/home/suraj/miniforge3/envs/qvg_sf_infer/lib/python3.10/site-packages/lpips/lpips.py:107: FutureWarning: You are using `torch.load` with `weights_only=False` (the current default value), which uses the default pickle module implicitly. It is possible to construct malicious pickle data which will execute arbitrary code during unpickling (See https://github.com/pytorch/pytorch/blob/main/SECURITY.md#untrusted-models for more details). In a future release, the default value for `weights_only` will be flipped to `True`. This limits the functions that could be executed during unpickling. Arbitrary objects will no longer be allowed to be loaded via this mode unless they are explicitly allowlisted by the user via `torch.serialization.add_safe_globals`. We recommend you start setting `weights_only=True` for any use case where you don't have full control of the loaded file. Please open an issue on GitHub for any issues related to this experimental feature.
  self.load_state_dict(torch.load(model_path, map_location='cpu'), strict=False)
Setting up [LPIPS] perceptual loss: trunk [alex], v[0.1], spatial [off]
Loading model from: /home/suraj/miniforge3/envs/qvg_sf_infer/lib/python3.10/site-packages/lpips/weights/v0.1/alex.pth
{
  "num_videos": 10,
  "psnr": 13.254866816178843,
  "ssim": 0.41153372203565236,
  "lpips": 0.4506317637183449
}
prompt_map_size=10
[W310 02:58:48.857514064 CUDAAllocatorConfig.h:28] Warning: expandable_segments not supported on this platform (function operator())
[rank0]:[W310 02:58:48.079654992 ProcessGroupNCCL.cpp:4115] [PG ID 0 PG GUID 0 Rank 0]  using GPU 0 to perform barrier as devices used by this process are currently unknown. This can potentially cause a hang if this rank to GPU mapping is incorrect.Specify device_ids in barrier() to force use of a particular device,or call init_process_group() with a device_id.
/home/suraj/miniforge3/envs/qvg_sf_eval/lib/python3.10/site-packages/clip/clip.py:6: UserWarning: pkg_resources is deprecated as an API. See https://setuptools.pypa.io/en/latest/pkg_resources.html. The pkg_resources package is slated for removal as early as 2025-11-30. Refrain from using this package or pin to Setuptools<81.
  from pkg_resources import packaging
args: Namespace(output_path='/data/vaishak/combined-kv-quant/results/runs/backfill_flowcache_native_7743d4e12ea8_10s/metrics/vbench_FLOWCACHE_NATIVE', full_json_dir='/data/vaishak/combined-kv-quant/third_party/VBench/vbench/VBench_full_info.json', videos_path='/data/vaishak/combined-kv-quant/results/runs/backfill_flowcache_native_7743d4e12ea8_10s/videos/FLOWCACHE_NATIVE', dimension=['background_consistency', 'imaging_quality', 'subject_consistency', 'aesthetic_quality'], load_ckpt_from_local=None, read_frame=None, mode='custom_input', prompt='None', prompt_file='/data/vaishak/combined-kv-quant/results/runs/backfill_flowcache_native_7743d4e12ea8_10s/metrics/vbench_FLOWCACHE_NATIVE/prompt_map.json', category=None, imaging_quality_preprocessing_mode='longer')
start evaluation
Evaluation meta data saved to /data/vaishak/combined-kv-quant/results/runs/backfill_flowcache_native_7743d4e12ea8_10s/metrics/vbench_FLOWCACHE_NATIVE/results_2026-03-10-02:58:48_full_info.json
cur_full_info_path: /data/vaishak/combined-kv-quant/results/runs/backfill_flowcache_native_7743d4e12ea8_10s/metrics/vbench_FLOWCACHE_NATIVE/results_2026-03-10-02:58:48_full_info.json
  0%|          | 0/10 [00:00<?, ?it/s] 10%|█         | 1/10 [00:00<00:06,  1.42it/s] 20%|██        | 2/10 [00:01<00:05,  1.57it/s] 30%|███       | 3/10 [00:01<00:04,  1.64it/s] 40%|████      | 4/10 [00:02<00:03,  1.65it/s] 50%|█████     | 5/10 [00:03<00:03,  1.64it/s] 60%|██████    | 6/10 [00:03<00:02,  1.65it/s] 70%|███████   | 7/10 [00:04<00:01,  1.66it/s] 80%|████████  | 8/10 [00:04<00:01,  1.69it/s] 90%|█████████ | 9/10 [00:05<00:00,  1.72it/s]100%|██████████| 10/10 [00:06<00:00,  1.69it/s]100%|██████████| 10/10 [00:06<00:00,  1.66it/s]
/home/suraj/miniforge3/envs/qvg_sf_eval/lib/python3.10/site-packages/timm/models/layers/__init__.py:48: FutureWarning: Importing from timm.models.layers is deprecated, please import via timm.layers
  warnings.warn(f"Importing from {__name__} is deprecated, please import via timm.layers", FutureWarning)
/home/suraj/miniforge3/envs/qvg_sf_eval/lib/python3.10/site-packages/pyiqa/archs/arch_util.py:118: FutureWarning: You are using `torch.load` with `weights_only=False` (the current default value), which uses the default pickle module implicitly. It is possible to construct malicious pickle data which will execute arbitrary code during unpickling (See https://github.com/pytorch/pytorch/blob/main/SECURITY.md#untrusted-models for more details). In a future release, the default value for `weights_only` will be flipped to `True`. This limits the functions that could be executed during unpickling. Arbitrary objects will no longer be allowed to be loaded via this mode unless they are explicitly allowlisted by the user via `torch.serialization.add_safe_globals`. We recommend you start setting `weights_only=True` for any use case where you don't have full control of the loaded file. Please open an issue on GitHub for any issues related to this experimental feature.
  state_dict = torch.load(model_path, map_location=torch.device("cpu"))
cur_full_info_path: /data/vaishak/combined-kv-quant/results/runs/backfill_flowcache_native_7743d4e12ea8_10s/metrics/vbench_FLOWCACHE_NATIVE/results_2026-03-10-02:58:48_full_info.json
Loading pretrained model MUSIQ from /home/vaishak/.cache/vbench/pyiqa_model/musiq_spaq_ckpt-358bb6af.pth
  0%|          | 0/10 [00:00<?, ?it/s] 10%|█         | 1/10 [00:02<00:25,  2.86s/it] 20%|██        | 2/10 [00:05<00:22,  2.78s/it] 30%|███       | 3/10 [00:08<00:19,  2.76s/it] 40%|████      | 4/10 [00:11<00:16,  2.75s/it] 50%|█████     | 5/10 [00:13<00:13,  2.75s/it] 60%|██████    | 6/10 [00:16<00:11,  2.77s/it] 70%|███████   | 7/10 [00:19<00:08,  2.80s/it] 80%|████████  | 8/10 [00:22<00:05,  2.87s/it] 90%|█████████ | 9/10 [00:25<00:02,  2.86s/it]100%|██████████| 10/10 [00:28<00:00,  2.82s/it]100%|██████████| 10/10 [00:28<00:00,  2.81s/it]
Using cache found in /home/vaishak/.cache/torch/hub/facebookresearch_dino_main
2026-03-10 02:59:29,014 - vbench.subject_consistency - INFO - Initialize DINO success
cur_full_info_path: /data/vaishak/combined-kv-quant/results/runs/backfill_flowcache_native_7743d4e12ea8_10s/metrics/vbench_FLOWCACHE_NATIVE/results_2026-03-10-02:58:48_full_info.json
  0%|          | 0/10 [00:00<?, ?it/s] 10%|█         | 1/10 [00:02<00:20,  2.32s/it] 20%|██        | 2/10 [00:04<00:18,  2.28s/it] 30%|███       | 3/10 [00:06<00:15,  2.27s/it] 40%|████      | 4/10 [00:08<00:13,  2.17s/it] 50%|█████     | 5/10 [00:10<00:10,  2.12s/it] 60%|██████    | 6/10 [00:12<00:08,  2.08s/it] 70%|███████   | 7/10 [00:14<00:06,  2.05s/it] 80%|████████  | 8/10 [00:16<00:04,  2.04s/it] 90%|█████████ | 9/10 [00:19<00:02,  2.08s/it]100%|██████████| 10/10 [00:21<00:00,  2.15s/it]100%|██████████| 10/10 [00:21<00:00,  2.13s/it]
/data/vaishak/kv-quant-longhorizon/third_party/VBench/vbench/aesthetic_quality.py:41: FutureWarning: You are using `torch.load` with `weights_only=False` (the current default value), which uses the default pickle module implicitly. It is possible to construct malicious pickle data which will execute arbitrary code during unpickling (See https://github.com/pytorch/pytorch/blob/main/SECURITY.md#untrusted-models for more details). In a future release, the default value for `weights_only` will be flipped to `True`. This limits the functions that could be executed during unpickling. Arbitrary objects will no longer be allowed to be loaded via this mode unless they are explicitly allowlisted by the user via `torch.serialization.add_safe_globals`. We recommend you start setting `weights_only=True` for any use case where you don't have full control of the loaded file. Please open an issue on GitHub for any issues related to this experimental feature.
  s = torch.load(path_to_model)
cur_full_info_path: /data/vaishak/combined-kv-quant/results/runs/backfill_flowcache_native_7743d4e12ea8_10s/metrics/vbench_FLOWCACHE_NATIVE/results_2026-03-10-02:58:48_full_info.json
  0%|          | 0/10 [00:00<?, ?it/s] 10%|█         | 1/10 [00:01<00:09,  1.04s/it] 20%|██        | 2/10 [00:02<00:08,  1.06s/it] 30%|███       | 3/10 [00:03<00:07,  1.06s/it] 40%|████      | 4/10 [00:04<00:06,  1.07s/it] 50%|█████     | 5/10 [00:05<00:05,  1.12s/it] 60%|██████    | 6/10 [00:06<00:04,  1.20s/it] 70%|███████   | 7/10 [00:08<00:03,  1.26s/it] 80%|████████  | 8/10 [00:09<00:02,  1.28s/it] 90%|█████████ | 9/10 [00:10<00:01,  1.31s/it]100%|██████████| 10/10 [00:11<00:00,  1.24s/it]100%|██████████| 10/10 [00:11<00:00,  1.20s/it]
Evaluation results saved to /data/vaishak/combined-kv-quant/results/runs/backfill_flowcache_native_7743d4e12ea8_10s/metrics/vbench_FLOWCACHE_NATIVE/results_2026-03-10-02:58:48_eval_results.json
done
[rank0]:[W310 03:00:09.170359399 ProcessGroupNCCL.cpp:1250] Warning: WARNING: process group has NOT been destroyed before we destruct ProcessGroupNCCL. On normal program exit, the application should call destroy_process_group to ensure that any pending NCCL operations have finished in this process. In rare cases this process can exit before this point and block the progress of another member of the process group. This constraint has always been present,  but this warning has only been added since PyTorch 2.4 (function operator())
Saved /data/vaishak/combined-kv-quant/results/runs/backfill_flowcache_native_7743d4e12ea8_10s/metrics/vbench_FLOWCACHE_NATIVE.json
Wrote /data/vaishak/combined-kv-quant/results/runs/backfill_flowcache_native_7743d4e12ea8_10s/tables/baseline_summary.csv
Wrote /data/vaishak/combined-kv-quant/results/runs/backfill_flowcache_native_7743d4e12ea8_10s/tables/baseline_summary.md
$ /home/suraj/miniforge3/envs/qvg_sf_infer/bin/python /data/vaishak/combined-kv-quant/scripts/01_generate.py --results-root /data/vaishak/combined-kv-quant/results/runs/backfill_flowcache_native_7743d4e12ea8_10s/profile_pass --method FLOWCACHE_PROFILE --max-prompts 10 --num-output-frames 42 --seed 0 --flowcache-recent-ratio 0.25 --device cuda:0 --use-ema --device cuda:0 --use-ema --flowcache-native-rel-l1-thresh 1.5 --flowcache-native-warmup-steps 0
$ /home/suraj/miniforge3/envs/qvg_sf_infer/bin/python /data/vaishak/combined-kv-quant/scripts/01_generate.py --results-root /data/vaishak/combined-kv-quant/results/runs/backfill_flowcache_native_7743d4e12ea8_10s --method FLOWCACHE_NATIVE --max-prompts 10 --num-output-frames 42 --seed 0 --device cuda:0 --use-ema --flowcache-native-rel-l1-thresh 1.5 --flowcache-native-warmup-steps 0 --flowcache-layer-budget-path /data/vaishak/combined-kv-quant/results/runs/backfill_flowcache_native_7743d4e12ea8_10s/metrics/flowcache_profile_layer_budget.json
$ /home/suraj/miniforge3/envs/qvg_sf_infer/bin/python /data/vaishak/combined-kv-quant/scripts/02_eval_fidelity.py --bf16-dir /data/vaishak/kv-quant-longhorizon/results/runs/1772751420_baseline10s_10prompts_v3/videos/BF16 --candidate-dir /data/vaishak/combined-kv-quant/results/runs/backfill_flowcache_native_7743d4e12ea8_10s/videos/FLOWCACHE_NATIVE --output /data/vaishak/combined-kv-quant/results/runs/backfill_flowcache_native_7743d4e12ea8_10s/metrics/fidelity_FLOWCACHE_NATIVE.json --device cpu
$ bash /data/vaishak/combined-kv-quant/scripts/03_eval_vbench.sh FLOWCACHE_NATIVE /data/vaishak/combined-kv-quant/results/runs/backfill_flowcache_native_7743d4e12ea8_10s/videos/FLOWCACHE_NATIVE /data/vaishak/combined-kv-quant/prompts/MovieGenVideoBench_extended.txt /data/vaishak/combined-kv-quant/results/runs/backfill_flowcache_native_7743d4e12ea8_10s/metrics/vbench_FLOWCACHE_NATIVE /data/vaishak/combined-kv-quant/results/runs/backfill_flowcache_native_7743d4e12ea8_10s/metrics/vbench_FLOWCACHE_NATIVE.json
$ /home/suraj/miniforge3/envs/qvg_sf_infer/bin/python /data/vaishak/combined-kv-quant/scripts/05_summarize_results.py --results-root /data/vaishak/combined-kv-quant/results/runs/backfill_flowcache_native_7743d4e12ea8_10s --methods BF16 FLOWCACHE_NATIVE RTN_INT4
Backfill completed for FLOWCACHE_NATIVE under /data/vaishak/combined-kv-quant/results/runs/backfill_flowcache_native_7743d4e12ea8_10s
/data/vaishak/combined-kv-quant/third_party/Self-Forcing/wan/modules/vae.py:634: FutureWarning: You are using `torch.load` with `weights_only=False` (the current default value), which uses the default pickle module implicitly. It is possible to construct malicious pickle data which will execute arbitrary code during unpickling (See https://github.com/pytorch/pytorch/blob/main/SECURITY.md#untrusted-models for more details). In a future release, the default value for `weights_only` will be flipped to `True`. This limits the functions that could be executed during unpickling. Arbitrary objects will no longer be allowed to be loaded via this mode unless they are explicitly allowlisted by the user via `torch.serialization.add_safe_globals`. We recommend you start setting `weights_only=True` for any use case where you don't have full control of the loaded file. Please open an issue on GitHub for any issues related to this experimental feature.
  torch.load(pretrained_path, map_location=device), assign=True)
/data/vaishak/combined-kv-quant/scripts/01_generate.py:408: FutureWarning: You are using `torch.load` with `weights_only=False` (the current default value), which uses the default pickle module implicitly. It is possible to construct malicious pickle data which will execute arbitrary code during unpickling (See https://github.com/pytorch/pytorch/blob/main/SECURITY.md#untrusted-models for more details). In a future release, the default value for `weights_only` will be flipped to `True`. This limits the functions that could be executed during unpickling. Arbitrary objects will no longer be allowed to be loaded via this mode unless they are explicitly allowlisted by the user via `torch.serialization.add_safe_globals`. We recommend you start setting `weights_only=True` for any use case where you don't have full control of the loaded file. Please open an issue on GitHub for any issues related to this experimental feature.
  state_dict = torch.load(str(checkpoint_path), map_location="cpu")
KV inference with 3 frames per block
Moving DynamicSwap_WanTextEncoder to cuda:0 with preserved memory: 25.303240299224854 GB
current_timestep: 1000.0
current_timestep: 937.5
current_timestep: 833.3333129882812
current_timestep: 625.0
current_timestep: 1000.0
current_timestep: 937.5
current_timestep: 833.3333129882812
current_timestep: 625.0
current_timestep: 1000.0
current_timestep: 937.5
current_timestep: 833.3333129882812
current_timestep: 625.0
current_timestep: 1000.0
current_timestep: 937.5
current_timestep: 833.3333129882812
current_timestep: 625.0
current_timestep: 1000.0
current_timestep: 937.5
current_timestep: 833.3333129882812
current_timestep: 625.0
current_timestep: 1000.0
current_timestep: 937.5
current_timestep: 833.3333129882812
current_timestep: 625.0
current_timestep: 1000.0
current_timestep: 937.5
current_timestep: 833.3333129882812
current_timestep: 625.0
current_timestep: 1000.0
current_timestep: 937.5
current_timestep: 833.3333129882812
current_timestep: 625.0
current_timestep: 1000.0
current_timestep: 937.5
current_timestep: 833.3333129882812
current_timestep: 625.0
current_timestep: 1000.0
current_timestep: 937.5
current_timestep: 833.3333129882812
current_timestep: 625.0
current_timestep: 1000.0
current_timestep: 937.5
current_timestep: 833.3333129882812
current_timestep: 625.0
current_timestep: 1000.0
current_timestep: 937.5
current_timestep: 833.3333129882812
current_timestep: 625.0
current_timestep: 1000.0
current_timestep: 937.5
current_timestep: 833.3333129882812
current_timestep: 625.0
current_timestep: 1000.0
current_timestep: 937.5
current_timestep: 833.3333129882812
current_timestep: 625.0
Moving DynamicSwap_WanTextEncoder to cuda:0 with preserved memory: 24.55411195755005 GB
current_timestep: 1000.0
current_timestep: 937.5
current_timestep: 833.3333129882812
current_timestep: 625.0
current_timestep: 1000.0
current_timestep: 937.5
current_timestep: 833.3333129882812
current_timestep: 625.0
current_timestep: 1000.0
current_timestep: 937.5
current_timestep: 833.3333129882812
current_timestep: 625.0
current_timestep: 1000.0
current_timestep: 937.5
current_timestep: 833.3333129882812
current_timestep: 625.0
current_timestep: 1000.0
current_timestep: 937.5
current_timestep: 833.3333129882812
current_timestep: 625.0
current_timestep: 1000.0
current_timestep: 937.5
current_timestep: 833.3333129882812
current_timestep: 625.0
current_timestep: 1000.0
current_timestep: 937.5
current_timestep: 833.3333129882812
current_timestep: 625.0
current_timestep: 1000.0
current_timestep: 937.5
current_timestep: 833.3333129882812
current_timestep: 625.0
current_timestep: 1000.0
current_timestep: 937.5
current_timestep: 833.3333129882812
current_timestep: 625.0
current_timestep: 1000.0
current_timestep: 937.5
current_timestep: 833.3333129882812
current_timestep: 625.0
current_timestep: 1000.0
current_timestep: 937.5
current_timestep: 833.3333129882812
current_timestep: 625.0
current_timestep: 1000.0
current_timestep: 937.5
current_timestep: 833.3333129882812
current_timestep: 625.0
current_timestep: 1000.0
current_timestep: 937.5
current_timestep: 833.3333129882812
current_timestep: 625.0
current_timestep: 1000.0
current_timestep: 937.5
current_timestep: 833.3333129882812
current_timestep: 625.0
Moving DynamicSwap_WanTextEncoder to cuda:0 with preserved memory: 24.55411195755005 GB
current_timestep: 1000.0
current_timestep: 937.5
current_timestep: 833.3333129882812
current_timestep: 625.0
current_timestep: 1000.0
current_timestep: 937.5
current_timestep: 833.3333129882812
current_timestep: 625.0
current_timestep: 1000.0
current_timestep: 937.5
current_timestep: 833.3333129882812
current_timestep: 625.0
current_timestep: 1000.0
current_timestep: 937.5
current_timestep: 833.3333129882812
current_timestep: 625.0
current_timestep: 1000.0
current_timestep: 937.5
current_timestep: 833.3333129882812
current_timestep: 625.0
current_timestep: 1000.0
current_timestep: 937.5
current_timestep: 833.3333129882812
current_timestep: 625.0
current_timestep: 1000.0
current_timestep: 937.5
current_timestep: 833.3333129882812
current_timestep: 625.0
current_timestep: 1000.0
current_timestep: 937.5
current_timestep: 833.3333129882812
current_timestep: 625.0
current_timestep: 1000.0
current_timestep: 937.5
current_timestep: 833.3333129882812
current_timestep: 625.0
current_timestep: 1000.0
current_timestep: 937.5
current_timestep: 833.3333129882812
current_timestep: 625.0
current_timestep: 1000.0
current_timestep: 937.5
current_timestep: 833.3333129882812
current_timestep: 625.0
current_timestep: 1000.0
current_timestep: 937.5
current_timestep: 833.3333129882812
current_timestep: 625.0
current_timestep: 1000.0
current_timestep: 937.5
current_timestep: 833.3333129882812
current_timestep: 625.0
current_timestep: 1000.0
current_timestep: 937.5
current_timestep: 833.3333129882812
current_timestep: 625.0
Moving DynamicSwap_WanTextEncoder to cuda:0 with preserved memory: 24.55411195755005 GB
current_timestep: 1000.0
current_timestep: 937.5
current_timestep: 833.3333129882812
current_timestep: 625.0
current_timestep: 1000.0
current_timestep: 937.5
current_timestep: 833.3333129882812
current_timestep: 625.0
current_timestep: 1000.0
current_timestep: 937.5
current_timestep: 833.3333129882812
current_timestep: 625.0
current_timestep: 1000.0
current_timestep: 937.5
current_timestep: 833.3333129882812
current_timestep: 625.0
current_timestep: 1000.0
current_timestep: 937.5
current_timestep: 833.3333129882812
current_timestep: 625.0
current_timestep: 1000.0
current_timestep: 937.5
current_timestep: 833.3333129882812
current_timestep: 625.0
current_timestep: 1000.0
current_timestep: 937.5
current_timestep: 833.3333129882812
current_timestep: 625.0
current_timestep: 1000.0
current_timestep: 937.5
current_timestep: 833.3333129882812
current_timestep: 625.0
current_timestep: 1000.0
current_timestep: 937.5
current_timestep: 833.3333129882812
current_timestep: 625.0
current_timestep: 1000.0
current_timestep: 937.5
current_timestep: 833.3333129882812
current_timestep: 625.0
current_timestep: 1000.0
current_timestep: 937.5
current_timestep: 833.3333129882812
current_timestep: 625.0
current_timestep: 1000.0
current_timestep: 937.5
current_timestep: 833.3333129882812
current_timestep: 625.0
current_timestep: 1000.0
current_timestep: 937.5
current_timestep: 833.3333129882812
current_timestep: 625.0
current_timestep: 1000.0
current_timestep: 937.5
current_timestep: 833.3333129882812
current_timestep: 625.0
Moving DynamicSwap_WanTextEncoder to cuda:0 with preserved memory: 24.55411195755005 GB
current_timestep: 1000.0
current_timestep: 937.5
current_timestep: 833.3333129882812
current_timestep: 625.0
current_timestep: 1000.0
current_timestep: 937.5
current_timestep: 833.3333129882812
current_timestep: 625.0
current_timestep: 1000.0
current_timestep: 937.5
current_timestep: 833.3333129882812
current_timestep: 625.0
current_timestep: 1000.0
current_timestep: 937.5
current_timestep: 833.3333129882812
current_timestep: 625.0
current_timestep: 1000.0
current_timestep: 937.5
current_timestep: 833.3333129882812
current_timestep: 625.0
current_timestep: 1000.0
current_timestep: 937.5
current_timestep: 833.3333129882812
current_timestep: 625.0
current_timestep: 1000.0
current_timestep: 937.5
current_timestep: 833.3333129882812
current_timestep: 625.0
current_timestep: 1000.0
current_timestep: 937.5
current_timestep: 833.3333129882812
current_timestep: 625.0
current_timestep: 1000.0
current_timestep: 937.5
current_timestep: 833.3333129882812
current_timestep: 625.0
current_timestep: 1000.0
current_timestep: 937.5
current_timestep: 833.3333129882812
current_timestep: 625.0
current_timestep: 1000.0
current_timestep: 937.5
current_timestep: 833.3333129882812
current_timestep: 625.0
current_timestep: 1000.0
current_timestep: 937.5
current_timestep: 833.3333129882812
current_timestep: 625.0
current_timestep: 1000.0
current_timestep: 937.5
current_timestep: 833.3333129882812
current_timestep: 625.0
current_timestep: 1000.0
current_timestep: 937.5
current_timestep: 833.3333129882812
current_timestep: 625.0
Moving DynamicSwap_WanTextEncoder to cuda:0 with preserved memory: 24.55411195755005 GB
current_timestep: 1000.0
current_timestep: 937.5
current_timestep: 833.3333129882812
current_timestep: 625.0
current_timestep: 1000.0
current_timestep: 937.5
current_timestep: 833.3333129882812
current_timestep: 625.0
current_timestep: 1000.0
current_timestep: 937.5
current_timestep: 833.3333129882812
current_timestep: 625.0
current_timestep: 1000.0
current_timestep: 937.5
current_timestep: 833.3333129882812
current_timestep: 625.0
current_timestep: 1000.0
current_timestep: 937.5
current_timestep: 833.3333129882812
current_timestep: 625.0
current_timestep: 1000.0
current_timestep: 937.5
current_timestep: 833.3333129882812
current_timestep: 625.0
current_timestep: 1000.0
current_timestep: 937.5
current_timestep: 833.3333129882812
current_timestep: 625.0
current_timestep: 1000.0
current_timestep: 937.5
current_timestep: 833.3333129882812
current_timestep: 625.0
current_timestep: 1000.0
current_timestep: 937.5
current_timestep: 833.3333129882812
current_timestep: 625.0
current_timestep: 1000.0
current_timestep: 937.5
current_timestep: 833.3333129882812
current_timestep: 625.0
current_timestep: 1000.0
current_timestep: 937.5
current_timestep: 833.3333129882812
current_timestep: 625.0
current_timestep: 1000.0
current_timestep: 937.5
current_timestep: 833.3333129882812
current_timestep: 625.0
current_timestep: 1000.0
current_timestep: 937.5
current_timestep: 833.3333129882812
current_timestep: 625.0
current_timestep: 1000.0
current_timestep: 937.5
current_timestep: 833.3333129882812
current_timestep: 625.0
Moving DynamicSwap_WanTextEncoder to cuda:0 with preserved memory: 24.55411195755005 GB
current_timestep: 1000.0
current_timestep: 937.5
current_timestep: 833.3333129882812
current_timestep: 625.0
current_timestep: 1000.0
current_timestep: 937.5
current_timestep: 833.3333129882812
current_timestep: 625.0
current_timestep: 1000.0
current_timestep: 937.5
current_timestep: 833.3333129882812
current_timestep: 625.0
current_timestep: 1000.0
current_timestep: 937.5
current_timestep: 833.3333129882812
current_timestep: 625.0
current_timestep: 1000.0
current_timestep: 937.5
current_timestep: 833.3333129882812
current_timestep: 625.0
current_timestep: 1000.0
current_timestep: 937.5
current_timestep: 833.3333129882812
current_timestep: 625.0
current_timestep: 1000.0
current_timestep: 937.5
current_timestep: 833.3333129882812
current_timestep: 625.0
current_timestep: 1000.0
current_timestep: 937.5
current_timestep: 833.3333129882812
current_timestep: 625.0
current_timestep: 1000.0
current_timestep: 937.5
current_timestep: 833.3333129882812
current_timestep: 625.0
current_timestep: 1000.0
current_timestep: 937.5
current_timestep: 833.3333129882812
current_timestep: 625.0
current_timestep: 1000.0
current_timestep: 937.5
current_timestep: 833.3333129882812
current_timestep: 625.0
current_timestep: 1000.0
current_timestep: 937.5
current_timestep: 833.3333129882812
current_timestep: 625.0
current_timestep: 1000.0
current_timestep: 937.5
current_timestep: 833.3333129882812
current_timestep: 625.0
current_timestep: 1000.0
current_timestep: 937.5
current_timestep: 833.3333129882812
current_timestep: 625.0
Moving DynamicSwap_WanTextEncoder to cuda:0 with preserved memory: 24.55411195755005 GB
current_timestep: 1000.0
current_timestep: 937.5
current_timestep: 833.3333129882812
current_timestep: 625.0
current_timestep: 1000.0
current_timestep: 937.5
current_timestep: 833.3333129882812
current_timestep: 625.0
current_timestep: 1000.0
current_timestep: 937.5
current_timestep: 833.3333129882812
current_timestep: 625.0
current_timestep: 1000.0
current_timestep: 937.5
current_timestep: 833.3333129882812
current_timestep: 625.0
current_timestep: 1000.0
current_timestep: 937.5
current_timestep: 833.3333129882812
current_timestep: 625.0
current_timestep: 1000.0
current_timestep: 937.5
current_timestep: 833.3333129882812
current_timestep: 625.0
current_timestep: 1000.0
current_timestep: 937.5
current_timestep: 833.3333129882812
current_timestep: 625.0
current_timestep: 1000.0
current_timestep: 937.5
current_timestep: 833.3333129882812
current_timestep: 625.0
current_timestep: 1000.0
current_timestep: 937.5
current_timestep: 833.3333129882812
current_timestep: 625.0
current_timestep: 1000.0
current_timestep: 937.5
current_timestep: 833.3333129882812
current_timestep: 625.0
current_timestep: 1000.0
current_timestep: 937.5
current_timestep: 833.3333129882812
current_timestep: 625.0
current_timestep: 1000.0
current_timestep: 937.5
current_timestep: 833.3333129882812
current_timestep: 625.0
current_timestep: 1000.0
current_timestep: 937.5
current_timestep: 833.3333129882812
current_timestep: 625.0
current_timestep: 1000.0
current_timestep: 937.5
current_timestep: 833.3333129882812
current_timestep: 625.0
Moving DynamicSwap_WanTextEncoder to cuda:0 with preserved memory: 24.55411195755005 GB
current_timestep: 1000.0
current_timestep: 937.5
current_timestep: 833.3333129882812
current_timestep: 625.0
current_timestep: 1000.0
current_timestep: 937.5
current_timestep: 833.3333129882812
current_timestep: 625.0
current_timestep: 1000.0
current_timestep: 937.5
current_timestep: 833.3333129882812
current_timestep: 625.0
current_timestep: 1000.0
current_timestep: 937.5
current_timestep: 833.3333129882812
current_timestep: 625.0
current_timestep: 1000.0
current_timestep: 937.5
current_timestep: 833.3333129882812
current_timestep: 625.0
current_timestep: 1000.0
current_timestep: 937.5
current_timestep: 833.3333129882812
current_timestep: 625.0
current_timestep: 1000.0
current_timestep: 937.5
current_timestep: 833.3333129882812
current_timestep: 625.0
current_timestep: 1000.0
current_timestep: 937.5
current_timestep: 833.3333129882812
current_timestep: 625.0
current_timestep: 1000.0
current_timestep: 937.5
current_timestep: 833.3333129882812
current_timestep: 625.0
current_timestep: 1000.0
current_timestep: 937.5
current_timestep: 833.3333129882812
current_timestep: 625.0
current_timestep: 1000.0
current_timestep: 937.5
current_timestep: 833.3333129882812
current_timestep: 625.0
current_timestep: 1000.0
current_timestep: 937.5
current_timestep: 833.3333129882812
current_timestep: 625.0
current_timestep: 1000.0
current_timestep: 937.5
current_timestep: 833.3333129882812
current_timestep: 625.0
current_timestep: 1000.0
current_timestep: 937.5
current_timestep: 833.3333129882812
current_timestep: 625.0
Moving DynamicSwap_WanTextEncoder to cuda:0 with preserved memory: 24.55411195755005 GB
current_timestep: 1000.0
current_timestep: 937.5
current_timestep: 833.3333129882812
current_timestep: 625.0
current_timestep: 1000.0
current_timestep: 937.5
current_timestep: 833.3333129882812
current_timestep: 625.0
current_timestep: 1000.0
current_timestep: 937.5
current_timestep: 833.3333129882812
current_timestep: 625.0
current_timestep: 1000.0
current_timestep: 937.5
current_timestep: 833.3333129882812
current_timestep: 625.0
current_timestep: 1000.0
current_timestep: 937.5
current_timestep: 833.3333129882812
current_timestep: 625.0
current_timestep: 1000.0
current_timestep: 937.5
current_timestep: 833.3333129882812
current_timestep: 625.0
current_timestep: 1000.0
current_timestep: 937.5
current_timestep: 833.3333129882812
current_timestep: 625.0
current_timestep: 1000.0
current_timestep: 937.5
current_timestep: 833.3333129882812
current_timestep: 625.0
current_timestep: 1000.0
current_timestep: 937.5
current_timestep: 833.3333129882812
current_timestep: 625.0
current_timestep: 1000.0
current_timestep: 937.5
current_timestep: 833.3333129882812
current_timestep: 625.0
current_timestep: 1000.0
current_timestep: 937.5
current_timestep: 833.3333129882812
current_timestep: 625.0
current_timestep: 1000.0
current_timestep: 937.5
current_timestep: 833.3333129882812
current_timestep: 625.0
current_timestep: 1000.0
current_timestep: 937.5
current_timestep: 833.3333129882812
current_timestep: 625.0
current_timestep: 1000.0
current_timestep: 937.5
current_timestep: 833.3333129882812
current_timestep: 625.0
{
  "method": "FLOWCACHE_PROFILE",
  "num_prompts": 10,
  "num_samples": 1,
  "total_runtime_s": 685.377719541546,
  "avg_runtime_s_per_prompt": 68.53777195415459,
  "peak_vram_bytes": 20701900800,
  "quantize_time_s": 273.8694236469455,
  "dequantize_time_s": 0.09457670338451862,
  "bf16_kv_bytes": 12076646400,
  "compressed_kv_bytes": 12076646400,
  "compression_ratio": 1.0,
  "first_video_shape": [
    1,
    165,
    3,
    480,
    832
  ],
  "flowcache_profile_recent_ratio": 0.25,
  "flowcache_profile_num_layers": 30,
  "flowcache_profile_avg_old_delta": 0.03789029176026783,
  "flowcache_profile_layer_scores": {
    "0": 0.03999840838566296,
    "1": 0.03853113329985132,
    "2": 0.0385006760709556,
    "3": 0.037774014304376255,
    "4": 0.037714485092625274,
    "5": 0.03783177957704322,
    "6": 0.03848639274694783,
    "7": 0.03796952783461597,
    "8": 0.037464381952186,
    "9": 0.03850194435712676,
    "10": 0.037297084512331095,
    "11": 0.0378303807673155,
    "12": 0.03740586811645051,
    "13": 0.036978945525015815,
    "14": 0.036886760317759934,
    "15": 0.03735412487464215,
    "16": 0.03683403241969014,
    "17": 0.037136908432456935,
    "18": 0.03762872225887111,
    "19": 0.037563615486231015,
    "20": 0.03765887172876905,
    "21": 0.03786620344587807,
    "22": 0.03777402136159145,
    "23": 0.037756647973684436,
    "24": 0.03826721395827609,
    "25": 0.03798770763611389,
    "26": 0.037690750656302195,
    "27": 0.038703647382257476,
    "28": 0.03830638121063742,
    "29": 0.03900812112236932
  },
  "flowcache_profile_layer_scores_all_chunks": {
    "0": 0.05018520931355537,
    "1": 0.04090535907045243,
    "2": 0.03647007856482551,
    "3": 0.033780857673240086,
    "4": 0.033163946546495904,
    "5": 0.03280545049054282,
    "6": 0.0339912677804629,
    "7": 0.03341030009138206,
    "8": 0.032294446085062295,
    "9": 0.03272698708339816,
    "10": 0.032419890609880285,
    "11": 0.03271153287081018,
    "12": 0.03206570847107777,
    "13": 0.030996311471694047,
    "14": 0.030883666698658278,
    "15": 0.03183665629559093,
    "16": 0.031011278440909725,
    "17": 0.031457965511533,
    "18": 0.0316695608041944,
    "19": 0.033921245477384045,
    "20": 0.034649743681862244,
    "21": 0.035520618671462646,
    "22": 0.035612253290083676,
    "23": 0.03478225004058036,
    "24": 0.034225868561911205,
    "25": 0.033681025995976395,
    "26": 0.03344362636832964,
    "27": 0.03416443423761262,
    "28": 0.032847325192675705,
    "29": 0.03758263619149488
  }
}
/data/vaishak/combined-kv-quant/third_party/Self-Forcing/wan/modules/vae.py:634: FutureWarning: You are using `torch.load` with `weights_only=False` (the current default value), which uses the default pickle module implicitly. It is possible to construct malicious pickle data which will execute arbitrary code during unpickling (See https://github.com/pytorch/pytorch/blob/main/SECURITY.md#untrusted-models for more details). In a future release, the default value for `weights_only` will be flipped to `True`. This limits the functions that could be executed during unpickling. Arbitrary objects will no longer be allowed to be loaded via this mode unless they are explicitly allowlisted by the user via `torch.serialization.add_safe_globals`. We recommend you start setting `weights_only=True` for any use case where you don't have full control of the loaded file. Please open an issue on GitHub for any issues related to this experimental feature.
  torch.load(pretrained_path, map_location=device), assign=True)
/data/vaishak/combined-kv-quant/scripts/01_generate.py:408: FutureWarning: You are using `torch.load` with `weights_only=False` (the current default value), which uses the default pickle module implicitly. It is possible to construct malicious pickle data which will execute arbitrary code during unpickling (See https://github.com/pytorch/pytorch/blob/main/SECURITY.md#untrusted-models for more details). In a future release, the default value for `weights_only` will be flipped to `True`. This limits the functions that could be executed during unpickling. Arbitrary objects will no longer be allowed to be loaded via this mode unless they are explicitly allowlisted by the user via `torch.serialization.add_safe_globals`. We recommend you start setting `weights_only=True` for any use case where you don't have full control of the loaded file. Please open an issue on GitHub for any issues related to this experimental feature.
  state_dict = torch.load(str(checkpoint_path), map_location="cpu")
KV inference with 3 frames per block
Moving DynamicSwap_WanTextEncoder to cuda:0 with preserved memory: 25.303240299224854 GB
current_timestep: 1000.0
current_timestep: 937.5
current_timestep: 833.3333129882812
current_timestep: 625.0
current_timestep: 1000.0
current_timestep: 937.5
current_timestep: 833.3333129882812
current_timestep: 625.0
current_timestep: 1000.0
current_timestep: 937.5
current_timestep: 833.3333129882812
current_timestep: 625.0
current_timestep: 1000.0
current_timestep: 937.5
current_timestep: 833.3333129882812
current_timestep: 625.0
current_timestep: 1000.0
current_timestep: 937.5
current_timestep: 833.3333129882812
current_timestep: 625.0
current_timestep: 1000.0
current_timestep: 937.5
current_timestep: 833.3333129882812
current_timestep: 625.0
current_timestep: 1000.0
current_timestep: 937.5
current_timestep: 833.3333129882812
current_timestep: 625.0
current_timestep: 1000.0
current_timestep: 937.5
current_timestep: 833.3333129882812
current_timestep: 625.0
current_timestep: 1000.0
current_timestep: 937.5
current_timestep: 833.3333129882812
current_timestep: 625.0
current_timestep: 1000.0
current_timestep: 937.5
current_timestep: 833.3333129882812
current_timestep: 625.0
current_timestep: 1000.0
current_timestep: 937.5
current_timestep: 833.3333129882812
current_timestep: 625.0
current_timestep: 1000.0
current_timestep: 937.5
current_timestep: 833.3333129882812
current_timestep: 625.0
current_timestep: 1000.0
current_timestep: 937.5
current_timestep: 833.3333129882812
current_timestep: 625.0
current_timestep: 1000.0
current_timestep: 937.5
current_timestep: 833.3333129882812
current_timestep: 625.0
Moving DynamicSwap_WanTextEncoder to cuda:0 with preserved memory: 24.55411195755005 GB
current_timestep: 1000.0
current_timestep: 937.5
current_timestep: 833.3333129882812
current_timestep: 625.0
current_timestep: 1000.0
current_timestep: 937.5
current_timestep: 833.3333129882812
current_timestep: 625.0
current_timestep: 1000.0
current_timestep: 937.5
current_timestep: 833.3333129882812
current_timestep: 625.0
current_timestep: 1000.0
current_timestep: 937.5
current_timestep: 833.3333129882812
current_timestep: 625.0
current_timestep: 1000.0
current_timestep: 937.5
current_timestep: 833.3333129882812
current_timestep: 625.0
current_timestep: 1000.0
current_timestep: 937.5
current_timestep: 833.3333129882812
current_timestep: 625.0
current_timestep: 1000.0
current_timestep: 937.5
current_timestep: 833.3333129882812
current_timestep: 625.0
current_timestep: 1000.0
current_timestep: 937.5
current_timestep: 833.3333129882812
current_timestep: 625.0
current_timestep: 1000.0
current_timestep: 937.5
current_timestep: 833.3333129882812
current_timestep: 625.0
current_timestep: 1000.0
current_timestep: 937.5
current_timestep: 833.3333129882812
current_timestep: 625.0
current_timestep: 1000.0
current_timestep: 937.5
current_timestep: 833.3333129882812
current_timestep: 625.0
current_timestep: 1000.0
current_timestep: 937.5
current_timestep: 833.3333129882812
current_timestep: 625.0
current_timestep: 1000.0
current_timestep: 937.5
current_timestep: 833.3333129882812
current_timestep: 625.0
current_timestep: 1000.0
current_timestep: 937.5
current_timestep: 833.3333129882812
current_timestep: 625.0
Moving DynamicSwap_WanTextEncoder to cuda:0 with preserved memory: 24.55411195755005 GB
current_timestep: 1000.0
current_timestep: 937.5
current_timestep: 833.3333129882812
current_timestep: 625.0
current_timestep: 1000.0
current_timestep: 937.5
current_timestep: 833.3333129882812
current_timestep: 625.0
current_timestep: 1000.0
current_timestep: 937.5
current_timestep: 833.3333129882812
current_timestep: 625.0
current_timestep: 1000.0
current_timestep: 937.5
current_timestep: 833.3333129882812
current_timestep: 625.0
current_timestep: 1000.0
current_timestep: 937.5
current_timestep: 833.3333129882812
current_timestep: 625.0
current_timestep: 1000.0
current_timestep: 937.5
current_timestep: 833.3333129882812
current_timestep: 625.0
current_timestep: 1000.0
current_timestep: 937.5
current_timestep: 833.3333129882812
current_timestep: 625.0
current_timestep: 1000.0
current_timestep: 937.5
current_timestep: 833.3333129882812
current_timestep: 625.0
current_timestep: 1000.0
current_timestep: 937.5
current_timestep: 833.3333129882812
current_timestep: 625.0
current_timestep: 1000.0
current_timestep: 937.5
current_timestep: 833.3333129882812
current_timestep: 625.0
current_timestep: 1000.0
current_timestep: 937.5
current_timestep: 833.3333129882812
current_timestep: 625.0
current_timestep: 1000.0
current_timestep: 937.5
current_timestep: 833.3333129882812
current_timestep: 625.0
current_timestep: 1000.0
current_timestep: 937.5
current_timestep: 833.3333129882812
current_timestep: 625.0
current_timestep: 1000.0
current_timestep: 937.5
current_timestep: 833.3333129882812
current_timestep: 625.0
Moving DynamicSwap_WanTextEncoder to cuda:0 with preserved memory: 24.55411195755005 GB
current_timestep: 1000.0
current_timestep: 937.5
current_timestep: 833.3333129882812
current_timestep: 625.0
current_timestep: 1000.0
current_timestep: 937.5
current_timestep: 833.3333129882812
current_timestep: 625.0
current_timestep: 1000.0
current_timestep: 937.5
current_timestep: 833.3333129882812
current_timestep: 625.0
current_timestep: 1000.0
current_timestep: 937.5
current_timestep: 833.3333129882812
current_timestep: 625.0
current_timestep: 1000.0
current_timestep: 937.5
current_timestep: 833.3333129882812
current_timestep: 625.0
current_timestep: 1000.0
current_timestep: 937.5
current_timestep: 833.3333129882812
current_timestep: 625.0
current_timestep: 1000.0
current_timestep: 937.5
current_timestep: 833.3333129882812
current_timestep: 625.0
current_timestep: 1000.0
current_timestep: 937.5
current_timestep: 833.3333129882812
current_timestep: 625.0
current_timestep: 1000.0
current_timestep: 937.5
current_timestep: 833.3333129882812
current_timestep: 625.0
current_timestep: 1000.0
current_timestep: 937.5
current_timestep: 833.3333129882812
current_timestep: 625.0
current_timestep: 1000.0
current_timestep: 937.5
current_timestep: 833.3333129882812
current_timestep: 625.0
current_timestep: 1000.0
current_timestep: 937.5
current_timestep: 833.3333129882812
current_timestep: 625.0
current_timestep: 1000.0
current_timestep: 937.5
current_timestep: 833.3333129882812
current_timestep: 625.0
current_timestep: 1000.0
current_timestep: 937.5
current_timestep: 833.3333129882812
current_timestep: 625.0
Moving DynamicSwap_WanTextEncoder to cuda:0 with preserved memory: 24.55411195755005 GB
current_timestep: 1000.0
current_timestep: 937.5
current_timestep: 833.3333129882812
current_timestep: 625.0
current_timestep: 1000.0
current_timestep: 937.5
current_timestep: 833.3333129882812
current_timestep: 625.0
current_timestep: 1000.0
current_timestep: 937.5
current_timestep: 833.3333129882812
current_timestep: 625.0
current_timestep: 1000.0
current_timestep: 937.5
current_timestep: 833.3333129882812
current_timestep: 625.0
current_timestep: 1000.0
current_timestep: 937.5
current_timestep: 833.3333129882812
current_timestep: 625.0
current_timestep: 1000.0
current_timestep: 937.5
current_timestep: 833.3333129882812
current_timestep: 625.0
current_timestep: 1000.0
current_timestep: 937.5
current_timestep: 833.3333129882812
current_timestep: 625.0
current_timestep: 1000.0
current_timestep: 937.5
current_timestep: 833.3333129882812
current_timestep: 625.0
current_timestep: 1000.0
current_timestep: 937.5
current_timestep: 833.3333129882812
current_timestep: 625.0
current_timestep: 1000.0
current_timestep: 937.5
current_timestep: 833.3333129882812
current_timestep: 625.0
current_timestep: 1000.0
current_timestep: 937.5
current_timestep: 833.3333129882812
current_timestep: 625.0
current_timestep: 1000.0
current_timestep: 937.5
current_timestep: 833.3333129882812
current_timestep: 625.0
current_timestep: 1000.0
current_timestep: 937.5
current_timestep: 833.3333129882812
current_timestep: 625.0
current_timestep: 1000.0
current_timestep: 937.5
current_timestep: 833.3333129882812
current_timestep: 625.0
Moving DynamicSwap_WanTextEncoder to cuda:0 with preserved memory: 24.55411195755005 GB
current_timestep: 1000.0
current_timestep: 937.5
current_timestep: 833.3333129882812
current_timestep: 625.0
current_timestep: 1000.0
current_timestep: 937.5
current_timestep: 833.3333129882812
current_timestep: 625.0
current_timestep: 1000.0
current_timestep: 937.5
current_timestep: 833.3333129882812
current_timestep: 625.0
current_timestep: 1000.0
current_timestep: 937.5
current_timestep: 833.3333129882812
current_timestep: 625.0
current_timestep: 1000.0
current_timestep: 937.5
current_timestep: 833.3333129882812
current_timestep: 625.0
current_timestep: 1000.0
current_timestep: 937.5
current_timestep: 833.3333129882812
current_timestep: 625.0
current_timestep: 1000.0
current_timestep: 937.5
current_timestep: 833.3333129882812
current_timestep: 625.0
current_timestep: 1000.0
current_timestep: 937.5
current_timestep: 833.3333129882812
current_timestep: 625.0
current_timestep: 1000.0
current_timestep: 937.5
current_timestep: 833.3333129882812
current_timestep: 625.0
current_timestep: 1000.0
current_timestep: 937.5
current_timestep: 833.3333129882812
current_timestep: 625.0
current_timestep: 1000.0
current_timestep: 937.5
current_timestep: 833.3333129882812
current_timestep: 625.0
current_timestep: 1000.0
current_timestep: 937.5
current_timestep: 833.3333129882812
current_timestep: 625.0
current_timestep: 1000.0
current_timestep: 937.5
current_timestep: 833.3333129882812
current_timestep: 625.0
current_timestep: 1000.0
current_timestep: 937.5
current_timestep: 833.3333129882812
current_timestep: 625.0
Moving DynamicSwap_WanTextEncoder to cuda:0 with preserved memory: 24.55411195755005 GB
current_timestep: 1000.0
current_timestep: 937.5
current_timestep: 833.3333129882812
current_timestep: 625.0
current_timestep: 1000.0
current_timestep: 937.5
current_timestep: 833.3333129882812
current_timestep: 625.0
current_timestep: 1000.0
current_timestep: 937.5
current_timestep: 833.3333129882812
current_timestep: 625.0
current_timestep: 1000.0
current_timestep: 937.5
current_timestep: 833.3333129882812
current_timestep: 625.0
current_timestep: 1000.0
current_timestep: 937.5
current_timestep: 833.3333129882812
current_timestep: 625.0
current_timestep: 1000.0
current_timestep: 937.5
current_timestep: 833.3333129882812
current_timestep: 625.0
current_timestep: 1000.0
current_timestep: 937.5
current_timestep: 833.3333129882812
current_timestep: 625.0
current_timestep: 1000.0
current_timestep: 937.5
current_timestep: 833.3333129882812
current_timestep: 625.0
current_timestep: 1000.0
current_timestep: 937.5
current_timestep: 833.3333129882812
current_timestep: 625.0
current_timestep: 1000.0
current_timestep: 937.5
current_timestep: 833.3333129882812
current_timestep: 625.0
current_timestep: 1000.0
current_timestep: 937.5
current_timestep: 833.3333129882812
current_timestep: 625.0
current_timestep: 1000.0
current_timestep: 937.5
current_timestep: 833.3333129882812
current_timestep: 625.0
current_timestep: 1000.0
current_timestep: 937.5
current_timestep: 833.3333129882812
current_timestep: 625.0
current_timestep: 1000.0
current_timestep: 937.5
current_timestep: 833.3333129882812
current_timestep: 625.0
Moving DynamicSwap_WanTextEncoder to cuda:0 with preserved memory: 24.55411195755005 GB
current_timestep: 1000.0
current_timestep: 937.5
current_timestep: 833.3333129882812
current_timestep: 625.0
current_timestep: 1000.0
current_timestep: 937.5
current_timestep: 833.3333129882812
current_timestep: 625.0
current_timestep: 1000.0
current_timestep: 937.5
current_timestep: 833.3333129882812
current_timestep: 625.0
current_timestep: 1000.0
current_timestep: 937.5
current_timestep: 833.3333129882812
current_timestep: 625.0
current_timestep: 1000.0
current_timestep: 937.5
current_timestep: 833.3333129882812
current_timestep: 625.0
current_timestep: 1000.0
current_timestep: 937.5
current_timestep: 833.3333129882812
current_timestep: 625.0
current_timestep: 1000.0
current_timestep: 937.5
current_timestep: 833.3333129882812
current_timestep: 625.0
current_timestep: 1000.0
current_timestep: 937.5
current_timestep: 833.3333129882812
current_timestep: 625.0
current_timestep: 1000.0
current_timestep: 937.5
current_timestep: 833.3333129882812
current_timestep: 625.0
current_timestep: 1000.0
current_timestep: 937.5
current_timestep: 833.3333129882812
current_timestep: 625.0
current_timestep: 1000.0
current_timestep: 937.5
current_timestep: 833.3333129882812
current_timestep: 625.0
current_timestep: 1000.0
current_timestep: 937.5
current_timestep: 833.3333129882812
current_timestep: 625.0
current_timestep: 1000.0
current_timestep: 937.5
current_timestep: 833.3333129882812
current_timestep: 625.0
current_timestep: 1000.0
current_timestep: 937.5
current_timestep: 833.3333129882812
current_timestep: 625.0
Moving DynamicSwap_WanTextEncoder to cuda:0 with preserved memory: 24.55411195755005 GB
current_timestep: 1000.0
current_timestep: 937.5
current_timestep: 833.3333129882812
current_timestep: 625.0
current_timestep: 1000.0
current_timestep: 937.5
current_timestep: 833.3333129882812
current_timestep: 625.0
current_timestep: 1000.0
current_timestep: 937.5
current_timestep: 833.3333129882812
current_timestep: 625.0
current_timestep: 1000.0
current_timestep: 937.5
current_timestep: 833.3333129882812
current_timestep: 625.0
current_timestep: 1000.0
current_timestep: 937.5
current_timestep: 833.3333129882812
current_timestep: 625.0
current_timestep: 1000.0
current_timestep: 937.5
current_timestep: 833.3333129882812
current_timestep: 625.0
current_timestep: 1000.0
current_timestep: 937.5
current_timestep: 833.3333129882812
current_timestep: 625.0
current_timestep: 1000.0
current_timestep: 937.5
current_timestep: 833.3333129882812
current_timestep: 625.0
current_timestep: 1000.0
current_timestep: 937.5
current_timestep: 833.3333129882812
current_timestep: 625.0
current_timestep: 1000.0
current_timestep: 937.5
current_timestep: 833.3333129882812
current_timestep: 625.0
current_timestep: 1000.0
current_timestep: 937.5
current_timestep: 833.3333129882812
current_timestep: 625.0
current_timestep: 1000.0
current_timestep: 937.5
current_timestep: 833.3333129882812
current_timestep: 625.0
current_timestep: 1000.0
current_timestep: 937.5
current_timestep: 833.3333129882812
current_timestep: 625.0
current_timestep: 1000.0
current_timestep: 937.5
current_timestep: 833.3333129882812
current_timestep: 625.0
Moving DynamicSwap_WanTextEncoder to cuda:0 with preserved memory: 24.55411195755005 GB
current_timestep: 1000.0
current_timestep: 937.5
current_timestep: 833.3333129882812
current_timestep: 625.0
current_timestep: 1000.0
current_timestep: 937.5
current_timestep: 833.3333129882812
current_timestep: 625.0
current_timestep: 1000.0
current_timestep: 937.5
current_timestep: 833.3333129882812
current_timestep: 625.0
current_timestep: 1000.0
current_timestep: 937.5
current_timestep: 833.3333129882812
current_timestep: 625.0
current_timestep: 1000.0
current_timestep: 937.5
current_timestep: 833.3333129882812
current_timestep: 625.0
current_timestep: 1000.0
current_timestep: 937.5
current_timestep: 833.3333129882812
current_timestep: 625.0
current_timestep: 1000.0
current_timestep: 937.5
current_timestep: 833.3333129882812
current_timestep: 625.0
current_timestep: 1000.0
current_timestep: 937.5
current_timestep: 833.3333129882812
current_timestep: 625.0
current_timestep: 1000.0
current_timestep: 937.5
current_timestep: 833.3333129882812
current_timestep: 625.0
current_timestep: 1000.0
current_timestep: 937.5
current_timestep: 833.3333129882812
current_timestep: 625.0
current_timestep: 1000.0
current_timestep: 937.5
current_timestep: 833.3333129882812
current_timestep: 625.0
current_timestep: 1000.0
current_timestep: 937.5
current_timestep: 833.3333129882812
current_timestep: 625.0
current_timestep: 1000.0
current_timestep: 937.5
current_timestep: 833.3333129882812
current_timestep: 625.0
current_timestep: 1000.0
current_timestep: 937.5
current_timestep: 833.3333129882812
current_timestep: 625.0
{
  "method": "FLOWCACHE_NATIVE_SOFT_PRUNE_INT4",
  "num_prompts": 10,
  "num_samples": 1,
  "total_runtime_s": 636.1371441935189,
  "avg_runtime_s_per_prompt": 63.61371441935189,
  "peak_vram_bytes": 12604353536,
  "quantize_time_s": 84.43442093906924,
  "dequantize_time_s": 12.335590702015907,
  "bf16_kv_bytes": 12076646400,
  "compressed_kv_bytes": 2199792800,
  "compression_ratio": 5.4899017762036495,
  "first_video_shape": [
    1,
    165,
    3,
    480,
    832
  ],
  "flowcache_soft_prune_events": 16800.0,
  "flowcache_soft_prune_avg_recent_ratio": 0.232466087704169,
  "flowcache_soft_prune_avg_important_ratio": 0.09818882836739769,
  "flowcache_soft_prune_avg_retained_ratio": 0.2823477933001805,
  "flowcache_soft_prune_avg_pruned_ratio": 0.38699729062822896,
  "flowcache_soft_prune_avg_layer_budget": 0.9002782258371296,
  "flowcache_soft_prune_avg_delta": 0.49468583379473,
  "flowcache_soft_prune_refresh_rate": 0.25,
  "flowcache_soft_prune_config_chunk_recent_ratio": 0.25,
  "flowcache_soft_prune_config_important_old_ratio": 0.1,
  "flowcache_soft_prune_config_retained_old_ratio": 0.45,
  "flowcache_soft_prune_refresh_gap_chunks": 1.0,
  "flowcache_soft_prune_recent_bits": 4.0,
  "flowcache_soft_prune_old_bits": 4.0,
  "flowcache_soft_prune_importance_alpha": 0.7,
  "flowcache_soft_prune_importance_beta": 0.3,
  "flowcache_soft_prune_summary_tokens_per_chunk": 1.0,
  "flowcache_native_total_blocks": 140.0,
  "flowcache_native_total_steps": 560.0,
  "flowcache_native_reuse_steps": 140.0,
  "flowcache_native_compute_steps": 420.0,
  "flowcache_native_reuse_ratio": 0.25,
  "flowcache_native_avg_rel_l1": 1.2362051985093525,
  "flowcache_native_rel_l1_thresh": 1.5
}
/home/suraj/miniforge3/envs/qvg_sf_infer/lib/python3.10/site-packages/torchvision/models/_utils.py:208: UserWarning: The parameter 'pretrained' is deprecated since 0.13 and may be removed in the future, please use 'weights' instead.
  warnings.warn(
/home/suraj/miniforge3/envs/qvg_sf_infer/lib/python3.10/site-packages/torchvision/models/_utils.py:223: UserWarning: Arguments other than a weight enum or `None` for 'weights' are deprecated since 0.13 and may be removed in the future. The current behavior is equivalent to passing `weights=AlexNet_Weights.IMAGENET1K_V1`. You can also use `weights=AlexNet_Weights.DEFAULT` to get the most up-to-date weights.
  warnings.warn(msg)
/home/suraj/miniforge3/envs/qvg_sf_infer/lib/python3.10/site-packages/lpips/lpips.py:107: FutureWarning: You are using `torch.load` with `weights_only=False` (the current default value), which uses the default pickle module implicitly. It is possible to construct malicious pickle data which will execute arbitrary code during unpickling (See https://github.com/pytorch/pytorch/blob/main/SECURITY.md#untrusted-models for more details). In a future release, the default value for `weights_only` will be flipped to `True`. This limits the functions that could be executed during unpickling. Arbitrary objects will no longer be allowed to be loaded via this mode unless they are explicitly allowlisted by the user via `torch.serialization.add_safe_globals`. We recommend you start setting `weights_only=True` for any use case where you don't have full control of the loaded file. Please open an issue on GitHub for any issues related to this experimental feature.
  self.load_state_dict(torch.load(model_path, map_location='cpu'), strict=False)
Setting up [LPIPS] perceptual loss: trunk [alex], v[0.1], spatial [off]
Loading model from: /home/suraj/miniforge3/envs/qvg_sf_infer/lib/python3.10/site-packages/lpips/weights/v0.1/alex.pth
{
  "num_videos": 10,
  "psnr": 13.257130719038088,
  "ssim": 0.4108099621142231,
  "lpips": 0.4754691463708878
}
prompt_map_size=10
[W310 03:29:47.027214108 CUDAAllocatorConfig.h:28] Warning: expandable_segments not supported on this platform (function operator())
[rank0]:[W310 03:29:47.250695687 ProcessGroupNCCL.cpp:4115] [PG ID 0 PG GUID 0 Rank 0]  using GPU 0 to perform barrier as devices used by this process are currently unknown. This can potentially cause a hang if this rank to GPU mapping is incorrect.Specify device_ids in barrier() to force use of a particular device,or call init_process_group() with a device_id.
/home/suraj/miniforge3/envs/qvg_sf_eval/lib/python3.10/site-packages/clip/clip.py:6: UserWarning: pkg_resources is deprecated as an API. See https://setuptools.pypa.io/en/latest/pkg_resources.html. The pkg_resources package is slated for removal as early as 2025-11-30. Refrain from using this package or pin to Setuptools<81.
  from pkg_resources import packaging
args: Namespace(output_path='/data/vaishak/combined-kv-quant/results/runs/backfill_flowcache_native_soft_prune_int4_56d7f051182b_10s/metrics/vbench_FLOWCACHE_NATIVE_SOFT_PRUNE_INT4', full_json_dir='/data/vaishak/combined-kv-quant/third_party/VBench/vbench/VBench_full_info.json', videos_path='/data/vaishak/combined-kv-quant/results/runs/backfill_flowcache_native_soft_prune_int4_56d7f051182b_10s/videos/FLOWCACHE_NATIVE_SOFT_PRUNE_INT4', dimension=['background_consistency', 'imaging_quality', 'subject_consistency', 'aesthetic_quality'], load_ckpt_from_local=None, read_frame=None, mode='custom_input', prompt='None', prompt_file='/data/vaishak/combined-kv-quant/results/runs/backfill_flowcache_native_soft_prune_int4_56d7f051182b_10s/metrics/vbench_FLOWCACHE_NATIVE_SOFT_PRUNE_INT4/prompt_map.json', category=None, imaging_quality_preprocessing_mode='longer')
start evaluation
Evaluation meta data saved to /data/vaishak/combined-kv-quant/results/runs/backfill_flowcache_native_soft_prune_int4_56d7f051182b_10s/metrics/vbench_FLOWCACHE_NATIVE_SOFT_PRUNE_INT4/results_2026-03-10-03:29:47_full_info.json
cur_full_info_path: /data/vaishak/combined-kv-quant/results/runs/backfill_flowcache_native_soft_prune_int4_56d7f051182b_10s/metrics/vbench_FLOWCACHE_NATIVE_SOFT_PRUNE_INT4/results_2026-03-10-03:29:47_full_info.json
  0%|          | 0/10 [00:00<?, ?it/s] 10%|█         | 1/10 [00:00<00:06,  1.42it/s] 20%|██        | 2/10 [00:01<00:05,  1.51it/s] 30%|███       | 3/10 [00:01<00:04,  1.56it/s] 40%|████      | 4/10 [00:02<00:03,  1.55it/s] 50%|█████     | 5/10 [00:03<00:03,  1.55it/s] 60%|██████    | 6/10 [00:03<00:02,  1.56it/s] 70%|███████   | 7/10 [00:04<00:01,  1.55it/s] 80%|████████  | 8/10 [00:05<00:01,  1.56it/s] 90%|█████████ | 9/10 [00:05<00:00,  1.58it/s]100%|██████████| 10/10 [00:06<00:00,  1.58it/s]100%|██████████| 10/10 [00:06<00:00,  1.56it/s]
/home/suraj/miniforge3/envs/qvg_sf_eval/lib/python3.10/site-packages/timm/models/layers/__init__.py:48: FutureWarning: Importing from timm.models.layers is deprecated, please import via timm.layers
  warnings.warn(f"Importing from {__name__} is deprecated, please import via timm.layers", FutureWarning)
/home/suraj/miniforge3/envs/qvg_sf_eval/lib/python3.10/site-packages/pyiqa/archs/arch_util.py:118: FutureWarning: You are using `torch.load` with `weights_only=False` (the current default value), which uses the default pickle module implicitly. It is possible to construct malicious pickle data which will execute arbitrary code during unpickling (See https://github.com/pytorch/pytorch/blob/main/SECURITY.md#untrusted-models for more details). In a future release, the default value for `weights_only` will be flipped to `True`. This limits the functions that could be executed during unpickling. Arbitrary objects will no longer be allowed to be loaded via this mode unless they are explicitly allowlisted by the user via `torch.serialization.add_safe_globals`. We recommend you start setting `weights_only=True` for any use case where you don't have full control of the loaded file. Please open an issue on GitHub for any issues related to this experimental feature.
  state_dict = torch.load(model_path, map_location=torch.device("cpu"))
cur_full_info_path: /data/vaishak/combined-kv-quant/results/runs/backfill_flowcache_native_soft_prune_int4_56d7f051182b_10s/metrics/vbench_FLOWCACHE_NATIVE_SOFT_PRUNE_INT4/results_2026-03-10-03:29:47_full_info.json
Loading pretrained model MUSIQ from /home/vaishak/.cache/vbench/pyiqa_model/musiq_spaq_ckpt-358bb6af.pth
  0%|          | 0/10 [00:00<?, ?it/s] 10%|█         | 1/10 [00:02<00:25,  2.83s/it] 20%|██        | 2/10 [00:05<00:21,  2.74s/it] 30%|███       | 3/10 [00:08<00:19,  2.72s/it] 40%|████      | 4/10 [00:10<00:16,  2.70s/it] 50%|█████     | 5/10 [00:13<00:13,  2.69s/it] 60%|██████    | 6/10 [00:16<00:10,  2.67s/it] 70%|███████   | 7/10 [00:18<00:08,  2.67s/it] 80%|████████  | 8/10 [00:21<00:05,  2.67s/it] 90%|█████████ | 9/10 [00:24<00:02,  2.66s/it]100%|██████████| 10/10 [00:26<00:00,  2.67s/it]100%|██████████| 10/10 [00:26<00:00,  2.68s/it]
Using cache found in /home/vaishak/.cache/torch/hub/facebookresearch_dino_main
2026-03-10 03:30:27,151 - vbench.subject_consistency - INFO - Initialize DINO success
cur_full_info_path: /data/vaishak/combined-kv-quant/results/runs/backfill_flowcache_native_soft_prune_int4_56d7f051182b_10s/metrics/vbench_FLOWCACHE_NATIVE_SOFT_PRUNE_INT4/results_2026-03-10-03:29:47_full_info.json
  0%|          | 0/10 [00:00<?, ?it/s] 10%|█         | 1/10 [00:02<00:18,  2.01s/it] 20%|██        | 2/10 [00:04<00:16,  2.01s/it] 30%|███       | 3/10 [00:06<00:14,  2.01s/it] 40%|████      | 4/10 [00:08<00:12,  2.01s/it] 50%|█████     | 5/10 [00:10<00:10,  2.03s/it] 60%|██████    | 6/10 [00:12<00:08,  2.03s/it] 70%|███████   | 7/10 [00:14<00:06,  2.04s/it] 80%|████████  | 8/10 [00:16<00:04,  2.04s/it] 90%|█████████ | 9/10 [00:18<00:02,  2.04s/it]100%|██████████| 10/10 [00:20<00:00,  2.05s/it]100%|██████████| 10/10 [00:20<00:00,  2.04s/it]
/data/vaishak/kv-quant-longhorizon/third_party/VBench/vbench/aesthetic_quality.py:41: FutureWarning: You are using `torch.load` with `weights_only=False` (the current default value), which uses the default pickle module implicitly. It is possible to construct malicious pickle data which will execute arbitrary code during unpickling (See https://github.com/pytorch/pytorch/blob/main/SECURITY.md#untrusted-models for more details). In a future release, the default value for `weights_only` will be flipped to `True`. This limits the functions that could be executed during unpickling. Arbitrary objects will no longer be allowed to be loaded via this mode unless they are explicitly allowlisted by the user via `torch.serialization.add_safe_globals`. We recommend you start setting `weights_only=True` for any use case where you don't have full control of the loaded file. Please open an issue on GitHub for any issues related to this experimental feature.
  s = torch.load(path_to_model)
cur_full_info_path: /data/vaishak/combined-kv-quant/results/runs/backfill_flowcache_native_soft_prune_int4_56d7f051182b_10s/metrics/vbench_FLOWCACHE_NATIVE_SOFT_PRUNE_INT4/results_2026-03-10-03:29:47_full_info.json
  0%|          | 0/10 [00:00<?, ?it/s] 10%|█         | 1/10 [00:00<00:08,  1.05it/s] 20%|██        | 2/10 [00:01<00:07,  1.02it/s] 30%|███       | 3/10 [00:02<00:06,  1.02it/s] 40%|████      | 4/10 [00:03<00:05,  1.01it/s] 50%|█████     | 5/10 [00:04<00:04,  1.01it/s] 60%|██████    | 6/10 [00:05<00:03,  1.00it/s] 70%|███████   | 7/10 [00:06<00:03,  1.01s/it] 80%|████████  | 8/10 [00:08<00:02,  1.02s/it] 90%|█████████ | 9/10 [00:09<00:01,  1.01s/it]100%|██████████| 10/10 [00:10<00:00,  1.02s/it]100%|██████████| 10/10 [00:10<00:00,  1.01s/it]
Evaluation results saved to /data/vaishak/combined-kv-quant/results/runs/backfill_flowcache_native_soft_prune_int4_56d7f051182b_10s/metrics/vbench_FLOWCACHE_NATIVE_SOFT_PRUNE_INT4/results_2026-03-10-03:29:47_eval_results.json
done
[rank0]:[W310 03:31:05.994296425 ProcessGroupNCCL.cpp:1250] Warning: WARNING: process group has NOT been destroyed before we destruct ProcessGroupNCCL. On normal program exit, the application should call destroy_process_group to ensure that any pending NCCL operations have finished in this process. In rare cases this process can exit before this point and block the progress of another member of the process group. This constraint has always been present,  but this warning has only been added since PyTorch 2.4 (function operator())
Saved /data/vaishak/combined-kv-quant/results/runs/backfill_flowcache_native_soft_prune_int4_56d7f051182b_10s/metrics/vbench_FLOWCACHE_NATIVE_SOFT_PRUNE_INT4.json
Wrote /data/vaishak/combined-kv-quant/results/runs/backfill_flowcache_native_soft_prune_int4_56d7f051182b_10s/tables/baseline_summary.csv
Wrote /data/vaishak/combined-kv-quant/results/runs/backfill_flowcache_native_soft_prune_int4_56d7f051182b_10s/tables/baseline_summary.md
$ /home/suraj/miniforge3/envs/qvg_sf_infer/bin/python /data/vaishak/combined-kv-quant/scripts/01_generate.py --results-root /data/vaishak/combined-kv-quant/results/runs/backfill_flowcache_native_soft_prune_int4_56d7f051182b_10s/profile_pass --method FLOWCACHE_PROFILE --max-prompts 10 --num-output-frames 42 --seed 0 --flowcache-recent-ratio 0.25 --device cuda:0 --use-ema --device cuda:0 --use-ema --flowcache-recent-ratio 0.25 --flowcache-recent-bits 4 --flowcache-recent-method RTN --flowcache-old-method RTN --flowcache-min-layer-budget-scale 0.7 --flowcache-max-layer-budget-scale 1.3 --flowcache-important-old-ratio 0.1 --flowcache-importance-alpha 0.7 --flowcache-importance-beta 0.3 --flowcache-prune-retained-old-ratio 0.45 --flowcache-prune-refresh-gap-chunks 1 --flowcache-native-rel-l1-thresh 1.5 --flowcache-native-warmup-steps 0
$ /home/suraj/miniforge3/envs/qvg_sf_infer/bin/python /data/vaishak/combined-kv-quant/scripts/01_generate.py --results-root /data/vaishak/combined-kv-quant/results/runs/backfill_flowcache_native_soft_prune_int4_56d7f051182b_10s --method FLOWCACHE_NATIVE_SOFT_PRUNE_INT4 --max-prompts 10 --num-output-frames 42 --seed 0 --device cuda:0 --use-ema --flowcache-recent-ratio 0.25 --flowcache-recent-bits 4 --flowcache-recent-method RTN --flowcache-old-method RTN --flowcache-min-layer-budget-scale 0.7 --flowcache-max-layer-budget-scale 1.3 --flowcache-important-old-ratio 0.1 --flowcache-importance-alpha 0.7 --flowcache-importance-beta 0.3 --flowcache-prune-retained-old-ratio 0.45 --flowcache-prune-refresh-gap-chunks 1 --flowcache-native-rel-l1-thresh 1.5 --flowcache-native-warmup-steps 0 --flowcache-layer-budget-path /data/vaishak/combined-kv-quant/results/runs/backfill_flowcache_native_soft_prune_int4_56d7f051182b_10s/metrics/flowcache_profile_layer_budget.json
$ /home/suraj/miniforge3/envs/qvg_sf_infer/bin/python /data/vaishak/combined-kv-quant/scripts/02_eval_fidelity.py --bf16-dir /data/vaishak/kv-quant-longhorizon/results/runs/1772751420_baseline10s_10prompts_v3/videos/BF16 --candidate-dir /data/vaishak/combined-kv-quant/results/runs/backfill_flowcache_native_soft_prune_int4_56d7f051182b_10s/videos/FLOWCACHE_NATIVE_SOFT_PRUNE_INT4 --output /data/vaishak/combined-kv-quant/results/runs/backfill_flowcache_native_soft_prune_int4_56d7f051182b_10s/metrics/fidelity_FLOWCACHE_NATIVE_SOFT_PRUNE_INT4.json --device cpu
$ bash /data/vaishak/combined-kv-quant/scripts/03_eval_vbench.sh FLOWCACHE_NATIVE_SOFT_PRUNE_INT4 /data/vaishak/combined-kv-quant/results/runs/backfill_flowcache_native_soft_prune_int4_56d7f051182b_10s/videos/FLOWCACHE_NATIVE_SOFT_PRUNE_INT4 /data/vaishak/combined-kv-quant/prompts/MovieGenVideoBench_extended.txt /data/vaishak/combined-kv-quant/results/runs/backfill_flowcache_native_soft_prune_int4_56d7f051182b_10s/metrics/vbench_FLOWCACHE_NATIVE_SOFT_PRUNE_INT4 /data/vaishak/combined-kv-quant/results/runs/backfill_flowcache_native_soft_prune_int4_56d7f051182b_10s/metrics/vbench_FLOWCACHE_NATIVE_SOFT_PRUNE_INT4.json
$ /home/suraj/miniforge3/envs/qvg_sf_infer/bin/python /data/vaishak/combined-kv-quant/scripts/05_summarize_results.py --results-root /data/vaishak/combined-kv-quant/results/runs/backfill_flowcache_native_soft_prune_int4_56d7f051182b_10s --methods BF16 FLOWCACHE_NATIVE_SOFT_PRUNE_INT4 RTN_INT4
Backfill completed for FLOWCACHE_NATIVE_SOFT_PRUNE_INT4 under /data/vaishak/combined-kv-quant/results/runs/backfill_flowcache_native_soft_prune_int4_56d7f051182b_10s
/data/vaishak/combined-kv-quant/third_party/Self-Forcing/wan/modules/vae.py:634: FutureWarning: You are using `torch.load` with `weights_only=False` (the current default value), which uses the default pickle module implicitly. It is possible to construct malicious pickle data which will execute arbitrary code during unpickling (See https://github.com/pytorch/pytorch/blob/main/SECURITY.md#untrusted-models for more details). In a future release, the default value for `weights_only` will be flipped to `True`. This limits the functions that could be executed during unpickling. Arbitrary objects will no longer be allowed to be loaded via this mode unless they are explicitly allowlisted by the user via `torch.serialization.add_safe_globals`. We recommend you start setting `weights_only=True` for any use case where you don't have full control of the loaded file. Please open an issue on GitHub for any issues related to this experimental feature.
  torch.load(pretrained_path, map_location=device), assign=True)
/data/vaishak/combined-kv-quant/scripts/01_generate.py:408: FutureWarning: You are using `torch.load` with `weights_only=False` (the current default value), which uses the default pickle module implicitly. It is possible to construct malicious pickle data which will execute arbitrary code during unpickling (See https://github.com/pytorch/pytorch/blob/main/SECURITY.md#untrusted-models for more details). In a future release, the default value for `weights_only` will be flipped to `True`. This limits the functions that could be executed during unpickling. Arbitrary objects will no longer be allowed to be loaded via this mode unless they are explicitly allowlisted by the user via `torch.serialization.add_safe_globals`. We recommend you start setting `weights_only=True` for any use case where you don't have full control of the loaded file. Please open an issue on GitHub for any issues related to this experimental feature.
  state_dict = torch.load(str(checkpoint_path), map_location="cpu")
KV inference with 3 frames per block
Moving DynamicSwap_WanTextEncoder to cuda:0 with preserved memory: 25.303240299224854 GB
current_timestep: 1000.0
current_timestep: 937.5
current_timestep: 833.3333129882812
current_timestep: 625.0
current_timestep: 1000.0
current_timestep: 937.5
current_timestep: 833.3333129882812
current_timestep: 625.0
current_timestep: 1000.0
current_timestep: 937.5
current_timestep: 833.3333129882812
current_timestep: 625.0
current_timestep: 1000.0
current_timestep: 937.5
current_timestep: 833.3333129882812
current_timestep: 625.0
current_timestep: 1000.0
current_timestep: 937.5
current_timestep: 833.3333129882812
current_timestep: 625.0
current_timestep: 1000.0
current_timestep: 937.5
current_timestep: 833.3333129882812
current_timestep: 625.0
current_timestep: 1000.0
current_timestep: 937.5
current_timestep: 833.3333129882812
current_timestep: 625.0
current_timestep: 1000.0
current_timestep: 937.5
current_timestep: 833.3333129882812
current_timestep: 625.0
current_timestep: 1000.0
current_timestep: 937.5
current_timestep: 833.3333129882812
current_timestep: 625.0
current_timestep: 1000.0
current_timestep: 937.5
current_timestep: 833.3333129882812
current_timestep: 625.0
current_timestep: 1000.0
current_timestep: 937.5
current_timestep: 833.3333129882812
current_timestep: 625.0
current_timestep: 1000.0
current_timestep: 937.5
current_timestep: 833.3333129882812
current_timestep: 625.0
current_timestep: 1000.0
current_timestep: 937.5
current_timestep: 833.3333129882812
current_timestep: 625.0
current_timestep: 1000.0
current_timestep: 937.5
current_timestep: 833.3333129882812
current_timestep: 625.0
Moving DynamicSwap_WanTextEncoder to cuda:0 with preserved memory: 24.55411195755005 GB
current_timestep: 1000.0
current_timestep: 937.5
current_timestep: 833.3333129882812
current_timestep: 625.0
current_timestep: 1000.0
current_timestep: 937.5
current_timestep: 833.3333129882812
current_timestep: 625.0
current_timestep: 1000.0
current_timestep: 937.5
current_timestep: 833.3333129882812
current_timestep: 625.0
current_timestep: 1000.0
current_timestep: 937.5
current_timestep: 833.3333129882812
current_timestep: 625.0
current_timestep: 1000.0
current_timestep: 937.5
current_timestep: 833.3333129882812
current_timestep: 625.0
current_timestep: 1000.0
current_timestep: 937.5
current_timestep: 833.3333129882812
current_timestep: 625.0
current_timestep: 1000.0
current_timestep: 937.5
current_timestep: 833.3333129882812
current_timestep: 625.0
current_timestep: 1000.0
current_timestep: 937.5
current_timestep: 833.3333129882812
current_timestep: 625.0
current_timestep: 1000.0
current_timestep: 937.5
current_timestep: 833.3333129882812
current_timestep: 625.0
current_timestep: 1000.0
current_timestep: 937.5
current_timestep: 833.3333129882812
current_timestep: 625.0
current_timestep: 1000.0
current_timestep: 937.5
current_timestep: 833.3333129882812
current_timestep: 625.0
current_timestep: 1000.0
current_timestep: 937.5
current_timestep: 833.3333129882812
current_timestep: 625.0
current_timestep: 1000.0
current_timestep: 937.5
current_timestep: 833.3333129882812
current_timestep: 625.0
current_timestep: 1000.0
current_timestep: 937.5
current_timestep: 833.3333129882812
current_timestep: 625.0
Moving DynamicSwap_WanTextEncoder to cuda:0 with preserved memory: 24.55411195755005 GB
current_timestep: 1000.0
current_timestep: 937.5
current_timestep: 833.3333129882812
current_timestep: 625.0
current_timestep: 1000.0
current_timestep: 937.5
current_timestep: 833.3333129882812
current_timestep: 625.0
current_timestep: 1000.0
current_timestep: 937.5
current_timestep: 833.3333129882812
current_timestep: 625.0
current_timestep: 1000.0
current_timestep: 937.5
current_timestep: 833.3333129882812
current_timestep: 625.0
current_timestep: 1000.0
current_timestep: 937.5
current_timestep: 833.3333129882812
current_timestep: 625.0
current_timestep: 1000.0
current_timestep: 937.5
current_timestep: 833.3333129882812
current_timestep: 625.0
current_timestep: 1000.0
current_timestep: 937.5
current_timestep: 833.3333129882812
current_timestep: 625.0
current_timestep: 1000.0
current_timestep: 937.5
current_timestep: 833.3333129882812
current_timestep: 625.0
current_timestep: 1000.0
current_timestep: 937.5
current_timestep: 833.3333129882812
current_timestep: 625.0
current_timestep: 1000.0
current_timestep: 937.5
current_timestep: 833.3333129882812
current_timestep: 625.0
current_timestep: 1000.0
current_timestep: 937.5
current_timestep: 833.3333129882812
current_timestep: 625.0
current_timestep: 1000.0
current_timestep: 937.5
current_timestep: 833.3333129882812
current_timestep: 625.0
current_timestep: 1000.0
current_timestep: 937.5
current_timestep: 833.3333129882812
current_timestep: 625.0
current_timestep: 1000.0
current_timestep: 937.5
current_timestep: 833.3333129882812
current_timestep: 625.0
Moving DynamicSwap_WanTextEncoder to cuda:0 with preserved memory: 24.55411195755005 GB
current_timestep: 1000.0
current_timestep: 937.5
current_timestep: 833.3333129882812
current_timestep: 625.0
current_timestep: 1000.0
current_timestep: 937.5
current_timestep: 833.3333129882812
current_timestep: 625.0
current_timestep: 1000.0
current_timestep: 937.5
current_timestep: 833.3333129882812
current_timestep: 625.0
current_timestep: 1000.0
current_timestep: 937.5
current_timestep: 833.3333129882812
current_timestep: 625.0
current_timestep: 1000.0
current_timestep: 937.5
current_timestep: 833.3333129882812
current_timestep: 625.0
current_timestep: 1000.0
current_timestep: 937.5
current_timestep: 833.3333129882812
current_timestep: 625.0
current_timestep: 1000.0
current_timestep: 937.5
current_timestep: 833.3333129882812
current_timestep: 625.0
current_timestep: 1000.0
current_timestep: 937.5
current_timestep: 833.3333129882812
current_timestep: 625.0
current_timestep: 1000.0
current_timestep: 937.5
current_timestep: 833.3333129882812
current_timestep: 625.0
current_timestep: 1000.0
current_timestep: 937.5
current_timestep: 833.3333129882812
current_timestep: 625.0
current_timestep: 1000.0
current_timestep: 937.5
current_timestep: 833.3333129882812
current_timestep: 625.0
current_timestep: 1000.0
current_timestep: 937.5
current_timestep: 833.3333129882812
current_timestep: 625.0
current_timestep: 1000.0
current_timestep: 937.5
current_timestep: 833.3333129882812
current_timestep: 625.0
current_timestep: 1000.0
current_timestep: 937.5
current_timestep: 833.3333129882812
current_timestep: 625.0
Moving DynamicSwap_WanTextEncoder to cuda:0 with preserved memory: 24.55411195755005 GB
current_timestep: 1000.0
current_timestep: 937.5
current_timestep: 833.3333129882812
current_timestep: 625.0
current_timestep: 1000.0
current_timestep: 937.5
current_timestep: 833.3333129882812
current_timestep: 625.0
current_timestep: 1000.0
current_timestep: 937.5
current_timestep: 833.3333129882812
current_timestep: 625.0
current_timestep: 1000.0
current_timestep: 937.5
current_timestep: 833.3333129882812
current_timestep: 625.0
current_timestep: 1000.0
current_timestep: 937.5
current_timestep: 833.3333129882812
current_timestep: 625.0
current_timestep: 1000.0
current_timestep: 937.5
current_timestep: 833.3333129882812
current_timestep: 625.0
current_timestep: 1000.0
current_timestep: 937.5
current_timestep: 833.3333129882812
current_timestep: 625.0
current_timestep: 1000.0
current_timestep: 937.5
current_timestep: 833.3333129882812
current_timestep: 625.0
current_timestep: 1000.0
current_timestep: 937.5
current_timestep: 833.3333129882812
current_timestep: 625.0
current_timestep: 1000.0
current_timestep: 937.5
current_timestep: 833.3333129882812
current_timestep: 625.0
current_timestep: 1000.0
current_timestep: 937.5
current_timestep: 833.3333129882812
current_timestep: 625.0
current_timestep: 1000.0
current_timestep: 937.5
current_timestep: 833.3333129882812
current_timestep: 625.0
current_timestep: 1000.0
current_timestep: 937.5
current_timestep: 833.3333129882812
current_timestep: 625.0
current_timestep: 1000.0
current_timestep: 937.5
current_timestep: 833.3333129882812
current_timestep: 625.0
Moving DynamicSwap_WanTextEncoder to cuda:0 with preserved memory: 24.55411195755005 GB
current_timestep: 1000.0
current_timestep: 937.5
current_timestep: 833.3333129882812
current_timestep: 625.0
current_timestep: 1000.0
current_timestep: 937.5
current_timestep: 833.3333129882812
current_timestep: 625.0
current_timestep: 1000.0
current_timestep: 937.5
current_timestep: 833.3333129882812
current_timestep: 625.0
current_timestep: 1000.0
current_timestep: 937.5
current_timestep: 833.3333129882812
current_timestep: 625.0
current_timestep: 1000.0
current_timestep: 937.5
current_timestep: 833.3333129882812
current_timestep: 625.0
current_timestep: 1000.0
current_timestep: 937.5
current_timestep: 833.3333129882812
current_timestep: 625.0
current_timestep: 1000.0
current_timestep: 937.5
current_timestep: 833.3333129882812
current_timestep: 625.0
current_timestep: 1000.0
current_timestep: 937.5
current_timestep: 833.3333129882812
current_timestep: 625.0
current_timestep: 1000.0
current_timestep: 937.5
current_timestep: 833.3333129882812
current_timestep: 625.0
current_timestep: 1000.0
current_timestep: 937.5
current_timestep: 833.3333129882812
current_timestep: 625.0
current_timestep: 1000.0
current_timestep: 937.5
current_timestep: 833.3333129882812
current_timestep: 625.0
current_timestep: 1000.0
current_timestep: 937.5
current_timestep: 833.3333129882812
current_timestep: 625.0
current_timestep: 1000.0
current_timestep: 937.5
current_timestep: 833.3333129882812
current_timestep: 625.0
current_timestep: 1000.0
current_timestep: 937.5
current_timestep: 833.3333129882812
current_timestep: 625.0
Moving DynamicSwap_WanTextEncoder to cuda:0 with preserved memory: 24.55411195755005 GB
current_timestep: 1000.0
current_timestep: 937.5
current_timestep: 833.3333129882812
current_timestep: 625.0
current_timestep: 1000.0
current_timestep: 937.5
current_timestep: 833.3333129882812
current_timestep: 625.0
current_timestep: 1000.0
current_timestep: 937.5
current_timestep: 833.3333129882812
current_timestep: 625.0
current_timestep: 1000.0
current_timestep: 937.5
current_timestep: 833.3333129882812
current_timestep: 625.0
current_timestep: 1000.0
current_timestep: 937.5
current_timestep: 833.3333129882812
current_timestep: 625.0
current_timestep: 1000.0
current_timestep: 937.5
current_timestep: 833.3333129882812
current_timestep: 625.0
current_timestep: 1000.0
current_timestep: 937.5
current_timestep: 833.3333129882812
current_timestep: 625.0
current_timestep: 1000.0
current_timestep: 937.5
current_timestep: 833.3333129882812
current_timestep: 625.0
current_timestep: 1000.0
current_timestep: 937.5
current_timestep: 833.3333129882812
current_timestep: 625.0
current_timestep: 1000.0
current_timestep: 937.5
current_timestep: 833.3333129882812
current_timestep: 625.0
current_timestep: 1000.0
current_timestep: 937.5
current_timestep: 833.3333129882812
current_timestep: 625.0
current_timestep: 1000.0
current_timestep: 937.5
current_timestep: 833.3333129882812
current_timestep: 625.0
current_timestep: 1000.0
current_timestep: 937.5
current_timestep: 833.3333129882812
current_timestep: 625.0
current_timestep: 1000.0
current_timestep: 937.5
current_timestep: 833.3333129882812
current_timestep: 625.0
Moving DynamicSwap_WanTextEncoder to cuda:0 with preserved memory: 24.55411195755005 GB
current_timestep: 1000.0
current_timestep: 937.5
current_timestep: 833.3333129882812
current_timestep: 625.0
current_timestep: 1000.0
current_timestep: 937.5
current_timestep: 833.3333129882812
current_timestep: 625.0
current_timestep: 1000.0
current_timestep: 937.5
current_timestep: 833.3333129882812
current_timestep: 625.0
current_timestep: 1000.0
current_timestep: 937.5
current_timestep: 833.3333129882812
current_timestep: 625.0
current_timestep: 1000.0
current_timestep: 937.5
current_timestep: 833.3333129882812
current_timestep: 625.0
current_timestep: 1000.0
current_timestep: 937.5
current_timestep: 833.3333129882812
current_timestep: 625.0
current_timestep: 1000.0
current_timestep: 937.5
current_timestep: 833.3333129882812
current_timestep: 625.0
current_timestep: 1000.0
current_timestep: 937.5
current_timestep: 833.3333129882812
current_timestep: 625.0
current_timestep: 1000.0
current_timestep: 937.5
current_timestep: 833.3333129882812
current_timestep: 625.0
current_timestep: 1000.0
current_timestep: 937.5
current_timestep: 833.3333129882812
current_timestep: 625.0
current_timestep: 1000.0
current_timestep: 937.5
current_timestep: 833.3333129882812
current_timestep: 625.0
current_timestep: 1000.0
current_timestep: 937.5
current_timestep: 833.3333129882812
current_timestep: 625.0
current_timestep: 1000.0
current_timestep: 937.5
current_timestep: 833.3333129882812
current_timestep: 625.0
current_timestep: 1000.0
current_timestep: 937.5
current_timestep: 833.3333129882812
current_timestep: 625.0
Moving DynamicSwap_WanTextEncoder to cuda:0 with preserved memory: 24.55411195755005 GB
current_timestep: 1000.0
current_timestep: 937.5
current_timestep: 833.3333129882812
current_timestep: 625.0
current_timestep: 1000.0
current_timestep: 937.5
current_timestep: 833.3333129882812
current_timestep: 625.0
current_timestep: 1000.0
current_timestep: 937.5
current_timestep: 833.3333129882812
current_timestep: 625.0
current_timestep: 1000.0
current_timestep: 937.5
current_timestep: 833.3333129882812
current_timestep: 625.0
current_timestep: 1000.0
current_timestep: 937.5
current_timestep: 833.3333129882812
current_timestep: 625.0
current_timestep: 1000.0
current_timestep: 937.5
current_timestep: 833.3333129882812
current_timestep: 625.0
current_timestep: 1000.0
current_timestep: 937.5
current_timestep: 833.3333129882812
current_timestep: 625.0
current_timestep: 1000.0
current_timestep: 937.5
current_timestep: 833.3333129882812
current_timestep: 625.0
current_timestep: 1000.0
current_timestep: 937.5
current_timestep: 833.3333129882812
current_timestep: 625.0
current_timestep: 1000.0
current_timestep: 937.5
current_timestep: 833.3333129882812
current_timestep: 625.0
current_timestep: 1000.0
current_timestep: 937.5
current_timestep: 833.3333129882812
current_timestep: 625.0
current_timestep: 1000.0
current_timestep: 937.5
current_timestep: 833.3333129882812
current_timestep: 625.0
current_timestep: 1000.0
current_timestep: 937.5
current_timestep: 833.3333129882812
current_timestep: 625.0
current_timestep: 1000.0
current_timestep: 937.5
current_timestep: 833.3333129882812
current_timestep: 625.0
Moving DynamicSwap_WanTextEncoder to cuda:0 with preserved memory: 24.55411195755005 GB
current_timestep: 1000.0
current_timestep: 937.5
current_timestep: 833.3333129882812
current_timestep: 625.0
current_timestep: 1000.0
current_timestep: 937.5
current_timestep: 833.3333129882812
current_timestep: 625.0
current_timestep: 1000.0
current_timestep: 937.5
current_timestep: 833.3333129882812
current_timestep: 625.0
current_timestep: 1000.0
current_timestep: 937.5
current_timestep: 833.3333129882812
current_timestep: 625.0
current_timestep: 1000.0
current_timestep: 937.5
current_timestep: 833.3333129882812
current_timestep: 625.0
current_timestep: 1000.0
current_timestep: 937.5
current_timestep: 833.3333129882812
current_timestep: 625.0
current_timestep: 1000.0
current_timestep: 937.5
current_timestep: 833.3333129882812
current_timestep: 625.0
current_timestep: 1000.0
current_timestep: 937.5
current_timestep: 833.3333129882812
current_timestep: 625.0
current_timestep: 1000.0
current_timestep: 937.5
current_timestep: 833.3333129882812
current_timestep: 625.0
current_timestep: 1000.0
current_timestep: 937.5
current_timestep: 833.3333129882812
current_timestep: 625.0
current_timestep: 1000.0
current_timestep: 937.5
current_timestep: 833.3333129882812
current_timestep: 625.0
current_timestep: 1000.0
current_timestep: 937.5
current_timestep: 833.3333129882812
current_timestep: 625.0
current_timestep: 1000.0
current_timestep: 937.5
current_timestep: 833.3333129882812
current_timestep: 625.0
current_timestep: 1000.0
current_timestep: 937.5
current_timestep: 833.3333129882812
current_timestep: 625.0
{
  "method": "FLOWCACHE_PROFILE",
  "num_prompts": 10,
  "num_samples": 1,
  "total_runtime_s": 674.7528071897104,
  "avg_runtime_s_per_prompt": 67.47528071897105,
  "peak_vram_bytes": 20701900800,
  "quantize_time_s": 273.16506147943437,
  "dequantize_time_s": 0.09201673092320561,
  "bf16_kv_bytes": 12076646400,
  "compressed_kv_bytes": 12076646400,
  "compression_ratio": 1.0,
  "first_video_shape": [
    1,
    165,
    3,
    480,
    832
  ],
  "flowcache_profile_recent_ratio": 0.25,
  "flowcache_profile_num_layers": 30,
  "flowcache_profile_avg_old_delta": 0.03789029176026783,
  "flowcache_profile_layer_scores": {
    "0": 0.03999840838566296,
    "1": 0.03853113329985132,
    "2": 0.0385006760709556,
    "3": 0.037774014304376255,
    "4": 0.037714485092625274,
    "5": 0.03783177957704322,
    "6": 0.03848639274694783,
    "7": 0.03796952783461597,
    "8": 0.037464381952186,
    "9": 0.03850194435712676,
    "10": 0.037297084512331095,
    "11": 0.0378303807673155,
    "12": 0.03740586811645051,
    "13": 0.036978945525015815,
    "14": 0.036886760317759934,
    "15": 0.03735412487464215,
    "16": 0.03683403241969014,
    "17": 0.037136908432456935,
    "18": 0.03762872225887111,
    "19": 0.037563615486231015,
    "20": 0.03765887172876905,
    "21": 0.03786620344587807,
    "22": 0.03777402136159145,
    "23": 0.037756647973684436,
    "24": 0.03826721395827609,
    "25": 0.03798770763611389,
    "26": 0.037690750656302195,
    "27": 0.038703647382257476,
    "28": 0.03830638121063742,
    "29": 0.03900812112236932
  },
  "flowcache_profile_layer_scores_all_chunks": {
    "0": 0.05018520931355537,
    "1": 0.04090535907045243,
    "2": 0.03647007856482551,
    "3": 0.033780857673240086,
    "4": 0.033163946546495904,
    "5": 0.03280545049054282,
    "6": 0.0339912677804629,
    "7": 0.03341030009138206,
    "8": 0.032294446085062295,
    "9": 0.03272698708339816,
    "10": 0.032419890609880285,
    "11": 0.03271153287081018,
    "12": 0.03206570847107777,
    "13": 0.030996311471694047,
    "14": 0.030883666698658278,
    "15": 0.03183665629559093,
    "16": 0.031011278440909725,
    "17": 0.031457965511533,
    "18": 0.0316695608041944,
    "19": 0.033921245477384045,
    "20": 0.034649743681862244,
    "21": 0.035520618671462646,
    "22": 0.035612253290083676,
    "23": 0.03478225004058036,
    "24": 0.034225868561911205,
    "25": 0.033681025995976395,
    "26": 0.03344362636832964,
    "27": 0.03416443423761262,
    "28": 0.032847325192675705,
    "29": 0.03758263619149488
  }
}
/data/vaishak/combined-kv-quant/third_party/Self-Forcing/wan/modules/vae.py:634: FutureWarning: You are using `torch.load` with `weights_only=False` (the current default value), which uses the default pickle module implicitly. It is possible to construct malicious pickle data which will execute arbitrary code during unpickling (See https://github.com/pytorch/pytorch/blob/main/SECURITY.md#untrusted-models for more details). In a future release, the default value for `weights_only` will be flipped to `True`. This limits the functions that could be executed during unpickling. Arbitrary objects will no longer be allowed to be loaded via this mode unless they are explicitly allowlisted by the user via `torch.serialization.add_safe_globals`. We recommend you start setting `weights_only=True` for any use case where you don't have full control of the loaded file. Please open an issue on GitHub for any issues related to this experimental feature.
  torch.load(pretrained_path, map_location=device), assign=True)
/data/vaishak/combined-kv-quant/scripts/01_generate.py:408: FutureWarning: You are using `torch.load` with `weights_only=False` (the current default value), which uses the default pickle module implicitly. It is possible to construct malicious pickle data which will execute arbitrary code during unpickling (See https://github.com/pytorch/pytorch/blob/main/SECURITY.md#untrusted-models for more details). In a future release, the default value for `weights_only` will be flipped to `True`. This limits the functions that could be executed during unpickling. Arbitrary objects will no longer be allowed to be loaded via this mode unless they are explicitly allowlisted by the user via `torch.serialization.add_safe_globals`. We recommend you start setting `weights_only=True` for any use case where you don't have full control of the loaded file. Please open an issue on GitHub for any issues related to this experimental feature.
  state_dict = torch.load(str(checkpoint_path), map_location="cpu")
KV inference with 3 frames per block
Moving DynamicSwap_WanTextEncoder to cuda:0 with preserved memory: 25.303240299224854 GB
current_timestep: 1000.0
current_timestep: 937.5
current_timestep: 833.3333129882812
current_timestep: 625.0
current_timestep: 1000.0
current_timestep: 937.5
current_timestep: 833.3333129882812
current_timestep: 625.0
current_timestep: 1000.0
current_timestep: 937.5
current_timestep: 833.3333129882812
current_timestep: 625.0
current_timestep: 1000.0
current_timestep: 937.5
current_timestep: 833.3333129882812
current_timestep: 625.0
current_timestep: 1000.0
current_timestep: 937.5
current_timestep: 833.3333129882812
current_timestep: 625.0
current_timestep: 1000.0
current_timestep: 937.5
current_timestep: 833.3333129882812
current_timestep: 625.0
current_timestep: 1000.0
current_timestep: 937.5
current_timestep: 833.3333129882812
current_timestep: 625.0
current_timestep: 1000.0
current_timestep: 937.5
current_timestep: 833.3333129882812
current_timestep: 625.0
current_timestep: 1000.0
current_timestep: 937.5
current_timestep: 833.3333129882812
current_timestep: 625.0
current_timestep: 1000.0
current_timestep: 937.5
current_timestep: 833.3333129882812
current_timestep: 625.0
current_timestep: 1000.0
current_timestep: 937.5
current_timestep: 833.3333129882812
current_timestep: 625.0
current_timestep: 1000.0
current_timestep: 937.5
current_timestep: 833.3333129882812
current_timestep: 625.0
current_timestep: 1000.0
current_timestep: 937.5
current_timestep: 833.3333129882812
current_timestep: 625.0
current_timestep: 1000.0
current_timestep: 937.5
current_timestep: 833.3333129882812
current_timestep: 625.0
Moving DynamicSwap_WanTextEncoder to cuda:0 with preserved memory: 24.55411195755005 GB
current_timestep: 1000.0
current_timestep: 937.5
current_timestep: 833.3333129882812
current_timestep: 625.0
current_timestep: 1000.0
current_timestep: 937.5
current_timestep: 833.3333129882812
current_timestep: 625.0
current_timestep: 1000.0
current_timestep: 937.5
current_timestep: 833.3333129882812
current_timestep: 625.0
current_timestep: 1000.0
current_timestep: 937.5
current_timestep: 833.3333129882812
current_timestep: 625.0
current_timestep: 1000.0
current_timestep: 937.5
current_timestep: 833.3333129882812
current_timestep: 625.0
current_timestep: 1000.0
current_timestep: 937.5
current_timestep: 833.3333129882812
current_timestep: 625.0
current_timestep: 1000.0
current_timestep: 937.5
current_timestep: 833.3333129882812
current_timestep: 625.0
current_timestep: 1000.0
current_timestep: 937.5
current_timestep: 833.3333129882812
current_timestep: 625.0
current_timestep: 1000.0
current_timestep: 937.5
current_timestep: 833.3333129882812
current_timestep: 625.0
current_timestep: 1000.0
current_timestep: 937.5
current_timestep: 833.3333129882812
current_timestep: 625.0
current_timestep: 1000.0
current_timestep: 937.5
current_timestep: 833.3333129882812
current_timestep: 625.0
current_timestep: 1000.0
current_timestep: 937.5
current_timestep: 833.3333129882812
current_timestep: 625.0
current_timestep: 1000.0
current_timestep: 937.5
current_timestep: 833.3333129882812
current_timestep: 625.0
current_timestep: 1000.0
current_timestep: 937.5
current_timestep: 833.3333129882812
current_timestep: 625.0
Moving DynamicSwap_WanTextEncoder to cuda:0 with preserved memory: 24.55411195755005 GB
current_timestep: 1000.0
current_timestep: 937.5
current_timestep: 833.3333129882812
current_timestep: 625.0
current_timestep: 1000.0
current_timestep: 937.5
current_timestep: 833.3333129882812
current_timestep: 625.0
current_timestep: 1000.0
current_timestep: 937.5
current_timestep: 833.3333129882812
current_timestep: 625.0
current_timestep: 1000.0
current_timestep: 937.5
current_timestep: 833.3333129882812
current_timestep: 625.0
current_timestep: 1000.0
current_timestep: 937.5
current_timestep: 833.3333129882812
current_timestep: 625.0
current_timestep: 1000.0
current_timestep: 937.5
current_timestep: 833.3333129882812
current_timestep: 625.0
current_timestep: 1000.0
current_timestep: 937.5
current_timestep: 833.3333129882812
current_timestep: 625.0
current_timestep: 1000.0
current_timestep: 937.5
current_timestep: 833.3333129882812
current_timestep: 625.0
current_timestep: 1000.0
current_timestep: 937.5
current_timestep: 833.3333129882812
current_timestep: 625.0
current_timestep: 1000.0
current_timestep: 937.5
current_timestep: 833.3333129882812
current_timestep: 625.0
current_timestep: 1000.0
current_timestep: 937.5
current_timestep: 833.3333129882812
current_timestep: 625.0
current_timestep: 1000.0
current_timestep: 937.5
current_timestep: 833.3333129882812
current_timestep: 625.0
current_timestep: 1000.0
current_timestep: 937.5
current_timestep: 833.3333129882812
current_timestep: 625.0
current_timestep: 1000.0
current_timestep: 937.5
current_timestep: 833.3333129882812
current_timestep: 625.0
Moving DynamicSwap_WanTextEncoder to cuda:0 with preserved memory: 24.55411195755005 GB
current_timestep: 1000.0
current_timestep: 937.5
current_timestep: 833.3333129882812
current_timestep: 625.0
current_timestep: 1000.0
current_timestep: 937.5
current_timestep: 833.3333129882812
current_timestep: 625.0
current_timestep: 1000.0
current_timestep: 937.5
current_timestep: 833.3333129882812
current_timestep: 625.0
current_timestep: 1000.0
current_timestep: 937.5
current_timestep: 833.3333129882812
current_timestep: 625.0
current_timestep: 1000.0
current_timestep: 937.5
current_timestep: 833.3333129882812
current_timestep: 625.0
current_timestep: 1000.0
current_timestep: 937.5
current_timestep: 833.3333129882812
current_timestep: 625.0
current_timestep: 1000.0
current_timestep: 937.5
current_timestep: 833.3333129882812
current_timestep: 625.0
current_timestep: 1000.0
current_timestep: 937.5
current_timestep: 833.3333129882812
current_timestep: 625.0
current_timestep: 1000.0
current_timestep: 937.5
current_timestep: 833.3333129882812
current_timestep: 625.0
current_timestep: 1000.0
current_timestep: 937.5
current_timestep: 833.3333129882812
current_timestep: 625.0
current_timestep: 1000.0
current_timestep: 937.5
current_timestep: 833.3333129882812
current_timestep: 625.0
current_timestep: 1000.0
current_timestep: 937.5
current_timestep: 833.3333129882812
current_timestep: 625.0
current_timestep: 1000.0
current_timestep: 937.5
current_timestep: 833.3333129882812
current_timestep: 625.0
current_timestep: 1000.0
current_timestep: 937.5
current_timestep: 833.3333129882812
current_timestep: 625.0
Moving DynamicSwap_WanTextEncoder to cuda:0 with preserved memory: 24.55411195755005 GB
current_timestep: 1000.0
current_timestep: 937.5
current_timestep: 833.3333129882812
current_timestep: 625.0
current_timestep: 1000.0
current_timestep: 937.5
current_timestep: 833.3333129882812
current_timestep: 625.0
current_timestep: 1000.0
current_timestep: 937.5
current_timestep: 833.3333129882812
current_timestep: 625.0
current_timestep: 1000.0
current_timestep: 937.5
current_timestep: 833.3333129882812
current_timestep: 625.0
current_timestep: 1000.0
current_timestep: 937.5
current_timestep: 833.3333129882812
current_timestep: 625.0
current_timestep: 1000.0
current_timestep: 937.5
current_timestep: 833.3333129882812
current_timestep: 625.0
current_timestep: 1000.0
current_timestep: 937.5
current_timestep: 833.3333129882812
current_timestep: 625.0
current_timestep: 1000.0
current_timestep: 937.5
current_timestep: 833.3333129882812
current_timestep: 625.0
current_timestep: 1000.0
current_timestep: 937.5
current_timestep: 833.3333129882812
current_timestep: 625.0
current_timestep: 1000.0
current_timestep: 937.5
current_timestep: 833.3333129882812
current_timestep: 625.0
current_timestep: 1000.0
current_timestep: 937.5
current_timestep: 833.3333129882812
current_timestep: 625.0
current_timestep: 1000.0
current_timestep: 937.5
current_timestep: 833.3333129882812
current_timestep: 625.0
current_timestep: 1000.0
current_timestep: 937.5
current_timestep: 833.3333129882812
current_timestep: 625.0
current_timestep: 1000.0
current_timestep: 937.5
current_timestep: 833.3333129882812
current_timestep: 625.0
Moving DynamicSwap_WanTextEncoder to cuda:0 with preserved memory: 24.55411195755005 GB
current_timestep: 1000.0
current_timestep: 937.5
current_timestep: 833.3333129882812
current_timestep: 625.0
current_timestep: 1000.0
current_timestep: 937.5
current_timestep: 833.3333129882812
current_timestep: 625.0
current_timestep: 1000.0
current_timestep: 937.5
current_timestep: 833.3333129882812
current_timestep: 625.0
current_timestep: 1000.0
current_timestep: 937.5
current_timestep: 833.3333129882812
current_timestep: 625.0
current_timestep: 1000.0
current_timestep: 937.5
current_timestep: 833.3333129882812
current_timestep: 625.0
current_timestep: 1000.0
current_timestep: 937.5
current_timestep: 833.3333129882812
current_timestep: 625.0
current_timestep: 1000.0
current_timestep: 937.5
current_timestep: 833.3333129882812
current_timestep: 625.0
current_timestep: 1000.0
current_timestep: 937.5
current_timestep: 833.3333129882812
current_timestep: 625.0
current_timestep: 1000.0
current_timestep: 937.5
current_timestep: 833.3333129882812
current_timestep: 625.0
current_timestep: 1000.0
current_timestep: 937.5
current_timestep: 833.3333129882812
current_timestep: 625.0
current_timestep: 1000.0
current_timestep: 937.5
current_timestep: 833.3333129882812
current_timestep: 625.0
current_timestep: 1000.0
current_timestep: 937.5
current_timestep: 833.3333129882812
current_timestep: 625.0
current_timestep: 1000.0
current_timestep: 937.5
current_timestep: 833.3333129882812
current_timestep: 625.0
current_timestep: 1000.0
current_timestep: 937.5
current_timestep: 833.3333129882812
current_timestep: 625.0
Moving DynamicSwap_WanTextEncoder to cuda:0 with preserved memory: 24.55411195755005 GB
current_timestep: 1000.0
current_timestep: 937.5
current_timestep: 833.3333129882812
current_timestep: 625.0
current_timestep: 1000.0
current_timestep: 937.5
current_timestep: 833.3333129882812
current_timestep: 625.0
current_timestep: 1000.0
current_timestep: 937.5
current_timestep: 833.3333129882812
current_timestep: 625.0
current_timestep: 1000.0
current_timestep: 937.5
current_timestep: 833.3333129882812
current_timestep: 625.0
current_timestep: 1000.0
current_timestep: 937.5
current_timestep: 833.3333129882812
current_timestep: 625.0
current_timestep: 1000.0
current_timestep: 937.5
current_timestep: 833.3333129882812
current_timestep: 625.0
current_timestep: 1000.0
current_timestep: 937.5
current_timestep: 833.3333129882812
current_timestep: 625.0
current_timestep: 1000.0
current_timestep: 937.5
current_timestep: 833.3333129882812
current_timestep: 625.0
current_timestep: 1000.0
current_timestep: 937.5
current_timestep: 833.3333129882812
current_timestep: 625.0
current_timestep: 1000.0
current_timestep: 937.5
current_timestep: 833.3333129882812
current_timestep: 625.0
current_timestep: 1000.0
current_timestep: 937.5
current_timestep: 833.3333129882812
current_timestep: 625.0
current_timestep: 1000.0
current_timestep: 937.5
current_timestep: 833.3333129882812
current_timestep: 625.0
current_timestep: 1000.0
current_timestep: 937.5
current_timestep: 833.3333129882812
current_timestep: 625.0
current_timestep: 1000.0
current_timestep: 937.5
current_timestep: 833.3333129882812
current_timestep: 625.0
Moving DynamicSwap_WanTextEncoder to cuda:0 with preserved memory: 24.55411195755005 GB
current_timestep: 1000.0
current_timestep: 937.5
current_timestep: 833.3333129882812
current_timestep: 625.0
current_timestep: 1000.0
current_timestep: 937.5
current_timestep: 833.3333129882812
current_timestep: 625.0
current_timestep: 1000.0
current_timestep: 937.5
current_timestep: 833.3333129882812
current_timestep: 625.0
current_timestep: 1000.0
current_timestep: 937.5
current_timestep: 833.3333129882812
current_timestep: 625.0
current_timestep: 1000.0
current_timestep: 937.5
current_timestep: 833.3333129882812
current_timestep: 625.0
current_timestep: 1000.0
current_timestep: 937.5
current_timestep: 833.3333129882812
current_timestep: 625.0
current_timestep: 1000.0
current_timestep: 937.5
current_timestep: 833.3333129882812
current_timestep: 625.0
current_timestep: 1000.0
current_timestep: 937.5
current_timestep: 833.3333129882812
current_timestep: 625.0
current_timestep: 1000.0
current_timestep: 937.5
current_timestep: 833.3333129882812
current_timestep: 625.0
current_timestep: 1000.0
current_timestep: 937.5
current_timestep: 833.3333129882812
current_timestep: 625.0
current_timestep: 1000.0
current_timestep: 937.5
current_timestep: 833.3333129882812
current_timestep: 625.0
current_timestep: 1000.0
current_timestep: 937.5
current_timestep: 833.3333129882812
current_timestep: 625.0
current_timestep: 1000.0
current_timestep: 937.5
current_timestep: 833.3333129882812
current_timestep: 625.0
current_timestep: 1000.0
current_timestep: 937.5
current_timestep: 833.3333129882812
current_timestep: 625.0
Moving DynamicSwap_WanTextEncoder to cuda:0 with preserved memory: 24.55411195755005 GB
current_timestep: 1000.0
current_timestep: 937.5
current_timestep: 833.3333129882812
current_timestep: 625.0
current_timestep: 1000.0
current_timestep: 937.5
current_timestep: 833.3333129882812
current_timestep: 625.0
current_timestep: 1000.0
current_timestep: 937.5
current_timestep: 833.3333129882812
current_timestep: 625.0
current_timestep: 1000.0
current_timestep: 937.5
current_timestep: 833.3333129882812
current_timestep: 625.0
current_timestep: 1000.0
current_timestep: 937.5
current_timestep: 833.3333129882812
current_timestep: 625.0
current_timestep: 1000.0
current_timestep: 937.5
current_timestep: 833.3333129882812
current_timestep: 625.0
current_timestep: 1000.0
current_timestep: 937.5
current_timestep: 833.3333129882812
current_timestep: 625.0
current_timestep: 1000.0
current_timestep: 937.5
current_timestep: 833.3333129882812
current_timestep: 625.0
current_timestep: 1000.0
current_timestep: 937.5
current_timestep: 833.3333129882812
current_timestep: 625.0
current_timestep: 1000.0
current_timestep: 937.5
current_timestep: 833.3333129882812
current_timestep: 625.0
current_timestep: 1000.0
current_timestep: 937.5
current_timestep: 833.3333129882812
current_timestep: 625.0
current_timestep: 1000.0
current_timestep: 937.5
current_timestep: 833.3333129882812
current_timestep: 625.0
current_timestep: 1000.0
current_timestep: 937.5
current_timestep: 833.3333129882812
current_timestep: 625.0
current_timestep: 1000.0
current_timestep: 937.5
current_timestep: 833.3333129882812
current_timestep: 625.0
Moving DynamicSwap_WanTextEncoder to cuda:0 with preserved memory: 24.55411195755005 GB
current_timestep: 1000.0
current_timestep: 937.5
current_timestep: 833.3333129882812
current_timestep: 625.0
current_timestep: 1000.0
current_timestep: 937.5
current_timestep: 833.3333129882812
current_timestep: 625.0
current_timestep: 1000.0
current_timestep: 937.5
current_timestep: 833.3333129882812
current_timestep: 625.0
current_timestep: 1000.0
current_timestep: 937.5
current_timestep: 833.3333129882812
current_timestep: 625.0
current_timestep: 1000.0
current_timestep: 937.5
current_timestep: 833.3333129882812
current_timestep: 625.0
current_timestep: 1000.0
current_timestep: 937.5
current_timestep: 833.3333129882812
current_timestep: 625.0
current_timestep: 1000.0
current_timestep: 937.5
current_timestep: 833.3333129882812
current_timestep: 625.0
current_timestep: 1000.0
current_timestep: 937.5
current_timestep: 833.3333129882812
current_timestep: 625.0
current_timestep: 1000.0
current_timestep: 937.5
current_timestep: 833.3333129882812
current_timestep: 625.0
current_timestep: 1000.0
current_timestep: 937.5
current_timestep: 833.3333129882812
current_timestep: 625.0
current_timestep: 1000.0
current_timestep: 937.5
current_timestep: 833.3333129882812
current_timestep: 625.0
current_timestep: 1000.0
current_timestep: 937.5
current_timestep: 833.3333129882812
current_timestep: 625.0
current_timestep: 1000.0
current_timestep: 937.5
current_timestep: 833.3333129882812
current_timestep: 625.0
current_timestep: 1000.0
current_timestep: 937.5
current_timestep: 833.3333129882812
current_timestep: 625.0
{
  "method": "FLOWCACHE_PRUNE_INT2",
  "num_prompts": 10,
  "num_samples": 1,
  "total_runtime_s": 698.6769711636007,
  "avg_runtime_s_per_prompt": 69.86769711636006,
  "peak_vram_bytes": 11934087168,
  "quantize_time_s": 75.87786887120456,
  "dequantize_time_s": 9.289468991104513,
  "bf16_kv_bytes": 12076646400,
  "compressed_kv_bytes": 1552792320,
  "compression_ratio": 7.77737386027257,
  "first_video_shape": [
    1,
    165,
    3,
    480,
    832
  ],
  "flowcache_prune_events": 21000.0,
  "flowcache_prune_avg_recent_ratio": 0.23246608770417346,
  "flowcache_prune_avg_important_ratio": 0.09818882836739594,
  "flowcache_prune_avg_retained_ratio": 0.19684063070964974,
  "flowcache_prune_avg_pruned_ratio": 0.47250445321873574,
  "flowcache_prune_avg_layer_budget": 0.900278225837096,
  "flowcache_prune_avg_delta": 192876.48855355495,
  "flowcache_prune_refresh_rate": 0.2,
  "flowcache_prune_config_chunk_recent_ratio": 0.25,
  "flowcache_prune_config_important_old_ratio": 0.1,
  "flowcache_prune_config_retained_old_ratio": 0.3,
  "flowcache_prune_refresh_gap_chunks": 1.0,
  "flowcache_prune_recent_bits": 4.0,
  "flowcache_prune_old_bits": 2.0,
  "flowcache_prune_importance_alpha": 0.7,
  "flowcache_prune_importance_beta": 0.3
}
/home/suraj/miniforge3/envs/qvg_sf_infer/lib/python3.10/site-packages/torchvision/models/_utils.py:208: UserWarning: The parameter 'pretrained' is deprecated since 0.13 and may be removed in the future, please use 'weights' instead.
  warnings.warn(
/home/suraj/miniforge3/envs/qvg_sf_infer/lib/python3.10/site-packages/torchvision/models/_utils.py:223: UserWarning: Arguments other than a weight enum or `None` for 'weights' are deprecated since 0.13 and may be removed in the future. The current behavior is equivalent to passing `weights=AlexNet_Weights.IMAGENET1K_V1`. You can also use `weights=AlexNet_Weights.DEFAULT` to get the most up-to-date weights.
  warnings.warn(msg)
/home/suraj/miniforge3/envs/qvg_sf_infer/lib/python3.10/site-packages/lpips/lpips.py:107: FutureWarning: You are using `torch.load` with `weights_only=False` (the current default value), which uses the default pickle module implicitly. It is possible to construct malicious pickle data which will execute arbitrary code during unpickling (See https://github.com/pytorch/pytorch/blob/main/SECURITY.md#untrusted-models for more details). In a future release, the default value for `weights_only` will be flipped to `True`. This limits the functions that could be executed during unpickling. Arbitrary objects will no longer be allowed to be loaded via this mode unless they are explicitly allowlisted by the user via `torch.serialization.add_safe_globals`. We recommend you start setting `weights_only=True` for any use case where you don't have full control of the loaded file. Please open an issue on GitHub for any issues related to this experimental feature.
  self.load_state_dict(torch.load(model_path, map_location='cpu'), strict=False)
Setting up [LPIPS] perceptual loss: trunk [alex], v[0.1], spatial [off]
Loading model from: /home/suraj/miniforge3/envs/qvg_sf_infer/lib/python3.10/site-packages/lpips/weights/v0.1/alex.pth
{
  "num_videos": 10,
  "psnr": 15.259703132417702,
  "ssim": 0.4665929622890667,
  "lpips": 0.48250288779155887
}
prompt_map_size=10
[W310 04:00:18.212907961 CUDAAllocatorConfig.h:28] Warning: expandable_segments not supported on this platform (function operator())
[rank0]:[W310 04:00:19.442551738 ProcessGroupNCCL.cpp:4115] [PG ID 0 PG GUID 0 Rank 0]  using GPU 0 to perform barrier as devices used by this process are currently unknown. This can potentially cause a hang if this rank to GPU mapping is incorrect.Specify device_ids in barrier() to force use of a particular device,or call init_process_group() with a device_id.
/home/suraj/miniforge3/envs/qvg_sf_eval/lib/python3.10/site-packages/clip/clip.py:6: UserWarning: pkg_resources is deprecated as an API. See https://setuptools.pypa.io/en/latest/pkg_resources.html. The pkg_resources package is slated for removal as early as 2025-11-30. Refrain from using this package or pin to Setuptools<81.
  from pkg_resources import packaging
args: Namespace(output_path='/data/vaishak/combined-kv-quant/results/runs/backfill_flowcache_prune_int2_990b60e0bbd4_10s/metrics/vbench_FLOWCACHE_PRUNE_INT2', full_json_dir='/data/vaishak/combined-kv-quant/third_party/VBench/vbench/VBench_full_info.json', videos_path='/data/vaishak/combined-kv-quant/results/runs/backfill_flowcache_prune_int2_990b60e0bbd4_10s/videos/FLOWCACHE_PRUNE_INT2', dimension=['background_consistency', 'imaging_quality', 'subject_consistency', 'aesthetic_quality'], load_ckpt_from_local=None, read_frame=None, mode='custom_input', prompt='None', prompt_file='/data/vaishak/combined-kv-quant/results/runs/backfill_flowcache_prune_int2_990b60e0bbd4_10s/metrics/vbench_FLOWCACHE_PRUNE_INT2/prompt_map.json', category=None, imaging_quality_preprocessing_mode='longer')
start evaluation
Evaluation meta data saved to /data/vaishak/combined-kv-quant/results/runs/backfill_flowcache_prune_int2_990b60e0bbd4_10s/metrics/vbench_FLOWCACHE_PRUNE_INT2/results_2026-03-10-04:00:19_full_info.json
cur_full_info_path: /data/vaishak/combined-kv-quant/results/runs/backfill_flowcache_prune_int2_990b60e0bbd4_10s/metrics/vbench_FLOWCACHE_PRUNE_INT2/results_2026-03-10-04:00:19_full_info.json
  0%|          | 0/10 [00:00<?, ?it/s] 10%|█         | 1/10 [00:00<00:06,  1.42it/s] 20%|██        | 2/10 [00:01<00:05,  1.59it/s] 30%|███       | 3/10 [00:01<00:04,  1.64it/s] 40%|████      | 4/10 [00:02<00:03,  1.66it/s] 50%|█████     | 5/10 [00:03<00:02,  1.67it/s] 60%|██████    | 6/10 [00:03<00:02,  1.69it/s] 70%|███████   | 7/10 [00:04<00:01,  1.69it/s] 80%|████████  | 8/10 [00:04<00:01,  1.70it/s] 90%|█████████ | 9/10 [00:05<00:00,  1.71it/s]100%|██████████| 10/10 [00:05<00:00,  1.69it/s]100%|██████████| 10/10 [00:05<00:00,  1.67it/s]
/home/suraj/miniforge3/envs/qvg_sf_eval/lib/python3.10/site-packages/timm/models/layers/__init__.py:48: FutureWarning: Importing from timm.models.layers is deprecated, please import via timm.layers
  warnings.warn(f"Importing from {__name__} is deprecated, please import via timm.layers", FutureWarning)
/home/suraj/miniforge3/envs/qvg_sf_eval/lib/python3.10/site-packages/pyiqa/archs/arch_util.py:118: FutureWarning: You are using `torch.load` with `weights_only=False` (the current default value), which uses the default pickle module implicitly. It is possible to construct malicious pickle data which will execute arbitrary code during unpickling (See https://github.com/pytorch/pytorch/blob/main/SECURITY.md#untrusted-models for more details). In a future release, the default value for `weights_only` will be flipped to `True`. This limits the functions that could be executed during unpickling. Arbitrary objects will no longer be allowed to be loaded via this mode unless they are explicitly allowlisted by the user via `torch.serialization.add_safe_globals`. We recommend you start setting `weights_only=True` for any use case where you don't have full control of the loaded file. Please open an issue on GitHub for any issues related to this experimental feature.
  state_dict = torch.load(model_path, map_location=torch.device("cpu"))
cur_full_info_path: /data/vaishak/combined-kv-quant/results/runs/backfill_flowcache_prune_int2_990b60e0bbd4_10s/metrics/vbench_FLOWCACHE_PRUNE_INT2/results_2026-03-10-04:00:19_full_info.json
Loading pretrained model MUSIQ from /home/vaishak/.cache/vbench/pyiqa_model/musiq_spaq_ckpt-358bb6af.pth
  0%|          | 0/10 [00:00<?, ?it/s] 10%|█         | 1/10 [00:02<00:26,  2.94s/it] 20%|██        | 2/10 [00:05<00:22,  2.83s/it] 30%|███       | 3/10 [00:08<00:20,  2.96s/it] 40%|████      | 4/10 [00:11<00:18,  3.02s/it] 50%|█████     | 5/10 [00:15<00:15,  3.06s/it] 60%|██████    | 6/10 [00:18<00:12,  3.07s/it] 70%|███████   | 7/10 [00:21<00:09,  3.08s/it] 80%|████████  | 8/10 [00:23<00:05,  2.96s/it] 90%|█████████ | 9/10 [00:26<00:02,  2.85s/it]100%|██████████| 10/10 [00:29<00:00,  2.86s/it]100%|██████████| 10/10 [00:29<00:00,  2.94s/it]
Using cache found in /home/vaishak/.cache/torch/hub/facebookresearch_dino_main
2026-03-10 04:01:00,679 - vbench.subject_consistency - INFO - Initialize DINO success
cur_full_info_path: /data/vaishak/combined-kv-quant/results/runs/backfill_flowcache_prune_int2_990b60e0bbd4_10s/metrics/vbench_FLOWCACHE_PRUNE_INT2/results_2026-03-10-04:00:19_full_info.json
  0%|          | 0/10 [00:00<?, ?it/s] 10%|█         | 1/10 [00:02<00:18,  2.04s/it] 20%|██        | 2/10 [00:04<00:16,  2.03s/it] 30%|███       | 3/10 [00:06<00:14,  2.04s/it] 40%|████      | 4/10 [00:08<00:12,  2.04s/it] 50%|█████     | 5/10 [00:10<00:10,  2.05s/it] 60%|██████    | 6/10 [00:12<00:08,  2.05s/it] 70%|███████   | 7/10 [00:14<00:06,  2.05s/it] 80%|████████  | 8/10 [00:16<00:04,  2.05s/it] 90%|█████████ | 9/10 [00:18<00:02,  2.04s/it]100%|██████████| 10/10 [00:20<00:00,  2.05s/it]100%|██████████| 10/10 [00:20<00:00,  2.05s/it]
/data/vaishak/kv-quant-longhorizon/third_party/VBench/vbench/aesthetic_quality.py:41: FutureWarning: You are using `torch.load` with `weights_only=False` (the current default value), which uses the default pickle module implicitly. It is possible to construct malicious pickle data which will execute arbitrary code during unpickling (See https://github.com/pytorch/pytorch/blob/main/SECURITY.md#untrusted-models for more details). In a future release, the default value for `weights_only` will be flipped to `True`. This limits the functions that could be executed during unpickling. Arbitrary objects will no longer be allowed to be loaded via this mode unless they are explicitly allowlisted by the user via `torch.serialization.add_safe_globals`. We recommend you start setting `weights_only=True` for any use case where you don't have full control of the loaded file. Please open an issue on GitHub for any issues related to this experimental feature.
  s = torch.load(path_to_model)
cur_full_info_path: /data/vaishak/combined-kv-quant/results/runs/backfill_flowcache_prune_int2_990b60e0bbd4_10s/metrics/vbench_FLOWCACHE_PRUNE_INT2/results_2026-03-10-04:00:19_full_info.json
  0%|          | 0/10 [00:00<?, ?it/s] 10%|█         | 1/10 [00:00<00:08,  1.06it/s] 20%|██        | 2/10 [00:01<00:07,  1.02it/s] 30%|███       | 3/10 [00:02<00:06,  1.01it/s] 40%|████      | 4/10 [00:03<00:05,  1.00it/s] 50%|█████     | 5/10 [00:04<00:05,  1.01s/it] 60%|██████    | 6/10 [00:05<00:04,  1.01s/it] 70%|███████   | 7/10 [00:07<00:03,  1.01s/it] 80%|████████  | 8/10 [00:08<00:02,  1.01s/it] 90%|█████████ | 9/10 [00:09<00:01,  1.01s/it]100%|██████████| 10/10 [00:10<00:00,  1.02s/it]100%|██████████| 10/10 [00:10<00:00,  1.01s/it]
Evaluation results saved to /data/vaishak/combined-kv-quant/results/runs/backfill_flowcache_prune_int2_990b60e0bbd4_10s/metrics/vbench_FLOWCACHE_PRUNE_INT2/results_2026-03-10-04:00:19_eval_results.json
done
[rank0]:[W310 04:01:38.283393739 ProcessGroupNCCL.cpp:1250] Warning: WARNING: process group has NOT been destroyed before we destruct ProcessGroupNCCL. On normal program exit, the application should call destroy_process_group to ensure that any pending NCCL operations have finished in this process. In rare cases this process can exit before this point and block the progress of another member of the process group. This constraint has always been present,  but this warning has only been added since PyTorch 2.4 (function operator())
Saved /data/vaishak/combined-kv-quant/results/runs/backfill_flowcache_prune_int2_990b60e0bbd4_10s/metrics/vbench_FLOWCACHE_PRUNE_INT2.json
Wrote /data/vaishak/combined-kv-quant/results/runs/backfill_flowcache_prune_int2_990b60e0bbd4_10s/tables/baseline_summary.csv
Wrote /data/vaishak/combined-kv-quant/results/runs/backfill_flowcache_prune_int2_990b60e0bbd4_10s/tables/baseline_summary.md
$ /home/suraj/miniforge3/envs/qvg_sf_infer/bin/python /data/vaishak/combined-kv-quant/scripts/01_generate.py --results-root /data/vaishak/combined-kv-quant/results/runs/backfill_flowcache_prune_int2_990b60e0bbd4_10s/profile_pass --method FLOWCACHE_PROFILE --max-prompts 10 --num-output-frames 42 --seed 0 --flowcache-recent-ratio 0.25 --device cuda:0 --use-ema --device cuda:0 --use-ema --flowcache-recent-ratio 0.25 --flowcache-recent-bits 4 --flowcache-recent-method RTN --flowcache-old-method RTN --flowcache-min-layer-budget-scale 0.7 --flowcache-max-layer-budget-scale 1.3 --flowcache-important-old-ratio 0.1 --flowcache-importance-alpha 0.7 --flowcache-importance-beta 0.3 --flowcache-prune-retained-old-ratio 0.3 --flowcache-prune-refresh-gap-chunks 1
$ /home/suraj/miniforge3/envs/qvg_sf_infer/bin/python /data/vaishak/combined-kv-quant/scripts/01_generate.py --results-root /data/vaishak/combined-kv-quant/results/runs/backfill_flowcache_prune_int2_990b60e0bbd4_10s --method FLOWCACHE_PRUNE_INT2 --max-prompts 10 --num-output-frames 42 --seed 0 --device cuda:0 --use-ema --flowcache-recent-ratio 0.25 --flowcache-recent-bits 4 --flowcache-recent-method RTN --flowcache-old-method RTN --flowcache-min-layer-budget-scale 0.7 --flowcache-max-layer-budget-scale 1.3 --flowcache-important-old-ratio 0.1 --flowcache-importance-alpha 0.7 --flowcache-importance-beta 0.3 --flowcache-prune-retained-old-ratio 0.3 --flowcache-prune-refresh-gap-chunks 1 --flowcache-layer-budget-path /data/vaishak/combined-kv-quant/results/runs/backfill_flowcache_prune_int2_990b60e0bbd4_10s/metrics/flowcache_profile_layer_budget.json
$ /home/suraj/miniforge3/envs/qvg_sf_infer/bin/python /data/vaishak/combined-kv-quant/scripts/02_eval_fidelity.py --bf16-dir /data/vaishak/kv-quant-longhorizon/results/runs/1772751420_baseline10s_10prompts_v3/videos/BF16 --candidate-dir /data/vaishak/combined-kv-quant/results/runs/backfill_flowcache_prune_int2_990b60e0bbd4_10s/videos/FLOWCACHE_PRUNE_INT2 --output /data/vaishak/combined-kv-quant/results/runs/backfill_flowcache_prune_int2_990b60e0bbd4_10s/metrics/fidelity_FLOWCACHE_PRUNE_INT2.json --device cpu
$ bash /data/vaishak/combined-kv-quant/scripts/03_eval_vbench.sh FLOWCACHE_PRUNE_INT2 /data/vaishak/combined-kv-quant/results/runs/backfill_flowcache_prune_int2_990b60e0bbd4_10s/videos/FLOWCACHE_PRUNE_INT2 /data/vaishak/combined-kv-quant/prompts/MovieGenVideoBench_extended.txt /data/vaishak/combined-kv-quant/results/runs/backfill_flowcache_prune_int2_990b60e0bbd4_10s/metrics/vbench_FLOWCACHE_PRUNE_INT2 /data/vaishak/combined-kv-quant/results/runs/backfill_flowcache_prune_int2_990b60e0bbd4_10s/metrics/vbench_FLOWCACHE_PRUNE_INT2.json
$ /home/suraj/miniforge3/envs/qvg_sf_infer/bin/python /data/vaishak/combined-kv-quant/scripts/05_summarize_results.py --results-root /data/vaishak/combined-kv-quant/results/runs/backfill_flowcache_prune_int2_990b60e0bbd4_10s --methods BF16 FLOWCACHE_PRUNE_INT2 RTN_INT4
Backfill completed for FLOWCACHE_PRUNE_INT2 under /data/vaishak/combined-kv-quant/results/runs/backfill_flowcache_prune_int2_990b60e0bbd4_10s
/data/vaishak/combined-kv-quant/third_party/Self-Forcing/wan/modules/vae.py:634: FutureWarning: You are using `torch.load` with `weights_only=False` (the current default value), which uses the default pickle module implicitly. It is possible to construct malicious pickle data which will execute arbitrary code during unpickling (See https://github.com/pytorch/pytorch/blob/main/SECURITY.md#untrusted-models for more details). In a future release, the default value for `weights_only` will be flipped to `True`. This limits the functions that could be executed during unpickling. Arbitrary objects will no longer be allowed to be loaded via this mode unless they are explicitly allowlisted by the user via `torch.serialization.add_safe_globals`. We recommend you start setting `weights_only=True` for any use case where you don't have full control of the loaded file. Please open an issue on GitHub for any issues related to this experimental feature.
  torch.load(pretrained_path, map_location=device), assign=True)
/data/vaishak/combined-kv-quant/scripts/01_generate.py:408: FutureWarning: You are using `torch.load` with `weights_only=False` (the current default value), which uses the default pickle module implicitly. It is possible to construct malicious pickle data which will execute arbitrary code during unpickling (See https://github.com/pytorch/pytorch/blob/main/SECURITY.md#untrusted-models for more details). In a future release, the default value for `weights_only` will be flipped to `True`. This limits the functions that could be executed during unpickling. Arbitrary objects will no longer be allowed to be loaded via this mode unless they are explicitly allowlisted by the user via `torch.serialization.add_safe_globals`. We recommend you start setting `weights_only=True` for any use case where you don't have full control of the loaded file. Please open an issue on GitHub for any issues related to this experimental feature.
  state_dict = torch.load(str(checkpoint_path), map_location="cpu")
KV inference with 3 frames per block
Moving DynamicSwap_WanTextEncoder to cuda:0 with preserved memory: 25.303240299224854 GB
current_timestep: 1000.0
current_timestep: 937.5
current_timestep: 833.3333129882812
current_timestep: 625.0
current_timestep: 1000.0
current_timestep: 937.5
current_timestep: 833.3333129882812
current_timestep: 625.0
current_timestep: 1000.0
current_timestep: 937.5
current_timestep: 833.3333129882812
current_timestep: 625.0
current_timestep: 1000.0
current_timestep: 937.5
current_timestep: 833.3333129882812
current_timestep: 625.0
current_timestep: 1000.0
current_timestep: 937.5
current_timestep: 833.3333129882812
current_timestep: 625.0
current_timestep: 1000.0
current_timestep: 937.5
current_timestep: 833.3333129882812
current_timestep: 625.0
current_timestep: 1000.0
current_timestep: 937.5
current_timestep: 833.3333129882812
current_timestep: 625.0
current_timestep: 1000.0
current_timestep: 937.5
current_timestep: 833.3333129882812
current_timestep: 625.0
current_timestep: 1000.0
current_timestep: 937.5
current_timestep: 833.3333129882812
current_timestep: 625.0
current_timestep: 1000.0
current_timestep: 937.5
current_timestep: 833.3333129882812
current_timestep: 625.0
current_timestep: 1000.0
current_timestep: 937.5
current_timestep: 833.3333129882812
current_timestep: 625.0
current_timestep: 1000.0
current_timestep: 937.5
current_timestep: 833.3333129882812
current_timestep: 625.0
current_timestep: 1000.0
current_timestep: 937.5
current_timestep: 833.3333129882812
current_timestep: 625.0
current_timestep: 1000.0
current_timestep: 937.5
current_timestep: 833.3333129882812
current_timestep: 625.0
Moving DynamicSwap_WanTextEncoder to cuda:0 with preserved memory: 24.55411195755005 GB
current_timestep: 1000.0
current_timestep: 937.5
current_timestep: 833.3333129882812
current_timestep: 625.0
current_timestep: 1000.0
current_timestep: 937.5
current_timestep: 833.3333129882812
current_timestep: 625.0
current_timestep: 1000.0
current_timestep: 937.5
current_timestep: 833.3333129882812
current_timestep: 625.0
current_timestep: 1000.0
current_timestep: 937.5
current_timestep: 833.3333129882812
current_timestep: 625.0
current_timestep: 1000.0
current_timestep: 937.5
current_timestep: 833.3333129882812
current_timestep: 625.0
current_timestep: 1000.0
current_timestep: 937.5
current_timestep: 833.3333129882812
current_timestep: 625.0
current_timestep: 1000.0
current_timestep: 937.5
current_timestep: 833.3333129882812
current_timestep: 625.0
current_timestep: 1000.0
current_timestep: 937.5
current_timestep: 833.3333129882812
current_timestep: 625.0
current_timestep: 1000.0
current_timestep: 937.5
current_timestep: 833.3333129882812
current_timestep: 625.0
current_timestep: 1000.0
current_timestep: 937.5
current_timestep: 833.3333129882812
current_timestep: 625.0
current_timestep: 1000.0
current_timestep: 937.5
current_timestep: 833.3333129882812
current_timestep: 625.0
current_timestep: 1000.0
current_timestep: 937.5
current_timestep: 833.3333129882812
current_timestep: 625.0
current_timestep: 1000.0
current_timestep: 937.5
current_timestep: 833.3333129882812
current_timestep: 625.0
current_timestep: 1000.0
current_timestep: 937.5
current_timestep: 833.3333129882812
current_timestep: 625.0
Moving DynamicSwap_WanTextEncoder to cuda:0 with preserved memory: 24.55411195755005 GB
current_timestep: 1000.0
current_timestep: 937.5
current_timestep: 833.3333129882812
current_timestep: 625.0
current_timestep: 1000.0
current_timestep: 937.5
current_timestep: 833.3333129882812
current_timestep: 625.0
current_timestep: 1000.0
current_timestep: 937.5
current_timestep: 833.3333129882812
current_timestep: 625.0
current_timestep: 1000.0
current_timestep: 937.5
current_timestep: 833.3333129882812
current_timestep: 625.0
current_timestep: 1000.0
current_timestep: 937.5
current_timestep: 833.3333129882812
current_timestep: 625.0
current_timestep: 1000.0
current_timestep: 937.5
current_timestep: 833.3333129882812
current_timestep: 625.0
current_timestep: 1000.0
current_timestep: 937.5
current_timestep: 833.3333129882812
current_timestep: 625.0
current_timestep: 1000.0
current_timestep: 937.5
current_timestep: 833.3333129882812
current_timestep: 625.0
current_timestep: 1000.0
current_timestep: 937.5
current_timestep: 833.3333129882812
current_timestep: 625.0
current_timestep: 1000.0
current_timestep: 937.5
current_timestep: 833.3333129882812
current_timestep: 625.0
current_timestep: 1000.0
current_timestep: 937.5
current_timestep: 833.3333129882812
current_timestep: 625.0
current_timestep: 1000.0
current_timestep: 937.5
current_timestep: 833.3333129882812
current_timestep: 625.0
current_timestep: 1000.0
current_timestep: 937.5
current_timestep: 833.3333129882812
current_timestep: 625.0
current_timestep: 1000.0
current_timestep: 937.5
current_timestep: 833.3333129882812
current_timestep: 625.0
Moving DynamicSwap_WanTextEncoder to cuda:0 with preserved memory: 24.55411195755005 GB
current_timestep: 1000.0
current_timestep: 937.5
current_timestep: 833.3333129882812
current_timestep: 625.0
current_timestep: 1000.0
current_timestep: 937.5
current_timestep: 833.3333129882812
current_timestep: 625.0
current_timestep: 1000.0
current_timestep: 937.5
current_timestep: 833.3333129882812
current_timestep: 625.0
current_timestep: 1000.0
current_timestep: 937.5
current_timestep: 833.3333129882812
current_timestep: 625.0
current_timestep: 1000.0
current_timestep: 937.5
current_timestep: 833.3333129882812
current_timestep: 625.0
current_timestep: 1000.0
current_timestep: 937.5
current_timestep: 833.3333129882812
current_timestep: 625.0
current_timestep: 1000.0
current_timestep: 937.5
current_timestep: 833.3333129882812
current_timestep: 625.0
current_timestep: 1000.0
current_timestep: 937.5
current_timestep: 833.3333129882812
current_timestep: 625.0
current_timestep: 1000.0
current_timestep: 937.5
current_timestep: 833.3333129882812
current_timestep: 625.0
current_timestep: 1000.0
current_timestep: 937.5
current_timestep: 833.3333129882812
current_timestep: 625.0
current_timestep: 1000.0
current_timestep: 937.5
current_timestep: 833.3333129882812
current_timestep: 625.0
current_timestep: 1000.0
current_timestep: 937.5
current_timestep: 833.3333129882812
current_timestep: 625.0
current_timestep: 1000.0
current_timestep: 937.5
current_timestep: 833.3333129882812
current_timestep: 625.0
current_timestep: 1000.0
current_timestep: 937.5
current_timestep: 833.3333129882812
current_timestep: 625.0
Moving DynamicSwap_WanTextEncoder to cuda:0 with preserved memory: 24.55411195755005 GB
current_timestep: 1000.0
current_timestep: 937.5
current_timestep: 833.3333129882812
current_timestep: 625.0
current_timestep: 1000.0
current_timestep: 937.5
current_timestep: 833.3333129882812
current_timestep: 625.0
current_timestep: 1000.0
current_timestep: 937.5
current_timestep: 833.3333129882812
current_timestep: 625.0
current_timestep: 1000.0
current_timestep: 937.5
current_timestep: 833.3333129882812
current_timestep: 625.0
current_timestep: 1000.0
current_timestep: 937.5
current_timestep: 833.3333129882812
current_timestep: 625.0
current_timestep: 1000.0
current_timestep: 937.5
current_timestep: 833.3333129882812
current_timestep: 625.0
current_timestep: 1000.0
current_timestep: 937.5
current_timestep: 833.3333129882812
current_timestep: 625.0
current_timestep: 1000.0
current_timestep: 937.5
current_timestep: 833.3333129882812
current_timestep: 625.0
current_timestep: 1000.0
current_timestep: 937.5
current_timestep: 833.3333129882812
current_timestep: 625.0
current_timestep: 1000.0
current_timestep: 937.5
current_timestep: 833.3333129882812
current_timestep: 625.0
current_timestep: 1000.0
current_timestep: 937.5
current_timestep: 833.3333129882812
current_timestep: 625.0
current_timestep: 1000.0
current_timestep: 937.5
current_timestep: 833.3333129882812
current_timestep: 625.0
current_timestep: 1000.0
current_timestep: 937.5
current_timestep: 833.3333129882812
current_timestep: 625.0
current_timestep: 1000.0
current_timestep: 937.5
current_timestep: 833.3333129882812
current_timestep: 625.0
Moving DynamicSwap_WanTextEncoder to cuda:0 with preserved memory: 24.55411195755005 GB
current_timestep: 1000.0
current_timestep: 937.5
current_timestep: 833.3333129882812
current_timestep: 625.0
current_timestep: 1000.0
current_timestep: 937.5
current_timestep: 833.3333129882812
current_timestep: 625.0
current_timestep: 1000.0
current_timestep: 937.5
current_timestep: 833.3333129882812
current_timestep: 625.0
current_timestep: 1000.0
current_timestep: 937.5
current_timestep: 833.3333129882812
current_timestep: 625.0
current_timestep: 1000.0
current_timestep: 937.5
current_timestep: 833.3333129882812
current_timestep: 625.0
current_timestep: 1000.0
current_timestep: 937.5
current_timestep: 833.3333129882812
current_timestep: 625.0
current_timestep: 1000.0
current_timestep: 937.5
current_timestep: 833.3333129882812
current_timestep: 625.0
current_timestep: 1000.0
current_timestep: 937.5
current_timestep: 833.3333129882812
current_timestep: 625.0
current_timestep: 1000.0
current_timestep: 937.5
current_timestep: 833.3333129882812
current_timestep: 625.0
current_timestep: 1000.0
current_timestep: 937.5
current_timestep: 833.3333129882812
current_timestep: 625.0
current_timestep: 1000.0
current_timestep: 937.5
current_timestep: 833.3333129882812
current_timestep: 625.0
current_timestep: 1000.0
current_timestep: 937.5
current_timestep: 833.3333129882812
current_timestep: 625.0
current_timestep: 1000.0
current_timestep: 937.5
current_timestep: 833.3333129882812
current_timestep: 625.0
current_timestep: 1000.0
current_timestep: 937.5
current_timestep: 833.3333129882812
current_timestep: 625.0
Moving DynamicSwap_WanTextEncoder to cuda:0 with preserved memory: 24.55411195755005 GB
current_timestep: 1000.0
current_timestep: 937.5
current_timestep: 833.3333129882812
current_timestep: 625.0
current_timestep: 1000.0
current_timestep: 937.5
current_timestep: 833.3333129882812
current_timestep: 625.0
current_timestep: 1000.0
current_timestep: 937.5
current_timestep: 833.3333129882812
current_timestep: 625.0
current_timestep: 1000.0
current_timestep: 937.5
current_timestep: 833.3333129882812
current_timestep: 625.0
current_timestep: 1000.0
current_timestep: 937.5
current_timestep: 833.3333129882812
current_timestep: 625.0
current_timestep: 1000.0
current_timestep: 937.5
current_timestep: 833.3333129882812
current_timestep: 625.0
current_timestep: 1000.0
current_timestep: 937.5
current_timestep: 833.3333129882812
current_timestep: 625.0
current_timestep: 1000.0
current_timestep: 937.5
current_timestep: 833.3333129882812
current_timestep: 625.0
current_timestep: 1000.0
current_timestep: 937.5
current_timestep: 833.3333129882812
current_timestep: 625.0
current_timestep: 1000.0
current_timestep: 937.5
current_timestep: 833.3333129882812
current_timestep: 625.0
current_timestep: 1000.0
current_timestep: 937.5
current_timestep: 833.3333129882812
current_timestep: 625.0
current_timestep: 1000.0
current_timestep: 937.5
current_timestep: 833.3333129882812
current_timestep: 625.0
current_timestep: 1000.0
current_timestep: 937.5
current_timestep: 833.3333129882812
current_timestep: 625.0
current_timestep: 1000.0
current_timestep: 937.5
current_timestep: 833.3333129882812
current_timestep: 625.0
Moving DynamicSwap_WanTextEncoder to cuda:0 with preserved memory: 24.55411195755005 GB
current_timestep: 1000.0
current_timestep: 937.5
current_timestep: 833.3333129882812
current_timestep: 625.0
current_timestep: 1000.0
current_timestep: 937.5
current_timestep: 833.3333129882812
current_timestep: 625.0
current_timestep: 1000.0
current_timestep: 937.5
current_timestep: 833.3333129882812
current_timestep: 625.0
current_timestep: 1000.0
current_timestep: 937.5
current_timestep: 833.3333129882812
current_timestep: 625.0
current_timestep: 1000.0
current_timestep: 937.5
current_timestep: 833.3333129882812
current_timestep: 625.0
current_timestep: 1000.0
current_timestep: 937.5
current_timestep: 833.3333129882812
current_timestep: 625.0
current_timestep: 1000.0
current_timestep: 937.5
current_timestep: 833.3333129882812
current_timestep: 625.0
current_timestep: 1000.0
current_timestep: 937.5
current_timestep: 833.3333129882812
current_timestep: 625.0
current_timestep: 1000.0
current_timestep: 937.5
current_timestep: 833.3333129882812
current_timestep: 625.0
current_timestep: 1000.0
current_timestep: 937.5
current_timestep: 833.3333129882812
current_timestep: 625.0
current_timestep: 1000.0
current_timestep: 937.5
current_timestep: 833.3333129882812
current_timestep: 625.0
current_timestep: 1000.0
current_timestep: 937.5
current_timestep: 833.3333129882812
current_timestep: 625.0
current_timestep: 1000.0
current_timestep: 937.5
current_timestep: 833.3333129882812
current_timestep: 625.0
current_timestep: 1000.0
current_timestep: 937.5
current_timestep: 833.3333129882812
current_timestep: 625.0
Moving DynamicSwap_WanTextEncoder to cuda:0 with preserved memory: 24.55411195755005 GB
current_timestep: 1000.0
current_timestep: 937.5
current_timestep: 833.3333129882812
current_timestep: 625.0
current_timestep: 1000.0
current_timestep: 937.5
current_timestep: 833.3333129882812
current_timestep: 625.0
current_timestep: 1000.0
current_timestep: 937.5
current_timestep: 833.3333129882812
current_timestep: 625.0
current_timestep: 1000.0
current_timestep: 937.5
current_timestep: 833.3333129882812
current_timestep: 625.0
current_timestep: 1000.0
current_timestep: 937.5
current_timestep: 833.3333129882812
current_timestep: 625.0
current_timestep: 1000.0
current_timestep: 937.5
current_timestep: 833.3333129882812
current_timestep: 625.0
current_timestep: 1000.0
current_timestep: 937.5
current_timestep: 833.3333129882812
current_timestep: 625.0
current_timestep: 1000.0
current_timestep: 937.5
current_timestep: 833.3333129882812
current_timestep: 625.0
current_timestep: 1000.0
current_timestep: 937.5
current_timestep: 833.3333129882812
current_timestep: 625.0
current_timestep: 1000.0
current_timestep: 937.5
current_timestep: 833.3333129882812
current_timestep: 625.0
current_timestep: 1000.0
current_timestep: 937.5
current_timestep: 833.3333129882812
current_timestep: 625.0
current_timestep: 1000.0
current_timestep: 937.5
current_timestep: 833.3333129882812
current_timestep: 625.0
current_timestep: 1000.0
current_timestep: 937.5
current_timestep: 833.3333129882812
current_timestep: 625.0
current_timestep: 1000.0
current_timestep: 937.5
current_timestep: 833.3333129882812
current_timestep: 625.0
Moving DynamicSwap_WanTextEncoder to cuda:0 with preserved memory: 24.55411195755005 GB
current_timestep: 1000.0
current_timestep: 937.5
current_timestep: 833.3333129882812
current_timestep: 625.0
current_timestep: 1000.0
current_timestep: 937.5
current_timestep: 833.3333129882812
current_timestep: 625.0
current_timestep: 1000.0
current_timestep: 937.5
current_timestep: 833.3333129882812
current_timestep: 625.0
current_timestep: 1000.0
current_timestep: 937.5
current_timestep: 833.3333129882812
current_timestep: 625.0
current_timestep: 1000.0
current_timestep: 937.5
current_timestep: 833.3333129882812
current_timestep: 625.0
current_timestep: 1000.0
current_timestep: 937.5
current_timestep: 833.3333129882812
current_timestep: 625.0
current_timestep: 1000.0
current_timestep: 937.5
current_timestep: 833.3333129882812
current_timestep: 625.0
current_timestep: 1000.0
current_timestep: 937.5
current_timestep: 833.3333129882812
current_timestep: 625.0
current_timestep: 1000.0
current_timestep: 937.5
current_timestep: 833.3333129882812
current_timestep: 625.0
current_timestep: 1000.0
current_timestep: 937.5
current_timestep: 833.3333129882812
current_timestep: 625.0
current_timestep: 1000.0
current_timestep: 937.5
current_timestep: 833.3333129882812
current_timestep: 625.0
current_timestep: 1000.0
current_timestep: 937.5
current_timestep: 833.3333129882812
current_timestep: 625.0
current_timestep: 1000.0
current_timestep: 937.5
current_timestep: 833.3333129882812
current_timestep: 625.0
current_timestep: 1000.0
current_timestep: 937.5
current_timestep: 833.3333129882812
current_timestep: 625.0
{
  "method": "FLOWCACHE_PROFILE",
  "num_prompts": 10,
  "num_samples": 1,
  "total_runtime_s": 672.6266151936725,
  "avg_runtime_s_per_prompt": 67.26266151936724,
  "peak_vram_bytes": 20701900800,
  "quantize_time_s": 272.88827174529433,
  "dequantize_time_s": 0.07890562061220407,
  "bf16_kv_bytes": 12076646400,
  "compressed_kv_bytes": 12076646400,
  "compression_ratio": 1.0,
  "first_video_shape": [
    1,
    165,
    3,
    480,
    832
  ],
  "flowcache_profile_recent_ratio": 0.25,
  "flowcache_profile_num_layers": 30,
  "flowcache_profile_avg_old_delta": 0.03789029176026783,
  "flowcache_profile_layer_scores": {
    "0": 0.03999840838566296,
    "1": 0.03853113329985132,
    "2": 0.0385006760709556,
    "3": 0.037774014304376255,
    "4": 0.037714485092625274,
    "5": 0.03783177957704322,
    "6": 0.03848639274694783,
    "7": 0.03796952783461597,
    "8": 0.037464381952186,
    "9": 0.03850194435712676,
    "10": 0.037297084512331095,
    "11": 0.0378303807673155,
    "12": 0.03740586811645051,
    "13": 0.036978945525015815,
    "14": 0.036886760317759934,
    "15": 0.03735412487464215,
    "16": 0.03683403241969014,
    "17": 0.037136908432456935,
    "18": 0.03762872225887111,
    "19": 0.037563615486231015,
    "20": 0.03765887172876905,
    "21": 0.03786620344587807,
    "22": 0.03777402136159145,
    "23": 0.037756647973684436,
    "24": 0.03826721395827609,
    "25": 0.03798770763611389,
    "26": 0.037690750656302195,
    "27": 0.038703647382257476,
    "28": 0.03830638121063742,
    "29": 0.03900812112236932
  },
  "flowcache_profile_layer_scores_all_chunks": {
    "0": 0.05018520931355537,
    "1": 0.04090535907045243,
    "2": 0.03647007856482551,
    "3": 0.033780857673240086,
    "4": 0.033163946546495904,
    "5": 0.03280545049054282,
    "6": 0.0339912677804629,
    "7": 0.03341030009138206,
    "8": 0.032294446085062295,
    "9": 0.03272698708339816,
    "10": 0.032419890609880285,
    "11": 0.03271153287081018,
    "12": 0.03206570847107777,
    "13": 0.030996311471694047,
    "14": 0.030883666698658278,
    "15": 0.03183665629559093,
    "16": 0.031011278440909725,
    "17": 0.031457965511533,
    "18": 0.0316695608041944,
    "19": 0.033921245477384045,
    "20": 0.034649743681862244,
    "21": 0.035520618671462646,
    "22": 0.035612253290083676,
    "23": 0.03478225004058036,
    "24": 0.034225868561911205,
    "25": 0.033681025995976395,
    "26": 0.03344362636832964,
    "27": 0.03416443423761262,
    "28": 0.032847325192675705,
    "29": 0.03758263619149488
  }
}
/data/vaishak/combined-kv-quant/third_party/Self-Forcing/wan/modules/vae.py:634: FutureWarning: You are using `torch.load` with `weights_only=False` (the current default value), which uses the default pickle module implicitly. It is possible to construct malicious pickle data which will execute arbitrary code during unpickling (See https://github.com/pytorch/pytorch/blob/main/SECURITY.md#untrusted-models for more details). In a future release, the default value for `weights_only` will be flipped to `True`. This limits the functions that could be executed during unpickling. Arbitrary objects will no longer be allowed to be loaded via this mode unless they are explicitly allowlisted by the user via `torch.serialization.add_safe_globals`. We recommend you start setting `weights_only=True` for any use case where you don't have full control of the loaded file. Please open an issue on GitHub for any issues related to this experimental feature.
  torch.load(pretrained_path, map_location=device), assign=True)
/data/vaishak/combined-kv-quant/scripts/01_generate.py:408: FutureWarning: You are using `torch.load` with `weights_only=False` (the current default value), which uses the default pickle module implicitly. It is possible to construct malicious pickle data which will execute arbitrary code during unpickling (See https://github.com/pytorch/pytorch/blob/main/SECURITY.md#untrusted-models for more details). In a future release, the default value for `weights_only` will be flipped to `True`. This limits the functions that could be executed during unpickling. Arbitrary objects will no longer be allowed to be loaded via this mode unless they are explicitly allowlisted by the user via `torch.serialization.add_safe_globals`. We recommend you start setting `weights_only=True` for any use case where you don't have full control of the loaded file. Please open an issue on GitHub for any issues related to this experimental feature.
  state_dict = torch.load(str(checkpoint_path), map_location="cpu")
KV inference with 3 frames per block
Moving DynamicSwap_WanTextEncoder to cuda:0 with preserved memory: 25.303240299224854 GB
current_timestep: 1000.0
current_timestep: 937.5
current_timestep: 833.3333129882812
current_timestep: 625.0
current_timestep: 1000.0
current_timestep: 937.5
current_timestep: 833.3333129882812
current_timestep: 625.0
current_timestep: 1000.0
current_timestep: 937.5
current_timestep: 833.3333129882812
current_timestep: 625.0
current_timestep: 1000.0
current_timestep: 937.5
current_timestep: 833.3333129882812
current_timestep: 625.0
current_timestep: 1000.0
current_timestep: 937.5
current_timestep: 833.3333129882812
current_timestep: 625.0
current_timestep: 1000.0
current_timestep: 937.5
current_timestep: 833.3333129882812
current_timestep: 625.0
current_timestep: 1000.0
current_timestep: 937.5
current_timestep: 833.3333129882812
current_timestep: 625.0
current_timestep: 1000.0
current_timestep: 937.5
current_timestep: 833.3333129882812
current_timestep: 625.0
current_timestep: 1000.0
current_timestep: 937.5
current_timestep: 833.3333129882812
current_timestep: 625.0
current_timestep: 1000.0
current_timestep: 937.5
current_timestep: 833.3333129882812
current_timestep: 625.0
current_timestep: 1000.0
current_timestep: 937.5
current_timestep: 833.3333129882812
current_timestep: 625.0
current_timestep: 1000.0
current_timestep: 937.5
current_timestep: 833.3333129882812
current_timestep: 625.0
current_timestep: 1000.0
current_timestep: 937.5
current_timestep: 833.3333129882812
current_timestep: 625.0
current_timestep: 1000.0
current_timestep: 937.5
current_timestep: 833.3333129882812
current_timestep: 625.0
Moving DynamicSwap_WanTextEncoder to cuda:0 with preserved memory: 24.55411195755005 GB
current_timestep: 1000.0
current_timestep: 937.5
current_timestep: 833.3333129882812
current_timestep: 625.0
current_timestep: 1000.0
current_timestep: 937.5
current_timestep: 833.3333129882812
current_timestep: 625.0
current_timestep: 1000.0
current_timestep: 937.5
current_timestep: 833.3333129882812
current_timestep: 625.0
current_timestep: 1000.0
current_timestep: 937.5
current_timestep: 833.3333129882812
current_timestep: 625.0
current_timestep: 1000.0
current_timestep: 937.5
current_timestep: 833.3333129882812
current_timestep: 625.0
current_timestep: 1000.0
current_timestep: 937.5
current_timestep: 833.3333129882812
current_timestep: 625.0
current_timestep: 1000.0
current_timestep: 937.5
current_timestep: 833.3333129882812
current_timestep: 625.0
current_timestep: 1000.0
current_timestep: 937.5
current_timestep: 833.3333129882812
current_timestep: 625.0
current_timestep: 1000.0
current_timestep: 937.5
current_timestep: 833.3333129882812
current_timestep: 625.0
current_timestep: 1000.0
current_timestep: 937.5
current_timestep: 833.3333129882812
current_timestep: 625.0
current_timestep: 1000.0
current_timestep: 937.5
current_timestep: 833.3333129882812
current_timestep: 625.0
current_timestep: 1000.0
current_timestep: 937.5
current_timestep: 833.3333129882812
current_timestep: 625.0
current_timestep: 1000.0
current_timestep: 937.5
current_timestep: 833.3333129882812
current_timestep: 625.0
current_timestep: 1000.0
current_timestep: 937.5
current_timestep: 833.3333129882812
current_timestep: 625.0
Moving DynamicSwap_WanTextEncoder to cuda:0 with preserved memory: 24.55411195755005 GB
current_timestep: 1000.0
current_timestep: 937.5
current_timestep: 833.3333129882812
current_timestep: 625.0
current_timestep: 1000.0
current_timestep: 937.5
current_timestep: 833.3333129882812
current_timestep: 625.0
current_timestep: 1000.0
current_timestep: 937.5
current_timestep: 833.3333129882812
current_timestep: 625.0
current_timestep: 1000.0
current_timestep: 937.5
current_timestep: 833.3333129882812
current_timestep: 625.0
current_timestep: 1000.0
current_timestep: 937.5
current_timestep: 833.3333129882812
current_timestep: 625.0
current_timestep: 1000.0
current_timestep: 937.5
current_timestep: 833.3333129882812
current_timestep: 625.0
current_timestep: 1000.0
current_timestep: 937.5
current_timestep: 833.3333129882812
current_timestep: 625.0
current_timestep: 1000.0
current_timestep: 937.5
current_timestep: 833.3333129882812
current_timestep: 625.0
current_timestep: 1000.0
current_timestep: 937.5
current_timestep: 833.3333129882812
current_timestep: 625.0
current_timestep: 1000.0
current_timestep: 937.5
current_timestep: 833.3333129882812
current_timestep: 625.0
current_timestep: 1000.0
current_timestep: 937.5
current_timestep: 833.3333129882812
current_timestep: 625.0
current_timestep: 1000.0
current_timestep: 937.5
current_timestep: 833.3333129882812
current_timestep: 625.0
current_timestep: 1000.0
current_timestep: 937.5
current_timestep: 833.3333129882812
current_timestep: 625.0
current_timestep: 1000.0
current_timestep: 937.5
current_timestep: 833.3333129882812
current_timestep: 625.0
Moving DynamicSwap_WanTextEncoder to cuda:0 with preserved memory: 24.55411195755005 GB
current_timestep: 1000.0
current_timestep: 937.5
current_timestep: 833.3333129882812
current_timestep: 625.0
current_timestep: 1000.0
current_timestep: 937.5
current_timestep: 833.3333129882812
current_timestep: 625.0
current_timestep: 1000.0
current_timestep: 937.5
current_timestep: 833.3333129882812
current_timestep: 625.0
current_timestep: 1000.0
current_timestep: 937.5
current_timestep: 833.3333129882812
current_timestep: 625.0
current_timestep: 1000.0
current_timestep: 937.5
current_timestep: 833.3333129882812
current_timestep: 625.0
current_timestep: 1000.0
current_timestep: 937.5
current_timestep: 833.3333129882812
current_timestep: 625.0
current_timestep: 1000.0
current_timestep: 937.5
current_timestep: 833.3333129882812
current_timestep: 625.0
current_timestep: 1000.0
current_timestep: 937.5
current_timestep: 833.3333129882812
current_timestep: 625.0
current_timestep: 1000.0
current_timestep: 937.5
current_timestep: 833.3333129882812
current_timestep: 625.0
current_timestep: 1000.0
current_timestep: 937.5
current_timestep: 833.3333129882812
current_timestep: 625.0
current_timestep: 1000.0
current_timestep: 937.5
current_timestep: 833.3333129882812
current_timestep: 625.0
current_timestep: 1000.0
current_timestep: 937.5
current_timestep: 833.3333129882812
current_timestep: 625.0
current_timestep: 1000.0
current_timestep: 937.5
current_timestep: 833.3333129882812
current_timestep: 625.0
current_timestep: 1000.0
current_timestep: 937.5
current_timestep: 833.3333129882812
current_timestep: 625.0
Moving DynamicSwap_WanTextEncoder to cuda:0 with preserved memory: 24.55411195755005 GB
current_timestep: 1000.0
current_timestep: 937.5
current_timestep: 833.3333129882812
current_timestep: 625.0
current_timestep: 1000.0
current_timestep: 937.5
current_timestep: 833.3333129882812
current_timestep: 625.0
current_timestep: 1000.0
current_timestep: 937.5
current_timestep: 833.3333129882812
current_timestep: 625.0
current_timestep: 1000.0
current_timestep: 937.5
current_timestep: 833.3333129882812
current_timestep: 625.0
current_timestep: 1000.0
current_timestep: 937.5
current_timestep: 833.3333129882812
current_timestep: 625.0
current_timestep: 1000.0
current_timestep: 937.5
current_timestep: 833.3333129882812
current_timestep: 625.0
current_timestep: 1000.0
current_timestep: 937.5
current_timestep: 833.3333129882812
current_timestep: 625.0
current_timestep: 1000.0
current_timestep: 937.5
current_timestep: 833.3333129882812
current_timestep: 625.0
current_timestep: 1000.0
current_timestep: 937.5
current_timestep: 833.3333129882812
current_timestep: 625.0
current_timestep: 1000.0
current_timestep: 937.5
current_timestep: 833.3333129882812
current_timestep: 625.0
current_timestep: 1000.0
current_timestep: 937.5
current_timestep: 833.3333129882812
current_timestep: 625.0
current_timestep: 1000.0
current_timestep: 937.5
current_timestep: 833.3333129882812
current_timestep: 625.0
current_timestep: 1000.0
current_timestep: 937.5
current_timestep: 833.3333129882812
current_timestep: 625.0
current_timestep: 1000.0
current_timestep: 937.5
current_timestep: 833.3333129882812
current_timestep: 625.0
Moving DynamicSwap_WanTextEncoder to cuda:0 with preserved memory: 24.55411195755005 GB
current_timestep: 1000.0
current_timestep: 937.5
current_timestep: 833.3333129882812
current_timestep: 625.0
current_timestep: 1000.0
current_timestep: 937.5
current_timestep: 833.3333129882812
current_timestep: 625.0
current_timestep: 1000.0
current_timestep: 937.5
current_timestep: 833.3333129882812
current_timestep: 625.0
current_timestep: 1000.0
current_timestep: 937.5
current_timestep: 833.3333129882812
current_timestep: 625.0
current_timestep: 1000.0
current_timestep: 937.5
current_timestep: 833.3333129882812
current_timestep: 625.0
current_timestep: 1000.0
current_timestep: 937.5
current_timestep: 833.3333129882812
current_timestep: 625.0
current_timestep: 1000.0
current_timestep: 937.5
current_timestep: 833.3333129882812
current_timestep: 625.0
current_timestep: 1000.0
current_timestep: 937.5
current_timestep: 833.3333129882812
current_timestep: 625.0
current_timestep: 1000.0
current_timestep: 937.5
current_timestep: 833.3333129882812
current_timestep: 625.0
current_timestep: 1000.0
current_timestep: 937.5
current_timestep: 833.3333129882812
current_timestep: 625.0
current_timestep: 1000.0
current_timestep: 937.5
current_timestep: 833.3333129882812
current_timestep: 625.0
current_timestep: 1000.0
current_timestep: 937.5
current_timestep: 833.3333129882812
current_timestep: 625.0
current_timestep: 1000.0
current_timestep: 937.5
current_timestep: 833.3333129882812
current_timestep: 625.0
current_timestep: 1000.0
current_timestep: 937.5
current_timestep: 833.3333129882812
current_timestep: 625.0
Moving DynamicSwap_WanTextEncoder to cuda:0 with preserved memory: 24.55411195755005 GB
current_timestep: 1000.0
current_timestep: 937.5
current_timestep: 833.3333129882812
current_timestep: 625.0
current_timestep: 1000.0
current_timestep: 937.5
current_timestep: 833.3333129882812
current_timestep: 625.0
current_timestep: 1000.0
current_timestep: 937.5
current_timestep: 833.3333129882812
current_timestep: 625.0
current_timestep: 1000.0
current_timestep: 937.5
current_timestep: 833.3333129882812
current_timestep: 625.0
current_timestep: 1000.0
current_timestep: 937.5
current_timestep: 833.3333129882812
current_timestep: 625.0
current_timestep: 1000.0
current_timestep: 937.5
current_timestep: 833.3333129882812
current_timestep: 625.0
current_timestep: 1000.0
current_timestep: 937.5
current_timestep: 833.3333129882812
current_timestep: 625.0
current_timestep: 1000.0
current_timestep: 937.5
current_timestep: 833.3333129882812
current_timestep: 625.0
current_timestep: 1000.0
current_timestep: 937.5
current_timestep: 833.3333129882812
current_timestep: 625.0
current_timestep: 1000.0
current_timestep: 937.5
current_timestep: 833.3333129882812
current_timestep: 625.0
current_timestep: 1000.0
current_timestep: 937.5
current_timestep: 833.3333129882812
current_timestep: 625.0
current_timestep: 1000.0
current_timestep: 937.5
current_timestep: 833.3333129882812
current_timestep: 625.0
current_timestep: 1000.0
current_timestep: 937.5
current_timestep: 833.3333129882812
current_timestep: 625.0
current_timestep: 1000.0
current_timestep: 937.5
current_timestep: 833.3333129882812
current_timestep: 625.0
Moving DynamicSwap_WanTextEncoder to cuda:0 with preserved memory: 24.55411195755005 GB
current_timestep: 1000.0
current_timestep: 937.5
current_timestep: 833.3333129882812
current_timestep: 625.0
current_timestep: 1000.0
current_timestep: 937.5
current_timestep: 833.3333129882812
current_timestep: 625.0
current_timestep: 1000.0
current_timestep: 937.5
current_timestep: 833.3333129882812
current_timestep: 625.0
current_timestep: 1000.0
current_timestep: 937.5
current_timestep: 833.3333129882812
current_timestep: 625.0
current_timestep: 1000.0
current_timestep: 937.5
current_timestep: 833.3333129882812
current_timestep: 625.0
current_timestep: 1000.0
current_timestep: 937.5
current_timestep: 833.3333129882812
current_timestep: 625.0
current_timestep: 1000.0
current_timestep: 937.5
current_timestep: 833.3333129882812
current_timestep: 625.0
current_timestep: 1000.0
current_timestep: 937.5
current_timestep: 833.3333129882812
current_timestep: 625.0
current_timestep: 1000.0
current_timestep: 937.5
current_timestep: 833.3333129882812
current_timestep: 625.0
current_timestep: 1000.0
current_timestep: 937.5
current_timestep: 833.3333129882812
current_timestep: 625.0
current_timestep: 1000.0
current_timestep: 937.5
current_timestep: 833.3333129882812
current_timestep: 625.0
current_timestep: 1000.0
current_timestep: 937.5
current_timestep: 833.3333129882812
current_timestep: 625.0
current_timestep: 1000.0
current_timestep: 937.5
current_timestep: 833.3333129882812
current_timestep: 625.0
current_timestep: 1000.0
current_timestep: 937.5
current_timestep: 833.3333129882812
current_timestep: 625.0
Moving DynamicSwap_WanTextEncoder to cuda:0 with preserved memory: 24.55411195755005 GB
current_timestep: 1000.0
current_timestep: 937.5
current_timestep: 833.3333129882812
current_timestep: 625.0
current_timestep: 1000.0
current_timestep: 937.5
current_timestep: 833.3333129882812
current_timestep: 625.0
current_timestep: 1000.0
current_timestep: 937.5
current_timestep: 833.3333129882812
current_timestep: 625.0
current_timestep: 1000.0
current_timestep: 937.5
current_timestep: 833.3333129882812
current_timestep: 625.0
current_timestep: 1000.0
current_timestep: 937.5
current_timestep: 833.3333129882812
current_timestep: 625.0
current_timestep: 1000.0
current_timestep: 937.5
current_timestep: 833.3333129882812
current_timestep: 625.0
current_timestep: 1000.0
current_timestep: 937.5
current_timestep: 833.3333129882812
current_timestep: 625.0
current_timestep: 1000.0
current_timestep: 937.5
current_timestep: 833.3333129882812
current_timestep: 625.0
current_timestep: 1000.0
current_timestep: 937.5
current_timestep: 833.3333129882812
current_timestep: 625.0
current_timestep: 1000.0
current_timestep: 937.5
current_timestep: 833.3333129882812
current_timestep: 625.0
current_timestep: 1000.0
current_timestep: 937.5
current_timestep: 833.3333129882812
current_timestep: 625.0
current_timestep: 1000.0
current_timestep: 937.5
current_timestep: 833.3333129882812
current_timestep: 625.0
current_timestep: 1000.0
current_timestep: 937.5
current_timestep: 833.3333129882812
current_timestep: 625.0
current_timestep: 1000.0
current_timestep: 937.5
current_timestep: 833.3333129882812
current_timestep: 625.0
Moving DynamicSwap_WanTextEncoder to cuda:0 with preserved memory: 24.55411195755005 GB
current_timestep: 1000.0
current_timestep: 937.5
current_timestep: 833.3333129882812
current_timestep: 625.0
current_timestep: 1000.0
current_timestep: 937.5
current_timestep: 833.3333129882812
current_timestep: 625.0
current_timestep: 1000.0
current_timestep: 937.5
current_timestep: 833.3333129882812
current_timestep: 625.0
current_timestep: 1000.0
current_timestep: 937.5
current_timestep: 833.3333129882812
current_timestep: 625.0
current_timestep: 1000.0
current_timestep: 937.5
current_timestep: 833.3333129882812
current_timestep: 625.0
current_timestep: 1000.0
current_timestep: 937.5
current_timestep: 833.3333129882812
current_timestep: 625.0
current_timestep: 1000.0
current_timestep: 937.5
current_timestep: 833.3333129882812
current_timestep: 625.0
current_timestep: 1000.0
current_timestep: 937.5
current_timestep: 833.3333129882812
current_timestep: 625.0
current_timestep: 1000.0
current_timestep: 937.5
current_timestep: 833.3333129882812
current_timestep: 625.0
current_timestep: 1000.0
current_timestep: 937.5
current_timestep: 833.3333129882812
current_timestep: 625.0
current_timestep: 1000.0
current_timestep: 937.5
current_timestep: 833.3333129882812
current_timestep: 625.0
current_timestep: 1000.0
current_timestep: 937.5
current_timestep: 833.3333129882812
current_timestep: 625.0
current_timestep: 1000.0
current_timestep: 937.5
current_timestep: 833.3333129882812
current_timestep: 625.0
current_timestep: 1000.0
current_timestep: 937.5
current_timestep: 833.3333129882812
current_timestep: 625.0
{
  "method": "FLOWCACHE_PRUNE_INT2",
  "num_prompts": 10,
  "num_samples": 1,
  "total_runtime_s": 726.0576951052062,
  "avg_runtime_s_per_prompt": 72.60576951052062,
  "peak_vram_bytes": 12571744256,
  "quantize_time_s": 78.37007641466334,
  "dequantize_time_s": 10.436046933289617,
  "bf16_kv_bytes": 12076646400,
  "compressed_kv_bytes": 1766325120,
  "compression_ratio": 6.837159401322447,
  "first_video_shape": [
    1,
    165,
    3,
    480,
    832
  ],
  "flowcache_prune_events": 21000.0,
  "flowcache_prune_avg_recent_ratio": 0.23246608770417346,
  "flowcache_prune_avg_important_ratio": 0.09818882836739594,
  "flowcache_prune_avg_retained_ratio": 0.28234779330017346,
  "flowcache_prune_avg_pruned_ratio": 0.38699729062822247,
  "flowcache_prune_avg_layer_budget": 0.900278225837096,
  "flowcache_prune_avg_delta": 194150.31789771552,
  "flowcache_prune_refresh_rate": 0.2,
  "flowcache_prune_config_chunk_recent_ratio": 0.25,
  "flowcache_prune_config_important_old_ratio": 0.1,
  "flowcache_prune_config_retained_old_ratio": 0.45,
  "flowcache_prune_refresh_gap_chunks": 1.0,
  "flowcache_prune_recent_bits": 4.0,
  "flowcache_prune_old_bits": 2.0,
  "flowcache_prune_importance_alpha": 0.7,
  "flowcache_prune_importance_beta": 0.3
}
/home/suraj/miniforge3/envs/qvg_sf_infer/lib/python3.10/site-packages/torchvision/models/_utils.py:208: UserWarning: The parameter 'pretrained' is deprecated since 0.13 and may be removed in the future, please use 'weights' instead.
  warnings.warn(
/home/suraj/miniforge3/envs/qvg_sf_infer/lib/python3.10/site-packages/torchvision/models/_utils.py:223: UserWarning: Arguments other than a weight enum or `None` for 'weights' are deprecated since 0.13 and may be removed in the future. The current behavior is equivalent to passing `weights=AlexNet_Weights.IMAGENET1K_V1`. You can also use `weights=AlexNet_Weights.DEFAULT` to get the most up-to-date weights.
  warnings.warn(msg)
/home/suraj/miniforge3/envs/qvg_sf_infer/lib/python3.10/site-packages/lpips/lpips.py:107: FutureWarning: You are using `torch.load` with `weights_only=False` (the current default value), which uses the default pickle module implicitly. It is possible to construct malicious pickle data which will execute arbitrary code during unpickling (See https://github.com/pytorch/pytorch/blob/main/SECURITY.md#untrusted-models for more details). In a future release, the default value for `weights_only` will be flipped to `True`. This limits the functions that could be executed during unpickling. Arbitrary objects will no longer be allowed to be loaded via this mode unless they are explicitly allowlisted by the user via `torch.serialization.add_safe_globals`. We recommend you start setting `weights_only=True` for any use case where you don't have full control of the loaded file. Please open an issue on GitHub for any issues related to this experimental feature.
  self.load_state_dict(torch.load(model_path, map_location='cpu'), strict=False)
Setting up [LPIPS] perceptual loss: trunk [alex], v[0.1], spatial [off]
Loading model from: /home/suraj/miniforge3/envs/qvg_sf_infer/lib/python3.10/site-packages/lpips/weights/v0.1/alex.pth
{
  "num_videos": 10,
  "psnr": 15.319278736560355,
  "ssim": 0.45783463000532165,
  "lpips": 0.48077072565556705
}
prompt_map_size=10
[W310 04:31:36.233214126 CUDAAllocatorConfig.h:28] Warning: expandable_segments not supported on this platform (function operator())
[rank0]:[W310 04:31:37.460187775 ProcessGroupNCCL.cpp:4115] [PG ID 0 PG GUID 0 Rank 0]  using GPU 0 to perform barrier as devices used by this process are currently unknown. This can potentially cause a hang if this rank to GPU mapping is incorrect.Specify device_ids in barrier() to force use of a particular device,or call init_process_group() with a device_id.
/home/suraj/miniforge3/envs/qvg_sf_eval/lib/python3.10/site-packages/clip/clip.py:6: UserWarning: pkg_resources is deprecated as an API. See https://setuptools.pypa.io/en/latest/pkg_resources.html. The pkg_resources package is slated for removal as early as 2025-11-30. Refrain from using this package or pin to Setuptools<81.
  from pkg_resources import packaging
args: Namespace(output_path='/data/vaishak/combined-kv-quant/results/runs/backfill_flowcache_prune_int2_f163dc4eb7a9_10s/metrics/vbench_FLOWCACHE_PRUNE_INT2', full_json_dir='/data/vaishak/combined-kv-quant/third_party/VBench/vbench/VBench_full_info.json', videos_path='/data/vaishak/combined-kv-quant/results/runs/backfill_flowcache_prune_int2_f163dc4eb7a9_10s/videos/FLOWCACHE_PRUNE_INT2', dimension=['background_consistency', 'imaging_quality', 'subject_consistency', 'aesthetic_quality'], load_ckpt_from_local=None, read_frame=None, mode='custom_input', prompt='None', prompt_file='/data/vaishak/combined-kv-quant/results/runs/backfill_flowcache_prune_int2_f163dc4eb7a9_10s/metrics/vbench_FLOWCACHE_PRUNE_INT2/prompt_map.json', category=None, imaging_quality_preprocessing_mode='longer')
start evaluation
Evaluation meta data saved to /data/vaishak/combined-kv-quant/results/runs/backfill_flowcache_prune_int2_f163dc4eb7a9_10s/metrics/vbench_FLOWCACHE_PRUNE_INT2/results_2026-03-10-04:31:37_full_info.json
cur_full_info_path: /data/vaishak/combined-kv-quant/results/runs/backfill_flowcache_prune_int2_f163dc4eb7a9_10s/metrics/vbench_FLOWCACHE_PRUNE_INT2/results_2026-03-10-04:31:37_full_info.json
  0%|          | 0/10 [00:00<?, ?it/s] 10%|█         | 1/10 [00:00<00:06,  1.33it/s] 20%|██        | 2/10 [00:01<00:05,  1.49it/s] 30%|███       | 3/10 [00:01<00:04,  1.53it/s] 40%|████      | 4/10 [00:02<00:03,  1.55it/s] 50%|█████     | 5/10 [00:03<00:03,  1.54it/s] 60%|██████    | 6/10 [00:03<00:02,  1.56it/s] 70%|███████   | 7/10 [00:04<00:01,  1.54it/s] 80%|████████  | 8/10 [00:05<00:01,  1.55it/s] 90%|█████████ | 9/10 [00:05<00:00,  1.54it/s]100%|██████████| 10/10 [00:06<00:00,  1.55it/s]100%|██████████| 10/10 [00:06<00:00,  1.54it/s]
/home/suraj/miniforge3/envs/qvg_sf_eval/lib/python3.10/site-packages/timm/models/layers/__init__.py:48: FutureWarning: Importing from timm.models.layers is deprecated, please import via timm.layers
  warnings.warn(f"Importing from {__name__} is deprecated, please import via timm.layers", FutureWarning)
/home/suraj/miniforge3/envs/qvg_sf_eval/lib/python3.10/site-packages/pyiqa/archs/arch_util.py:118: FutureWarning: You are using `torch.load` with `weights_only=False` (the current default value), which uses the default pickle module implicitly. It is possible to construct malicious pickle data which will execute arbitrary code during unpickling (See https://github.com/pytorch/pytorch/blob/main/SECURITY.md#untrusted-models for more details). In a future release, the default value for `weights_only` will be flipped to `True`. This limits the functions that could be executed during unpickling. Arbitrary objects will no longer be allowed to be loaded via this mode unless they are explicitly allowlisted by the user via `torch.serialization.add_safe_globals`. We recommend you start setting `weights_only=True` for any use case where you don't have full control of the loaded file. Please open an issue on GitHub for any issues related to this experimental feature.
  state_dict = torch.load(model_path, map_location=torch.device("cpu"))
cur_full_info_path: /data/vaishak/combined-kv-quant/results/runs/backfill_flowcache_prune_int2_f163dc4eb7a9_10s/metrics/vbench_FLOWCACHE_PRUNE_INT2/results_2026-03-10-04:31:37_full_info.json
Loading pretrained model MUSIQ from /home/vaishak/.cache/vbench/pyiqa_model/musiq_spaq_ckpt-358bb6af.pth
  0%|          | 0/10 [00:00<?, ?it/s] 10%|█         | 1/10 [00:02<00:26,  2.96s/it] 20%|██        | 2/10 [00:05<00:22,  2.85s/it] 30%|███       | 3/10 [00:08<00:19,  2.83s/it] 40%|████      | 4/10 [00:11<00:16,  2.81s/it] 50%|█████     | 5/10 [00:14<00:14,  2.81s/it] 60%|██████    | 6/10 [00:16<00:11,  2.80s/it] 70%|███████   | 7/10 [00:19<00:08,  2.81s/it] 80%|████████  | 8/10 [00:22<00:05,  2.83s/it] 90%|█████████ | 9/10 [00:25<00:02,  2.84s/it]100%|██████████| 10/10 [00:28<00:00,  2.85s/it]100%|██████████| 10/10 [00:28<00:00,  2.83s/it]
Using cache found in /home/vaishak/.cache/torch/hub/facebookresearch_dino_main
2026-03-10 04:32:17,757 - vbench.subject_consistency - INFO - Initialize DINO success
cur_full_info_path: /data/vaishak/combined-kv-quant/results/runs/backfill_flowcache_prune_int2_f163dc4eb7a9_10s/metrics/vbench_FLOWCACHE_PRUNE_INT2/results_2026-03-10-04:31:37_full_info.json
  0%|          | 0/10 [00:00<?, ?it/s] 10%|█         | 1/10 [00:02<00:18,  2.08s/it] 20%|██        | 2/10 [00:04<00:16,  2.08s/it] 30%|███       | 3/10 [00:06<00:14,  2.09s/it] 40%|████      | 4/10 [00:08<00:12,  2.09s/it] 50%|█████     | 5/10 [00:10<00:10,  2.10s/it] 60%|██████    | 6/10 [00:12<00:08,  2.10s/it] 70%|███████   | 7/10 [00:14<00:06,  2.10s/it] 80%|████████  | 8/10 [00:16<00:04,  2.10s/it] 90%|█████████ | 9/10 [00:18<00:02,  2.10s/it]100%|██████████| 10/10 [00:20<00:00,  2.11s/it]100%|██████████| 10/10 [00:20<00:00,  2.10s/it]
/data/vaishak/kv-quant-longhorizon/third_party/VBench/vbench/aesthetic_quality.py:41: FutureWarning: You are using `torch.load` with `weights_only=False` (the current default value), which uses the default pickle module implicitly. It is possible to construct malicious pickle data which will execute arbitrary code during unpickling (See https://github.com/pytorch/pytorch/blob/main/SECURITY.md#untrusted-models for more details). In a future release, the default value for `weights_only` will be flipped to `True`. This limits the functions that could be executed during unpickling. Arbitrary objects will no longer be allowed to be loaded via this mode unless they are explicitly allowlisted by the user via `torch.serialization.add_safe_globals`. We recommend you start setting `weights_only=True` for any use case where you don't have full control of the loaded file. Please open an issue on GitHub for any issues related to this experimental feature.
  s = torch.load(path_to_model)
cur_full_info_path: /data/vaishak/combined-kv-quant/results/runs/backfill_flowcache_prune_int2_f163dc4eb7a9_10s/metrics/vbench_FLOWCACHE_PRUNE_INT2/results_2026-03-10-04:31:37_full_info.json
  0%|          | 0/10 [00:00<?, ?it/s] 10%|█         | 1/10 [00:00<00:08,  1.05it/s] 20%|██        | 2/10 [00:01<00:07,  1.01it/s] 30%|███       | 3/10 [00:02<00:07,  1.01s/it] 40%|████      | 4/10 [00:04<00:06,  1.01s/it] 50%|█████     | 5/10 [00:05<00:05,  1.02s/it] 60%|██████    | 6/10 [00:06<00:04,  1.02s/it] 70%|███████   | 7/10 [00:07<00:03,  1.03s/it] 80%|████████  | 8/10 [00:08<00:02,  1.03s/it] 90%|█████████ | 9/10 [00:09<00:01,  1.03s/it]100%|██████████| 10/10 [00:10<00:00,  1.04s/it]100%|██████████| 10/10 [00:10<00:00,  1.02s/it]
Evaluation results saved to /data/vaishak/combined-kv-quant/results/runs/backfill_flowcache_prune_int2_f163dc4eb7a9_10s/metrics/vbench_FLOWCACHE_PRUNE_INT2/results_2026-03-10-04:31:37_eval_results.json
done
[rank0]:[W310 04:32:56.677435625 ProcessGroupNCCL.cpp:1250] Warning: WARNING: process group has NOT been destroyed before we destruct ProcessGroupNCCL. On normal program exit, the application should call destroy_process_group to ensure that any pending NCCL operations have finished in this process. In rare cases this process can exit before this point and block the progress of another member of the process group. This constraint has always been present,  but this warning has only been added since PyTorch 2.4 (function operator())
Saved /data/vaishak/combined-kv-quant/results/runs/backfill_flowcache_prune_int2_f163dc4eb7a9_10s/metrics/vbench_FLOWCACHE_PRUNE_INT2.json
Wrote /data/vaishak/combined-kv-quant/results/runs/backfill_flowcache_prune_int2_f163dc4eb7a9_10s/tables/baseline_summary.csv
Wrote /data/vaishak/combined-kv-quant/results/runs/backfill_flowcache_prune_int2_f163dc4eb7a9_10s/tables/baseline_summary.md
$ /home/suraj/miniforge3/envs/qvg_sf_infer/bin/python /data/vaishak/combined-kv-quant/scripts/01_generate.py --results-root /data/vaishak/combined-kv-quant/results/runs/backfill_flowcache_prune_int2_f163dc4eb7a9_10s/profile_pass --method FLOWCACHE_PROFILE --max-prompts 10 --num-output-frames 42 --seed 0 --flowcache-recent-ratio 0.25 --device cuda:0 --use-ema --device cuda:0 --use-ema --flowcache-recent-ratio 0.25 --flowcache-recent-bits 4 --flowcache-recent-method RTN --flowcache-old-method RTN --flowcache-min-layer-budget-scale 0.7 --flowcache-max-layer-budget-scale 1.3 --flowcache-important-old-ratio 0.1 --flowcache-importance-alpha 0.7 --flowcache-importance-beta 0.3 --flowcache-prune-retained-old-ratio 0.45 --flowcache-prune-refresh-gap-chunks 1
$ /home/suraj/miniforge3/envs/qvg_sf_infer/bin/python /data/vaishak/combined-kv-quant/scripts/01_generate.py --results-root /data/vaishak/combined-kv-quant/results/runs/backfill_flowcache_prune_int2_f163dc4eb7a9_10s --method FLOWCACHE_PRUNE_INT2 --max-prompts 10 --num-output-frames 42 --seed 0 --device cuda:0 --use-ema --flowcache-recent-ratio 0.25 --flowcache-recent-bits 4 --flowcache-recent-method RTN --flowcache-old-method RTN --flowcache-min-layer-budget-scale 0.7 --flowcache-max-layer-budget-scale 1.3 --flowcache-important-old-ratio 0.1 --flowcache-importance-alpha 0.7 --flowcache-importance-beta 0.3 --flowcache-prune-retained-old-ratio 0.45 --flowcache-prune-refresh-gap-chunks 1 --flowcache-layer-budget-path /data/vaishak/combined-kv-quant/results/runs/backfill_flowcache_prune_int2_f163dc4eb7a9_10s/metrics/flowcache_profile_layer_budget.json
$ /home/suraj/miniforge3/envs/qvg_sf_infer/bin/python /data/vaishak/combined-kv-quant/scripts/02_eval_fidelity.py --bf16-dir /data/vaishak/kv-quant-longhorizon/results/runs/1772751420_baseline10s_10prompts_v3/videos/BF16 --candidate-dir /data/vaishak/combined-kv-quant/results/runs/backfill_flowcache_prune_int2_f163dc4eb7a9_10s/videos/FLOWCACHE_PRUNE_INT2 --output /data/vaishak/combined-kv-quant/results/runs/backfill_flowcache_prune_int2_f163dc4eb7a9_10s/metrics/fidelity_FLOWCACHE_PRUNE_INT2.json --device cpu
$ bash /data/vaishak/combined-kv-quant/scripts/03_eval_vbench.sh FLOWCACHE_PRUNE_INT2 /data/vaishak/combined-kv-quant/results/runs/backfill_flowcache_prune_int2_f163dc4eb7a9_10s/videos/FLOWCACHE_PRUNE_INT2 /data/vaishak/combined-kv-quant/prompts/MovieGenVideoBench_extended.txt /data/vaishak/combined-kv-quant/results/runs/backfill_flowcache_prune_int2_f163dc4eb7a9_10s/metrics/vbench_FLOWCACHE_PRUNE_INT2 /data/vaishak/combined-kv-quant/results/runs/backfill_flowcache_prune_int2_f163dc4eb7a9_10s/metrics/vbench_FLOWCACHE_PRUNE_INT2.json
$ /home/suraj/miniforge3/envs/qvg_sf_infer/bin/python /data/vaishak/combined-kv-quant/scripts/05_summarize_results.py --results-root /data/vaishak/combined-kv-quant/results/runs/backfill_flowcache_prune_int2_f163dc4eb7a9_10s --methods BF16 FLOWCACHE_PRUNE_INT2 RTN_INT4
Backfill completed for FLOWCACHE_PRUNE_INT2 under /data/vaishak/combined-kv-quant/results/runs/backfill_flowcache_prune_int2_f163dc4eb7a9_10s
/data/vaishak/combined-kv-quant/third_party/Self-Forcing/wan/modules/vae.py:634: FutureWarning: You are using `torch.load` with `weights_only=False` (the current default value), which uses the default pickle module implicitly. It is possible to construct malicious pickle data which will execute arbitrary code during unpickling (See https://github.com/pytorch/pytorch/blob/main/SECURITY.md#untrusted-models for more details). In a future release, the default value for `weights_only` will be flipped to `True`. This limits the functions that could be executed during unpickling. Arbitrary objects will no longer be allowed to be loaded via this mode unless they are explicitly allowlisted by the user via `torch.serialization.add_safe_globals`. We recommend you start setting `weights_only=True` for any use case where you don't have full control of the loaded file. Please open an issue on GitHub for any issues related to this experimental feature.
  torch.load(pretrained_path, map_location=device), assign=True)
/data/vaishak/combined-kv-quant/scripts/01_generate.py:408: FutureWarning: You are using `torch.load` with `weights_only=False` (the current default value), which uses the default pickle module implicitly. It is possible to construct malicious pickle data which will execute arbitrary code during unpickling (See https://github.com/pytorch/pytorch/blob/main/SECURITY.md#untrusted-models for more details). In a future release, the default value for `weights_only` will be flipped to `True`. This limits the functions that could be executed during unpickling. Arbitrary objects will no longer be allowed to be loaded via this mode unless they are explicitly allowlisted by the user via `torch.serialization.add_safe_globals`. We recommend you start setting `weights_only=True` for any use case where you don't have full control of the loaded file. Please open an issue on GitHub for any issues related to this experimental feature.
  state_dict = torch.load(str(checkpoint_path), map_location="cpu")
KV inference with 3 frames per block
Moving DynamicSwap_WanTextEncoder to cuda:0 with preserved memory: 25.303240299224854 GB
current_timestep: 1000.0
current_timestep: 937.5
current_timestep: 833.3333129882812
current_timestep: 625.0
current_timestep: 1000.0
current_timestep: 937.5
current_timestep: 833.3333129882812
current_timestep: 625.0
current_timestep: 1000.0
current_timestep: 937.5
current_timestep: 833.3333129882812
current_timestep: 625.0
current_timestep: 1000.0
current_timestep: 937.5
current_timestep: 833.3333129882812
current_timestep: 625.0
current_timestep: 1000.0
current_timestep: 937.5
current_timestep: 833.3333129882812
current_timestep: 625.0
current_timestep: 1000.0
current_timestep: 937.5
current_timestep: 833.3333129882812
current_timestep: 625.0
current_timestep: 1000.0
current_timestep: 937.5
current_timestep: 833.3333129882812
current_timestep: 625.0
current_timestep: 1000.0
current_timestep: 937.5
current_timestep: 833.3333129882812
current_timestep: 625.0
current_timestep: 1000.0
current_timestep: 937.5
current_timestep: 833.3333129882812
current_timestep: 625.0
current_timestep: 1000.0
current_timestep: 937.5
current_timestep: 833.3333129882812
current_timestep: 625.0
current_timestep: 1000.0
current_timestep: 937.5
current_timestep: 833.3333129882812
current_timestep: 625.0
current_timestep: 1000.0
current_timestep: 937.5
current_timestep: 833.3333129882812
current_timestep: 625.0
current_timestep: 1000.0
current_timestep: 937.5
current_timestep: 833.3333129882812
current_timestep: 625.0
current_timestep: 1000.0
current_timestep: 937.5
current_timestep: 833.3333129882812
current_timestep: 625.0
Moving DynamicSwap_WanTextEncoder to cuda:0 with preserved memory: 24.55411195755005 GB
current_timestep: 1000.0
current_timestep: 937.5
current_timestep: 833.3333129882812
current_timestep: 625.0
current_timestep: 1000.0
current_timestep: 937.5
current_timestep: 833.3333129882812
current_timestep: 625.0
current_timestep: 1000.0
current_timestep: 937.5
current_timestep: 833.3333129882812
current_timestep: 625.0
current_timestep: 1000.0
current_timestep: 937.5
current_timestep: 833.3333129882812
current_timestep: 625.0
current_timestep: 1000.0
current_timestep: 937.5
current_timestep: 833.3333129882812
current_timestep: 625.0
current_timestep: 1000.0
current_timestep: 937.5
current_timestep: 833.3333129882812
current_timestep: 625.0
current_timestep: 1000.0
current_timestep: 937.5
current_timestep: 833.3333129882812
current_timestep: 625.0
current_timestep: 1000.0
current_timestep: 937.5
current_timestep: 833.3333129882812
current_timestep: 625.0
current_timestep: 1000.0
current_timestep: 937.5
current_timestep: 833.3333129882812
current_timestep: 625.0
current_timestep: 1000.0
current_timestep: 937.5
current_timestep: 833.3333129882812
current_timestep: 625.0
current_timestep: 1000.0
current_timestep: 937.5
current_timestep: 833.3333129882812
current_timestep: 625.0
current_timestep: 1000.0
current_timestep: 937.5
current_timestep: 833.3333129882812
current_timestep: 625.0
current_timestep: 1000.0
current_timestep: 937.5
current_timestep: 833.3333129882812
current_timestep: 625.0
current_timestep: 1000.0
current_timestep: 937.5
current_timestep: 833.3333129882812
current_timestep: 625.0
Moving DynamicSwap_WanTextEncoder to cuda:0 with preserved memory: 24.55411195755005 GB
current_timestep: 1000.0
current_timestep: 937.5
current_timestep: 833.3333129882812
current_timestep: 625.0
current_timestep: 1000.0
current_timestep: 937.5
current_timestep: 833.3333129882812
current_timestep: 625.0
current_timestep: 1000.0
current_timestep: 937.5
current_timestep: 833.3333129882812
current_timestep: 625.0
current_timestep: 1000.0
current_timestep: 937.5
current_timestep: 833.3333129882812
current_timestep: 625.0
current_timestep: 1000.0
current_timestep: 937.5
current_timestep: 833.3333129882812
current_timestep: 625.0
current_timestep: 1000.0
current_timestep: 937.5
current_timestep: 833.3333129882812
current_timestep: 625.0
current_timestep: 1000.0
current_timestep: 937.5
current_timestep: 833.3333129882812
current_timestep: 625.0
current_timestep: 1000.0
current_timestep: 937.5
current_timestep: 833.3333129882812
current_timestep: 625.0
current_timestep: 1000.0
current_timestep: 937.5
current_timestep: 833.3333129882812
current_timestep: 625.0
current_timestep: 1000.0
current_timestep: 937.5
current_timestep: 833.3333129882812
current_timestep: 625.0
current_timestep: 1000.0
current_timestep: 937.5
current_timestep: 833.3333129882812
current_timestep: 625.0
current_timestep: 1000.0
current_timestep: 937.5
current_timestep: 833.3333129882812
current_timestep: 625.0
current_timestep: 1000.0
current_timestep: 937.5
current_timestep: 833.3333129882812
current_timestep: 625.0
current_timestep: 1000.0
current_timestep: 937.5
current_timestep: 833.3333129882812
current_timestep: 625.0
Moving DynamicSwap_WanTextEncoder to cuda:0 with preserved memory: 24.55411195755005 GB
current_timestep: 1000.0
current_timestep: 937.5
current_timestep: 833.3333129882812
current_timestep: 625.0
current_timestep: 1000.0
current_timestep: 937.5
current_timestep: 833.3333129882812
current_timestep: 625.0
current_timestep: 1000.0
current_timestep: 937.5
current_timestep: 833.3333129882812
current_timestep: 625.0
current_timestep: 1000.0
current_timestep: 937.5
current_timestep: 833.3333129882812
current_timestep: 625.0
current_timestep: 1000.0
current_timestep: 937.5
current_timestep: 833.3333129882812
current_timestep: 625.0
current_timestep: 1000.0
current_timestep: 937.5
current_timestep: 833.3333129882812
current_timestep: 625.0
current_timestep: 1000.0
current_timestep: 937.5
current_timestep: 833.3333129882812
current_timestep: 625.0
current_timestep: 1000.0
current_timestep: 937.5
current_timestep: 833.3333129882812
current_timestep: 625.0
current_timestep: 1000.0
current_timestep: 937.5
current_timestep: 833.3333129882812
current_timestep: 625.0
current_timestep: 1000.0
current_timestep: 937.5
current_timestep: 833.3333129882812
current_timestep: 625.0
current_timestep: 1000.0
current_timestep: 937.5
current_timestep: 833.3333129882812
current_timestep: 625.0
current_timestep: 1000.0
current_timestep: 937.5
current_timestep: 833.3333129882812
current_timestep: 625.0
current_timestep: 1000.0
current_timestep: 937.5
current_timestep: 833.3333129882812
current_timestep: 625.0
current_timestep: 1000.0
current_timestep: 937.5
current_timestep: 833.3333129882812
current_timestep: 625.0
Moving DynamicSwap_WanTextEncoder to cuda:0 with preserved memory: 24.55411195755005 GB
current_timestep: 1000.0
current_timestep: 937.5
current_timestep: 833.3333129882812
current_timestep: 625.0
current_timestep: 1000.0
current_timestep: 937.5
current_timestep: 833.3333129882812
current_timestep: 625.0
current_timestep: 1000.0
current_timestep: 937.5
current_timestep: 833.3333129882812
current_timestep: 625.0
current_timestep: 1000.0
current_timestep: 937.5
current_timestep: 833.3333129882812
current_timestep: 625.0
current_timestep: 1000.0
current_timestep: 937.5
current_timestep: 833.3333129882812
current_timestep: 625.0
current_timestep: 1000.0
current_timestep: 937.5
current_timestep: 833.3333129882812
current_timestep: 625.0
current_timestep: 1000.0
current_timestep: 937.5
current_timestep: 833.3333129882812
current_timestep: 625.0
current_timestep: 1000.0
current_timestep: 937.5
current_timestep: 833.3333129882812
current_timestep: 625.0
current_timestep: 1000.0
current_timestep: 937.5
current_timestep: 833.3333129882812
current_timestep: 625.0
current_timestep: 1000.0
current_timestep: 937.5
current_timestep: 833.3333129882812
current_timestep: 625.0
current_timestep: 1000.0
current_timestep: 937.5
current_timestep: 833.3333129882812
current_timestep: 625.0
current_timestep: 1000.0
current_timestep: 937.5
current_timestep: 833.3333129882812
current_timestep: 625.0
current_timestep: 1000.0
current_timestep: 937.5
current_timestep: 833.3333129882812
current_timestep: 625.0
current_timestep: 1000.0
current_timestep: 937.5
current_timestep: 833.3333129882812
current_timestep: 625.0
Moving DynamicSwap_WanTextEncoder to cuda:0 with preserved memory: 24.55411195755005 GB
current_timestep: 1000.0
current_timestep: 937.5
current_timestep: 833.3333129882812
current_timestep: 625.0
current_timestep: 1000.0
current_timestep: 937.5
current_timestep: 833.3333129882812
current_timestep: 625.0
current_timestep: 1000.0
current_timestep: 937.5
current_timestep: 833.3333129882812
current_timestep: 625.0
current_timestep: 1000.0
current_timestep: 937.5
current_timestep: 833.3333129882812
current_timestep: 625.0
current_timestep: 1000.0
current_timestep: 937.5
current_timestep: 833.3333129882812
current_timestep: 625.0
current_timestep: 1000.0
current_timestep: 937.5
current_timestep: 833.3333129882812
current_timestep: 625.0
current_timestep: 1000.0
current_timestep: 937.5
current_timestep: 833.3333129882812
current_timestep: 625.0
current_timestep: 1000.0
current_timestep: 937.5
current_timestep: 833.3333129882812
current_timestep: 625.0
current_timestep: 1000.0
current_timestep: 937.5
current_timestep: 833.3333129882812
current_timestep: 625.0
current_timestep: 1000.0
current_timestep: 937.5
current_timestep: 833.3333129882812
current_timestep: 625.0
current_timestep: 1000.0
current_timestep: 937.5
current_timestep: 833.3333129882812
current_timestep: 625.0
current_timestep: 1000.0
current_timestep: 937.5
current_timestep: 833.3333129882812
current_timestep: 625.0
current_timestep: 1000.0
current_timestep: 937.5
current_timestep: 833.3333129882812
current_timestep: 625.0
current_timestep: 1000.0
current_timestep: 937.5
current_timestep: 833.3333129882812
current_timestep: 625.0
Moving DynamicSwap_WanTextEncoder to cuda:0 with preserved memory: 24.55411195755005 GB
current_timestep: 1000.0
current_timestep: 937.5
current_timestep: 833.3333129882812
current_timestep: 625.0
current_timestep: 1000.0
current_timestep: 937.5
current_timestep: 833.3333129882812
current_timestep: 625.0
current_timestep: 1000.0
current_timestep: 937.5
current_timestep: 833.3333129882812
current_timestep: 625.0
current_timestep: 1000.0
current_timestep: 937.5
current_timestep: 833.3333129882812
current_timestep: 625.0
current_timestep: 1000.0
current_timestep: 937.5
current_timestep: 833.3333129882812
current_timestep: 625.0
current_timestep: 1000.0
current_timestep: 937.5
current_timestep: 833.3333129882812
current_timestep: 625.0
current_timestep: 1000.0
current_timestep: 937.5
current_timestep: 833.3333129882812
current_timestep: 625.0
current_timestep: 1000.0
current_timestep: 937.5
current_timestep: 833.3333129882812
current_timestep: 625.0
current_timestep: 1000.0
current_timestep: 937.5
current_timestep: 833.3333129882812
current_timestep: 625.0
current_timestep: 1000.0
current_timestep: 937.5
current_timestep: 833.3333129882812
current_timestep: 625.0
current_timestep: 1000.0
current_timestep: 937.5
current_timestep: 833.3333129882812
current_timestep: 625.0
current_timestep: 1000.0
current_timestep: 937.5
current_timestep: 833.3333129882812
current_timestep: 625.0
current_timestep: 1000.0
current_timestep: 937.5
current_timestep: 833.3333129882812
current_timestep: 625.0
current_timestep: 1000.0
current_timestep: 937.5
current_timestep: 833.3333129882812
current_timestep: 625.0
Moving DynamicSwap_WanTextEncoder to cuda:0 with preserved memory: 24.55411195755005 GB
current_timestep: 1000.0
current_timestep: 937.5
current_timestep: 833.3333129882812
current_timestep: 625.0
current_timestep: 1000.0
current_timestep: 937.5
current_timestep: 833.3333129882812
current_timestep: 625.0
current_timestep: 1000.0
current_timestep: 937.5
current_timestep: 833.3333129882812
current_timestep: 625.0
current_timestep: 1000.0
current_timestep: 937.5
current_timestep: 833.3333129882812
current_timestep: 625.0
current_timestep: 1000.0
current_timestep: 937.5
current_timestep: 833.3333129882812
current_timestep: 625.0
current_timestep: 1000.0
current_timestep: 937.5
current_timestep: 833.3333129882812
current_timestep: 625.0
current_timestep: 1000.0
current_timestep: 937.5
current_timestep: 833.3333129882812
current_timestep: 625.0
current_timestep: 1000.0
current_timestep: 937.5
current_timestep: 833.3333129882812
current_timestep: 625.0
current_timestep: 1000.0
current_timestep: 937.5
current_timestep: 833.3333129882812
current_timestep: 625.0
current_timestep: 1000.0
current_timestep: 937.5
current_timestep: 833.3333129882812
current_timestep: 625.0
current_timestep: 1000.0
current_timestep: 937.5
current_timestep: 833.3333129882812
current_timestep: 625.0
current_timestep: 1000.0
current_timestep: 937.5
current_timestep: 833.3333129882812
current_timestep: 625.0
current_timestep: 1000.0
current_timestep: 937.5
current_timestep: 833.3333129882812
current_timestep: 625.0
current_timestep: 1000.0
current_timestep: 937.5
current_timestep: 833.3333129882812
current_timestep: 625.0
Moving DynamicSwap_WanTextEncoder to cuda:0 with preserved memory: 24.55411195755005 GB
current_timestep: 1000.0
current_timestep: 937.5
current_timestep: 833.3333129882812
current_timestep: 625.0
current_timestep: 1000.0
current_timestep: 937.5
current_timestep: 833.3333129882812
current_timestep: 625.0
current_timestep: 1000.0
current_timestep: 937.5
current_timestep: 833.3333129882812
current_timestep: 625.0
current_timestep: 1000.0
current_timestep: 937.5
current_timestep: 833.3333129882812
current_timestep: 625.0
current_timestep: 1000.0
current_timestep: 937.5
current_timestep: 833.3333129882812
current_timestep: 625.0
current_timestep: 1000.0
current_timestep: 937.5
current_timestep: 833.3333129882812
current_timestep: 625.0
current_timestep: 1000.0
current_timestep: 937.5
current_timestep: 833.3333129882812
current_timestep: 625.0
current_timestep: 1000.0
current_timestep: 937.5
current_timestep: 833.3333129882812
current_timestep: 625.0
current_timestep: 1000.0
current_timestep: 937.5
current_timestep: 833.3333129882812
current_timestep: 625.0
current_timestep: 1000.0
current_timestep: 937.5
current_timestep: 833.3333129882812
current_timestep: 625.0
current_timestep: 1000.0
current_timestep: 937.5
current_timestep: 833.3333129882812
current_timestep: 625.0
current_timestep: 1000.0
current_timestep: 937.5
current_timestep: 833.3333129882812
current_timestep: 625.0
current_timestep: 1000.0
current_timestep: 937.5
current_timestep: 833.3333129882812
current_timestep: 625.0
current_timestep: 1000.0
current_timestep: 937.5
current_timestep: 833.3333129882812
current_timestep: 625.0
Moving DynamicSwap_WanTextEncoder to cuda:0 with preserved memory: 24.55411195755005 GB
current_timestep: 1000.0
current_timestep: 937.5
current_timestep: 833.3333129882812
current_timestep: 625.0
current_timestep: 1000.0
current_timestep: 937.5
current_timestep: 833.3333129882812
current_timestep: 625.0
current_timestep: 1000.0
current_timestep: 937.5
current_timestep: 833.3333129882812
current_timestep: 625.0
current_timestep: 1000.0
current_timestep: 937.5
current_timestep: 833.3333129882812
current_timestep: 625.0
current_timestep: 1000.0
current_timestep: 937.5
current_timestep: 833.3333129882812
current_timestep: 625.0
current_timestep: 1000.0
current_timestep: 937.5
current_timestep: 833.3333129882812
current_timestep: 625.0
current_timestep: 1000.0
current_timestep: 937.5
current_timestep: 833.3333129882812
current_timestep: 625.0
current_timestep: 1000.0
current_timestep: 937.5
current_timestep: 833.3333129882812
current_timestep: 625.0
current_timestep: 1000.0
current_timestep: 937.5
current_timestep: 833.3333129882812
current_timestep: 625.0
current_timestep: 1000.0
current_timestep: 937.5
current_timestep: 833.3333129882812
current_timestep: 625.0
current_timestep: 1000.0
current_timestep: 937.5
current_timestep: 833.3333129882812
current_timestep: 625.0
current_timestep: 1000.0
current_timestep: 937.5
current_timestep: 833.3333129882812
current_timestep: 625.0
current_timestep: 1000.0
current_timestep: 937.5
current_timestep: 833.3333129882812
current_timestep: 625.0
current_timestep: 1000.0
current_timestep: 937.5
current_timestep: 833.3333129882812
current_timestep: 625.0
{
  "method": "FLOWCACHE_PROFILE",
  "num_prompts": 10,
  "num_samples": 1,
  "total_runtime_s": 682.9946740427986,
  "avg_runtime_s_per_prompt": 68.29946740427985,
  "peak_vram_bytes": 20701900800,
  "quantize_time_s": 273.41085874754936,
  "dequantize_time_s": 0.08769099460914731,
  "bf16_kv_bytes": 12076646400,
  "compressed_kv_bytes": 12076646400,
  "compression_ratio": 1.0,
  "first_video_shape": [
    1,
    165,
    3,
    480,
    832
  ],
  "flowcache_profile_recent_ratio": 0.25,
  "flowcache_profile_num_layers": 30,
  "flowcache_profile_avg_old_delta": 0.03789029176026783,
  "flowcache_profile_layer_scores": {
    "0": 0.03999840838566296,
    "1": 0.03853113329985132,
    "2": 0.0385006760709556,
    "3": 0.037774014304376255,
    "4": 0.037714485092625274,
    "5": 0.03783177957704322,
    "6": 0.03848639274694783,
    "7": 0.03796952783461597,
    "8": 0.037464381952186,
    "9": 0.03850194435712676,
    "10": 0.037297084512331095,
    "11": 0.0378303807673155,
    "12": 0.03740586811645051,
    "13": 0.036978945525015815,
    "14": 0.036886760317759934,
    "15": 0.03735412487464215,
    "16": 0.03683403241969014,
    "17": 0.037136908432456935,
    "18": 0.03762872225887111,
    "19": 0.037563615486231015,
    "20": 0.03765887172876905,
    "21": 0.03786620344587807,
    "22": 0.03777402136159145,
    "23": 0.037756647973684436,
    "24": 0.03826721395827609,
    "25": 0.03798770763611389,
    "26": 0.037690750656302195,
    "27": 0.038703647382257476,
    "28": 0.03830638121063742,
    "29": 0.03900812112236932
  },
  "flowcache_profile_layer_scores_all_chunks": {
    "0": 0.05018520931355537,
    "1": 0.04090535907045243,
    "2": 0.03647007856482551,
    "3": 0.033780857673240086,
    "4": 0.033163946546495904,
    "5": 0.03280545049054282,
    "6": 0.0339912677804629,
    "7": 0.03341030009138206,
    "8": 0.032294446085062295,
    "9": 0.03272698708339816,
    "10": 0.032419890609880285,
    "11": 0.03271153287081018,
    "12": 0.03206570847107777,
    "13": 0.030996311471694047,
    "14": 0.030883666698658278,
    "15": 0.03183665629559093,
    "16": 0.031011278440909725,
    "17": 0.031457965511533,
    "18": 0.0316695608041944,
    "19": 0.033921245477384045,
    "20": 0.034649743681862244,
    "21": 0.035520618671462646,
    "22": 0.035612253290083676,
    "23": 0.03478225004058036,
    "24": 0.034225868561911205,
    "25": 0.033681025995976395,
    "26": 0.03344362636832964,
    "27": 0.03416443423761262,
    "28": 0.032847325192675705,
    "29": 0.03758263619149488
  }
}
/data/vaishak/combined-kv-quant/third_party/Self-Forcing/wan/modules/vae.py:634: FutureWarning: You are using `torch.load` with `weights_only=False` (the current default value), which uses the default pickle module implicitly. It is possible to construct malicious pickle data which will execute arbitrary code during unpickling (See https://github.com/pytorch/pytorch/blob/main/SECURITY.md#untrusted-models for more details). In a future release, the default value for `weights_only` will be flipped to `True`. This limits the functions that could be executed during unpickling. Arbitrary objects will no longer be allowed to be loaded via this mode unless they are explicitly allowlisted by the user via `torch.serialization.add_safe_globals`. We recommend you start setting `weights_only=True` for any use case where you don't have full control of the loaded file. Please open an issue on GitHub for any issues related to this experimental feature.
  torch.load(pretrained_path, map_location=device), assign=True)
/data/vaishak/combined-kv-quant/scripts/01_generate.py:408: FutureWarning: You are using `torch.load` with `weights_only=False` (the current default value), which uses the default pickle module implicitly. It is possible to construct malicious pickle data which will execute arbitrary code during unpickling (See https://github.com/pytorch/pytorch/blob/main/SECURITY.md#untrusted-models for more details). In a future release, the default value for `weights_only` will be flipped to `True`. This limits the functions that could be executed during unpickling. Arbitrary objects will no longer be allowed to be loaded via this mode unless they are explicitly allowlisted by the user via `torch.serialization.add_safe_globals`. We recommend you start setting `weights_only=True` for any use case where you don't have full control of the loaded file. Please open an issue on GitHub for any issues related to this experimental feature.
  state_dict = torch.load(str(checkpoint_path), map_location="cpu")
KV inference with 3 frames per block
Moving DynamicSwap_WanTextEncoder to cuda:0 with preserved memory: 25.303240299224854 GB
current_timestep: 1000.0
current_timestep: 937.5
current_timestep: 833.3333129882812
current_timestep: 625.0
current_timestep: 1000.0
current_timestep: 937.5
current_timestep: 833.3333129882812
current_timestep: 625.0
current_timestep: 1000.0
current_timestep: 937.5
current_timestep: 833.3333129882812
current_timestep: 625.0
current_timestep: 1000.0
current_timestep: 937.5
current_timestep: 833.3333129882812
current_timestep: 625.0
current_timestep: 1000.0
current_timestep: 937.5
current_timestep: 833.3333129882812
current_timestep: 625.0
current_timestep: 1000.0
current_timestep: 937.5
current_timestep: 833.3333129882812
current_timestep: 625.0
current_timestep: 1000.0
current_timestep: 937.5
current_timestep: 833.3333129882812
current_timestep: 625.0
current_timestep: 1000.0
current_timestep: 937.5
current_timestep: 833.3333129882812
current_timestep: 625.0
current_timestep: 1000.0
current_timestep: 937.5
current_timestep: 833.3333129882812
current_timestep: 625.0
current_timestep: 1000.0
current_timestep: 937.5
current_timestep: 833.3333129882812
current_timestep: 625.0
current_timestep: 1000.0
current_timestep: 937.5
current_timestep: 833.3333129882812
current_timestep: 625.0
current_timestep: 1000.0
current_timestep: 937.5
current_timestep: 833.3333129882812
current_timestep: 625.0
current_timestep: 1000.0
current_timestep: 937.5
current_timestep: 833.3333129882812
current_timestep: 625.0
current_timestep: 1000.0
current_timestep: 937.5
current_timestep: 833.3333129882812
current_timestep: 625.0
Moving DynamicSwap_WanTextEncoder to cuda:0 with preserved memory: 24.55411195755005 GB
current_timestep: 1000.0
current_timestep: 937.5
current_timestep: 833.3333129882812
current_timestep: 625.0
current_timestep: 1000.0
current_timestep: 937.5
current_timestep: 833.3333129882812
current_timestep: 625.0
current_timestep: 1000.0
current_timestep: 937.5
current_timestep: 833.3333129882812
current_timestep: 625.0
current_timestep: 1000.0
current_timestep: 937.5
current_timestep: 833.3333129882812
current_timestep: 625.0
current_timestep: 1000.0
current_timestep: 937.5
current_timestep: 833.3333129882812
current_timestep: 625.0
current_timestep: 1000.0
current_timestep: 937.5
current_timestep: 833.3333129882812
current_timestep: 625.0
current_timestep: 1000.0
current_timestep: 937.5
current_timestep: 833.3333129882812
current_timestep: 625.0
current_timestep: 1000.0
current_timestep: 937.5
current_timestep: 833.3333129882812
current_timestep: 625.0
current_timestep: 1000.0
current_timestep: 937.5
current_timestep: 833.3333129882812
current_timestep: 625.0
current_timestep: 1000.0
current_timestep: 937.5
current_timestep: 833.3333129882812
current_timestep: 625.0
current_timestep: 1000.0
current_timestep: 937.5
current_timestep: 833.3333129882812
current_timestep: 625.0
current_timestep: 1000.0
current_timestep: 937.5
current_timestep: 833.3333129882812
current_timestep: 625.0
current_timestep: 1000.0
current_timestep: 937.5
current_timestep: 833.3333129882812
current_timestep: 625.0
current_timestep: 1000.0
current_timestep: 937.5
current_timestep: 833.3333129882812
current_timestep: 625.0
Moving DynamicSwap_WanTextEncoder to cuda:0 with preserved memory: 24.55411195755005 GB
current_timestep: 1000.0
current_timestep: 937.5
current_timestep: 833.3333129882812
current_timestep: 625.0
current_timestep: 1000.0
current_timestep: 937.5
current_timestep: 833.3333129882812
current_timestep: 625.0
current_timestep: 1000.0
current_timestep: 937.5
current_timestep: 833.3333129882812
current_timestep: 625.0
current_timestep: 1000.0
current_timestep: 937.5
current_timestep: 833.3333129882812
current_timestep: 625.0
current_timestep: 1000.0
current_timestep: 937.5
current_timestep: 833.3333129882812
current_timestep: 625.0
current_timestep: 1000.0
current_timestep: 937.5
current_timestep: 833.3333129882812
current_timestep: 625.0
current_timestep: 1000.0
current_timestep: 937.5
current_timestep: 833.3333129882812
current_timestep: 625.0
current_timestep: 1000.0
current_timestep: 937.5
current_timestep: 833.3333129882812
current_timestep: 625.0
current_timestep: 1000.0
current_timestep: 937.5
current_timestep: 833.3333129882812
current_timestep: 625.0
current_timestep: 1000.0
current_timestep: 937.5
current_timestep: 833.3333129882812
current_timestep: 625.0
current_timestep: 1000.0
current_timestep: 937.5
current_timestep: 833.3333129882812
current_timestep: 625.0
current_timestep: 1000.0
current_timestep: 937.5
current_timestep: 833.3333129882812
current_timestep: 625.0
current_timestep: 1000.0
current_timestep: 937.5
current_timestep: 833.3333129882812
current_timestep: 625.0
current_timestep: 1000.0
current_timestep: 937.5
current_timestep: 833.3333129882812
current_timestep: 625.0
Moving DynamicSwap_WanTextEncoder to cuda:0 with preserved memory: 24.55411195755005 GB
current_timestep: 1000.0
current_timestep: 937.5
current_timestep: 833.3333129882812
current_timestep: 625.0
current_timestep: 1000.0
current_timestep: 937.5
current_timestep: 833.3333129882812
current_timestep: 625.0
current_timestep: 1000.0
current_timestep: 937.5
current_timestep: 833.3333129882812
current_timestep: 625.0
current_timestep: 1000.0
current_timestep: 937.5
current_timestep: 833.3333129882812
current_timestep: 625.0
current_timestep: 1000.0
current_timestep: 937.5
current_timestep: 833.3333129882812
current_timestep: 625.0
current_timestep: 1000.0
current_timestep: 937.5
current_timestep: 833.3333129882812
current_timestep: 625.0
current_timestep: 1000.0
current_timestep: 937.5
current_timestep: 833.3333129882812
current_timestep: 625.0
current_timestep: 1000.0
current_timestep: 937.5
current_timestep: 833.3333129882812
current_timestep: 625.0
current_timestep: 1000.0
current_timestep: 937.5
current_timestep: 833.3333129882812
current_timestep: 625.0
current_timestep: 1000.0
current_timestep: 937.5
current_timestep: 833.3333129882812
current_timestep: 625.0
current_timestep: 1000.0
current_timestep: 937.5
current_timestep: 833.3333129882812
current_timestep: 625.0
current_timestep: 1000.0
current_timestep: 937.5
current_timestep: 833.3333129882812
current_timestep: 625.0
current_timestep: 1000.0
current_timestep: 937.5
current_timestep: 833.3333129882812
current_timestep: 625.0
current_timestep: 1000.0
current_timestep: 937.5
current_timestep: 833.3333129882812
current_timestep: 625.0
Moving DynamicSwap_WanTextEncoder to cuda:0 with preserved memory: 24.55411195755005 GB
current_timestep: 1000.0
current_timestep: 937.5
current_timestep: 833.3333129882812
current_timestep: 625.0
current_timestep: 1000.0
current_timestep: 937.5
current_timestep: 833.3333129882812
current_timestep: 625.0
current_timestep: 1000.0
current_timestep: 937.5
current_timestep: 833.3333129882812
current_timestep: 625.0
current_timestep: 1000.0
current_timestep: 937.5
current_timestep: 833.3333129882812
current_timestep: 625.0
current_timestep: 1000.0
current_timestep: 937.5
current_timestep: 833.3333129882812
current_timestep: 625.0
current_timestep: 1000.0
current_timestep: 937.5
current_timestep: 833.3333129882812
current_timestep: 625.0
current_timestep: 1000.0
current_timestep: 937.5
current_timestep: 833.3333129882812
current_timestep: 625.0
current_timestep: 1000.0
current_timestep: 937.5
current_timestep: 833.3333129882812
current_timestep: 625.0
current_timestep: 1000.0
current_timestep: 937.5
current_timestep: 833.3333129882812
current_timestep: 625.0
current_timestep: 1000.0
current_timestep: 937.5
current_timestep: 833.3333129882812
current_timestep: 625.0
current_timestep: 1000.0
current_timestep: 937.5
current_timestep: 833.3333129882812
current_timestep: 625.0
current_timestep: 1000.0
current_timestep: 937.5
current_timestep: 833.3333129882812
current_timestep: 625.0
current_timestep: 1000.0
current_timestep: 937.5
current_timestep: 833.3333129882812
current_timestep: 625.0
current_timestep: 1000.0
current_timestep: 937.5
current_timestep: 833.3333129882812
current_timestep: 625.0
Moving DynamicSwap_WanTextEncoder to cuda:0 with preserved memory: 24.55411195755005 GB
current_timestep: 1000.0
current_timestep: 937.5
current_timestep: 833.3333129882812
current_timestep: 625.0
current_timestep: 1000.0
current_timestep: 937.5
current_timestep: 833.3333129882812
current_timestep: 625.0
current_timestep: 1000.0
current_timestep: 937.5
current_timestep: 833.3333129882812
current_timestep: 625.0
current_timestep: 1000.0
current_timestep: 937.5
current_timestep: 833.3333129882812
current_timestep: 625.0
current_timestep: 1000.0
current_timestep: 937.5
current_timestep: 833.3333129882812
current_timestep: 625.0
current_timestep: 1000.0
current_timestep: 937.5
current_timestep: 833.3333129882812
current_timestep: 625.0
current_timestep: 1000.0
current_timestep: 937.5
current_timestep: 833.3333129882812
current_timestep: 625.0
current_timestep: 1000.0
current_timestep: 937.5
current_timestep: 833.3333129882812
current_timestep: 625.0
current_timestep: 1000.0
current_timestep: 937.5
current_timestep: 833.3333129882812
current_timestep: 625.0
current_timestep: 1000.0
current_timestep: 937.5
current_timestep: 833.3333129882812
current_timestep: 625.0
current_timestep: 1000.0
current_timestep: 937.5
current_timestep: 833.3333129882812
current_timestep: 625.0
current_timestep: 1000.0
current_timestep: 937.5
current_timestep: 833.3333129882812
current_timestep: 625.0
current_timestep: 1000.0
current_timestep: 937.5
current_timestep: 833.3333129882812
current_timestep: 625.0
current_timestep: 1000.0
current_timestep: 937.5
current_timestep: 833.3333129882812
current_timestep: 625.0
Moving DynamicSwap_WanTextEncoder to cuda:0 with preserved memory: 24.55411195755005 GB
current_timestep: 1000.0
current_timestep: 937.5
current_timestep: 833.3333129882812
current_timestep: 625.0
current_timestep: 1000.0
current_timestep: 937.5
current_timestep: 833.3333129882812
current_timestep: 625.0
current_timestep: 1000.0
current_timestep: 937.5
current_timestep: 833.3333129882812
current_timestep: 625.0
current_timestep: 1000.0
current_timestep: 937.5
current_timestep: 833.3333129882812
current_timestep: 625.0
current_timestep: 1000.0
current_timestep: 937.5
current_timestep: 833.3333129882812
current_timestep: 625.0
current_timestep: 1000.0
current_timestep: 937.5
current_timestep: 833.3333129882812
current_timestep: 625.0
current_timestep: 1000.0
current_timestep: 937.5
current_timestep: 833.3333129882812
current_timestep: 625.0
current_timestep: 1000.0
current_timestep: 937.5
current_timestep: 833.3333129882812
current_timestep: 625.0
current_timestep: 1000.0
current_timestep: 937.5
current_timestep: 833.3333129882812
current_timestep: 625.0
current_timestep: 1000.0
current_timestep: 937.5
current_timestep: 833.3333129882812
current_timestep: 625.0
current_timestep: 1000.0
current_timestep: 937.5
current_timestep: 833.3333129882812
current_timestep: 625.0
current_timestep: 1000.0
current_timestep: 937.5
current_timestep: 833.3333129882812
current_timestep: 625.0
current_timestep: 1000.0
current_timestep: 937.5
current_timestep: 833.3333129882812
current_timestep: 625.0
current_timestep: 1000.0
current_timestep: 937.5
current_timestep: 833.3333129882812
current_timestep: 625.0
Moving DynamicSwap_WanTextEncoder to cuda:0 with preserved memory: 24.55411195755005 GB
current_timestep: 1000.0
current_timestep: 937.5
current_timestep: 833.3333129882812
current_timestep: 625.0
current_timestep: 1000.0
current_timestep: 937.5
current_timestep: 833.3333129882812
current_timestep: 625.0
current_timestep: 1000.0
current_timestep: 937.5
current_timestep: 833.3333129882812
current_timestep: 625.0
current_timestep: 1000.0
current_timestep: 937.5
current_timestep: 833.3333129882812
current_timestep: 625.0
current_timestep: 1000.0
current_timestep: 937.5
current_timestep: 833.3333129882812
current_timestep: 625.0
current_timestep: 1000.0
current_timestep: 937.5
current_timestep: 833.3333129882812
current_timestep: 625.0
current_timestep: 1000.0
current_timestep: 937.5
current_timestep: 833.3333129882812
current_timestep: 625.0
current_timestep: 1000.0
current_timestep: 937.5
current_timestep: 833.3333129882812
current_timestep: 625.0
current_timestep: 1000.0
current_timestep: 937.5
current_timestep: 833.3333129882812
current_timestep: 625.0
current_timestep: 1000.0
current_timestep: 937.5
current_timestep: 833.3333129882812
current_timestep: 625.0
current_timestep: 1000.0
current_timestep: 937.5
current_timestep: 833.3333129882812
current_timestep: 625.0
current_timestep: 1000.0
current_timestep: 937.5
current_timestep: 833.3333129882812
current_timestep: 625.0
current_timestep: 1000.0
current_timestep: 937.5
current_timestep: 833.3333129882812
current_timestep: 625.0
current_timestep: 1000.0
current_timestep: 937.5
current_timestep: 833.3333129882812
current_timestep: 625.0
Moving DynamicSwap_WanTextEncoder to cuda:0 with preserved memory: 24.55411195755005 GB
current_timestep: 1000.0
current_timestep: 937.5
current_timestep: 833.3333129882812
current_timestep: 625.0
current_timestep: 1000.0
current_timestep: 937.5
current_timestep: 833.3333129882812
current_timestep: 625.0
current_timestep: 1000.0
current_timestep: 937.5
current_timestep: 833.3333129882812
current_timestep: 625.0
current_timestep: 1000.0
current_timestep: 937.5
current_timestep: 833.3333129882812
current_timestep: 625.0
current_timestep: 1000.0
current_timestep: 937.5
current_timestep: 833.3333129882812
current_timestep: 625.0
current_timestep: 1000.0
current_timestep: 937.5
current_timestep: 833.3333129882812
current_timestep: 625.0
current_timestep: 1000.0
current_timestep: 937.5
current_timestep: 833.3333129882812
current_timestep: 625.0
current_timestep: 1000.0
current_timestep: 937.5
current_timestep: 833.3333129882812
current_timestep: 625.0
current_timestep: 1000.0
current_timestep: 937.5
current_timestep: 833.3333129882812
current_timestep: 625.0
current_timestep: 1000.0
current_timestep: 937.5
current_timestep: 833.3333129882812
current_timestep: 625.0
current_timestep: 1000.0
current_timestep: 937.5
current_timestep: 833.3333129882812
current_timestep: 625.0
current_timestep: 1000.0
current_timestep: 937.5
current_timestep: 833.3333129882812
current_timestep: 625.0
current_timestep: 1000.0
current_timestep: 937.5
current_timestep: 833.3333129882812
current_timestep: 625.0
current_timestep: 1000.0
current_timestep: 937.5
current_timestep: 833.3333129882812
current_timestep: 625.0
Moving DynamicSwap_WanTextEncoder to cuda:0 with preserved memory: 24.55411195755005 GB
current_timestep: 1000.0
current_timestep: 937.5
current_timestep: 833.3333129882812
current_timestep: 625.0
current_timestep: 1000.0
current_timestep: 937.5
current_timestep: 833.3333129882812
current_timestep: 625.0
current_timestep: 1000.0
current_timestep: 937.5
current_timestep: 833.3333129882812
current_timestep: 625.0
current_timestep: 1000.0
current_timestep: 937.5
current_timestep: 833.3333129882812
current_timestep: 625.0
current_timestep: 1000.0
current_timestep: 937.5
current_timestep: 833.3333129882812
current_timestep: 625.0
current_timestep: 1000.0
current_timestep: 937.5
current_timestep: 833.3333129882812
current_timestep: 625.0
current_timestep: 1000.0
current_timestep: 937.5
current_timestep: 833.3333129882812
current_timestep: 625.0
current_timestep: 1000.0
current_timestep: 937.5
current_timestep: 833.3333129882812
current_timestep: 625.0
current_timestep: 1000.0
current_timestep: 937.5
current_timestep: 833.3333129882812
current_timestep: 625.0
current_timestep: 1000.0
current_timestep: 937.5
current_timestep: 833.3333129882812
current_timestep: 625.0
current_timestep: 1000.0
current_timestep: 937.5
current_timestep: 833.3333129882812
current_timestep: 625.0
current_timestep: 1000.0
current_timestep: 937.5
current_timestep: 833.3333129882812
current_timestep: 625.0
current_timestep: 1000.0
current_timestep: 937.5
current_timestep: 833.3333129882812
current_timestep: 625.0
current_timestep: 1000.0
current_timestep: 937.5
current_timestep: 833.3333129882812
current_timestep: 625.0
{
  "method": "FLOWCACHE_PRUNE_INT4",
  "num_prompts": 10,
  "num_samples": 1,
  "total_runtime_s": 722.210502914153,
  "avg_runtime_s_per_prompt": 72.22105029141531,
  "peak_vram_bytes": 12571744256,
  "quantize_time_s": 78.5329250660725,
  "dequantize_time_s": 10.42276755347848,
  "bf16_kv_bytes": 12076646400,
  "compressed_kv_bytes": 2196528000,
  "compression_ratio": 5.498061668232775,
  "first_video_shape": [
    1,
    165,
    3,
    480,
    832
  ],
  "flowcache_prune_events": 21000.0,
  "flowcache_prune_avg_recent_ratio": 0.23246608770417346,
  "flowcache_prune_avg_important_ratio": 0.09818882836739594,
  "flowcache_prune_avg_retained_ratio": 0.28234779330017346,
  "flowcache_prune_avg_pruned_ratio": 0.38699729062822247,
  "flowcache_prune_avg_layer_budget": 0.900278225837096,
  "flowcache_prune_avg_delta": 193128.20722540352,
  "flowcache_prune_refresh_rate": 0.2,
  "flowcache_prune_config_chunk_recent_ratio": 0.25,
  "flowcache_prune_config_important_old_ratio": 0.1,
  "flowcache_prune_config_retained_old_ratio": 0.45,
  "flowcache_prune_refresh_gap_chunks": 1.0,
  "flowcache_prune_recent_bits": 4.0,
  "flowcache_prune_old_bits": 4.0,
  "flowcache_prune_importance_alpha": 0.7,
  "flowcache_prune_importance_beta": 0.3
}
/home/suraj/miniforge3/envs/qvg_sf_infer/lib/python3.10/site-packages/torchvision/models/_utils.py:208: UserWarning: The parameter 'pretrained' is deprecated since 0.13 and may be removed in the future, please use 'weights' instead.
  warnings.warn(
/home/suraj/miniforge3/envs/qvg_sf_infer/lib/python3.10/site-packages/torchvision/models/_utils.py:223: UserWarning: Arguments other than a weight enum or `None` for 'weights' are deprecated since 0.13 and may be removed in the future. The current behavior is equivalent to passing `weights=AlexNet_Weights.IMAGENET1K_V1`. You can also use `weights=AlexNet_Weights.DEFAULT` to get the most up-to-date weights.
  warnings.warn(msg)
/home/suraj/miniforge3/envs/qvg_sf_infer/lib/python3.10/site-packages/lpips/lpips.py:107: FutureWarning: You are using `torch.load` with `weights_only=False` (the current default value), which uses the default pickle module implicitly. It is possible to construct malicious pickle data which will execute arbitrary code during unpickling (See https://github.com/pytorch/pytorch/blob/main/SECURITY.md#untrusted-models for more details). In a future release, the default value for `weights_only` will be flipped to `True`. This limits the functions that could be executed during unpickling. Arbitrary objects will no longer be allowed to be loaded via this mode unless they are explicitly allowlisted by the user via `torch.serialization.add_safe_globals`. We recommend you start setting `weights_only=True` for any use case where you don't have full control of the loaded file. Please open an issue on GitHub for any issues related to this experimental feature.
  self.load_state_dict(torch.load(model_path, map_location='cpu'), strict=False)
Setting up [LPIPS] perceptual loss: trunk [alex], v[0.1], spatial [off]
Loading model from: /home/suraj/miniforge3/envs/qvg_sf_infer/lib/python3.10/site-packages/lpips/weights/v0.1/alex.pth
{
  "num_videos": 10,
  "psnr": 15.30039834083438,
  "ssim": 0.45688496476167184,
  "lpips": 0.41186651332825985
}
prompt_map_size=10
[W310 05:03:27.221555384 CUDAAllocatorConfig.h:28] Warning: expandable_segments not supported on this platform (function operator())
[rank0]:[W310 05:03:28.439179898 ProcessGroupNCCL.cpp:4115] [PG ID 0 PG GUID 0 Rank 0]  using GPU 0 to perform barrier as devices used by this process are currently unknown. This can potentially cause a hang if this rank to GPU mapping is incorrect.Specify device_ids in barrier() to force use of a particular device,or call init_process_group() with a device_id.
/home/suraj/miniforge3/envs/qvg_sf_eval/lib/python3.10/site-packages/clip/clip.py:6: UserWarning: pkg_resources is deprecated as an API. See https://setuptools.pypa.io/en/latest/pkg_resources.html. The pkg_resources package is slated for removal as early as 2025-11-30. Refrain from using this package or pin to Setuptools<81.
  from pkg_resources import packaging
args: Namespace(output_path='/data/vaishak/combined-kv-quant/results/runs/backfill_flowcache_prune_int4_27bbc04277fe_10s/metrics/vbench_FLOWCACHE_PRUNE_INT4', full_json_dir='/data/vaishak/combined-kv-quant/third_party/VBench/vbench/VBench_full_info.json', videos_path='/data/vaishak/combined-kv-quant/results/runs/backfill_flowcache_prune_int4_27bbc04277fe_10s/videos/FLOWCACHE_PRUNE_INT4', dimension=['background_consistency', 'imaging_quality', 'subject_consistency', 'aesthetic_quality'], load_ckpt_from_local=None, read_frame=None, mode='custom_input', prompt='None', prompt_file='/data/vaishak/combined-kv-quant/results/runs/backfill_flowcache_prune_int4_27bbc04277fe_10s/metrics/vbench_FLOWCACHE_PRUNE_INT4/prompt_map.json', category=None, imaging_quality_preprocessing_mode='longer')
start evaluation
Evaluation meta data saved to /data/vaishak/combined-kv-quant/results/runs/backfill_flowcache_prune_int4_27bbc04277fe_10s/metrics/vbench_FLOWCACHE_PRUNE_INT4/results_2026-03-10-05:03:28_full_info.json
cur_full_info_path: /data/vaishak/combined-kv-quant/results/runs/backfill_flowcache_prune_int4_27bbc04277fe_10s/metrics/vbench_FLOWCACHE_PRUNE_INT4/results_2026-03-10-05:03:28_full_info.json
  0%|          | 0/10 [00:00<?, ?it/s] 10%|█         | 1/10 [00:00<00:06,  1.44it/s] 20%|██        | 2/10 [00:01<00:04,  1.63it/s] 30%|███       | 3/10 [00:01<00:04,  1.68it/s] 40%|████      | 4/10 [00:02<00:03,  1.73it/s] 50%|█████     | 5/10 [00:02<00:02,  1.74it/s] 60%|██████    | 6/10 [00:03<00:02,  1.76it/s] 70%|███████   | 7/10 [00:04<00:01,  1.77it/s] 80%|████████  | 8/10 [00:04<00:01,  1.77it/s] 90%|█████████ | 9/10 [00:05<00:00,  1.79it/s]100%|██████████| 10/10 [00:05<00:00,  1.77it/s]100%|██████████| 10/10 [00:05<00:00,  1.74it/s]
/home/suraj/miniforge3/envs/qvg_sf_eval/lib/python3.10/site-packages/timm/models/layers/__init__.py:48: FutureWarning: Importing from timm.models.layers is deprecated, please import via timm.layers
  warnings.warn(f"Importing from {__name__} is deprecated, please import via timm.layers", FutureWarning)
/home/suraj/miniforge3/envs/qvg_sf_eval/lib/python3.10/site-packages/pyiqa/archs/arch_util.py:118: FutureWarning: You are using `torch.load` with `weights_only=False` (the current default value), which uses the default pickle module implicitly. It is possible to construct malicious pickle data which will execute arbitrary code during unpickling (See https://github.com/pytorch/pytorch/blob/main/SECURITY.md#untrusted-models for more details). In a future release, the default value for `weights_only` will be flipped to `True`. This limits the functions that could be executed during unpickling. Arbitrary objects will no longer be allowed to be loaded via this mode unless they are explicitly allowlisted by the user via `torch.serialization.add_safe_globals`. We recommend you start setting `weights_only=True` for any use case where you don't have full control of the loaded file. Please open an issue on GitHub for any issues related to this experimental feature.
  state_dict = torch.load(model_path, map_location=torch.device("cpu"))
cur_full_info_path: /data/vaishak/combined-kv-quant/results/runs/backfill_flowcache_prune_int4_27bbc04277fe_10s/metrics/vbench_FLOWCACHE_PRUNE_INT4/results_2026-03-10-05:03:28_full_info.json
Loading pretrained model MUSIQ from /home/vaishak/.cache/vbench/pyiqa_model/musiq_spaq_ckpt-358bb6af.pth
  0%|          | 0/10 [00:00<?, ?it/s] 10%|█         | 1/10 [00:02<00:26,  2.92s/it] 20%|██        | 2/10 [00:05<00:22,  2.85s/it] 30%|███       | 3/10 [00:08<00:19,  2.82s/it] 40%|████      | 4/10 [00:11<00:16,  2.81s/it] 50%|█████     | 5/10 [00:14<00:14,  2.81s/it] 60%|██████    | 6/10 [00:16<00:11,  2.79s/it] 70%|███████   | 7/10 [00:19<00:08,  2.77s/it] 80%|████████  | 8/10 [00:22<00:05,  2.79s/it] 90%|█████████ | 9/10 [00:25<00:02,  2.80s/it]100%|██████████| 10/10 [00:27<00:00,  2.79s/it]100%|██████████| 10/10 [00:27<00:00,  2.80s/it]
Using cache found in /home/vaishak/.cache/torch/hub/facebookresearch_dino_main
2026-03-10 05:04:07,301 - vbench.subject_consistency - INFO - Initialize DINO success
cur_full_info_path: /data/vaishak/combined-kv-quant/results/runs/backfill_flowcache_prune_int4_27bbc04277fe_10s/metrics/vbench_FLOWCACHE_PRUNE_INT4/results_2026-03-10-05:03:28_full_info.json
  0%|          | 0/10 [00:00<?, ?it/s] 10%|█         | 1/10 [00:02<00:18,  2.04s/it] 20%|██        | 2/10 [00:04<00:16,  2.07s/it] 30%|███       | 3/10 [00:06<00:14,  2.06s/it] 40%|████      | 4/10 [00:08<00:12,  2.05s/it] 50%|█████     | 5/10 [00:10<00:10,  2.05s/it] 60%|██████    | 6/10 [00:12<00:08,  2.04s/it] 70%|███████   | 7/10 [00:14<00:06,  2.05s/it] 80%|████████  | 8/10 [00:16<00:04,  2.07s/it] 90%|█████████ | 9/10 [00:18<00:02,  2.06s/it]100%|██████████| 10/10 [00:20<00:00,  2.07s/it]100%|██████████| 10/10 [00:20<00:00,  2.06s/it]
/data/vaishak/kv-quant-longhorizon/third_party/VBench/vbench/aesthetic_quality.py:41: FutureWarning: You are using `torch.load` with `weights_only=False` (the current default value), which uses the default pickle module implicitly. It is possible to construct malicious pickle data which will execute arbitrary code during unpickling (See https://github.com/pytorch/pytorch/blob/main/SECURITY.md#untrusted-models for more details). In a future release, the default value for `weights_only` will be flipped to `True`. This limits the functions that could be executed during unpickling. Arbitrary objects will no longer be allowed to be loaded via this mode unless they are explicitly allowlisted by the user via `torch.serialization.add_safe_globals`. We recommend you start setting `weights_only=True` for any use case where you don't have full control of the loaded file. Please open an issue on GitHub for any issues related to this experimental feature.
  s = torch.load(path_to_model)
cur_full_info_path: /data/vaishak/combined-kv-quant/results/runs/backfill_flowcache_prune_int4_27bbc04277fe_10s/metrics/vbench_FLOWCACHE_PRUNE_INT4/results_2026-03-10-05:03:28_full_info.json
  0%|          | 0/10 [00:00<?, ?it/s] 10%|█         | 1/10 [00:00<00:08,  1.06it/s] 20%|██        | 2/10 [00:01<00:07,  1.04it/s] 30%|███       | 3/10 [00:02<00:06,  1.01it/s] 40%|████      | 4/10 [00:03<00:06,  1.01s/it] 50%|█████     | 5/10 [00:04<00:05,  1.01s/it] 60%|██████    | 6/10 [00:06<00:04,  1.02s/it] 70%|███████   | 7/10 [00:07<00:03,  1.00s/it] 80%|████████  | 8/10 [00:07<00:01,  1.00it/s] 90%|█████████ | 9/10 [00:08<00:00,  1.01it/s]100%|██████████| 10/10 [00:09<00:00,  1.00it/s]100%|██████████| 10/10 [00:09<00:00,  1.00it/s]
Evaluation results saved to /data/vaishak/combined-kv-quant/results/runs/backfill_flowcache_prune_int4_27bbc04277fe_10s/metrics/vbench_FLOWCACHE_PRUNE_INT4/results_2026-03-10-05:03:28_eval_results.json
done
[rank0]:[W310 05:04:44.175195859 ProcessGroupNCCL.cpp:1250] Warning: WARNING: process group has NOT been destroyed before we destruct ProcessGroupNCCL. On normal program exit, the application should call destroy_process_group to ensure that any pending NCCL operations have finished in this process. In rare cases this process can exit before this point and block the progress of another member of the process group. This constraint has always been present,  but this warning has only been added since PyTorch 2.4 (function operator())
Saved /data/vaishak/combined-kv-quant/results/runs/backfill_flowcache_prune_int4_27bbc04277fe_10s/metrics/vbench_FLOWCACHE_PRUNE_INT4.json
Wrote /data/vaishak/combined-kv-quant/results/runs/backfill_flowcache_prune_int4_27bbc04277fe_10s/tables/baseline_summary.csv
Wrote /data/vaishak/combined-kv-quant/results/runs/backfill_flowcache_prune_int4_27bbc04277fe_10s/tables/baseline_summary.md
$ /home/suraj/miniforge3/envs/qvg_sf_infer/bin/python /data/vaishak/combined-kv-quant/scripts/01_generate.py --results-root /data/vaishak/combined-kv-quant/results/runs/backfill_flowcache_prune_int4_27bbc04277fe_10s/profile_pass --method FLOWCACHE_PROFILE --max-prompts 10 --num-output-frames 42 --seed 0 --flowcache-recent-ratio 0.25 --device cuda:0 --use-ema --device cuda:0 --use-ema --flowcache-recent-ratio 0.25 --flowcache-recent-bits 4 --flowcache-recent-method RTN --flowcache-old-method RTN --flowcache-min-layer-budget-scale 0.7 --flowcache-max-layer-budget-scale 1.3 --flowcache-important-old-ratio 0.1 --flowcache-importance-alpha 0.7 --flowcache-importance-beta 0.3 --flowcache-prune-retained-old-ratio 0.45 --flowcache-prune-refresh-gap-chunks 1
$ /home/suraj/miniforge3/envs/qvg_sf_infer/bin/python /data/vaishak/combined-kv-quant/scripts/01_generate.py --results-root /data/vaishak/combined-kv-quant/results/runs/backfill_flowcache_prune_int4_27bbc04277fe_10s --method FLOWCACHE_PRUNE_INT4 --max-prompts 10 --num-output-frames 42 --seed 0 --device cuda:0 --use-ema --flowcache-recent-ratio 0.25 --flowcache-recent-bits 4 --flowcache-recent-method RTN --flowcache-old-method RTN --flowcache-min-layer-budget-scale 0.7 --flowcache-max-layer-budget-scale 1.3 --flowcache-important-old-ratio 0.1 --flowcache-importance-alpha 0.7 --flowcache-importance-beta 0.3 --flowcache-prune-retained-old-ratio 0.45 --flowcache-prune-refresh-gap-chunks 1 --flowcache-layer-budget-path /data/vaishak/combined-kv-quant/results/runs/backfill_flowcache_prune_int4_27bbc04277fe_10s/metrics/flowcache_profile_layer_budget.json
$ /home/suraj/miniforge3/envs/qvg_sf_infer/bin/python /data/vaishak/combined-kv-quant/scripts/02_eval_fidelity.py --bf16-dir /data/vaishak/kv-quant-longhorizon/results/runs/1772751420_baseline10s_10prompts_v3/videos/BF16 --candidate-dir /data/vaishak/combined-kv-quant/results/runs/backfill_flowcache_prune_int4_27bbc04277fe_10s/videos/FLOWCACHE_PRUNE_INT4 --output /data/vaishak/combined-kv-quant/results/runs/backfill_flowcache_prune_int4_27bbc04277fe_10s/metrics/fidelity_FLOWCACHE_PRUNE_INT4.json --device cpu
$ bash /data/vaishak/combined-kv-quant/scripts/03_eval_vbench.sh FLOWCACHE_PRUNE_INT4 /data/vaishak/combined-kv-quant/results/runs/backfill_flowcache_prune_int4_27bbc04277fe_10s/videos/FLOWCACHE_PRUNE_INT4 /data/vaishak/combined-kv-quant/prompts/MovieGenVideoBench_extended.txt /data/vaishak/combined-kv-quant/results/runs/backfill_flowcache_prune_int4_27bbc04277fe_10s/metrics/vbench_FLOWCACHE_PRUNE_INT4 /data/vaishak/combined-kv-quant/results/runs/backfill_flowcache_prune_int4_27bbc04277fe_10s/metrics/vbench_FLOWCACHE_PRUNE_INT4.json
$ /home/suraj/miniforge3/envs/qvg_sf_infer/bin/python /data/vaishak/combined-kv-quant/scripts/05_summarize_results.py --results-root /data/vaishak/combined-kv-quant/results/runs/backfill_flowcache_prune_int4_27bbc04277fe_10s --methods BF16 FLOWCACHE_PRUNE_INT4 RTN_INT4
Backfill completed for FLOWCACHE_PRUNE_INT4 under /data/vaishak/combined-kv-quant/results/runs/backfill_flowcache_prune_int4_27bbc04277fe_10s
/data/vaishak/combined-kv-quant/third_party/Self-Forcing/wan/modules/vae.py:634: FutureWarning: You are using `torch.load` with `weights_only=False` (the current default value), which uses the default pickle module implicitly. It is possible to construct malicious pickle data which will execute arbitrary code during unpickling (See https://github.com/pytorch/pytorch/blob/main/SECURITY.md#untrusted-models for more details). In a future release, the default value for `weights_only` will be flipped to `True`. This limits the functions that could be executed during unpickling. Arbitrary objects will no longer be allowed to be loaded via this mode unless they are explicitly allowlisted by the user via `torch.serialization.add_safe_globals`. We recommend you start setting `weights_only=True` for any use case where you don't have full control of the loaded file. Please open an issue on GitHub for any issues related to this experimental feature.
  torch.load(pretrained_path, map_location=device), assign=True)
/data/vaishak/combined-kv-quant/scripts/01_generate.py:408: FutureWarning: You are using `torch.load` with `weights_only=False` (the current default value), which uses the default pickle module implicitly. It is possible to construct malicious pickle data which will execute arbitrary code during unpickling (See https://github.com/pytorch/pytorch/blob/main/SECURITY.md#untrusted-models for more details). In a future release, the default value for `weights_only` will be flipped to `True`. This limits the functions that could be executed during unpickling. Arbitrary objects will no longer be allowed to be loaded via this mode unless they are explicitly allowlisted by the user via `torch.serialization.add_safe_globals`. We recommend you start setting `weights_only=True` for any use case where you don't have full control of the loaded file. Please open an issue on GitHub for any issues related to this experimental feature.
  state_dict = torch.load(str(checkpoint_path), map_location="cpu")
KV inference with 3 frames per block
Moving DynamicSwap_WanTextEncoder to cuda:0 with preserved memory: 25.303240299224854 GB
current_timestep: 1000.0
current_timestep: 937.5
current_timestep: 833.3333129882812
current_timestep: 625.0
current_timestep: 1000.0
current_timestep: 937.5
current_timestep: 833.3333129882812
current_timestep: 625.0
current_timestep: 1000.0
current_timestep: 937.5
current_timestep: 833.3333129882812
current_timestep: 625.0
current_timestep: 1000.0
current_timestep: 937.5
current_timestep: 833.3333129882812
current_timestep: 625.0
current_timestep: 1000.0
current_timestep: 937.5
current_timestep: 833.3333129882812
current_timestep: 625.0
current_timestep: 1000.0
current_timestep: 937.5
current_timestep: 833.3333129882812
current_timestep: 625.0
current_timestep: 1000.0
current_timestep: 937.5
current_timestep: 833.3333129882812
current_timestep: 625.0
current_timestep: 1000.0
current_timestep: 937.5
current_timestep: 833.3333129882812
current_timestep: 625.0
current_timestep: 1000.0
current_timestep: 937.5
current_timestep: 833.3333129882812
current_timestep: 625.0
current_timestep: 1000.0
current_timestep: 937.5
current_timestep: 833.3333129882812
current_timestep: 625.0
current_timestep: 1000.0
current_timestep: 937.5
current_timestep: 833.3333129882812
current_timestep: 625.0
current_timestep: 1000.0
current_timestep: 937.5
current_timestep: 833.3333129882812
current_timestep: 625.0
current_timestep: 1000.0
current_timestep: 937.5
current_timestep: 833.3333129882812
current_timestep: 625.0
current_timestep: 1000.0
current_timestep: 937.5
current_timestep: 833.3333129882812
current_timestep: 625.0
Moving DynamicSwap_WanTextEncoder to cuda:0 with preserved memory: 24.55411195755005 GB
current_timestep: 1000.0
current_timestep: 937.5
current_timestep: 833.3333129882812
current_timestep: 625.0
current_timestep: 1000.0
current_timestep: 937.5
current_timestep: 833.3333129882812
current_timestep: 625.0
current_timestep: 1000.0
current_timestep: 937.5
current_timestep: 833.3333129882812
current_timestep: 625.0
current_timestep: 1000.0
current_timestep: 937.5
current_timestep: 833.3333129882812
current_timestep: 625.0
current_timestep: 1000.0
current_timestep: 937.5
current_timestep: 833.3333129882812
current_timestep: 625.0
current_timestep: 1000.0
current_timestep: 937.5
current_timestep: 833.3333129882812
current_timestep: 625.0
current_timestep: 1000.0
current_timestep: 937.5
current_timestep: 833.3333129882812
current_timestep: 625.0
current_timestep: 1000.0
current_timestep: 937.5
current_timestep: 833.3333129882812
current_timestep: 625.0
current_timestep: 1000.0
current_timestep: 937.5
current_timestep: 833.3333129882812
current_timestep: 625.0
current_timestep: 1000.0
current_timestep: 937.5
current_timestep: 833.3333129882812
current_timestep: 625.0
current_timestep: 1000.0
current_timestep: 937.5
current_timestep: 833.3333129882812
current_timestep: 625.0
current_timestep: 1000.0
current_timestep: 937.5
current_timestep: 833.3333129882812
current_timestep: 625.0
current_timestep: 1000.0
current_timestep: 937.5
current_timestep: 833.3333129882812
current_timestep: 625.0
current_timestep: 1000.0
current_timestep: 937.5
current_timestep: 833.3333129882812
current_timestep: 625.0
Moving DynamicSwap_WanTextEncoder to cuda:0 with preserved memory: 24.55411195755005 GB
current_timestep: 1000.0
current_timestep: 937.5
current_timestep: 833.3333129882812
current_timestep: 625.0
current_timestep: 1000.0
current_timestep: 937.5
current_timestep: 833.3333129882812
current_timestep: 625.0
current_timestep: 1000.0
current_timestep: 937.5
current_timestep: 833.3333129882812
current_timestep: 625.0
current_timestep: 1000.0
current_timestep: 937.5
current_timestep: 833.3333129882812
current_timestep: 625.0
current_timestep: 1000.0
current_timestep: 937.5
current_timestep: 833.3333129882812
current_timestep: 625.0
current_timestep: 1000.0
current_timestep: 937.5
current_timestep: 833.3333129882812
current_timestep: 625.0
current_timestep: 1000.0
current_timestep: 937.5
current_timestep: 833.3333129882812
current_timestep: 625.0
current_timestep: 1000.0
current_timestep: 937.5
current_timestep: 833.3333129882812
current_timestep: 625.0
current_timestep: 1000.0
current_timestep: 937.5
current_timestep: 833.3333129882812
current_timestep: 625.0
current_timestep: 1000.0
current_timestep: 937.5
current_timestep: 833.3333129882812
current_timestep: 625.0
current_timestep: 1000.0
current_timestep: 937.5
current_timestep: 833.3333129882812
current_timestep: 625.0
current_timestep: 1000.0
current_timestep: 937.5
current_timestep: 833.3333129882812
current_timestep: 625.0
current_timestep: 1000.0
current_timestep: 937.5
current_timestep: 833.3333129882812
current_timestep: 625.0
current_timestep: 1000.0
current_timestep: 937.5
current_timestep: 833.3333129882812
current_timestep: 625.0
Moving DynamicSwap_WanTextEncoder to cuda:0 with preserved memory: 24.55411195755005 GB
current_timestep: 1000.0
current_timestep: 937.5
current_timestep: 833.3333129882812
current_timestep: 625.0
current_timestep: 1000.0
current_timestep: 937.5
current_timestep: 833.3333129882812
current_timestep: 625.0
current_timestep: 1000.0
current_timestep: 937.5
current_timestep: 833.3333129882812
current_timestep: 625.0
current_timestep: 1000.0
current_timestep: 937.5
current_timestep: 833.3333129882812
current_timestep: 625.0
current_timestep: 1000.0
current_timestep: 937.5
current_timestep: 833.3333129882812
current_timestep: 625.0
current_timestep: 1000.0
current_timestep: 937.5
current_timestep: 833.3333129882812
current_timestep: 625.0
current_timestep: 1000.0
current_timestep: 937.5
current_timestep: 833.3333129882812
current_timestep: 625.0
current_timestep: 1000.0
current_timestep: 937.5
current_timestep: 833.3333129882812
current_timestep: 625.0
current_timestep: 1000.0
current_timestep: 937.5
current_timestep: 833.3333129882812
current_timestep: 625.0
current_timestep: 1000.0
current_timestep: 937.5
current_timestep: 833.3333129882812
current_timestep: 625.0
current_timestep: 1000.0
current_timestep: 937.5
current_timestep: 833.3333129882812
current_timestep: 625.0
current_timestep: 1000.0
current_timestep: 937.5
current_timestep: 833.3333129882812
current_timestep: 625.0
current_timestep: 1000.0
current_timestep: 937.5
current_timestep: 833.3333129882812
current_timestep: 625.0
current_timestep: 1000.0
current_timestep: 937.5
current_timestep: 833.3333129882812
current_timestep: 625.0
Moving DynamicSwap_WanTextEncoder to cuda:0 with preserved memory: 24.55411195755005 GB
current_timestep: 1000.0
current_timestep: 937.5
current_timestep: 833.3333129882812
current_timestep: 625.0
current_timestep: 1000.0
current_timestep: 937.5
current_timestep: 833.3333129882812
current_timestep: 625.0
current_timestep: 1000.0
current_timestep: 937.5
current_timestep: 833.3333129882812
current_timestep: 625.0
current_timestep: 1000.0
current_timestep: 937.5
current_timestep: 833.3333129882812
current_timestep: 625.0
current_timestep: 1000.0
current_timestep: 937.5
current_timestep: 833.3333129882812
current_timestep: 625.0
current_timestep: 1000.0
current_timestep: 937.5
current_timestep: 833.3333129882812
current_timestep: 625.0
current_timestep: 1000.0
current_timestep: 937.5
current_timestep: 833.3333129882812
current_timestep: 625.0
current_timestep: 1000.0
current_timestep: 937.5
current_timestep: 833.3333129882812
current_timestep: 625.0
current_timestep: 1000.0
current_timestep: 937.5
current_timestep: 833.3333129882812
current_timestep: 625.0
current_timestep: 1000.0
current_timestep: 937.5
current_timestep: 833.3333129882812
current_timestep: 625.0
current_timestep: 1000.0
current_timestep: 937.5
current_timestep: 833.3333129882812
current_timestep: 625.0
current_timestep: 1000.0
current_timestep: 937.5
current_timestep: 833.3333129882812
current_timestep: 625.0
current_timestep: 1000.0
current_timestep: 937.5
current_timestep: 833.3333129882812
current_timestep: 625.0
current_timestep: 1000.0
current_timestep: 937.5
current_timestep: 833.3333129882812
current_timestep: 625.0
Moving DynamicSwap_WanTextEncoder to cuda:0 with preserved memory: 24.55411195755005 GB
current_timestep: 1000.0
current_timestep: 937.5
current_timestep: 833.3333129882812
current_timestep: 625.0
current_timestep: 1000.0
current_timestep: 937.5
current_timestep: 833.3333129882812
current_timestep: 625.0
current_timestep: 1000.0
current_timestep: 937.5
current_timestep: 833.3333129882812
current_timestep: 625.0
current_timestep: 1000.0
current_timestep: 937.5
current_timestep: 833.3333129882812
current_timestep: 625.0
current_timestep: 1000.0
current_timestep: 937.5
current_timestep: 833.3333129882812
current_timestep: 625.0
current_timestep: 1000.0
current_timestep: 937.5
current_timestep: 833.3333129882812
current_timestep: 625.0
current_timestep: 1000.0
current_timestep: 937.5
current_timestep: 833.3333129882812
current_timestep: 625.0
current_timestep: 1000.0
current_timestep: 937.5
current_timestep: 833.3333129882812
current_timestep: 625.0
current_timestep: 1000.0
current_timestep: 937.5
current_timestep: 833.3333129882812
current_timestep: 625.0
current_timestep: 1000.0
current_timestep: 937.5
current_timestep: 833.3333129882812
current_timestep: 625.0
current_timestep: 1000.0
current_timestep: 937.5
current_timestep: 833.3333129882812
current_timestep: 625.0
current_timestep: 1000.0
current_timestep: 937.5
current_timestep: 833.3333129882812
current_timestep: 625.0
current_timestep: 1000.0
current_timestep: 937.5
current_timestep: 833.3333129882812
current_timestep: 625.0
current_timestep: 1000.0
current_timestep: 937.5
current_timestep: 833.3333129882812
current_timestep: 625.0
Moving DynamicSwap_WanTextEncoder to cuda:0 with preserved memory: 24.55411195755005 GB
current_timestep: 1000.0
current_timestep: 937.5
current_timestep: 833.3333129882812
current_timestep: 625.0
current_timestep: 1000.0
current_timestep: 937.5
current_timestep: 833.3333129882812
current_timestep: 625.0
current_timestep: 1000.0
current_timestep: 937.5
current_timestep: 833.3333129882812
current_timestep: 625.0
current_timestep: 1000.0
current_timestep: 937.5
current_timestep: 833.3333129882812
current_timestep: 625.0
current_timestep: 1000.0
current_timestep: 937.5
current_timestep: 833.3333129882812
current_timestep: 625.0
current_timestep: 1000.0
current_timestep: 937.5
current_timestep: 833.3333129882812
current_timestep: 625.0
current_timestep: 1000.0
current_timestep: 937.5
current_timestep: 833.3333129882812
current_timestep: 625.0
current_timestep: 1000.0
current_timestep: 937.5
current_timestep: 833.3333129882812
current_timestep: 625.0
current_timestep: 1000.0
current_timestep: 937.5
current_timestep: 833.3333129882812
current_timestep: 625.0
current_timestep: 1000.0
current_timestep: 937.5
current_timestep: 833.3333129882812
current_timestep: 625.0
current_timestep: 1000.0
current_timestep: 937.5
current_timestep: 833.3333129882812
current_timestep: 625.0
current_timestep: 1000.0
current_timestep: 937.5
current_timestep: 833.3333129882812
current_timestep: 625.0
current_timestep: 1000.0
current_timestep: 937.5
current_timestep: 833.3333129882812
current_timestep: 625.0
current_timestep: 1000.0
current_timestep: 937.5
current_timestep: 833.3333129882812
current_timestep: 625.0
Moving DynamicSwap_WanTextEncoder to cuda:0 with preserved memory: 24.55411195755005 GB
current_timestep: 1000.0
current_timestep: 937.5
current_timestep: 833.3333129882812
current_timestep: 625.0
current_timestep: 1000.0
current_timestep: 937.5
current_timestep: 833.3333129882812
current_timestep: 625.0
current_timestep: 1000.0
current_timestep: 937.5
current_timestep: 833.3333129882812
current_timestep: 625.0
current_timestep: 1000.0
current_timestep: 937.5
current_timestep: 833.3333129882812
current_timestep: 625.0
current_timestep: 1000.0
current_timestep: 937.5
current_timestep: 833.3333129882812
current_timestep: 625.0
current_timestep: 1000.0
current_timestep: 937.5
current_timestep: 833.3333129882812
current_timestep: 625.0
current_timestep: 1000.0
current_timestep: 937.5
current_timestep: 833.3333129882812
current_timestep: 625.0
current_timestep: 1000.0
current_timestep: 937.5
current_timestep: 833.3333129882812
current_timestep: 625.0
current_timestep: 1000.0
current_timestep: 937.5
current_timestep: 833.3333129882812
current_timestep: 625.0
current_timestep: 1000.0
current_timestep: 937.5
current_timestep: 833.3333129882812
current_timestep: 625.0
current_timestep: 1000.0
current_timestep: 937.5
current_timestep: 833.3333129882812
current_timestep: 625.0
current_timestep: 1000.0
current_timestep: 937.5
current_timestep: 833.3333129882812
current_timestep: 625.0
current_timestep: 1000.0
current_timestep: 937.5
current_timestep: 833.3333129882812
current_timestep: 625.0
current_timestep: 1000.0
current_timestep: 937.5
current_timestep: 833.3333129882812
current_timestep: 625.0
Moving DynamicSwap_WanTextEncoder to cuda:0 with preserved memory: 24.55411195755005 GB
current_timestep: 1000.0
current_timestep: 937.5
current_timestep: 833.3333129882812
current_timestep: 625.0
current_timestep: 1000.0
current_timestep: 937.5
current_timestep: 833.3333129882812
current_timestep: 625.0
current_timestep: 1000.0
current_timestep: 937.5
current_timestep: 833.3333129882812
current_timestep: 625.0
current_timestep: 1000.0
current_timestep: 937.5
current_timestep: 833.3333129882812
current_timestep: 625.0
current_timestep: 1000.0
current_timestep: 937.5
current_timestep: 833.3333129882812
current_timestep: 625.0
current_timestep: 1000.0
current_timestep: 937.5
current_timestep: 833.3333129882812
current_timestep: 625.0
current_timestep: 1000.0
current_timestep: 937.5
current_timestep: 833.3333129882812
current_timestep: 625.0
current_timestep: 1000.0
current_timestep: 937.5
current_timestep: 833.3333129882812
current_timestep: 625.0
current_timestep: 1000.0
current_timestep: 937.5
current_timestep: 833.3333129882812
current_timestep: 625.0
current_timestep: 1000.0
current_timestep: 937.5
current_timestep: 833.3333129882812
current_timestep: 625.0
current_timestep: 1000.0
current_timestep: 937.5
current_timestep: 833.3333129882812
current_timestep: 625.0
current_timestep: 1000.0
current_timestep: 937.5
current_timestep: 833.3333129882812
current_timestep: 625.0
current_timestep: 1000.0
current_timestep: 937.5
current_timestep: 833.3333129882812
current_timestep: 625.0
current_timestep: 1000.0
current_timestep: 937.5
current_timestep: 833.3333129882812
current_timestep: 625.0
Moving DynamicSwap_WanTextEncoder to cuda:0 with preserved memory: 24.55411195755005 GB
current_timestep: 1000.0
current_timestep: 937.5
current_timestep: 833.3333129882812
current_timestep: 625.0
current_timestep: 1000.0
current_timestep: 937.5
current_timestep: 833.3333129882812
current_timestep: 625.0
current_timestep: 1000.0
current_timestep: 937.5
current_timestep: 833.3333129882812
current_timestep: 625.0
current_timestep: 1000.0
current_timestep: 937.5
current_timestep: 833.3333129882812
current_timestep: 625.0
current_timestep: 1000.0
current_timestep: 937.5
current_timestep: 833.3333129882812
current_timestep: 625.0
current_timestep: 1000.0
current_timestep: 937.5
current_timestep: 833.3333129882812
current_timestep: 625.0
current_timestep: 1000.0
current_timestep: 937.5
current_timestep: 833.3333129882812
current_timestep: 625.0
current_timestep: 1000.0
current_timestep: 937.5
current_timestep: 833.3333129882812
current_timestep: 625.0
current_timestep: 1000.0
current_timestep: 937.5
current_timestep: 833.3333129882812
current_timestep: 625.0
current_timestep: 1000.0
current_timestep: 937.5
current_timestep: 833.3333129882812
current_timestep: 625.0
current_timestep: 1000.0
current_timestep: 937.5
current_timestep: 833.3333129882812
current_timestep: 625.0
current_timestep: 1000.0
current_timestep: 937.5
current_timestep: 833.3333129882812
current_timestep: 625.0
current_timestep: 1000.0
current_timestep: 937.5
current_timestep: 833.3333129882812
current_timestep: 625.0
current_timestep: 1000.0
current_timestep: 937.5
current_timestep: 833.3333129882812
current_timestep: 625.0
{
  "method": "FLOWCACHE_PROFILE",
  "num_prompts": 10,
  "num_samples": 1,
  "total_runtime_s": 677.9914247426204,
  "avg_runtime_s_per_prompt": 67.79914247426204,
  "peak_vram_bytes": 20701900800,
  "quantize_time_s": 273.3551178830676,
  "dequantize_time_s": 0.08382340148091316,
  "bf16_kv_bytes": 12076646400,
  "compressed_kv_bytes": 12076646400,
  "compression_ratio": 1.0,
  "first_video_shape": [
    1,
    165,
    3,
    480,
    832
  ],
  "flowcache_profile_recent_ratio": 0.25,
  "flowcache_profile_num_layers": 30,
  "flowcache_profile_avg_old_delta": 0.03789029176026783,
  "flowcache_profile_layer_scores": {
    "0": 0.03999840838566296,
    "1": 0.03853113329985132,
    "2": 0.0385006760709556,
    "3": 0.037774014304376255,
    "4": 0.037714485092625274,
    "5": 0.03783177957704322,
    "6": 0.03848639274694783,
    "7": 0.03796952783461597,
    "8": 0.037464381952186,
    "9": 0.03850194435712676,
    "10": 0.037297084512331095,
    "11": 0.0378303807673155,
    "12": 0.03740586811645051,
    "13": 0.036978945525015815,
    "14": 0.036886760317759934,
    "15": 0.03735412487464215,
    "16": 0.03683403241969014,
    "17": 0.037136908432456935,
    "18": 0.03762872225887111,
    "19": 0.037563615486231015,
    "20": 0.03765887172876905,
    "21": 0.03786620344587807,
    "22": 0.03777402136159145,
    "23": 0.037756647973684436,
    "24": 0.03826721395827609,
    "25": 0.03798770763611389,
    "26": 0.037690750656302195,
    "27": 0.038703647382257476,
    "28": 0.03830638121063742,
    "29": 0.03900812112236932
  },
  "flowcache_profile_layer_scores_all_chunks": {
    "0": 0.05018520931355537,
    "1": 0.04090535907045243,
    "2": 0.03647007856482551,
    "3": 0.033780857673240086,
    "4": 0.033163946546495904,
    "5": 0.03280545049054282,
    "6": 0.0339912677804629,
    "7": 0.03341030009138206,
    "8": 0.032294446085062295,
    "9": 0.03272698708339816,
    "10": 0.032419890609880285,
    "11": 0.03271153287081018,
    "12": 0.03206570847107777,
    "13": 0.030996311471694047,
    "14": 0.030883666698658278,
    "15": 0.03183665629559093,
    "16": 0.031011278440909725,
    "17": 0.031457965511533,
    "18": 0.0316695608041944,
    "19": 0.033921245477384045,
    "20": 0.034649743681862244,
    "21": 0.035520618671462646,
    "22": 0.035612253290083676,
    "23": 0.03478225004058036,
    "24": 0.034225868561911205,
    "25": 0.033681025995976395,
    "26": 0.03344362636832964,
    "27": 0.03416443423761262,
    "28": 0.032847325192675705,
    "29": 0.03758263619149488
  }
}
/data/vaishak/combined-kv-quant/third_party/Self-Forcing/wan/modules/vae.py:634: FutureWarning: You are using `torch.load` with `weights_only=False` (the current default value), which uses the default pickle module implicitly. It is possible to construct malicious pickle data which will execute arbitrary code during unpickling (See https://github.com/pytorch/pytorch/blob/main/SECURITY.md#untrusted-models for more details). In a future release, the default value for `weights_only` will be flipped to `True`. This limits the functions that could be executed during unpickling. Arbitrary objects will no longer be allowed to be loaded via this mode unless they are explicitly allowlisted by the user via `torch.serialization.add_safe_globals`. We recommend you start setting `weights_only=True` for any use case where you don't have full control of the loaded file. Please open an issue on GitHub for any issues related to this experimental feature.
  torch.load(pretrained_path, map_location=device), assign=True)
/data/vaishak/combined-kv-quant/scripts/01_generate.py:408: FutureWarning: You are using `torch.load` with `weights_only=False` (the current default value), which uses the default pickle module implicitly. It is possible to construct malicious pickle data which will execute arbitrary code during unpickling (See https://github.com/pytorch/pytorch/blob/main/SECURITY.md#untrusted-models for more details). In a future release, the default value for `weights_only` will be flipped to `True`. This limits the functions that could be executed during unpickling. Arbitrary objects will no longer be allowed to be loaded via this mode unless they are explicitly allowlisted by the user via `torch.serialization.add_safe_globals`. We recommend you start setting `weights_only=True` for any use case where you don't have full control of the loaded file. Please open an issue on GitHub for any issues related to this experimental feature.
  state_dict = torch.load(str(checkpoint_path), map_location="cpu")
KV inference with 3 frames per block
Moving DynamicSwap_WanTextEncoder to cuda:0 with preserved memory: 25.303240299224854 GB
current_timestep: 1000.0
current_timestep: 937.5
current_timestep: 833.3333129882812
current_timestep: 625.0
current_timestep: 1000.0
current_timestep: 937.5
current_timestep: 833.3333129882812
current_timestep: 625.0
current_timestep: 1000.0
current_timestep: 937.5
current_timestep: 833.3333129882812
current_timestep: 625.0
current_timestep: 1000.0
current_timestep: 937.5
current_timestep: 833.3333129882812
current_timestep: 625.0
current_timestep: 1000.0
current_timestep: 937.5
current_timestep: 833.3333129882812
current_timestep: 625.0
current_timestep: 1000.0
current_timestep: 937.5
current_timestep: 833.3333129882812
current_timestep: 625.0
current_timestep: 1000.0
current_timestep: 937.5
current_timestep: 833.3333129882812
current_timestep: 625.0
current_timestep: 1000.0
current_timestep: 937.5
current_timestep: 833.3333129882812
current_timestep: 625.0
current_timestep: 1000.0
current_timestep: 937.5
current_timestep: 833.3333129882812
current_timestep: 625.0
current_timestep: 1000.0
current_timestep: 937.5
current_timestep: 833.3333129882812
current_timestep: 625.0
current_timestep: 1000.0
current_timestep: 937.5
current_timestep: 833.3333129882812
current_timestep: 625.0
current_timestep: 1000.0
current_timestep: 937.5
current_timestep: 833.3333129882812
current_timestep: 625.0
current_timestep: 1000.0
current_timestep: 937.5
current_timestep: 833.3333129882812
current_timestep: 625.0
current_timestep: 1000.0
current_timestep: 937.5
current_timestep: 833.3333129882812
current_timestep: 625.0
Moving DynamicSwap_WanTextEncoder to cuda:0 with preserved memory: 24.55411195755005 GB
current_timestep: 1000.0
current_timestep: 937.5
current_timestep: 833.3333129882812
current_timestep: 625.0
current_timestep: 1000.0
current_timestep: 937.5
current_timestep: 833.3333129882812
current_timestep: 625.0
current_timestep: 1000.0
current_timestep: 937.5
current_timestep: 833.3333129882812
current_timestep: 625.0
current_timestep: 1000.0
current_timestep: 937.5
current_timestep: 833.3333129882812
current_timestep: 625.0
current_timestep: 1000.0
current_timestep: 937.5
current_timestep: 833.3333129882812
current_timestep: 625.0
current_timestep: 1000.0
current_timestep: 937.5
current_timestep: 833.3333129882812
current_timestep: 625.0
current_timestep: 1000.0
current_timestep: 937.5
current_timestep: 833.3333129882812
current_timestep: 625.0
current_timestep: 1000.0
current_timestep: 937.5
current_timestep: 833.3333129882812
current_timestep: 625.0
current_timestep: 1000.0
current_timestep: 937.5
current_timestep: 833.3333129882812
current_timestep: 625.0
current_timestep: 1000.0
current_timestep: 937.5
current_timestep: 833.3333129882812
current_timestep: 625.0
current_timestep: 1000.0
current_timestep: 937.5
current_timestep: 833.3333129882812
current_timestep: 625.0
current_timestep: 1000.0
current_timestep: 937.5
current_timestep: 833.3333129882812
current_timestep: 625.0
current_timestep: 1000.0
current_timestep: 937.5
current_timestep: 833.3333129882812
current_timestep: 625.0
current_timestep: 1000.0
current_timestep: 937.5
current_timestep: 833.3333129882812
current_timestep: 625.0
Moving DynamicSwap_WanTextEncoder to cuda:0 with preserved memory: 24.55411195755005 GB
current_timestep: 1000.0
current_timestep: 937.5
current_timestep: 833.3333129882812
current_timestep: 625.0
current_timestep: 1000.0
current_timestep: 937.5
current_timestep: 833.3333129882812
current_timestep: 625.0
current_timestep: 1000.0
current_timestep: 937.5
current_timestep: 833.3333129882812
current_timestep: 625.0
current_timestep: 1000.0
current_timestep: 937.5
current_timestep: 833.3333129882812
current_timestep: 625.0
current_timestep: 1000.0
current_timestep: 937.5
current_timestep: 833.3333129882812
current_timestep: 625.0
current_timestep: 1000.0
current_timestep: 937.5
current_timestep: 833.3333129882812
current_timestep: 625.0
current_timestep: 1000.0
current_timestep: 937.5
current_timestep: 833.3333129882812
current_timestep: 625.0
current_timestep: 1000.0
current_timestep: 937.5
current_timestep: 833.3333129882812
current_timestep: 625.0
current_timestep: 1000.0
current_timestep: 937.5
current_timestep: 833.3333129882812
current_timestep: 625.0
current_timestep: 1000.0
current_timestep: 937.5
current_timestep: 833.3333129882812
current_timestep: 625.0
current_timestep: 1000.0
current_timestep: 937.5
current_timestep: 833.3333129882812
current_timestep: 625.0
current_timestep: 1000.0
current_timestep: 937.5
current_timestep: 833.3333129882812
current_timestep: 625.0
current_timestep: 1000.0
current_timestep: 937.5
current_timestep: 833.3333129882812
current_timestep: 625.0
current_timestep: 1000.0
current_timestep: 937.5
current_timestep: 833.3333129882812
current_timestep: 625.0
Moving DynamicSwap_WanTextEncoder to cuda:0 with preserved memory: 24.55411195755005 GB
current_timestep: 1000.0
current_timestep: 937.5
current_timestep: 833.3333129882812
current_timestep: 625.0
current_timestep: 1000.0
current_timestep: 937.5
current_timestep: 833.3333129882812
current_timestep: 625.0
current_timestep: 1000.0
current_timestep: 937.5
current_timestep: 833.3333129882812
current_timestep: 625.0
current_timestep: 1000.0
current_timestep: 937.5
current_timestep: 833.3333129882812
current_timestep: 625.0
current_timestep: 1000.0
current_timestep: 937.5
current_timestep: 833.3333129882812
current_timestep: 625.0
current_timestep: 1000.0
current_timestep: 937.5
current_timestep: 833.3333129882812
current_timestep: 625.0
current_timestep: 1000.0
current_timestep: 937.5
current_timestep: 833.3333129882812
current_timestep: 625.0
current_timestep: 1000.0
current_timestep: 937.5
current_timestep: 833.3333129882812
current_timestep: 625.0
current_timestep: 1000.0
current_timestep: 937.5
current_timestep: 833.3333129882812
current_timestep: 625.0
current_timestep: 1000.0
current_timestep: 937.5
current_timestep: 833.3333129882812
current_timestep: 625.0
current_timestep: 1000.0
current_timestep: 937.5
current_timestep: 833.3333129882812
current_timestep: 625.0
current_timestep: 1000.0
current_timestep: 937.5
current_timestep: 833.3333129882812
current_timestep: 625.0
current_timestep: 1000.0
current_timestep: 937.5
current_timestep: 833.3333129882812
current_timestep: 625.0
current_timestep: 1000.0
current_timestep: 937.5
current_timestep: 833.3333129882812
current_timestep: 625.0
Moving DynamicSwap_WanTextEncoder to cuda:0 with preserved memory: 24.55411195755005 GB
current_timestep: 1000.0
current_timestep: 937.5
current_timestep: 833.3333129882812
current_timestep: 625.0
current_timestep: 1000.0
current_timestep: 937.5
current_timestep: 833.3333129882812
current_timestep: 625.0
current_timestep: 1000.0
current_timestep: 937.5
current_timestep: 833.3333129882812
current_timestep: 625.0
current_timestep: 1000.0
current_timestep: 937.5
current_timestep: 833.3333129882812
current_timestep: 625.0
current_timestep: 1000.0
current_timestep: 937.5
current_timestep: 833.3333129882812
current_timestep: 625.0
current_timestep: 1000.0
current_timestep: 937.5
current_timestep: 833.3333129882812
current_timestep: 625.0
current_timestep: 1000.0
current_timestep: 937.5
current_timestep: 833.3333129882812
current_timestep: 625.0
current_timestep: 1000.0
current_timestep: 937.5
current_timestep: 833.3333129882812
current_timestep: 625.0
current_timestep: 1000.0
current_timestep: 937.5
current_timestep: 833.3333129882812
current_timestep: 625.0
current_timestep: 1000.0
current_timestep: 937.5
current_timestep: 833.3333129882812
current_timestep: 625.0
current_timestep: 1000.0
current_timestep: 937.5
current_timestep: 833.3333129882812
current_timestep: 625.0
current_timestep: 1000.0
current_timestep: 937.5
current_timestep: 833.3333129882812
current_timestep: 625.0
current_timestep: 1000.0
current_timestep: 937.5
current_timestep: 833.3333129882812
current_timestep: 625.0
current_timestep: 1000.0
current_timestep: 937.5
current_timestep: 833.3333129882812
current_timestep: 625.0
Moving DynamicSwap_WanTextEncoder to cuda:0 with preserved memory: 24.55411195755005 GB
current_timestep: 1000.0
current_timestep: 937.5
current_timestep: 833.3333129882812
current_timestep: 625.0
current_timestep: 1000.0
current_timestep: 937.5
current_timestep: 833.3333129882812
current_timestep: 625.0
current_timestep: 1000.0
current_timestep: 937.5
current_timestep: 833.3333129882812
current_timestep: 625.0
current_timestep: 1000.0
current_timestep: 937.5
current_timestep: 833.3333129882812
current_timestep: 625.0
current_timestep: 1000.0
current_timestep: 937.5
current_timestep: 833.3333129882812
current_timestep: 625.0
current_timestep: 1000.0
current_timestep: 937.5
current_timestep: 833.3333129882812
current_timestep: 625.0
current_timestep: 1000.0
current_timestep: 937.5
current_timestep: 833.3333129882812
current_timestep: 625.0
current_timestep: 1000.0
current_timestep: 937.5
current_timestep: 833.3333129882812
current_timestep: 625.0
current_timestep: 1000.0
current_timestep: 937.5
current_timestep: 833.3333129882812
current_timestep: 625.0
current_timestep: 1000.0
current_timestep: 937.5
current_timestep: 833.3333129882812
current_timestep: 625.0
current_timestep: 1000.0
current_timestep: 937.5
current_timestep: 833.3333129882812
current_timestep: 625.0
current_timestep: 1000.0
current_timestep: 937.5
current_timestep: 833.3333129882812
current_timestep: 625.0
current_timestep: 1000.0
current_timestep: 937.5
current_timestep: 833.3333129882812
current_timestep: 625.0
current_timestep: 1000.0
current_timestep: 937.5
current_timestep: 833.3333129882812
current_timestep: 625.0
Moving DynamicSwap_WanTextEncoder to cuda:0 with preserved memory: 24.55411195755005 GB
current_timestep: 1000.0
current_timestep: 937.5
current_timestep: 833.3333129882812
current_timestep: 625.0
current_timestep: 1000.0
current_timestep: 937.5
current_timestep: 833.3333129882812
current_timestep: 625.0
current_timestep: 1000.0
current_timestep: 937.5
current_timestep: 833.3333129882812
current_timestep: 625.0
current_timestep: 1000.0
current_timestep: 937.5
current_timestep: 833.3333129882812
current_timestep: 625.0
current_timestep: 1000.0
current_timestep: 937.5
current_timestep: 833.3333129882812
current_timestep: 625.0
current_timestep: 1000.0
current_timestep: 937.5
current_timestep: 833.3333129882812
current_timestep: 625.0
current_timestep: 1000.0
current_timestep: 937.5
current_timestep: 833.3333129882812
current_timestep: 625.0
current_timestep: 1000.0
current_timestep: 937.5
current_timestep: 833.3333129882812
current_timestep: 625.0
current_timestep: 1000.0
current_timestep: 937.5
current_timestep: 833.3333129882812
current_timestep: 625.0
current_timestep: 1000.0
current_timestep: 937.5
current_timestep: 833.3333129882812
current_timestep: 625.0
current_timestep: 1000.0
current_timestep: 937.5
current_timestep: 833.3333129882812
current_timestep: 625.0
current_timestep: 1000.0
current_timestep: 937.5
current_timestep: 833.3333129882812
current_timestep: 625.0
current_timestep: 1000.0
current_timestep: 937.5
current_timestep: 833.3333129882812
current_timestep: 625.0
current_timestep: 1000.0
current_timestep: 937.5
current_timestep: 833.3333129882812
current_timestep: 625.0
Moving DynamicSwap_WanTextEncoder to cuda:0 with preserved memory: 24.55411195755005 GB
current_timestep: 1000.0
current_timestep: 937.5
current_timestep: 833.3333129882812
current_timestep: 625.0
current_timestep: 1000.0
current_timestep: 937.5
current_timestep: 833.3333129882812
current_timestep: 625.0
current_timestep: 1000.0
current_timestep: 937.5
current_timestep: 833.3333129882812
current_timestep: 625.0
current_timestep: 1000.0
current_timestep: 937.5
current_timestep: 833.3333129882812
current_timestep: 625.0
current_timestep: 1000.0
current_timestep: 937.5
current_timestep: 833.3333129882812
current_timestep: 625.0
current_timestep: 1000.0
current_timestep: 937.5
current_timestep: 833.3333129882812
current_timestep: 625.0
current_timestep: 1000.0
current_timestep: 937.5
current_timestep: 833.3333129882812
current_timestep: 625.0
current_timestep: 1000.0
current_timestep: 937.5
current_timestep: 833.3333129882812
current_timestep: 625.0
current_timestep: 1000.0
current_timestep: 937.5
current_timestep: 833.3333129882812
current_timestep: 625.0
current_timestep: 1000.0
current_timestep: 937.5
current_timestep: 833.3333129882812
current_timestep: 625.0
current_timestep: 1000.0
current_timestep: 937.5
current_timestep: 833.3333129882812
current_timestep: 625.0
current_timestep: 1000.0
current_timestep: 937.5
current_timestep: 833.3333129882812
current_timestep: 625.0
current_timestep: 1000.0
current_timestep: 937.5
current_timestep: 833.3333129882812
current_timestep: 625.0
current_timestep: 1000.0
current_timestep: 937.5
current_timestep: 833.3333129882812
current_timestep: 625.0
Moving DynamicSwap_WanTextEncoder to cuda:0 with preserved memory: 24.55411195755005 GB
current_timestep: 1000.0
current_timestep: 937.5
current_timestep: 833.3333129882812
current_timestep: 625.0
current_timestep: 1000.0
current_timestep: 937.5
current_timestep: 833.3333129882812
current_timestep: 625.0
current_timestep: 1000.0
current_timestep: 937.5
current_timestep: 833.3333129882812
current_timestep: 625.0
current_timestep: 1000.0
current_timestep: 937.5
current_timestep: 833.3333129882812
current_timestep: 625.0
current_timestep: 1000.0
current_timestep: 937.5
current_timestep: 833.3333129882812
current_timestep: 625.0
current_timestep: 1000.0
current_timestep: 937.5
current_timestep: 833.3333129882812
current_timestep: 625.0
current_timestep: 1000.0
current_timestep: 937.5
current_timestep: 833.3333129882812
current_timestep: 625.0
current_timestep: 1000.0
current_timestep: 937.5
current_timestep: 833.3333129882812
current_timestep: 625.0
current_timestep: 1000.0
current_timestep: 937.5
current_timestep: 833.3333129882812
current_timestep: 625.0
current_timestep: 1000.0
current_timestep: 937.5
current_timestep: 833.3333129882812
current_timestep: 625.0
current_timestep: 1000.0
current_timestep: 937.5
current_timestep: 833.3333129882812
current_timestep: 625.0
current_timestep: 1000.0
current_timestep: 937.5
current_timestep: 833.3333129882812
current_timestep: 625.0
current_timestep: 1000.0
current_timestep: 937.5
current_timestep: 833.3333129882812
current_timestep: 625.0
current_timestep: 1000.0
current_timestep: 937.5
current_timestep: 833.3333129882812
current_timestep: 625.0
Moving DynamicSwap_WanTextEncoder to cuda:0 with preserved memory: 24.55411195755005 GB
current_timestep: 1000.0
current_timestep: 937.5
current_timestep: 833.3333129882812
current_timestep: 625.0
current_timestep: 1000.0
current_timestep: 937.5
current_timestep: 833.3333129882812
current_timestep: 625.0
current_timestep: 1000.0
current_timestep: 937.5
current_timestep: 833.3333129882812
current_timestep: 625.0
current_timestep: 1000.0
current_timestep: 937.5
current_timestep: 833.3333129882812
current_timestep: 625.0
current_timestep: 1000.0
current_timestep: 937.5
current_timestep: 833.3333129882812
current_timestep: 625.0
current_timestep: 1000.0
current_timestep: 937.5
current_timestep: 833.3333129882812
current_timestep: 625.0
current_timestep: 1000.0
current_timestep: 937.5
current_timestep: 833.3333129882812
current_timestep: 625.0
current_timestep: 1000.0
current_timestep: 937.5
current_timestep: 833.3333129882812
current_timestep: 625.0
current_timestep: 1000.0
current_timestep: 937.5
current_timestep: 833.3333129882812
current_timestep: 625.0
current_timestep: 1000.0
current_timestep: 937.5
current_timestep: 833.3333129882812
current_timestep: 625.0
current_timestep: 1000.0
current_timestep: 937.5
current_timestep: 833.3333129882812
current_timestep: 625.0
current_timestep: 1000.0
current_timestep: 937.5
current_timestep: 833.3333129882812
current_timestep: 625.0
current_timestep: 1000.0
current_timestep: 937.5
current_timestep: 833.3333129882812
current_timestep: 625.0
current_timestep: 1000.0
current_timestep: 937.5
current_timestep: 833.3333129882812
current_timestep: 625.0
{
  "method": "FLOWCACHE_SOFT_PRUNE_INT2",
  "num_prompts": 10,
  "num_samples": 1,
  "total_runtime_s": 761.1785025922582,
  "avg_runtime_s_per_prompt": 76.11785025922582,
  "peak_vram_bytes": 12575000576,
  "quantize_time_s": 103.58567247632891,
  "dequantize_time_s": 19.710297503042966,
  "bf16_kv_bytes": 12076646400,
  "compressed_kv_bytes": 1769589920,
  "compression_ratio": 6.824545203105587,
  "first_video_shape": [
    1,
    165,
    3,
    480,
    832
  ],
  "flowcache_soft_prune_events": 21000.0,
  "flowcache_soft_prune_avg_recent_ratio": 0.23246608770417346,
  "flowcache_soft_prune_avg_important_ratio": 0.09818882836739594,
  "flowcache_soft_prune_avg_retained_ratio": 0.28234779330017346,
  "flowcache_soft_prune_avg_pruned_ratio": 0.38699729062822247,
  "flowcache_soft_prune_avg_layer_budget": 0.900278225837096,
  "flowcache_soft_prune_avg_delta": 0.4665974867485818,
  "flowcache_soft_prune_refresh_rate": 0.2,
  "flowcache_soft_prune_config_chunk_recent_ratio": 0.25,
  "flowcache_soft_prune_config_important_old_ratio": 0.1,
  "flowcache_soft_prune_config_retained_old_ratio": 0.45,
  "flowcache_soft_prune_refresh_gap_chunks": 1.0,
  "flowcache_soft_prune_recent_bits": 4.0,
  "flowcache_soft_prune_old_bits": 2.0,
  "flowcache_soft_prune_importance_alpha": 0.7,
  "flowcache_soft_prune_importance_beta": 0.3,
  "flowcache_soft_prune_summary_tokens_per_chunk": 1.0
}
/home/suraj/miniforge3/envs/qvg_sf_infer/lib/python3.10/site-packages/torchvision/models/_utils.py:208: UserWarning: The parameter 'pretrained' is deprecated since 0.13 and may be removed in the future, please use 'weights' instead.
  warnings.warn(
/home/suraj/miniforge3/envs/qvg_sf_infer/lib/python3.10/site-packages/torchvision/models/_utils.py:223: UserWarning: Arguments other than a weight enum or `None` for 'weights' are deprecated since 0.13 and may be removed in the future. The current behavior is equivalent to passing `weights=AlexNet_Weights.IMAGENET1K_V1`. You can also use `weights=AlexNet_Weights.DEFAULT` to get the most up-to-date weights.
  warnings.warn(msg)
/home/suraj/miniforge3/envs/qvg_sf_infer/lib/python3.10/site-packages/lpips/lpips.py:107: FutureWarning: You are using `torch.load` with `weights_only=False` (the current default value), which uses the default pickle module implicitly. It is possible to construct malicious pickle data which will execute arbitrary code during unpickling (See https://github.com/pytorch/pytorch/blob/main/SECURITY.md#untrusted-models for more details). In a future release, the default value for `weights_only` will be flipped to `True`. This limits the functions that could be executed during unpickling. Arbitrary objects will no longer be allowed to be loaded via this mode unless they are explicitly allowlisted by the user via `torch.serialization.add_safe_globals`. We recommend you start setting `weights_only=True` for any use case where you don't have full control of the loaded file. Please open an issue on GitHub for any issues related to this experimental feature.
  self.load_state_dict(torch.load(model_path, map_location='cpu'), strict=False)
Setting up [LPIPS] perceptual loss: trunk [alex], v[0.1], spatial [off]
Loading model from: /home/suraj/miniforge3/envs/qvg_sf_infer/lib/python3.10/site-packages/lpips/weights/v0.1/alex.pth
{
  "num_videos": 10,
  "psnr": 15.837993563094821,
  "ssim": 0.4822011933943792,
  "lpips": 0.43980203017775865
}
Using MASTER_PORT=33126
prompt_map_size=10
[W310 05:52:48.786573137 CUDAAllocatorConfig.h:28] Warning: expandable_segments not supported on this platform (function operator())
[rank0]:[W310 05:52:48.065263643 ProcessGroupNCCL.cpp:4115] [PG ID 0 PG GUID 0 Rank 0]  using GPU 0 to perform barrier as devices used by this process are currently unknown. This can potentially cause a hang if this rank to GPU mapping is incorrect.Specify device_ids in barrier() to force use of a particular device,or call init_process_group() with a device_id.
/home/suraj/miniforge3/envs/qvg_sf_eval/lib/python3.10/site-packages/clip/clip.py:6: UserWarning: pkg_resources is deprecated as an API. See https://setuptools.pypa.io/en/latest/pkg_resources.html. The pkg_resources package is slated for removal as early as 2025-11-30. Refrain from using this package or pin to Setuptools<81.
  from pkg_resources import packaging
args: Namespace(output_path='/data/vaishak/combined-kv-quant/results/runs/backfill_flowcache_soft_prune_int2_24b7f6c1cfbb_10s/metrics/vbench_FLOWCACHE_SOFT_PRUNE_INT2', full_json_dir='/data/vaishak/combined-kv-quant/third_party/VBench/vbench/VBench_full_info.json', videos_path='/data/vaishak/combined-kv-quant/results/runs/backfill_flowcache_soft_prune_int2_24b7f6c1cfbb_10s/videos/FLOWCACHE_SOFT_PRUNE_INT2', dimension=['background_consistency', 'imaging_quality', 'subject_consistency', 'aesthetic_quality'], load_ckpt_from_local=None, read_frame=None, mode='custom_input', prompt='None', prompt_file='/data/vaishak/combined-kv-quant/results/runs/backfill_flowcache_soft_prune_int2_24b7f6c1cfbb_10s/metrics/vbench_FLOWCACHE_SOFT_PRUNE_INT2/prompt_map.json', category=None, imaging_quality_preprocessing_mode='longer')
start evaluation
Evaluation meta data saved to /data/vaishak/combined-kv-quant/results/runs/backfill_flowcache_soft_prune_int2_24b7f6c1cfbb_10s/metrics/vbench_FLOWCACHE_SOFT_PRUNE_INT2/results_2026-03-10-05:52:48_full_info.json
cur_full_info_path: /data/vaishak/combined-kv-quant/results/runs/backfill_flowcache_soft_prune_int2_24b7f6c1cfbb_10s/metrics/vbench_FLOWCACHE_SOFT_PRUNE_INT2/results_2026-03-10-05:52:48_full_info.json
  0%|          | 0/10 [00:00<?, ?it/s] 10%|█         | 1/10 [00:00<00:07,  1.28it/s] 20%|██        | 2/10 [00:01<00:05,  1.48it/s] 30%|███       | 3/10 [00:02<00:04,  1.52it/s] 40%|████      | 4/10 [00:02<00:04,  1.48it/s] 50%|█████     | 5/10 [00:03<00:03,  1.49it/s] 60%|██████    | 6/10 [00:04<00:02,  1.53it/s] 70%|███████   | 7/10 [00:04<00:01,  1.55it/s] 80%|████████  | 8/10 [00:05<00:01,  1.55it/s] 90%|█████████ | 9/10 [00:06<00:00,  1.49it/s]100%|██████████| 10/10 [00:06<00:00,  1.51it/s]100%|██████████| 10/10 [00:06<00:00,  1.50it/s]
/home/suraj/miniforge3/envs/qvg_sf_eval/lib/python3.10/site-packages/timm/models/layers/__init__.py:48: FutureWarning: Importing from timm.models.layers is deprecated, please import via timm.layers
  warnings.warn(f"Importing from {__name__} is deprecated, please import via timm.layers", FutureWarning)
/home/suraj/miniforge3/envs/qvg_sf_eval/lib/python3.10/site-packages/pyiqa/archs/arch_util.py:118: FutureWarning: You are using `torch.load` with `weights_only=False` (the current default value), which uses the default pickle module implicitly. It is possible to construct malicious pickle data which will execute arbitrary code during unpickling (See https://github.com/pytorch/pytorch/blob/main/SECURITY.md#untrusted-models for more details). In a future release, the default value for `weights_only` will be flipped to `True`. This limits the functions that could be executed during unpickling. Arbitrary objects will no longer be allowed to be loaded via this mode unless they are explicitly allowlisted by the user via `torch.serialization.add_safe_globals`. We recommend you start setting `weights_only=True` for any use case where you don't have full control of the loaded file. Please open an issue on GitHub for any issues related to this experimental feature.
  state_dict = torch.load(model_path, map_location=torch.device("cpu"))
cur_full_info_path: /data/vaishak/combined-kv-quant/results/runs/backfill_flowcache_soft_prune_int2_24b7f6c1cfbb_10s/metrics/vbench_FLOWCACHE_SOFT_PRUNE_INT2/results_2026-03-10-05:52:48_full_info.json
Loading pretrained model MUSIQ from /home/vaishak/.cache/vbench/pyiqa_model/musiq_spaq_ckpt-358bb6af.pth
  0%|          | 0/10 [00:00<?, ?it/s] 10%|█         | 1/10 [00:03<00:28,  3.15s/it] 20%|██        | 2/10 [00:06<00:26,  3.31s/it] 30%|███       | 3/10 [00:10<00:24,  3.52s/it] 40%|████      | 4/10 [00:14<00:21,  3.65s/it] 50%|█████     | 5/10 [00:17<00:18,  3.63s/it] 60%|██████    | 6/10 [00:20<00:13,  3.49s/it] 70%|███████   | 7/10 [00:24<00:10,  3.46s/it] 80%|████████  | 8/10 [00:27<00:06,  3.40s/it] 90%|█████████ | 9/10 [00:31<00:03,  3.67s/it]100%|██████████| 10/10 [00:35<00:00,  3.65s/it]100%|██████████| 10/10 [00:35<00:00,  3.55s/it]
Using cache found in /home/vaishak/.cache/torch/hub/facebookresearch_dino_main
2026-03-10 05:53:38,375 - vbench.subject_consistency - INFO - Initialize DINO success
cur_full_info_path: /data/vaishak/combined-kv-quant/results/runs/backfill_flowcache_soft_prune_int2_24b7f6c1cfbb_10s/metrics/vbench_FLOWCACHE_SOFT_PRUNE_INT2/results_2026-03-10-05:52:48_full_info.json
  0%|          | 0/10 [00:00<?, ?it/s] 10%|█         | 1/10 [00:02<00:18,  2.10s/it] 20%|██        | 2/10 [00:04<00:16,  2.09s/it] 30%|███       | 3/10 [00:06<00:14,  2.10s/it] 40%|████      | 4/10 [00:08<00:12,  2.10s/it] 50%|█████     | 5/10 [00:10<00:10,  2.13s/it] 60%|██████    | 6/10 [00:12<00:08,  2.12s/it] 70%|███████   | 7/10 [00:14<00:06,  2.10s/it] 80%|████████  | 8/10 [00:16<00:04,  2.10s/it] 90%|█████████ | 9/10 [00:18<00:02,  2.09s/it]100%|██████████| 10/10 [00:21<00:00,  2.11s/it]100%|██████████| 10/10 [00:21<00:00,  2.10s/it]
/data/vaishak/kv-quant-longhorizon/third_party/VBench/vbench/aesthetic_quality.py:41: FutureWarning: You are using `torch.load` with `weights_only=False` (the current default value), which uses the default pickle module implicitly. It is possible to construct malicious pickle data which will execute arbitrary code during unpickling (See https://github.com/pytorch/pytorch/blob/main/SECURITY.md#untrusted-models for more details). In a future release, the default value for `weights_only` will be flipped to `True`. This limits the functions that could be executed during unpickling. Arbitrary objects will no longer be allowed to be loaded via this mode unless they are explicitly allowlisted by the user via `torch.serialization.add_safe_globals`. We recommend you start setting `weights_only=True` for any use case where you don't have full control of the loaded file. Please open an issue on GitHub for any issues related to this experimental feature.
  s = torch.load(path_to_model)
cur_full_info_path: /data/vaishak/combined-kv-quant/results/runs/backfill_flowcache_soft_prune_int2_24b7f6c1cfbb_10s/metrics/vbench_FLOWCACHE_SOFT_PRUNE_INT2/results_2026-03-10-05:52:48_full_info.json
  0%|          | 0/10 [00:00<?, ?it/s] 10%|█         | 1/10 [00:00<00:08,  1.01it/s] 20%|██        | 2/10 [00:02<00:08,  1.02s/it] 30%|███       | 3/10 [00:03<00:07,  1.02s/it] 40%|████      | 4/10 [00:04<00:06,  1.03s/it] 50%|█████     | 5/10 [00:05<00:05,  1.04s/it] 60%|██████    | 6/10 [00:06<00:04,  1.04s/it] 70%|███████   | 7/10 [00:07<00:03,  1.04s/it] 80%|████████  | 8/10 [00:08<00:02,  1.05s/it] 90%|█████████ | 9/10 [00:09<00:01,  1.04s/it]100%|██████████| 10/10 [00:10<00:00,  1.06s/it]100%|██████████| 10/10 [00:10<00:00,  1.04s/it]
Evaluation results saved to /data/vaishak/combined-kv-quant/results/runs/backfill_flowcache_soft_prune_int2_24b7f6c1cfbb_10s/metrics/vbench_FLOWCACHE_SOFT_PRUNE_INT2/results_2026-03-10-05:52:48_eval_results.json
done
[rank0]:[W310 05:54:18.348741894 ProcessGroupNCCL.cpp:1250] Warning: WARNING: process group has NOT been destroyed before we destruct ProcessGroupNCCL. On normal program exit, the application should call destroy_process_group to ensure that any pending NCCL operations have finished in this process. In rare cases this process can exit before this point and block the progress of another member of the process group. This constraint has always been present,  but this warning has only been added since PyTorch 2.4 (function operator())
Saved /data/vaishak/combined-kv-quant/results/runs/backfill_flowcache_soft_prune_int2_24b7f6c1cfbb_10s/metrics/vbench_FLOWCACHE_SOFT_PRUNE_INT2.json
Wrote /data/vaishak/combined-kv-quant/results/runs/backfill_flowcache_soft_prune_int2_24b7f6c1cfbb_10s/tables/baseline_summary.csv
Wrote /data/vaishak/combined-kv-quant/results/runs/backfill_flowcache_soft_prune_int2_24b7f6c1cfbb_10s/tables/baseline_summary.md
$ /home/suraj/miniforge3/envs/qvg_sf_infer/bin/python /data/vaishak/combined-kv-quant/scripts/01_generate.py --results-root /data/vaishak/combined-kv-quant/results/runs/backfill_flowcache_soft_prune_int2_24b7f6c1cfbb_10s/profile_pass --method FLOWCACHE_PROFILE --max-prompts 10 --num-output-frames 42 --seed 0 --flowcache-recent-ratio 0.25 --device cuda:0 --use-ema --device cuda:0 --use-ema --flowcache-recent-ratio 0.25 --flowcache-recent-bits 4 --flowcache-recent-method RTN --flowcache-old-method RTN --flowcache-min-layer-budget-scale 0.7 --flowcache-max-layer-budget-scale 1.3 --flowcache-important-old-ratio 0.1 --flowcache-importance-alpha 0.7 --flowcache-importance-beta 0.3 --flowcache-prune-retained-old-ratio 0.45 --flowcache-prune-refresh-gap-chunks 1
$ /home/suraj/miniforge3/envs/qvg_sf_infer/bin/python /data/vaishak/combined-kv-quant/scripts/01_generate.py --results-root /data/vaishak/combined-kv-quant/results/runs/backfill_flowcache_soft_prune_int2_24b7f6c1cfbb_10s --method FLOWCACHE_SOFT_PRUNE_INT2 --max-prompts 10 --num-output-frames 42 --seed 0 --device cuda:0 --use-ema --flowcache-recent-ratio 0.25 --flowcache-recent-bits 4 --flowcache-recent-method RTN --flowcache-old-method RTN --flowcache-min-layer-budget-scale 0.7 --flowcache-max-layer-budget-scale 1.3 --flowcache-important-old-ratio 0.1 --flowcache-importance-alpha 0.7 --flowcache-importance-beta 0.3 --flowcache-prune-retained-old-ratio 0.45 --flowcache-prune-refresh-gap-chunks 1 --flowcache-layer-budget-path /data/vaishak/combined-kv-quant/results/runs/backfill_flowcache_soft_prune_int2_24b7f6c1cfbb_10s/metrics/flowcache_profile_layer_budget.json
$ /home/suraj/miniforge3/envs/qvg_sf_infer/bin/python /data/vaishak/combined-kv-quant/scripts/02_eval_fidelity.py --bf16-dir /data/vaishak/kv-quant-longhorizon/results/runs/1772751420_baseline10s_10prompts_v3/videos/BF16 --candidate-dir /data/vaishak/combined-kv-quant/results/runs/backfill_flowcache_soft_prune_int2_24b7f6c1cfbb_10s/videos/FLOWCACHE_SOFT_PRUNE_INT2 --output /data/vaishak/combined-kv-quant/results/runs/backfill_flowcache_soft_prune_int2_24b7f6c1cfbb_10s/metrics/fidelity_FLOWCACHE_SOFT_PRUNE_INT2.json --device cpu
$ bash /data/vaishak/combined-kv-quant/scripts/03_eval_vbench.sh FLOWCACHE_SOFT_PRUNE_INT2 /data/vaishak/combined-kv-quant/results/runs/backfill_flowcache_soft_prune_int2_24b7f6c1cfbb_10s/videos/FLOWCACHE_SOFT_PRUNE_INT2 /data/vaishak/combined-kv-quant/prompts/MovieGenVideoBench_extended.txt /data/vaishak/combined-kv-quant/results/runs/backfill_flowcache_soft_prune_int2_24b7f6c1cfbb_10s/metrics/vbench_FLOWCACHE_SOFT_PRUNE_INT2 /data/vaishak/combined-kv-quant/results/runs/backfill_flowcache_soft_prune_int2_24b7f6c1cfbb_10s/metrics/vbench_FLOWCACHE_SOFT_PRUNE_INT2.json
$ /home/suraj/miniforge3/envs/qvg_sf_infer/bin/python /data/vaishak/combined-kv-quant/scripts/05_summarize_results.py --results-root /data/vaishak/combined-kv-quant/results/runs/backfill_flowcache_soft_prune_int2_24b7f6c1cfbb_10s --methods BF16 FLOWCACHE_SOFT_PRUNE_INT2 RTN_INT4
Backfill completed for FLOWCACHE_SOFT_PRUNE_INT2 under /data/vaishak/combined-kv-quant/results/runs/backfill_flowcache_soft_prune_int2_24b7f6c1cfbb_10s
/data/vaishak/combined-kv-quant/third_party/Self-Forcing/wan/modules/vae.py:634: FutureWarning: You are using `torch.load` with `weights_only=False` (the current default value), which uses the default pickle module implicitly. It is possible to construct malicious pickle data which will execute arbitrary code during unpickling (See https://github.com/pytorch/pytorch/blob/main/SECURITY.md#untrusted-models for more details). In a future release, the default value for `weights_only` will be flipped to `True`. This limits the functions that could be executed during unpickling. Arbitrary objects will no longer be allowed to be loaded via this mode unless they are explicitly allowlisted by the user via `torch.serialization.add_safe_globals`. We recommend you start setting `weights_only=True` for any use case where you don't have full control of the loaded file. Please open an issue on GitHub for any issues related to this experimental feature.
  torch.load(pretrained_path, map_location=device), assign=True)
/data/vaishak/combined-kv-quant/scripts/01_generate.py:408: FutureWarning: You are using `torch.load` with `weights_only=False` (the current default value), which uses the default pickle module implicitly. It is possible to construct malicious pickle data which will execute arbitrary code during unpickling (See https://github.com/pytorch/pytorch/blob/main/SECURITY.md#untrusted-models for more details). In a future release, the default value for `weights_only` will be flipped to `True`. This limits the functions that could be executed during unpickling. Arbitrary objects will no longer be allowed to be loaded via this mode unless they are explicitly allowlisted by the user via `torch.serialization.add_safe_globals`. We recommend you start setting `weights_only=True` for any use case where you don't have full control of the loaded file. Please open an issue on GitHub for any issues related to this experimental feature.
  state_dict = torch.load(str(checkpoint_path), map_location="cpu")
KV inference with 3 frames per block
Moving DynamicSwap_WanTextEncoder to cuda:0 with preserved memory: 25.303240299224854 GB
current_timestep: 1000.0
current_timestep: 937.5
current_timestep: 833.3333129882812
current_timestep: 625.0
current_timestep: 1000.0
current_timestep: 937.5
current_timestep: 833.3333129882812
current_timestep: 625.0
current_timestep: 1000.0
current_timestep: 937.5
current_timestep: 833.3333129882812
current_timestep: 625.0
current_timestep: 1000.0
current_timestep: 937.5
current_timestep: 833.3333129882812
current_timestep: 625.0
current_timestep: 1000.0
current_timestep: 937.5
current_timestep: 833.3333129882812
current_timestep: 625.0
current_timestep: 1000.0
current_timestep: 937.5
current_timestep: 833.3333129882812
current_timestep: 625.0
current_timestep: 1000.0
current_timestep: 937.5
current_timestep: 833.3333129882812
current_timestep: 625.0
current_timestep: 1000.0
current_timestep: 937.5
current_timestep: 833.3333129882812
current_timestep: 625.0
current_timestep: 1000.0
current_timestep: 937.5
current_timestep: 833.3333129882812
current_timestep: 625.0
current_timestep: 1000.0
current_timestep: 937.5
current_timestep: 833.3333129882812
current_timestep: 625.0
current_timestep: 1000.0
current_timestep: 937.5
current_timestep: 833.3333129882812
current_timestep: 625.0
current_timestep: 1000.0
current_timestep: 937.5
current_timestep: 833.3333129882812
current_timestep: 625.0
current_timestep: 1000.0
current_timestep: 937.5
current_timestep: 833.3333129882812
current_timestep: 625.0
current_timestep: 1000.0
current_timestep: 937.5
current_timestep: 833.3333129882812
current_timestep: 625.0
Moving DynamicSwap_WanTextEncoder to cuda:0 with preserved memory: 24.55411195755005 GB
current_timestep: 1000.0
current_timestep: 937.5
current_timestep: 833.3333129882812
current_timestep: 625.0
current_timestep: 1000.0
current_timestep: 937.5
current_timestep: 833.3333129882812
current_timestep: 625.0
current_timestep: 1000.0
current_timestep: 937.5
current_timestep: 833.3333129882812
current_timestep: 625.0
current_timestep: 1000.0
current_timestep: 937.5
current_timestep: 833.3333129882812
current_timestep: 625.0
current_timestep: 1000.0
current_timestep: 937.5
current_timestep: 833.3333129882812
current_timestep: 625.0
current_timestep: 1000.0
current_timestep: 937.5
current_timestep: 833.3333129882812
current_timestep: 625.0
current_timestep: 1000.0
current_timestep: 937.5
current_timestep: 833.3333129882812
current_timestep: 625.0
current_timestep: 1000.0
current_timestep: 937.5
current_timestep: 833.3333129882812
current_timestep: 625.0
current_timestep: 1000.0
current_timestep: 937.5
current_timestep: 833.3333129882812
current_timestep: 625.0
current_timestep: 1000.0
current_timestep: 937.5
current_timestep: 833.3333129882812
current_timestep: 625.0
current_timestep: 1000.0
current_timestep: 937.5
current_timestep: 833.3333129882812
current_timestep: 625.0
current_timestep: 1000.0
current_timestep: 937.5
current_timestep: 833.3333129882812
current_timestep: 625.0
current_timestep: 1000.0
current_timestep: 937.5
current_timestep: 833.3333129882812
current_timestep: 625.0
current_timestep: 1000.0
current_timestep: 937.5
current_timestep: 833.3333129882812
current_timestep: 625.0
Moving DynamicSwap_WanTextEncoder to cuda:0 with preserved memory: 24.55411195755005 GB
current_timestep: 1000.0
current_timestep: 937.5
current_timestep: 833.3333129882812
current_timestep: 625.0
current_timestep: 1000.0
current_timestep: 937.5
current_timestep: 833.3333129882812
current_timestep: 625.0
current_timestep: 1000.0
current_timestep: 937.5
current_timestep: 833.3333129882812
current_timestep: 625.0
current_timestep: 1000.0
current_timestep: 937.5
current_timestep: 833.3333129882812
current_timestep: 625.0
current_timestep: 1000.0
current_timestep: 937.5
current_timestep: 833.3333129882812
current_timestep: 625.0
current_timestep: 1000.0
current_timestep: 937.5
current_timestep: 833.3333129882812
current_timestep: 625.0
current_timestep: 1000.0
current_timestep: 937.5
current_timestep: 833.3333129882812
current_timestep: 625.0
current_timestep: 1000.0
current_timestep: 937.5
current_timestep: 833.3333129882812
current_timestep: 625.0
current_timestep: 1000.0
current_timestep: 937.5
current_timestep: 833.3333129882812
current_timestep: 625.0
current_timestep: 1000.0
current_timestep: 937.5
current_timestep: 833.3333129882812
current_timestep: 625.0
current_timestep: 1000.0
current_timestep: 937.5
current_timestep: 833.3333129882812
current_timestep: 625.0
current_timestep: 1000.0
current_timestep: 937.5
current_timestep: 833.3333129882812
current_timestep: 625.0
current_timestep: 1000.0
current_timestep: 937.5
current_timestep: 833.3333129882812
current_timestep: 625.0
current_timestep: 1000.0
current_timestep: 937.5
current_timestep: 833.3333129882812
current_timestep: 625.0
Moving DynamicSwap_WanTextEncoder to cuda:0 with preserved memory: 24.55411195755005 GB
current_timestep: 1000.0
current_timestep: 937.5
current_timestep: 833.3333129882812
current_timestep: 625.0
current_timestep: 1000.0
current_timestep: 937.5
current_timestep: 833.3333129882812
current_timestep: 625.0
current_timestep: 1000.0
current_timestep: 937.5
current_timestep: 833.3333129882812
current_timestep: 625.0
current_timestep: 1000.0
current_timestep: 937.5
current_timestep: 833.3333129882812
current_timestep: 625.0
current_timestep: 1000.0
current_timestep: 937.5
current_timestep: 833.3333129882812
current_timestep: 625.0
current_timestep: 1000.0
current_timestep: 937.5
current_timestep: 833.3333129882812
current_timestep: 625.0
current_timestep: 1000.0
current_timestep: 937.5
current_timestep: 833.3333129882812
current_timestep: 625.0
current_timestep: 1000.0
current_timestep: 937.5
current_timestep: 833.3333129882812
current_timestep: 625.0
current_timestep: 1000.0
current_timestep: 937.5
current_timestep: 833.3333129882812
current_timestep: 625.0
current_timestep: 1000.0
current_timestep: 937.5
current_timestep: 833.3333129882812
current_timestep: 625.0
current_timestep: 1000.0
current_timestep: 937.5
current_timestep: 833.3333129882812
current_timestep: 625.0
current_timestep: 1000.0
current_timestep: 937.5
current_timestep: 833.3333129882812
current_timestep: 625.0
current_timestep: 1000.0
current_timestep: 937.5
current_timestep: 833.3333129882812
current_timestep: 625.0
current_timestep: 1000.0
current_timestep: 937.5
current_timestep: 833.3333129882812
current_timestep: 625.0
Moving DynamicSwap_WanTextEncoder to cuda:0 with preserved memory: 24.55411195755005 GB
current_timestep: 1000.0
current_timestep: 937.5
current_timestep: 833.3333129882812
current_timestep: 625.0
current_timestep: 1000.0
current_timestep: 937.5
current_timestep: 833.3333129882812
current_timestep: 625.0
current_timestep: 1000.0
current_timestep: 937.5
current_timestep: 833.3333129882812
current_timestep: 625.0
current_timestep: 1000.0
current_timestep: 937.5
current_timestep: 833.3333129882812
current_timestep: 625.0
current_timestep: 1000.0
current_timestep: 937.5
current_timestep: 833.3333129882812
current_timestep: 625.0
current_timestep: 1000.0
current_timestep: 937.5
current_timestep: 833.3333129882812
current_timestep: 625.0
current_timestep: 1000.0
current_timestep: 937.5
current_timestep: 833.3333129882812
current_timestep: 625.0
current_timestep: 1000.0
current_timestep: 937.5
current_timestep: 833.3333129882812
current_timestep: 625.0
current_timestep: 1000.0
current_timestep: 937.5
current_timestep: 833.3333129882812
current_timestep: 625.0
current_timestep: 1000.0
current_timestep: 937.5
current_timestep: 833.3333129882812
current_timestep: 625.0
current_timestep: 1000.0
current_timestep: 937.5
current_timestep: 833.3333129882812
current_timestep: 625.0
current_timestep: 1000.0
current_timestep: 937.5
current_timestep: 833.3333129882812
current_timestep: 625.0
current_timestep: 1000.0
current_timestep: 937.5
current_timestep: 833.3333129882812
current_timestep: 625.0
current_timestep: 1000.0
current_timestep: 937.5
current_timestep: 833.3333129882812
current_timestep: 625.0
Moving DynamicSwap_WanTextEncoder to cuda:0 with preserved memory: 24.55411195755005 GB
current_timestep: 1000.0
current_timestep: 937.5
current_timestep: 833.3333129882812
current_timestep: 625.0
current_timestep: 1000.0
current_timestep: 937.5
current_timestep: 833.3333129882812
current_timestep: 625.0
current_timestep: 1000.0
current_timestep: 937.5
current_timestep: 833.3333129882812
current_timestep: 625.0
current_timestep: 1000.0
current_timestep: 937.5
current_timestep: 833.3333129882812
current_timestep: 625.0
current_timestep: 1000.0
current_timestep: 937.5
current_timestep: 833.3333129882812
current_timestep: 625.0
current_timestep: 1000.0
current_timestep: 937.5
current_timestep: 833.3333129882812
current_timestep: 625.0
current_timestep: 1000.0
current_timestep: 937.5
current_timestep: 833.3333129882812
current_timestep: 625.0
current_timestep: 1000.0
current_timestep: 937.5
current_timestep: 833.3333129882812
current_timestep: 625.0
current_timestep: 1000.0
current_timestep: 937.5
current_timestep: 833.3333129882812
current_timestep: 625.0
current_timestep: 1000.0
current_timestep: 937.5
current_timestep: 833.3333129882812
current_timestep: 625.0
current_timestep: 1000.0
current_timestep: 937.5
current_timestep: 833.3333129882812
current_timestep: 625.0
current_timestep: 1000.0
current_timestep: 937.5
current_timestep: 833.3333129882812
current_timestep: 625.0
current_timestep: 1000.0
current_timestep: 937.5
current_timestep: 833.3333129882812
current_timestep: 625.0
current_timestep: 1000.0
current_timestep: 937.5
current_timestep: 833.3333129882812
current_timestep: 625.0
Moving DynamicSwap_WanTextEncoder to cuda:0 with preserved memory: 24.55411195755005 GB
current_timestep: 1000.0
current_timestep: 937.5
current_timestep: 833.3333129882812
current_timestep: 625.0
current_timestep: 1000.0
current_timestep: 937.5
current_timestep: 833.3333129882812
current_timestep: 625.0
current_timestep: 1000.0
current_timestep: 937.5
current_timestep: 833.3333129882812
current_timestep: 625.0
current_timestep: 1000.0
current_timestep: 937.5
current_timestep: 833.3333129882812
current_timestep: 625.0
current_timestep: 1000.0
current_timestep: 937.5
current_timestep: 833.3333129882812
current_timestep: 625.0
current_timestep: 1000.0
current_timestep: 937.5
current_timestep: 833.3333129882812
current_timestep: 625.0
current_timestep: 1000.0
current_timestep: 937.5
current_timestep: 833.3333129882812
current_timestep: 625.0
current_timestep: 1000.0
current_timestep: 937.5
current_timestep: 833.3333129882812
current_timestep: 625.0
current_timestep: 1000.0
current_timestep: 937.5
current_timestep: 833.3333129882812
current_timestep: 625.0
current_timestep: 1000.0
current_timestep: 937.5
current_timestep: 833.3333129882812
current_timestep: 625.0
current_timestep: 1000.0
current_timestep: 937.5
current_timestep: 833.3333129882812
current_timestep: 625.0
current_timestep: 1000.0
current_timestep: 937.5
current_timestep: 833.3333129882812
current_timestep: 625.0
current_timestep: 1000.0
current_timestep: 937.5
current_timestep: 833.3333129882812
current_timestep: 625.0
current_timestep: 1000.0
current_timestep: 937.5
current_timestep: 833.3333129882812
current_timestep: 625.0
Moving DynamicSwap_WanTextEncoder to cuda:0 with preserved memory: 24.55411195755005 GB
current_timestep: 1000.0
current_timestep: 937.5
current_timestep: 833.3333129882812
current_timestep: 625.0
current_timestep: 1000.0
current_timestep: 937.5
current_timestep: 833.3333129882812
current_timestep: 625.0
current_timestep: 1000.0
current_timestep: 937.5
current_timestep: 833.3333129882812
current_timestep: 625.0
current_timestep: 1000.0
current_timestep: 937.5
current_timestep: 833.3333129882812
current_timestep: 625.0
current_timestep: 1000.0
current_timestep: 937.5
current_timestep: 833.3333129882812
current_timestep: 625.0
current_timestep: 1000.0
current_timestep: 937.5
current_timestep: 833.3333129882812
current_timestep: 625.0
current_timestep: 1000.0
current_timestep: 937.5
current_timestep: 833.3333129882812
current_timestep: 625.0
current_timestep: 1000.0
current_timestep: 937.5
current_timestep: 833.3333129882812
current_timestep: 625.0
current_timestep: 1000.0
current_timestep: 937.5
current_timestep: 833.3333129882812
current_timestep: 625.0
current_timestep: 1000.0
current_timestep: 937.5
current_timestep: 833.3333129882812
current_timestep: 625.0
current_timestep: 1000.0
current_timestep: 937.5
current_timestep: 833.3333129882812
current_timestep: 625.0
current_timestep: 1000.0
current_timestep: 937.5
current_timestep: 833.3333129882812
current_timestep: 625.0
current_timestep: 1000.0
current_timestep: 937.5
current_timestep: 833.3333129882812
current_timestep: 625.0
current_timestep: 1000.0
current_timestep: 937.5
current_timestep: 833.3333129882812
current_timestep: 625.0
Moving DynamicSwap_WanTextEncoder to cuda:0 with preserved memory: 24.55411195755005 GB
current_timestep: 1000.0
current_timestep: 937.5
current_timestep: 833.3333129882812
current_timestep: 625.0
current_timestep: 1000.0
current_timestep: 937.5
current_timestep: 833.3333129882812
current_timestep: 625.0
current_timestep: 1000.0
current_timestep: 937.5
current_timestep: 833.3333129882812
current_timestep: 625.0
current_timestep: 1000.0
current_timestep: 937.5
current_timestep: 833.3333129882812
current_timestep: 625.0
current_timestep: 1000.0
current_timestep: 937.5
current_timestep: 833.3333129882812
current_timestep: 625.0
current_timestep: 1000.0
current_timestep: 937.5
current_timestep: 833.3333129882812
current_timestep: 625.0
current_timestep: 1000.0
current_timestep: 937.5
current_timestep: 833.3333129882812
current_timestep: 625.0
current_timestep: 1000.0
current_timestep: 937.5
current_timestep: 833.3333129882812
current_timestep: 625.0
current_timestep: 1000.0
current_timestep: 937.5
current_timestep: 833.3333129882812
current_timestep: 625.0
current_timestep: 1000.0
current_timestep: 937.5
current_timestep: 833.3333129882812
current_timestep: 625.0
current_timestep: 1000.0
current_timestep: 937.5
current_timestep: 833.3333129882812
current_timestep: 625.0
current_timestep: 1000.0
current_timestep: 937.5
current_timestep: 833.3333129882812
current_timestep: 625.0
current_timestep: 1000.0
current_timestep: 937.5
current_timestep: 833.3333129882812
current_timestep: 625.0
current_timestep: 1000.0
current_timestep: 937.5
current_timestep: 833.3333129882812
current_timestep: 625.0
Moving DynamicSwap_WanTextEncoder to cuda:0 with preserved memory: 24.55411195755005 GB
current_timestep: 1000.0
current_timestep: 937.5
current_timestep: 833.3333129882812
current_timestep: 625.0
current_timestep: 1000.0
current_timestep: 937.5
current_timestep: 833.3333129882812
current_timestep: 625.0
current_timestep: 1000.0
current_timestep: 937.5
current_timestep: 833.3333129882812
current_timestep: 625.0
current_timestep: 1000.0
current_timestep: 937.5
current_timestep: 833.3333129882812
current_timestep: 625.0
current_timestep: 1000.0
current_timestep: 937.5
current_timestep: 833.3333129882812
current_timestep: 625.0
current_timestep: 1000.0
current_timestep: 937.5
current_timestep: 833.3333129882812
current_timestep: 625.0
current_timestep: 1000.0
current_timestep: 937.5
current_timestep: 833.3333129882812
current_timestep: 625.0
current_timestep: 1000.0
current_timestep: 937.5
current_timestep: 833.3333129882812
current_timestep: 625.0
current_timestep: 1000.0
current_timestep: 937.5
current_timestep: 833.3333129882812
current_timestep: 625.0
current_timestep: 1000.0
current_timestep: 937.5
current_timestep: 833.3333129882812
current_timestep: 625.0
current_timestep: 1000.0
current_timestep: 937.5
current_timestep: 833.3333129882812
current_timestep: 625.0
current_timestep: 1000.0
current_timestep: 937.5
current_timestep: 833.3333129882812
current_timestep: 625.0
current_timestep: 1000.0
current_timestep: 937.5
current_timestep: 833.3333129882812
current_timestep: 625.0
current_timestep: 1000.0
current_timestep: 937.5
current_timestep: 833.3333129882812
current_timestep: 625.0
{
  "method": "FLOWCACHE_PROFILE",
  "num_prompts": 10,
  "num_samples": 1,
  "total_runtime_s": 707.3811101852916,
  "avg_runtime_s_per_prompt": 70.73811101852917,
  "peak_vram_bytes": 20701900800,
  "quantize_time_s": 272.8658071667887,
  "dequantize_time_s": 0.08622035617008805,
  "bf16_kv_bytes": 12076646400,
  "compressed_kv_bytes": 12076646400,
  "compression_ratio": 1.0,
  "first_video_shape": [
    1,
    165,
    3,
    480,
    832
  ],
  "flowcache_profile_recent_ratio": 0.25,
  "flowcache_profile_num_layers": 30,
  "flowcache_profile_avg_old_delta": 0.03789029176026783,
  "flowcache_profile_layer_scores": {
    "0": 0.03999840838566296,
    "1": 0.03853113329985132,
    "2": 0.0385006760709556,
    "3": 0.037774014304376255,
    "4": 0.037714485092625274,
    "5": 0.03783177957704322,
    "6": 0.03848639274694783,
    "7": 0.03796952783461597,
    "8": 0.037464381952186,
    "9": 0.03850194435712676,
    "10": 0.037297084512331095,
    "11": 0.0378303807673155,
    "12": 0.03740586811645051,
    "13": 0.036978945525015815,
    "14": 0.036886760317759934,
    "15": 0.03735412487464215,
    "16": 0.03683403241969014,
    "17": 0.037136908432456935,
    "18": 0.03762872225887111,
    "19": 0.037563615486231015,
    "20": 0.03765887172876905,
    "21": 0.03786620344587807,
    "22": 0.03777402136159145,
    "23": 0.037756647973684436,
    "24": 0.03826721395827609,
    "25": 0.03798770763611389,
    "26": 0.037690750656302195,
    "27": 0.038703647382257476,
    "28": 0.03830638121063742,
    "29": 0.03900812112236932
  },
  "flowcache_profile_layer_scores_all_chunks": {
    "0": 0.05018520931355537,
    "1": 0.04090535907045243,
    "2": 0.03647007856482551,
    "3": 0.033780857673240086,
    "4": 0.033163946546495904,
    "5": 0.03280545049054282,
    "6": 0.0339912677804629,
    "7": 0.03341030009138206,
    "8": 0.032294446085062295,
    "9": 0.03272698708339816,
    "10": 0.032419890609880285,
    "11": 0.03271153287081018,
    "12": 0.03206570847107777,
    "13": 0.030996311471694047,
    "14": 0.030883666698658278,
    "15": 0.03183665629559093,
    "16": 0.031011278440909725,
    "17": 0.031457965511533,
    "18": 0.0316695608041944,
    "19": 0.033921245477384045,
    "20": 0.034649743681862244,
    "21": 0.035520618671462646,
    "22": 0.035612253290083676,
    "23": 0.03478225004058036,
    "24": 0.034225868561911205,
    "25": 0.033681025995976395,
    "26": 0.03344362636832964,
    "27": 0.03416443423761262,
    "28": 0.032847325192675705,
    "29": 0.03758263619149488
  }
}
/data/vaishak/combined-kv-quant/third_party/Self-Forcing/wan/modules/vae.py:634: FutureWarning: You are using `torch.load` with `weights_only=False` (the current default value), which uses the default pickle module implicitly. It is possible to construct malicious pickle data which will execute arbitrary code during unpickling (See https://github.com/pytorch/pytorch/blob/main/SECURITY.md#untrusted-models for more details). In a future release, the default value for `weights_only` will be flipped to `True`. This limits the functions that could be executed during unpickling. Arbitrary objects will no longer be allowed to be loaded via this mode unless they are explicitly allowlisted by the user via `torch.serialization.add_safe_globals`. We recommend you start setting `weights_only=True` for any use case where you don't have full control of the loaded file. Please open an issue on GitHub for any issues related to this experimental feature.
  torch.load(pretrained_path, map_location=device), assign=True)
/data/vaishak/combined-kv-quant/scripts/01_generate.py:408: FutureWarning: You are using `torch.load` with `weights_only=False` (the current default value), which uses the default pickle module implicitly. It is possible to construct malicious pickle data which will execute arbitrary code during unpickling (See https://github.com/pytorch/pytorch/blob/main/SECURITY.md#untrusted-models for more details). In a future release, the default value for `weights_only` will be flipped to `True`. This limits the functions that could be executed during unpickling. Arbitrary objects will no longer be allowed to be loaded via this mode unless they are explicitly allowlisted by the user via `torch.serialization.add_safe_globals`. We recommend you start setting `weights_only=True` for any use case where you don't have full control of the loaded file. Please open an issue on GitHub for any issues related to this experimental feature.
  state_dict = torch.load(str(checkpoint_path), map_location="cpu")
KV inference with 3 frames per block
Moving DynamicSwap_WanTextEncoder to cuda:0 with preserved memory: 25.303240299224854 GB
current_timestep: 1000.0
current_timestep: 937.5
current_timestep: 833.3333129882812
current_timestep: 625.0
current_timestep: 1000.0
current_timestep: 937.5
current_timestep: 833.3333129882812
current_timestep: 625.0
current_timestep: 1000.0
current_timestep: 937.5
current_timestep: 833.3333129882812
current_timestep: 625.0
current_timestep: 1000.0
current_timestep: 937.5
current_timestep: 833.3333129882812
current_timestep: 625.0
current_timestep: 1000.0
current_timestep: 937.5
current_timestep: 833.3333129882812
current_timestep: 625.0
current_timestep: 1000.0
current_timestep: 937.5
current_timestep: 833.3333129882812
current_timestep: 625.0
current_timestep: 1000.0
current_timestep: 937.5
current_timestep: 833.3333129882812
current_timestep: 625.0
current_timestep: 1000.0
current_timestep: 937.5
current_timestep: 833.3333129882812
current_timestep: 625.0
current_timestep: 1000.0
current_timestep: 937.5
current_timestep: 833.3333129882812
current_timestep: 625.0
current_timestep: 1000.0
current_timestep: 937.5
current_timestep: 833.3333129882812
current_timestep: 625.0
current_timestep: 1000.0
current_timestep: 937.5
current_timestep: 833.3333129882812
current_timestep: 625.0
current_timestep: 1000.0
current_timestep: 937.5
current_timestep: 833.3333129882812
current_timestep: 625.0
current_timestep: 1000.0
current_timestep: 937.5
current_timestep: 833.3333129882812
current_timestep: 625.0
current_timestep: 1000.0
current_timestep: 937.5
current_timestep: 833.3333129882812
current_timestep: 625.0
Moving DynamicSwap_WanTextEncoder to cuda:0 with preserved memory: 24.55411195755005 GB
current_timestep: 1000.0
current_timestep: 937.5
current_timestep: 833.3333129882812
current_timestep: 625.0
current_timestep: 1000.0
current_timestep: 937.5
current_timestep: 833.3333129882812
current_timestep: 625.0
current_timestep: 1000.0
current_timestep: 937.5
current_timestep: 833.3333129882812
current_timestep: 625.0
current_timestep: 1000.0
current_timestep: 937.5
current_timestep: 833.3333129882812
current_timestep: 625.0
current_timestep: 1000.0
current_timestep: 937.5
current_timestep: 833.3333129882812
current_timestep: 625.0
current_timestep: 1000.0
current_timestep: 937.5
current_timestep: 833.3333129882812
current_timestep: 625.0
current_timestep: 1000.0
current_timestep: 937.5
current_timestep: 833.3333129882812
current_timestep: 625.0
current_timestep: 1000.0
current_timestep: 937.5
current_timestep: 833.3333129882812
current_timestep: 625.0
current_timestep: 1000.0
current_timestep: 937.5
current_timestep: 833.3333129882812
current_timestep: 625.0
current_timestep: 1000.0
current_timestep: 937.5
current_timestep: 833.3333129882812
current_timestep: 625.0
current_timestep: 1000.0
current_timestep: 937.5
current_timestep: 833.3333129882812
current_timestep: 625.0
current_timestep: 1000.0
current_timestep: 937.5
current_timestep: 833.3333129882812
current_timestep: 625.0
current_timestep: 1000.0
current_timestep: 937.5
current_timestep: 833.3333129882812
current_timestep: 625.0
current_timestep: 1000.0
current_timestep: 937.5
current_timestep: 833.3333129882812
current_timestep: 625.0
Moving DynamicSwap_WanTextEncoder to cuda:0 with preserved memory: 24.55411195755005 GB
current_timestep: 1000.0
current_timestep: 937.5
current_timestep: 833.3333129882812
current_timestep: 625.0
current_timestep: 1000.0
current_timestep: 937.5
current_timestep: 833.3333129882812
current_timestep: 625.0
current_timestep: 1000.0
current_timestep: 937.5
current_timestep: 833.3333129882812
current_timestep: 625.0
current_timestep: 1000.0
current_timestep: 937.5
current_timestep: 833.3333129882812
current_timestep: 625.0
current_timestep: 1000.0
current_timestep: 937.5
current_timestep: 833.3333129882812
current_timestep: 625.0
current_timestep: 1000.0
current_timestep: 937.5
current_timestep: 833.3333129882812
current_timestep: 625.0
current_timestep: 1000.0
current_timestep: 937.5
current_timestep: 833.3333129882812
current_timestep: 625.0
current_timestep: 1000.0
current_timestep: 937.5
current_timestep: 833.3333129882812
current_timestep: 625.0
current_timestep: 1000.0
current_timestep: 937.5
current_timestep: 833.3333129882812
current_timestep: 625.0
current_timestep: 1000.0
current_timestep: 937.5
current_timestep: 833.3333129882812
current_timestep: 625.0
current_timestep: 1000.0
current_timestep: 937.5
current_timestep: 833.3333129882812
current_timestep: 625.0
current_timestep: 1000.0
current_timestep: 937.5
current_timestep: 833.3333129882812
current_timestep: 625.0
current_timestep: 1000.0
current_timestep: 937.5
current_timestep: 833.3333129882812
current_timestep: 625.0
current_timestep: 1000.0
current_timestep: 937.5
current_timestep: 833.3333129882812
current_timestep: 625.0
Moving DynamicSwap_WanTextEncoder to cuda:0 with preserved memory: 24.55411195755005 GB
current_timestep: 1000.0
current_timestep: 937.5
current_timestep: 833.3333129882812
current_timestep: 625.0
current_timestep: 1000.0
current_timestep: 937.5
current_timestep: 833.3333129882812
current_timestep: 625.0
current_timestep: 1000.0
current_timestep: 937.5
current_timestep: 833.3333129882812
current_timestep: 625.0
current_timestep: 1000.0
current_timestep: 937.5
current_timestep: 833.3333129882812
current_timestep: 625.0
current_timestep: 1000.0
current_timestep: 937.5
current_timestep: 833.3333129882812
current_timestep: 625.0
current_timestep: 1000.0
current_timestep: 937.5
current_timestep: 833.3333129882812
current_timestep: 625.0
current_timestep: 1000.0
current_timestep: 937.5
current_timestep: 833.3333129882812
current_timestep: 625.0
current_timestep: 1000.0
current_timestep: 937.5
current_timestep: 833.3333129882812
current_timestep: 625.0
current_timestep: 1000.0
current_timestep: 937.5
current_timestep: 833.3333129882812
current_timestep: 625.0
current_timestep: 1000.0
current_timestep: 937.5
current_timestep: 833.3333129882812
current_timestep: 625.0
current_timestep: 1000.0
current_timestep: 937.5
current_timestep: 833.3333129882812
current_timestep: 625.0
current_timestep: 1000.0
current_timestep: 937.5
current_timestep: 833.3333129882812
current_timestep: 625.0
current_timestep: 1000.0
current_timestep: 937.5
current_timestep: 833.3333129882812
current_timestep: 625.0
current_timestep: 1000.0
current_timestep: 937.5
current_timestep: 833.3333129882812
current_timestep: 625.0
Moving DynamicSwap_WanTextEncoder to cuda:0 with preserved memory: 24.55411195755005 GB
current_timestep: 1000.0
current_timestep: 937.5
current_timestep: 833.3333129882812
current_timestep: 625.0
current_timestep: 1000.0
current_timestep: 937.5
current_timestep: 833.3333129882812
current_timestep: 625.0
current_timestep: 1000.0
current_timestep: 937.5
current_timestep: 833.3333129882812
current_timestep: 625.0
current_timestep: 1000.0
current_timestep: 937.5
current_timestep: 833.3333129882812
current_timestep: 625.0
current_timestep: 1000.0
current_timestep: 937.5
current_timestep: 833.3333129882812
current_timestep: 625.0
current_timestep: 1000.0
current_timestep: 937.5
current_timestep: 833.3333129882812
current_timestep: 625.0
current_timestep: 1000.0
current_timestep: 937.5
current_timestep: 833.3333129882812
current_timestep: 625.0
current_timestep: 1000.0
current_timestep: 937.5
current_timestep: 833.3333129882812
current_timestep: 625.0
current_timestep: 1000.0
current_timestep: 937.5
current_timestep: 833.3333129882812
current_timestep: 625.0
current_timestep: 1000.0
current_timestep: 937.5
current_timestep: 833.3333129882812
current_timestep: 625.0
current_timestep: 1000.0
current_timestep: 937.5
current_timestep: 833.3333129882812
current_timestep: 625.0
current_timestep: 1000.0
current_timestep: 937.5
current_timestep: 833.3333129882812
current_timestep: 625.0
current_timestep: 1000.0
current_timestep: 937.5
current_timestep: 833.3333129882812
current_timestep: 625.0
current_timestep: 1000.0
current_timestep: 937.5
current_timestep: 833.3333129882812
current_timestep: 625.0
Moving DynamicSwap_WanTextEncoder to cuda:0 with preserved memory: 24.55411195755005 GB
current_timestep: 1000.0
current_timestep: 937.5
current_timestep: 833.3333129882812
current_timestep: 625.0
current_timestep: 1000.0
current_timestep: 937.5
current_timestep: 833.3333129882812
current_timestep: 625.0
current_timestep: 1000.0
current_timestep: 937.5
current_timestep: 833.3333129882812
current_timestep: 625.0
current_timestep: 1000.0
current_timestep: 937.5
current_timestep: 833.3333129882812
current_timestep: 625.0
current_timestep: 1000.0
current_timestep: 937.5
current_timestep: 833.3333129882812
current_timestep: 625.0
current_timestep: 1000.0
current_timestep: 937.5
current_timestep: 833.3333129882812
current_timestep: 625.0
current_timestep: 1000.0
current_timestep: 937.5
current_timestep: 833.3333129882812
current_timestep: 625.0
current_timestep: 1000.0
current_timestep: 937.5
current_timestep: 833.3333129882812
current_timestep: 625.0
current_timestep: 1000.0
current_timestep: 937.5
current_timestep: 833.3333129882812
current_timestep: 625.0
current_timestep: 1000.0
current_timestep: 937.5
current_timestep: 833.3333129882812
current_timestep: 625.0
current_timestep: 1000.0
current_timestep: 937.5
current_timestep: 833.3333129882812
current_timestep: 625.0
current_timestep: 1000.0
current_timestep: 937.5
current_timestep: 833.3333129882812
current_timestep: 625.0
current_timestep: 1000.0
current_timestep: 937.5
current_timestep: 833.3333129882812
current_timestep: 625.0
current_timestep: 1000.0
current_timestep: 937.5
current_timestep: 833.3333129882812
current_timestep: 625.0
Moving DynamicSwap_WanTextEncoder to cuda:0 with preserved memory: 24.55411195755005 GB
current_timestep: 1000.0
current_timestep: 937.5
current_timestep: 833.3333129882812
current_timestep: 625.0
current_timestep: 1000.0
current_timestep: 937.5
current_timestep: 833.3333129882812
current_timestep: 625.0
current_timestep: 1000.0
current_timestep: 937.5
current_timestep: 833.3333129882812
current_timestep: 625.0
current_timestep: 1000.0
current_timestep: 937.5
current_timestep: 833.3333129882812
current_timestep: 625.0
current_timestep: 1000.0
current_timestep: 937.5
current_timestep: 833.3333129882812
current_timestep: 625.0
current_timestep: 1000.0
current_timestep: 937.5
current_timestep: 833.3333129882812
current_timestep: 625.0
current_timestep: 1000.0
current_timestep: 937.5
current_timestep: 833.3333129882812
current_timestep: 625.0
current_timestep: 1000.0
current_timestep: 937.5
current_timestep: 833.3333129882812
current_timestep: 625.0
current_timestep: 1000.0
current_timestep: 937.5
current_timestep: 833.3333129882812
current_timestep: 625.0
current_timestep: 1000.0
current_timestep: 937.5
current_timestep: 833.3333129882812
current_timestep: 625.0
current_timestep: 1000.0
current_timestep: 937.5
current_timestep: 833.3333129882812
current_timestep: 625.0
current_timestep: 1000.0
current_timestep: 937.5
current_timestep: 833.3333129882812
current_timestep: 625.0
current_timestep: 1000.0
current_timestep: 937.5
current_timestep: 833.3333129882812
current_timestep: 625.0
current_timestep: 1000.0
current_timestep: 937.5
current_timestep: 833.3333129882812
current_timestep: 625.0
Moving DynamicSwap_WanTextEncoder to cuda:0 with preserved memory: 24.55411195755005 GB
current_timestep: 1000.0
current_timestep: 937.5
current_timestep: 833.3333129882812
current_timestep: 625.0
current_timestep: 1000.0
current_timestep: 937.5
current_timestep: 833.3333129882812
current_timestep: 625.0
current_timestep: 1000.0
current_timestep: 937.5
current_timestep: 833.3333129882812
current_timestep: 625.0
current_timestep: 1000.0
current_timestep: 937.5
current_timestep: 833.3333129882812
current_timestep: 625.0
current_timestep: 1000.0
current_timestep: 937.5
current_timestep: 833.3333129882812
current_timestep: 625.0
current_timestep: 1000.0
current_timestep: 937.5
current_timestep: 833.3333129882812
current_timestep: 625.0
current_timestep: 1000.0
current_timestep: 937.5
current_timestep: 833.3333129882812
current_timestep: 625.0
current_timestep: 1000.0
current_timestep: 937.5
current_timestep: 833.3333129882812
current_timestep: 625.0
current_timestep: 1000.0
current_timestep: 937.5
current_timestep: 833.3333129882812
current_timestep: 625.0
current_timestep: 1000.0
current_timestep: 937.5
current_timestep: 833.3333129882812
current_timestep: 625.0
current_timestep: 1000.0
current_timestep: 937.5
current_timestep: 833.3333129882812
current_timestep: 625.0
current_timestep: 1000.0
current_timestep: 937.5
current_timestep: 833.3333129882812
current_timestep: 625.0
current_timestep: 1000.0
current_timestep: 937.5
current_timestep: 833.3333129882812
current_timestep: 625.0
current_timestep: 1000.0
current_timestep: 937.5
current_timestep: 833.3333129882812
current_timestep: 625.0
Moving DynamicSwap_WanTextEncoder to cuda:0 with preserved memory: 24.55411195755005 GB
current_timestep: 1000.0
current_timestep: 937.5
current_timestep: 833.3333129882812
current_timestep: 625.0
current_timestep: 1000.0
current_timestep: 937.5
current_timestep: 833.3333129882812
current_timestep: 625.0
current_timestep: 1000.0
current_timestep: 937.5
current_timestep: 833.3333129882812
current_timestep: 625.0
current_timestep: 1000.0
current_timestep: 937.5
current_timestep: 833.3333129882812
current_timestep: 625.0
current_timestep: 1000.0
current_timestep: 937.5
current_timestep: 833.3333129882812
current_timestep: 625.0
current_timestep: 1000.0
current_timestep: 937.5
current_timestep: 833.3333129882812
current_timestep: 625.0
current_timestep: 1000.0
current_timestep: 937.5
current_timestep: 833.3333129882812
current_timestep: 625.0
current_timestep: 1000.0
current_timestep: 937.5
current_timestep: 833.3333129882812
current_timestep: 625.0
current_timestep: 1000.0
current_timestep: 937.5
current_timestep: 833.3333129882812
current_timestep: 625.0
current_timestep: 1000.0
current_timestep: 937.5
current_timestep: 833.3333129882812
current_timestep: 625.0
current_timestep: 1000.0
current_timestep: 937.5
current_timestep: 833.3333129882812
current_timestep: 625.0
current_timestep: 1000.0
current_timestep: 937.5
current_timestep: 833.3333129882812
current_timestep: 625.0
current_timestep: 1000.0
current_timestep: 937.5
current_timestep: 833.3333129882812
current_timestep: 625.0
current_timestep: 1000.0
current_timestep: 937.5
current_timestep: 833.3333129882812
current_timestep: 625.0
Moving DynamicSwap_WanTextEncoder to cuda:0 with preserved memory: 24.55411195755005 GB
current_timestep: 1000.0
current_timestep: 937.5
current_timestep: 833.3333129882812
current_timestep: 625.0
current_timestep: 1000.0
current_timestep: 937.5
current_timestep: 833.3333129882812
current_timestep: 625.0
current_timestep: 1000.0
current_timestep: 937.5
current_timestep: 833.3333129882812
current_timestep: 625.0
current_timestep: 1000.0
current_timestep: 937.5
current_timestep: 833.3333129882812
current_timestep: 625.0
current_timestep: 1000.0
current_timestep: 937.5
current_timestep: 833.3333129882812
current_timestep: 625.0
current_timestep: 1000.0
current_timestep: 937.5
current_timestep: 833.3333129882812
current_timestep: 625.0
current_timestep: 1000.0
current_timestep: 937.5
current_timestep: 833.3333129882812
current_timestep: 625.0
current_timestep: 1000.0
current_timestep: 937.5
current_timestep: 833.3333129882812
current_timestep: 625.0
current_timestep: 1000.0
current_timestep: 937.5
current_timestep: 833.3333129882812
current_timestep: 625.0
current_timestep: 1000.0
current_timestep: 937.5
current_timestep: 833.3333129882812
current_timestep: 625.0
current_timestep: 1000.0
current_timestep: 937.5
current_timestep: 833.3333129882812
current_timestep: 625.0
current_timestep: 1000.0
current_timestep: 937.5
current_timestep: 833.3333129882812
current_timestep: 625.0
current_timestep: 1000.0
current_timestep: 937.5
current_timestep: 833.3333129882812
current_timestep: 625.0
current_timestep: 1000.0
current_timestep: 937.5
current_timestep: 833.3333129882812
current_timestep: 625.0
{
  "method": "FLOWCACHE_SOFT_PRUNE_INT4",
  "num_prompts": 10,
  "num_samples": 1,
  "total_runtime_s": 749.9540415573865,
  "avg_runtime_s_per_prompt": 74.99540415573865,
  "peak_vram_bytes": 12575000576,
  "quantize_time_s": 92.4467812650837,
  "dequantize_time_s": 15.47590420069173,
  "bf16_kv_bytes": 12076646400,
  "compressed_kv_bytes": 2199792800,
  "compression_ratio": 5.4899017762036495,
  "first_video_shape": [
    1,
    165,
    3,
    480,
    832
  ],
  "flowcache_soft_prune_events": 21000.0,
  "flowcache_soft_prune_avg_recent_ratio": 0.23246608770417346,
  "flowcache_soft_prune_avg_important_ratio": 0.09818882836739594,
  "flowcache_soft_prune_avg_retained_ratio": 0.28234779330017346,
  "flowcache_soft_prune_avg_pruned_ratio": 0.38699729062822247,
  "flowcache_soft_prune_avg_layer_budget": 0.900278225837096,
  "flowcache_soft_prune_avg_delta": 0.49418115807431084,
  "flowcache_soft_prune_refresh_rate": 0.2,
  "flowcache_soft_prune_config_chunk_recent_ratio": 0.25,
  "flowcache_soft_prune_config_important_old_ratio": 0.1,
  "flowcache_soft_prune_config_retained_old_ratio": 0.45,
  "flowcache_soft_prune_refresh_gap_chunks": 1.0,
  "flowcache_soft_prune_recent_bits": 4.0,
  "flowcache_soft_prune_old_bits": 4.0,
  "flowcache_soft_prune_importance_alpha": 0.7,
  "flowcache_soft_prune_importance_beta": 0.3,
  "flowcache_soft_prune_summary_tokens_per_chunk": 1.0
}
/home/suraj/miniforge3/envs/qvg_sf_infer/lib/python3.10/site-packages/torchvision/models/_utils.py:208: UserWarning: The parameter 'pretrained' is deprecated since 0.13 and may be removed in the future, please use 'weights' instead.
  warnings.warn(
/home/suraj/miniforge3/envs/qvg_sf_infer/lib/python3.10/site-packages/torchvision/models/_utils.py:223: UserWarning: Arguments other than a weight enum or `None` for 'weights' are deprecated since 0.13 and may be removed in the future. The current behavior is equivalent to passing `weights=AlexNet_Weights.IMAGENET1K_V1`. You can also use `weights=AlexNet_Weights.DEFAULT` to get the most up-to-date weights.
  warnings.warn(msg)
/home/suraj/miniforge3/envs/qvg_sf_infer/lib/python3.10/site-packages/lpips/lpips.py:107: FutureWarning: You are using `torch.load` with `weights_only=False` (the current default value), which uses the default pickle module implicitly. It is possible to construct malicious pickle data which will execute arbitrary code during unpickling (See https://github.com/pytorch/pytorch/blob/main/SECURITY.md#untrusted-models for more details). In a future release, the default value for `weights_only` will be flipped to `True`. This limits the functions that could be executed during unpickling. Arbitrary objects will no longer be allowed to be loaded via this mode unless they are explicitly allowlisted by the user via `torch.serialization.add_safe_globals`. We recommend you start setting `weights_only=True` for any use case where you don't have full control of the loaded file. Please open an issue on GitHub for any issues related to this experimental feature.
  self.load_state_dict(torch.load(model_path, map_location='cpu'), strict=False)
Setting up [LPIPS] perceptual loss: trunk [alex], v[0.1], spatial [off]
Loading model from: /home/suraj/miniforge3/envs/qvg_sf_infer/lib/python3.10/site-packages/lpips/weights/v0.1/alex.pth
{
  "num_videos": 10,
  "psnr": 17.673425812234832,
  "ssim": 0.5441752781228474,
  "lpips": 0.29745334073499013
}
Using MASTER_PORT=16490
prompt_map_size=10
[W310 06:25:01.096740146 CUDAAllocatorConfig.h:28] Warning: expandable_segments not supported on this platform (function operator())
[rank0]:[W310 06:25:02.368552250 ProcessGroupNCCL.cpp:4115] [PG ID 0 PG GUID 0 Rank 0]  using GPU 0 to perform barrier as devices used by this process are currently unknown. This can potentially cause a hang if this rank to GPU mapping is incorrect.Specify device_ids in barrier() to force use of a particular device,or call init_process_group() with a device_id.
/home/suraj/miniforge3/envs/qvg_sf_eval/lib/python3.10/site-packages/clip/clip.py:6: UserWarning: pkg_resources is deprecated as an API. See https://setuptools.pypa.io/en/latest/pkg_resources.html. The pkg_resources package is slated for removal as early as 2025-11-30. Refrain from using this package or pin to Setuptools<81.
  from pkg_resources import packaging
args: Namespace(output_path='/data/vaishak/combined-kv-quant/results/runs/backfill_flowcache_soft_prune_int4_5f5a998802bd_10s/metrics/vbench_FLOWCACHE_SOFT_PRUNE_INT4', full_json_dir='/data/vaishak/combined-kv-quant/third_party/VBench/vbench/VBench_full_info.json', videos_path='/data/vaishak/combined-kv-quant/results/runs/backfill_flowcache_soft_prune_int4_5f5a998802bd_10s/videos/FLOWCACHE_SOFT_PRUNE_INT4', dimension=['background_consistency', 'imaging_quality', 'subject_consistency', 'aesthetic_quality'], load_ckpt_from_local=None, read_frame=None, mode='custom_input', prompt='None', prompt_file='/data/vaishak/combined-kv-quant/results/runs/backfill_flowcache_soft_prune_int4_5f5a998802bd_10s/metrics/vbench_FLOWCACHE_SOFT_PRUNE_INT4/prompt_map.json', category=None, imaging_quality_preprocessing_mode='longer')
start evaluation
Evaluation meta data saved to /data/vaishak/combined-kv-quant/results/runs/backfill_flowcache_soft_prune_int4_5f5a998802bd_10s/metrics/vbench_FLOWCACHE_SOFT_PRUNE_INT4/results_2026-03-10-06:25:01_full_info.json
cur_full_info_path: /data/vaishak/combined-kv-quant/results/runs/backfill_flowcache_soft_prune_int4_5f5a998802bd_10s/metrics/vbench_FLOWCACHE_SOFT_PRUNE_INT4/results_2026-03-10-06:25:01_full_info.json
  0%|          | 0/10 [00:00<?, ?it/s] 10%|█         | 1/10 [00:00<00:06,  1.36it/s] 20%|██        | 2/10 [00:01<00:05,  1.49it/s] 30%|███       | 3/10 [00:01<00:04,  1.54it/s] 40%|████      | 4/10 [00:02<00:03,  1.57it/s] 50%|█████     | 5/10 [00:03<00:03,  1.58it/s] 60%|██████    | 6/10 [00:03<00:02,  1.59it/s] 70%|███████   | 7/10 [00:04<00:01,  1.60it/s] 80%|████████  | 8/10 [00:05<00:01,  1.60it/s] 90%|█████████ | 9/10 [00:05<00:00,  1.61it/s]100%|██████████| 10/10 [00:06<00:00,  1.58it/s]100%|██████████| 10/10 [00:06<00:00,  1.57it/s]
/home/suraj/miniforge3/envs/qvg_sf_eval/lib/python3.10/site-packages/timm/models/layers/__init__.py:48: FutureWarning: Importing from timm.models.layers is deprecated, please import via timm.layers
  warnings.warn(f"Importing from {__name__} is deprecated, please import via timm.layers", FutureWarning)
/home/suraj/miniforge3/envs/qvg_sf_eval/lib/python3.10/site-packages/pyiqa/archs/arch_util.py:118: FutureWarning: You are using `torch.load` with `weights_only=False` (the current default value), which uses the default pickle module implicitly. It is possible to construct malicious pickle data which will execute arbitrary code during unpickling (See https://github.com/pytorch/pytorch/blob/main/SECURITY.md#untrusted-models for more details). In a future release, the default value for `weights_only` will be flipped to `True`. This limits the functions that could be executed during unpickling. Arbitrary objects will no longer be allowed to be loaded via this mode unless they are explicitly allowlisted by the user via `torch.serialization.add_safe_globals`. We recommend you start setting `weights_only=True` for any use case where you don't have full control of the loaded file. Please open an issue on GitHub for any issues related to this experimental feature.
  state_dict = torch.load(model_path, map_location=torch.device("cpu"))
cur_full_info_path: /data/vaishak/combined-kv-quant/results/runs/backfill_flowcache_soft_prune_int4_5f5a998802bd_10s/metrics/vbench_FLOWCACHE_SOFT_PRUNE_INT4/results_2026-03-10-06:25:01_full_info.json
Loading pretrained model MUSIQ from /home/vaishak/.cache/vbench/pyiqa_model/musiq_spaq_ckpt-358bb6af.pth
  0%|          | 0/10 [00:00<?, ?it/s] 10%|█         | 1/10 [00:03<00:29,  3.24s/it] 20%|██        | 2/10 [00:09<00:39,  4.94s/it] 30%|███       | 3/10 [00:12<00:30,  4.32s/it] 40%|████      | 4/10 [00:16<00:23,  3.92s/it] 50%|█████     | 5/10 [00:19<00:17,  3.59s/it] 60%|██████    | 6/10 [00:22<00:14,  3.63s/it] 70%|███████   | 7/10 [00:28<00:12,  4.25s/it] 80%|████████  | 8/10 [00:32<00:08,  4.26s/it] 90%|█████████ | 9/10 [00:35<00:03,  3.83s/it]100%|██████████| 10/10 [00:38<00:00,  3.56s/it]100%|██████████| 10/10 [00:38<00:00,  3.86s/it]
Using cache found in /home/vaishak/.cache/torch/hub/facebookresearch_dino_main
2026-03-10 06:25:54,217 - vbench.subject_consistency - INFO - Initialize DINO success
cur_full_info_path: /data/vaishak/combined-kv-quant/results/runs/backfill_flowcache_soft_prune_int4_5f5a998802bd_10s/metrics/vbench_FLOWCACHE_SOFT_PRUNE_INT4/results_2026-03-10-06:25:01_full_info.json
  0%|          | 0/10 [00:00<?, ?it/s] 10%|█         | 1/10 [00:02<00:19,  2.13s/it] 20%|██        | 2/10 [00:04<00:17,  2.22s/it] 30%|███       | 3/10 [00:06<00:15,  2.27s/it] 40%|████      | 4/10 [00:09<00:13,  2.31s/it] 50%|█████     | 5/10 [00:11<00:11,  2.26s/it] 60%|██████    | 6/10 [00:13<00:08,  2.23s/it] 70%|███████   | 7/10 [00:15<00:06,  2.21s/it] 80%|████████  | 8/10 [00:17<00:04,  2.20s/it] 90%|█████████ | 9/10 [00:19<00:02,  2.19s/it]100%|██████████| 10/10 [00:22<00:00,  2.24s/it]100%|██████████| 10/10 [00:22<00:00,  2.23s/it]
/data/vaishak/kv-quant-longhorizon/third_party/VBench/vbench/aesthetic_quality.py:41: FutureWarning: You are using `torch.load` with `weights_only=False` (the current default value), which uses the default pickle module implicitly. It is possible to construct malicious pickle data which will execute arbitrary code during unpickling (See https://github.com/pytorch/pytorch/blob/main/SECURITY.md#untrusted-models for more details). In a future release, the default value for `weights_only` will be flipped to `True`. This limits the functions that could be executed during unpickling. Arbitrary objects will no longer be allowed to be loaded via this mode unless they are explicitly allowlisted by the user via `torch.serialization.add_safe_globals`. We recommend you start setting `weights_only=True` for any use case where you don't have full control of the loaded file. Please open an issue on GitHub for any issues related to this experimental feature.
  s = torch.load(path_to_model)
cur_full_info_path: /data/vaishak/combined-kv-quant/results/runs/backfill_flowcache_soft_prune_int4_5f5a998802bd_10s/metrics/vbench_FLOWCACHE_SOFT_PRUNE_INT4/results_2026-03-10-06:25:01_full_info.json
  0%|          | 0/10 [00:00<?, ?it/s] 10%|█         | 1/10 [00:00<00:08,  1.02it/s] 20%|██        | 2/10 [00:02<00:08,  1.02s/it] 30%|███       | 3/10 [00:03<00:07,  1.03s/it] 40%|████      | 4/10 [00:04<00:06,  1.04s/it] 50%|█████     | 5/10 [00:05<00:05,  1.05s/it] 60%|██████    | 6/10 [00:06<00:04,  1.12s/it] 70%|███████   | 7/10 [00:07<00:03,  1.19s/it] 80%|████████  | 8/10 [00:09<00:02,  1.22s/it] 90%|█████████ | 9/10 [00:10<00:01,  1.24s/it]100%|██████████| 10/10 [00:11<00:00,  1.28s/it]100%|██████████| 10/10 [00:11<00:00,  1.17s/it]
Evaluation results saved to /data/vaishak/combined-kv-quant/results/runs/backfill_flowcache_soft_prune_int4_5f5a998802bd_10s/metrics/vbench_FLOWCACHE_SOFT_PRUNE_INT4/results_2026-03-10-06:25:01_eval_results.json
done
[rank0]:[W310 06:26:36.104357786 ProcessGroupNCCL.cpp:1250] Warning: WARNING: process group has NOT been destroyed before we destruct ProcessGroupNCCL. On normal program exit, the application should call destroy_process_group to ensure that any pending NCCL operations have finished in this process. In rare cases this process can exit before this point and block the progress of another member of the process group. This constraint has always been present,  but this warning has only been added since PyTorch 2.4 (function operator())
Saved /data/vaishak/combined-kv-quant/results/runs/backfill_flowcache_soft_prune_int4_5f5a998802bd_10s/metrics/vbench_FLOWCACHE_SOFT_PRUNE_INT4.json
Wrote /data/vaishak/combined-kv-quant/results/runs/backfill_flowcache_soft_prune_int4_5f5a998802bd_10s/tables/baseline_summary.csv
Wrote /data/vaishak/combined-kv-quant/results/runs/backfill_flowcache_soft_prune_int4_5f5a998802bd_10s/tables/baseline_summary.md
$ /home/suraj/miniforge3/envs/qvg_sf_infer/bin/python /data/vaishak/combined-kv-quant/scripts/01_generate.py --results-root /data/vaishak/combined-kv-quant/results/runs/backfill_flowcache_soft_prune_int4_5f5a998802bd_10s/profile_pass --method FLOWCACHE_PROFILE --max-prompts 10 --num-output-frames 42 --seed 0 --flowcache-recent-ratio 0.25 --device cuda:0 --use-ema --device cuda:0 --use-ema --flowcache-recent-ratio 0.25 --flowcache-recent-bits 4 --flowcache-recent-method RTN --flowcache-old-method RTN --flowcache-min-layer-budget-scale 0.7 --flowcache-max-layer-budget-scale 1.3 --flowcache-important-old-ratio 0.1 --flowcache-importance-alpha 0.7 --flowcache-importance-beta 0.3 --flowcache-prune-retained-old-ratio 0.45 --flowcache-prune-refresh-gap-chunks 1
$ /home/suraj/miniforge3/envs/qvg_sf_infer/bin/python /data/vaishak/combined-kv-quant/scripts/01_generate.py --results-root /data/vaishak/combined-kv-quant/results/runs/backfill_flowcache_soft_prune_int4_5f5a998802bd_10s --method FLOWCACHE_SOFT_PRUNE_INT4 --max-prompts 10 --num-output-frames 42 --seed 0 --device cuda:0 --use-ema --flowcache-recent-ratio 0.25 --flowcache-recent-bits 4 --flowcache-recent-method RTN --flowcache-old-method RTN --flowcache-min-layer-budget-scale 0.7 --flowcache-max-layer-budget-scale 1.3 --flowcache-important-old-ratio 0.1 --flowcache-importance-alpha 0.7 --flowcache-importance-beta 0.3 --flowcache-prune-retained-old-ratio 0.45 --flowcache-prune-refresh-gap-chunks 1 --flowcache-layer-budget-path /data/vaishak/combined-kv-quant/results/runs/backfill_flowcache_soft_prune_int4_5f5a998802bd_10s/metrics/flowcache_profile_layer_budget.json
$ /home/suraj/miniforge3/envs/qvg_sf_infer/bin/python /data/vaishak/combined-kv-quant/scripts/02_eval_fidelity.py --bf16-dir /data/vaishak/kv-quant-longhorizon/results/runs/1772751420_baseline10s_10prompts_v3/videos/BF16 --candidate-dir /data/vaishak/combined-kv-quant/results/runs/backfill_flowcache_soft_prune_int4_5f5a998802bd_10s/videos/FLOWCACHE_SOFT_PRUNE_INT4 --output /data/vaishak/combined-kv-quant/results/runs/backfill_flowcache_soft_prune_int4_5f5a998802bd_10s/metrics/fidelity_FLOWCACHE_SOFT_PRUNE_INT4.json --device cpu
$ bash /data/vaishak/combined-kv-quant/scripts/03_eval_vbench.sh FLOWCACHE_SOFT_PRUNE_INT4 /data/vaishak/combined-kv-quant/results/runs/backfill_flowcache_soft_prune_int4_5f5a998802bd_10s/videos/FLOWCACHE_SOFT_PRUNE_INT4 /data/vaishak/combined-kv-quant/prompts/MovieGenVideoBench_extended.txt /data/vaishak/combined-kv-quant/results/runs/backfill_flowcache_soft_prune_int4_5f5a998802bd_10s/metrics/vbench_FLOWCACHE_SOFT_PRUNE_INT4 /data/vaishak/combined-kv-quant/results/runs/backfill_flowcache_soft_prune_int4_5f5a998802bd_10s/metrics/vbench_FLOWCACHE_SOFT_PRUNE_INT4.json
$ /home/suraj/miniforge3/envs/qvg_sf_infer/bin/python /data/vaishak/combined-kv-quant/scripts/05_summarize_results.py --results-root /data/vaishak/combined-kv-quant/results/runs/backfill_flowcache_soft_prune_int4_5f5a998802bd_10s --methods BF16 FLOWCACHE_SOFT_PRUNE_INT4 RTN_INT4
Backfill completed for FLOWCACHE_SOFT_PRUNE_INT4 under /data/vaishak/combined-kv-quant/results/runs/backfill_flowcache_soft_prune_int4_5f5a998802bd_10s
[1/7] backfill_flowcache_native_7743d4e12ea8_10s :: FLOWCACHE_NATIVE
$ python3 scripts/23_run_moviegen_backfill.py --run-root results/runs/backfill_flowcache_native_7743d4e12ea8_10s --run-name backfill_flowcache_native_7743d4e12ea8_10s --method FLOWCACHE_NATIVE --config-id 7743d4e12ea8 --profile-flowcache --flowcache-profile-recent-ratio 0.25 --flowcache-profile-min-scale 0.7 --flowcache-profile-max-scale 1.3 -- --device cuda:0 --use-ema --flowcache-native-rel-l1-thresh 1.5 --flowcache-native-warmup-steps 0
[2/7] backfill_flowcache_native_soft_prune_int4_56d7f051182b_10s :: FLOWCACHE_NATIVE_SOFT_PRUNE_INT4
$ python3 scripts/23_run_moviegen_backfill.py --run-root results/runs/backfill_flowcache_native_soft_prune_int4_56d7f051182b_10s --run-name backfill_flowcache_native_soft_prune_int4_56d7f051182b_10s --method FLOWCACHE_NATIVE_SOFT_PRUNE_INT4 --config-id 56d7f051182b --profile-flowcache --flowcache-profile-recent-ratio 0.25 --flowcache-profile-min-scale 0.7 --flowcache-profile-max-scale 1.3 -- --device cuda:0 --use-ema --flowcache-recent-ratio 0.25 --flowcache-recent-bits 4 --flowcache-recent-method RTN --flowcache-old-method RTN --flowcache-min-layer-budget-scale 0.7 --flowcache-max-layer-budget-scale 1.3 --flowcache-important-old-ratio 0.1 --flowcache-importance-alpha 0.7 --flowcache-importance-beta 0.3 --flowcache-prune-retained-old-ratio 0.45 --flowcache-prune-refresh-gap-chunks 1 --flowcache-native-rel-l1-thresh 1.5 --flowcache-native-warmup-steps 0
[3/7] backfill_flowcache_prune_int2_990b60e0bbd4_10s :: FLOWCACHE_PRUNE_INT2
$ python3 scripts/23_run_moviegen_backfill.py --run-root results/runs/backfill_flowcache_prune_int2_990b60e0bbd4_10s --run-name backfill_flowcache_prune_int2_990b60e0bbd4_10s --method FLOWCACHE_PRUNE_INT2 --config-id 990b60e0bbd4 --profile-flowcache --flowcache-profile-recent-ratio 0.25 --flowcache-profile-min-scale 0.7 --flowcache-profile-max-scale 1.3 -- --device cuda:0 --use-ema --flowcache-recent-ratio 0.25 --flowcache-recent-bits 4 --flowcache-recent-method RTN --flowcache-old-method RTN --flowcache-min-layer-budget-scale 0.7 --flowcache-max-layer-budget-scale 1.3 --flowcache-important-old-ratio 0.1 --flowcache-importance-alpha 0.7 --flowcache-importance-beta 0.3 --flowcache-prune-retained-old-ratio 0.3 --flowcache-prune-refresh-gap-chunks 1
[4/7] backfill_flowcache_prune_int2_f163dc4eb7a9_10s :: FLOWCACHE_PRUNE_INT2
$ python3 scripts/23_run_moviegen_backfill.py --run-root results/runs/backfill_flowcache_prune_int2_f163dc4eb7a9_10s --run-name backfill_flowcache_prune_int2_f163dc4eb7a9_10s --method FLOWCACHE_PRUNE_INT2 --config-id f163dc4eb7a9 --profile-flowcache --flowcache-profile-recent-ratio 0.25 --flowcache-profile-min-scale 0.7 --flowcache-profile-max-scale 1.3 -- --device cuda:0 --use-ema --flowcache-recent-ratio 0.25 --flowcache-recent-bits 4 --flowcache-recent-method RTN --flowcache-old-method RTN --flowcache-min-layer-budget-scale 0.7 --flowcache-max-layer-budget-scale 1.3 --flowcache-important-old-ratio 0.1 --flowcache-importance-alpha 0.7 --flowcache-importance-beta 0.3 --flowcache-prune-retained-old-ratio 0.45 --flowcache-prune-refresh-gap-chunks 1
[5/7] backfill_flowcache_prune_int4_27bbc04277fe_10s :: FLOWCACHE_PRUNE_INT4
$ python3 scripts/23_run_moviegen_backfill.py --run-root results/runs/backfill_flowcache_prune_int4_27bbc04277fe_10s --run-name backfill_flowcache_prune_int4_27bbc04277fe_10s --method FLOWCACHE_PRUNE_INT4 --config-id 27bbc04277fe --profile-flowcache --flowcache-profile-recent-ratio 0.25 --flowcache-profile-min-scale 0.7 --flowcache-profile-max-scale 1.3 -- --device cuda:0 --use-ema --flowcache-recent-ratio 0.25 --flowcache-recent-bits 4 --flowcache-recent-method RTN --flowcache-old-method RTN --flowcache-min-layer-budget-scale 0.7 --flowcache-max-layer-budget-scale 1.3 --flowcache-important-old-ratio 0.1 --flowcache-importance-alpha 0.7 --flowcache-importance-beta 0.3 --flowcache-prune-retained-old-ratio 0.45 --flowcache-prune-refresh-gap-chunks 1
[6/7] backfill_flowcache_soft_prune_int2_24b7f6c1cfbb_10s :: FLOWCACHE_SOFT_PRUNE_INT2
$ python3 scripts/23_run_moviegen_backfill.py --run-root results/runs/backfill_flowcache_soft_prune_int2_24b7f6c1cfbb_10s --run-name backfill_flowcache_soft_prune_int2_24b7f6c1cfbb_10s --method FLOWCACHE_SOFT_PRUNE_INT2 --config-id 24b7f6c1cfbb --profile-flowcache --flowcache-profile-recent-ratio 0.25 --flowcache-profile-min-scale 0.7 --flowcache-profile-max-scale 1.3 -- --device cuda:0 --use-ema --flowcache-recent-ratio 0.25 --flowcache-recent-bits 4 --flowcache-recent-method RTN --flowcache-old-method RTN --flowcache-min-layer-budget-scale 0.7 --flowcache-max-layer-budget-scale 1.3 --flowcache-important-old-ratio 0.1 --flowcache-importance-alpha 0.7 --flowcache-importance-beta 0.3 --flowcache-prune-retained-old-ratio 0.45 --flowcache-prune-refresh-gap-chunks 1
[7/7] backfill_flowcache_soft_prune_int4_5f5a998802bd_10s :: FLOWCACHE_SOFT_PRUNE_INT4
$ python3 scripts/23_run_moviegen_backfill.py --run-root results/runs/backfill_flowcache_soft_prune_int4_5f5a998802bd_10s --run-name backfill_flowcache_soft_prune_int4_5f5a998802bd_10s --method FLOWCACHE_SOFT_PRUNE_INT4 --config-id 5f5a998802bd --profile-flowcache --flowcache-profile-recent-ratio 0.25 --flowcache-profile-min-scale 0.7 --flowcache-profile-max-scale 1.3 -- --device cuda:0 --use-ema --flowcache-recent-ratio 0.25 --flowcache-recent-bits 4 --flowcache-recent-method RTN --flowcache-old-method RTN --flowcache-min-layer-budget-scale 0.7 --flowcache-max-layer-budget-scale 1.3 --flowcache-important-old-ratio 0.1 --flowcache-importance-alpha 0.7 --flowcache-importance-beta 0.3 --flowcache-prune-retained-old-ratio 0.45 --flowcache-prune-refresh-gap-chunks 1
Backfill manifest completed: 7 run(s) processed.
